mid,code,libelle_officiel,chapitre,niveau,type_noeud,source,table_attache,texte,texte_divergent,patron,classe_proposee,destination_proposee,motif,peremption_suspecte,peremption_motif,version_regle
10,(C81-C96),"Tumeurs malignes primitives ou présumées primitives des tissus lymphoïde, hématopoïétique et apparentés",II,2,bloc,E,NOTE,"Les termes utilisés dans les catégories C82, C83, C84, C85 pour les lymphomes non hodgkiniens sont tirés d'une formulation qui s'efforce de trouver un terrain d'entente commun à plusieurs grands schémas de classification. Les termes retenus par ces schémas ne figurent pas dans la Table analytique mais bien à l'Index alphabétique. Il n'est pas toujours possible de trouver une équivalence exacte avec les termes figurant dans la Table analytique.",false,"",convention_classement,non_rendue,convention de classement (source E) — bruit probable en fiche (leçon ANT-01),false,"",v1
46,(D00-D09),Tumeurs in situ,II,2,bloc,E,NOTE,"On considère que la morphologie de nombreuses tumeurs in situ correspond à tous les stades de transition entre une dysplasie et un cancer invasif. Ainsi, on reconnaît trois stades d'évolution dans le cas de néoplasie intra-épithéliale cervicale (NIC), dont le troisième (NIC III) comprend à la fois une dysplasie sévère et un carcinome in situ. Ce système de classification a été étendu à d'autres organes, tels que la vulve et le vagin. Les descriptions des néoplasies intra-épithéliales, stade III, avec ou sans mention de dysplasie sévère sont classées dans cette section; les stades I et II sont classés parmi les dysplasies de l'appareil atteint et doivent être codés dans les chapitres relatifs aux diverses localisations anatomiques.",false,"",convention_classement,non_rendue,convention de classement (source E) — bruit probable en fiche (leçon ANT-01),false,"",v1
47,(D37-D48),Tumeurs à évolution imprévisible ou inconnue,II,2,bloc,E,NOTE,Les catégories (D37-D48) classent en fonction de leur siège les tumeurs à évolution imprévisible ou de nature imprécise : le doute subsiste donc quant au caractère malin ou bénin de la tumeur. Ces tumeurs relèvent du code de comportement /1 dans la classification de la morphologie des tumeurs.,false,"",convention_classement,non_rendue,convention de classement (source E) — bruit probable en fiche (leçon ANT-01),false,"",v1
17,(E00-E90),"",IV,1,chapitre,E,NOTE,"Toutes les tumeurs sont classées dans le Chapitre II, qu'il soit ou non fait mention d'activité fonctionnelle. On peut utiliser, au besoin, les codes de ce chapitre (E05.8, E07.0, E16.-, E20.-, E21.-, E22.-, E23.-, E24.-, E25.-, E26.-, E27.-, E28.-, E29.-, E30.-, E31.-, E34.-) comme code supplémentaire pour indiquer l'activité fonctionnelle d'une tumeur ou d'un tissu endocrinien ectopique, et l'hyperfonctionnement ou l'hypofonctionnement de glandes endocrines associé à une tumeur et à d'autres états classés ailleurs.",false,"",convention_classement,non_rendue,convention de classement (source E) — bruit probable en fiche (leçon ANT-01),false,"",v1
39,(E40-E46),Malnutrition,IV,2,bloc,E,NOTE,"Le degré de malnutrition se mesure généralement en termes de poids, exprimé en écarts types par rapport à la moyenne de la population de référence. Lorsqu'on dispose d'une ou plusieurs mesures antérieures, l'absence de gain pondéral chez l'enfant, ou la perte de poids chez l'enfant ou chez l'adulte, est en général évocateur de malnutrition. Quand on ne dispose que d'une mesure, le diagnostic est basé sur des présomptions et n'est pas certain sans autres signes cliniques ou biologiques. Dans les cas exceptionnels où l'on ne dispose d'aucune mesure de poids, il faut se fier aux signes cliniques.<P>Si un poids est inférieur à la valeur moyenne de la population de référence, il existe une forte présomption : de malnutrition grave si une valeur observée se situe à trois écarts types ou plus en dessous de la valeur moyenne de la population de référence; de malnutrition modérée pour une valeur observée située entre deux et moins de trois écarts types; et de malnutrition légère pour une valeur située entre un et moins de deux écarts types.",false,"",convention_classement,non_rendue,convention de classement (source E) — bruit probable en fiche (leçon ANT-01),false,"",v1
101,(I20-I25),Cardiopathies ischémiques,IX,2,bloc,E,NOTE,"Pour la morbidité, le laps de temps dont il est fait mention en I21, I22, I23, I24, I25 est l'intervalle entre le début de l'épisode ischémique et l'admission pour soins. Pour la mortalité, le laps de temps est l'intervalle entre le début de cet épisode et la mort.",false,"",convention_classement,non_rendue,convention de classement (source E) — bruit probable en fiche (leçon ANT-01),false,"",v1
112,(J00-J99),"",X,1,chapitre,E,NOTE,"Lorsqu'une maladie est décrite comme ayant plus d'une localisation et n'est pas spécifiquement codée, elle est classée à la localisation la plus basse (par exemple : trachéobronchite à bronchite en J40).",false,"",convention_classement,non_rendue,convention de classement (source E) — bruit probable en fiche (leçon ANT-01),false,"",v1
131,(K40-K46),Hernies,XI,2,bloc,E,NOTE,Hernie avec gangrène et occlusion doit être codée à hernie avec gangrène.,false,"",convention_classement,non_rendue,convention de classement (source E) — bruit probable en fiche (leçon ANT-01),false,"",v1
138,(L20-L30),Dermatoses et exémas [eczémas],XII,2,bloc,E,NOTE,"Dans cette catégorie, les termes dermite et eczéma sont utilisés comme synonymes et sont interchangeables.",false,"",convention_classement,non_rendue,convention de classement (source E) — bruit probable en fiche (leçon ANT-01),false,"",v1
156,(M15-M19),Arthroses,XIII,3,subdivision,E,NOTE,"Dans cette section, le terme ostéo-arthrite est utilisé comme synonyme d'arthrose ou d'ostéoarthrose. Le terme ""primaire"" est utilisé dans son sens clinique habituel c'est-à-dire sans identification d'une cause sous-jacente ou déterminante.",false,"",convention_classement,non_rendue,convention de classement (source E) — bruit probable en fiche (leçon ANT-01),false,"",v1
203,(O20-O29),Autres affections maternelles liées principalement à la grossesse,XV,2,bloc,E,NOTE,Les catégories O24.- et O25 comprennent les états mentionnés même si ces derniers surviennent pendant l'accouchement ou la puerpéralité.,false,"",convention_classement,non_rendue,convention de classement (source E) — bruit probable en fiche (leçon ANT-01),false,"",v1
205,(O80-O84),Accouchement,XV,2,bloc,E,NOTE,Les catégories (O80-O84) sont données pour le codage de la morbidité et ne doivent être utilisées pour le codage de la cause principale que si aucune autre condition du Chapitre XV n'est mentionnée. Se référer aux règles et instructions du Volume 2 pour le codage de la morbidité.,false,"",convention_classement,non_rendue,convention de classement (source E) — bruit probable en fiche (leçon ANT-01),false,"",v1
207,(O85-O92),Complications principalement liées à la puerpéralité,XV,2,bloc,E,NOTE,"Les catégories O88.-, O91.- et O92.- comprennent les états mentionnés même si ceux-ci surviennent pendant la grossesse et l'accouchement.",false,"",convention_classement,non_rendue,convention de classement (source E) — bruit probable en fiche (leçon ANT-01),false,"",v1
209,(O95-O99),"",XV,2,bloc,E,NOTE,"Pour l'utilisation des catégories O95, O96, O97, se référer aux règles et instructions du Volume 2 pour le codage de la mortalité.",false,"",convention_classement,non_rendue,convention de classement (source E) — bruit probable en fiche (leçon ANT-01),false,"",v1
170,(X40-X49),Intoxication accidentelle par des substances nocives et exposition à ces substances,XX,3,subdivision,E,NOTE,"Se reporter à la Table des médicaments et substances chimiques de l'Index alphabétique pour la liste des médicaments et autres substances chimiques classées  dans les catégories à trois caractères. S'il est prouvé que l'action de l'alcool est associée aux substances mentionnées ci-dessous, on peut l'indiquer au moyen de codes supplémentaires (Y90, Y91).",true,"",convention_classement,non_rendue,convention de classement (source E) — bruit probable en fiche (leçon ANT-01),false,"",v1
171,(Y10-Y34),Evénements dont l'intention n'est pas déterminée,XX,2,bloc,E,NOTE,"Cette section concerne les événements au sujet desquels les renseignements dont on dispose ne permettent pas aux autorités médicales ou légales de savoir s'il s'agit d'un accident, d'une lésion auto-infligée ou d'une agression. <P>Elle comprend les lésions auto-infligées, mais pas les intoxications, quand il n'est pas précisé si elles sont accidentelles ou s'il y a eu intention de nuire.",false,"",convention_classement,non_rendue,convention de classement (source E) — bruit probable en fiche (leçon ANT-01),false,"",v1
172,(Y40-Y59),Médicaments et substances biologiques ayant provoqué des effets indésirables au cours de leur usage thérapeutique,XX,3,subdivision,E,NOTE,Se reporter à la Table des médicaments et substances chimiques de l'Index alphabétique pour la liste des médicaments spécifiques classés dans les subdivisions à quatre caractères.,false,"",convention_classement,non_rendue,convention de classement (source E) — bruit probable en fiche (leçon ANT-01),false,"",v1
173,(Y85-Y89),Séquelles de causes externes de morbidité et de mortalité,XX,2,bloc,E,NOTE,"Les catégories (Y85-Y89) doivent servir à indiquer les circonstances qui sont la cause du décès, de la déficience ou de l'incapacité résultant de séquelles ou ""effets tardifs"", qui sont classés ailleurs. Ces séquelles comprennent des états signalés comme tels ou se présentant comme des ""effets tardifs"" au moins un an après l'événement initial.",false,"",convention_classement,non_rendue,convention de classement (source E) — bruit probable en fiche (leçon ANT-01),false,"",v1
174,(Y90-Y98),Facteurs supplémentaires se rapportant aux causes de morbidité et de mortalité classées ailleurs,XX,2,bloc,E,NOTE,"Ces catégories peuvent servir, au besoin, à apporter des renseignements supplémentaires sur les causes de morbidité et de mortalité. Elles ne doivent pas être utilisées comme code de la cause initiale de mortalité ou de morbidité.",false,"",convention_classement,non_rendue,convention de classement (source E) — bruit probable en fiche (leçon ANT-01),false,"",v1
253,(Z00-Z13),Sujets en contact avec les services de santé pour des examens divers,XXI,2,bloc,E,NOTE,"Les résultats anormaux non spécifiques découverts au moment de ces examens sont classés dans les catégories (R70-R79), (R80-R82), (R83-R89), (R90-R94).",false,"",convention_classement,non_rendue,convention de classement (source E) — bruit probable en fiche (leçon ANT-01),false,"",v1
252,(Z00-Z99),"",XXI,1,chapitre,E,NOTE,Ce chapitre ne doit pas être utilisé pour les comparaisons internationales ou pour le codage de la cause initiale de mortalité.,false,"",convention_classement,non_rendue,convention de classement (source E) — bruit probable en fiche (leçon ANT-01),false,"",v1
254,(Z40-Z54),Sujets ayant recours aux services de santé pour des actes médicaux et des soins spécifiques,XXI,2,bloc,E,NOTE,"Les catégories (Z40-Z54) seront utilisées pour indiquer la raison de la prise en charge. Elles peuvent être utilisées pour des malades ayant déjà été traités pour une affection ou une lésion traumatique, mais nécessitant des examens de contrôle ou des soins prophylactiques, des soins de convalescence ou des soins médicaux pour consolider le traitement, soigner un état persistant, s'assurer qu'il n'y a pas de rechute ou pour la prévenir.",false,"",convention_classement,non_rendue,convention de classement (source E) — bruit probable en fiche (leçon ANT-01),false,"",v1
1,A09,Autres gastroentérites et colites d'origine infectieuse et non précisée,I,3,categorie,E,NOTE,"Dans les pays où les affections énumérées en A09 sans précision supplémentaire peuvent être présumées d'origine non infectieuse, les classer en K52.9.",false,"",convention_classement,non_rendue,convention de classement (source E) — bruit probable en fiche (leçon ANT-01),false,"",v1
7,B22.7,Maladie par VIH à l'origine de maladies multiples classées ailleurs,I,4,sous_categorie,E,NOTE,"Pour l'utilisation de cette catégorie, se référer aux règles et instructions du Volume 2 concernant la morbidité ou la mortalité.",false,"",convention_classement,non_rendue,convention de classement (source E) — bruit probable en fiche (leçon ANT-01),false,"",v1
602,C15,Tumeur maligne de l'oesophage,II,4,categorie,E,NOTE,"On utilisera au choix l'une des subdivisions suivantes:<P>.0-.2 selon description anatomique;<P>.3-.5 selon le tiers supérieur, moyen, inférieur.<P>On a renoncé volontairement au principe de l'exclusion mutuelle des catégories car ces deux types de classification sont utilisés mais les divisions anatomiques en résultant ne sont pas identiques.",false,"",convention_classement,non_rendue,convention de classement (source E) — bruit probable en fiche (leçon ANT-01),false,"",v1
603,C75.8,"Tumeur maligne de plusieurs glandes endocrines, sans précision",II,5,sous_categorie,E,NOTE,Les sièges d'atteintes multiples connus doivent être codés séparément.,false,"",convention_classement,non_rendue,convention de classement (source E) — bruit probable en fiche (leçon ANT-01),false,"",v1
604,C84.5,Autres lymphomes à cellules T/NK matures,II,4,sous_categorie,E,NOTE,"Si une atteinte des cellules T est mentionnée à propos d'un lymphome précis, il convient de le coder selon la description la plus précise.",false,"",convention_classement,non_rendue,convention de classement (source E) — bruit probable en fiche (leçon ANT-01),false,"",v1
615,C85.1,"Lymphomes à cellules B, sans précision",II,4,sous_categorie,E,NOTE,"Si une atteinte des cellules B est mentionnée à propos d'un lymphome précis, il convient de le coder selon la description la plus précise",false,"",convention_classement,non_rendue,convention de classement (source E) — bruit probable en fiche (leçon ANT-01),false,"",v1
605,C97,Tumeurs malignes de sièges multiples indépendants (primitifs),II,3,categorie,E,NOTE,"Pour l'utilisation de cette catégorie, se référer aux règles et instructions du Volume 2 concernant le codage de la mortalité.",false,"",convention_classement,non_rendue,convention de classement (source E) — bruit probable en fiche (leçon ANT-01),false,"",v1
43,F66,Problèmes psychologiques et comportementaux associés au développement sexuel et à son orientation,V,3,categorie,E,NOTE,"L'orientation sexuelle n'est pas, en elle-même, à considérer comme un trouble.",false,"",convention_classement,non_rendue,convention de classement (source E) — bruit probable en fiche (leçon ANT-01),false,"",v1
60,G09,Séquelles d'affections inflammatoires du système nerveux central,VI,3,categorie,E,NOTE,"Cette rubrique doit être utilisée pour définir des affections classées à l'origine en G00, G01, G02, G03, G04, G05, G06, G07, G08 (c'est-à-dire à l'exclusion de celles marquées d'un astérisque (*)) comme causes de séquelles, ces dernières pouvant être classées ailleurs. Le terme ""séquelles"" comprend des états précisés comme tels ou comme effets tardifs, ou présents une année ou plus après le début de l'affection causale. Pour l'utilisation de cette catégorie, se référer aux règles et instructions du Volume 2 concernant la morbidité et la mortalité.",false,"",convention_classement,non_rendue,convention de classement (source E) — bruit probable en fiche (leçon ANT-01),false,"",v1
61,G11.1,Ataxie cérébelleuse à début précoce,VI,4,sous_categorie,E,NOTE,Début habituellement avant l'âge de 20 ans,false,"",convention_classement,non_rendue,convention de classement (source E) — bruit probable en fiche (leçon ANT-01),false,"",v1
62,G11.2,Ataxie cérébelleuse tardive,VI,4,sous_categorie,E,NOTE,Début habituellement après l'âge de 20 ans,false,"",convention_classement,non_rendue,convention de classement (source E) — bruit probable en fiche (leçon ANT-01),false,"",v1
609,G30.0,Maladie d'Alzheimer à début précoce,VI,4,sous_categorie,E,NOTE,Début habituellement avant l'âge de 65 ans,false,"",convention_classement,non_rendue,convention de classement (source E) — bruit probable en fiche (leçon ANT-01),false,"",v1
610,G30.1,Maladie d'Alzheimer à début tardif,VI,4,sous_categorie,E,NOTE,Début habituellement après l'âge de 65 ans,false,"",convention_classement,non_rendue,convention de classement (source E) — bruit probable en fiche (leçon ANT-01),false,"",v1
83,G81,Hémiplégie,VI,3,categorie,E,NOTE,Cette catégorie ne doit être utilisée comme cause principale de codage que lorsque l'hémiplégie (complète) (incomplète) est mentionnée sans autre précision ou est définie comme ancienne ou de longue durée mais de cause non précisée. Cette catégorie peut être aussi utilisée en codage multiple pour identifier les types d'hémiplégie résultant d'une cause quelle qu'elle soit.,false,"",convention_classement,non_rendue,convention de classement (source E) — bruit probable en fiche (leçon ANT-01),false,"",v1
84,G82,Paraplégie et tétraplégie,VI,3,categorie,E,NOTE,Cette catégorie ne doit être utilisée comme cause principale de codage que lorsque les affections ci-dessous sont mentionnées sans autre précision ou sont définies comme anciennes ou de longue durée mais de cause non précisée. Cette catégorie peut être aussi utilisée en codage multiple pour identifier les types de paraplégie et tétraplégie résultant d'une cause quelle qu'elle soit.,false,"",convention_classement,non_rendue,convention de classement (source E) — bruit probable en fiche (leçon ANT-01),false,"",v1
85,G83,Autres syndromes paralytiques,VI,3,categorie,E,NOTE,Cette catégorie ne doit être utilisée comme cause principale de codage que lorsque les affections ci-dessous sont mentionnées sans autre précision ou sont définies comme anciennes ou de longue durée mais de cause non précisée. Cette catégorie peut être aussi utilisée en codage multiple pour identifier les états résultant d'une cause quelle qu'elle soit.,false,"",convention_classement,non_rendue,convention de classement (source E) — bruit probable en fiche (leçon ANT-01),false,"",v1
109,I69,Séquelles de maladies cérébrovasculaires,IX,3,categorie,E,NOTE,"Cette catégorie doit être utilisée pour les états classés en I60.-, I61.-, I62.-, I63.-, I64, I65.-, I66.-, I67.- en tant que cause de séquelles, elles-mêmes étant codées ailleurs. Les séquelles comprennent les maladies précisées comme telles ou comme conséquences tardives ou existantes un an ou plus après le début de la maladie.",false,"",convention_classement,non_rendue,convention de classement (source E) — bruit probable en fiche (leçon ANT-01),false,"",v1
120,J40,"Bronchite, non précisée aigüe ou chronique",X,3,categorie,E,NOTE,"La bronchite, non précisée comme aiguë ou chronique chez un sujet de moins de 15 ans, peut être présumée aiguë et doit être classée en J20.-.",false,"",convention_classement,non_rendue,convention de classement (source E) — bruit probable en fiche (leçon ANT-01),false,"",v1
162,M76,"Enthésopathies du membre inférieur, sauf le pied",XIII,4,categorie,E,NOTE,"Les termes bursite, capsulite et tendinite ne sont pas vraiment employés de façon spécifique; on a tendance à les utiliser indifféremment pour des affections diverses des insertions ligamentaires ou musculaires périphériques; la plupart de ces affections ont été groupées sous le terme générique d'enthésopathies.",false,"",convention_classement,non_rendue,convention de classement (source E) — bruit probable en fiche (leçon ANT-01),false,"",v1
233,M99,"Lésions biomécaniques, non classées ailleurs",XIII,3,categorie,E,NOTE,Cette rubrique ne doit pas être utilisée si la maladie peut être classée ailleurs.,false,"",convention_classement,non_rendue,convention de classement (source E) — bruit probable en fiche (leçon ANT-01),false,"",v1
202,O08,"Complications consécutives à un avortement, une grossesse extra-utérine et molaire",XV,3,categorie,E,NOTE,Cette rubrique est utilisée quand il convient de coder les causes de morbidité. Se référer aux règles et instructions du Volume 2 pour le codage de la morbidité.,false,"",convention_classement,non_rendue,convention de classement (source E) — bruit probable en fiche (leçon ANT-01),false,"",v1
212,O99,"Autres maladies de la mère classées ailleurs, mais compliquant la grossesse, l'accouchement et la puerpéralité",XV,3,categorie,E,NOTE,"Cette catégorie comprend des états compliquant la grossesse ou aggravés par elle, ou lorsqu'il s'agit de la raison principale de soins obstétricaux pour lesquels l'Index alphabétique n'indique pas une rubrique spécifique au chapitre XV.<P>Utiliser, au besoin, un code supplémentaire pour identifier une affection spécifique.",false,"",convention_classement,non_rendue,convention de classement (source E) — bruit probable en fiche (leçon ANT-01),false,"",v1
214,P07,"Anomalies liées à une brièveté de la gestation et un poids insuffisant à la naissance, non classées ailleurs",XVI,3,categorie,E,NOTE,"Quand le poids de naissance et l'âge gestationnel sont tous deux connus, la priorité doit alors être accordée au poids de naissance.",false,"",convention_classement,non_rendue,convention de classement (source E) — bruit probable en fiche (leçon ANT-01),false,"",v1
215,P08,Anomalies liées à une gestation prolongée et un poids élevé à la naissance,XVI,3,categorie,E,NOTE,"Quand le poids de naissance et l'âge gestationnel sont tous deux connus, la priorité doit alors être accordée au poids de naissance.",false,"",convention_classement,non_rendue,convention de classement (source E) — bruit probable en fiche (leçon ANT-01),false,"",v1
216,P21,Asphyxie obstétricale,XVI,3,categorie,E,NOTE,Cette catégorie ne peut être utilisée pour un indice d'Apgar bas sans mention d'asphyxie ou d'autres problèmes respiratoires.,false,"",convention_classement,non_rendue,convention de classement (source E) — bruit probable en fiche (leçon ANT-01),false,"",v1
219,R03.0,"Constatation d'une élévation de la tension artérielle, sans diagnostic d'hypertension",XVIII,4,sous_categorie,E,NOTE,"Cette catégorie doit être utilisée pour enregistrer soit un épisode  hypertensif chez un malade pour lequel aucun diagnostic formel d'hypertension n'a été porté, soit une découverte fortuite isolée.",false,"",convention_classement,non_rendue,convention de classement (source E) — bruit probable en fiche (leçon ANT-01),false,"",v1
221,S02,Fracture du crâne et des os de la face,XIX,3,categorie,E,NOTE,"Pour coder une cause principale de fracture du crâne et des os de la face associée à une lésion traumatique intracrânienne, se référer aux règles et instructions du Volume 2 concernant le codage de la morbidité ou de la mortalité.",false,"",convention_classement,non_rendue,convention de classement (source E) — bruit probable en fiche (leçon ANT-01),false,"",v1
222,S06,Lésion traumatique intracrânienne,XIX,3,categorie,E,NOTE,"Pour coder une cause principale de lésion traumatique intracrânienne associée à des fractures, se référer aux règles et instructions du Volume 2 concernant le codage de la morbidité ou de la mortalité.",false,"",convention_classement,non_rendue,convention de classement (source E) — bruit probable en fiche (leçon ANT-01),false,"",v1
225,T78,"Effets indésirables, non classés ailleurs",XIX,3,categorie,E,NOTE,"Cette catégorie doit être utilisée comme code principal afin d'identifier les effets indésirables de causes inconnues, indéterminées ou mal définies, non classés ailleurs. Elle peut être utilisée comme code supplémentaire pour le codage des causes multiples afin d'identifier les effets indésirables d'états classés ailleurs.",false,"",convention_classement,non_rendue,convention de classement (source E) — bruit probable en fiche (leçon ANT-01),false,"",v1
614,Y36,Faits de guerre,XX,3,categorie,E,NOTE,Les blessures par fait de guerre survenus après l'arrêt des hostilités sont classées en Y36.8,false,"",convention_classement,non_rendue,convention de classement (source E) — bruit probable en fiche (leçon ANT-01),false,"",v1
611,Z37,Résultat de l'accouchement,XXI,3,categorie,E,NOTE,Cette catégorie sera utilisée comme code additionnel pour identifier le résultat de l'accouchement sur le dossier de la mère,false,"",convention_classement,non_rendue,convention de classement (source E) — bruit probable en fiche (leçon ANT-01),false,"",v1
618,(F00-F99),"",V,1,chapitre,N,NOTE,"Ce chapitre a été partiellement étendu par des informations provenant de la Classification internationale des troubles mentaux et des troubles du comportement, une publication officielle de l'OMS.",false,historique_classification,convention_classement,non_rendue,note historique/éditoriale de la classification,false,"",v1
230,B03,Variole,I,3,categorie,N,NOTE,"En mai 1980, la 33ème Assemblée mondiale de la Santé a officiellement déclaré que la variole était éradiquée. La classification est maintenue à des fins de surveillance.",false,historique_classification,convention_classement,non_rendue,note historique/éditoriale de la classification,false,"",v1
598,(M00-M03),Arthropathies infectieuses,XIII,3,subdivision,G,GLOSSAIRE,"Cette section comprend les arthropathies dues à des agents microbiens.<P>Une distinction est faite entre les étiologies suivantes:<P>a) arthrite infectieuse directe, dans laquelle des organismes envahissent le tissu synovial et où un antigène microbien est présent dans l'articulation;<P>b) arthrite infectieuse indirecte qui peut être de deux types: arthropathie réactionnelle dans laquelle l'infection microbienne générale est identifiée mais sans identification d'organismes ni d'antigènes dans l'articulation et arthropathie post-infectieuse dans laquelle l'antigène microbien est présent mais la découverte de l'agent microbien est inconstante et la multiplication de celui-ci ne peut être mise en évidence.",false,"",definition,non_rendue,"définition somatique du glossaire OFS ; niveau chapitre/bloc — pas de fiche cible, ne descend pas",false,"",v1
575,(R00-R99),"",XVIII,1,chapitre,G,GLOSSAIRE,"Ce chapitre comprend les symptômes, les signes et les résultats anormaux d'examens cliniques ou autres, ainsi que les états morbides mal définis pour lesquels aucun diagnostic n'a été formulé qui puisse être classé ailleurs.<P>Les signes et symptômes qui orientent assez sérieusement vers un diagnostic donné sont classés dans une catégorie des autres chapitres de la Classification. En général, les catégories de ce chapitre comprennent les états et symptômes moins nettement définis qui, sans que le cas ait été suffisamment étudié pour permettre un diagnostic définitif, orientent vers deux maladies ou plus ou vers deux appareils ou plus du corps humain. Presque toutes les catégories de ce chapitre pourraient être désignées ""sans autre indication"", ""d'étiologie inconnue"" ou ""transitoire"". On consultera l'Index alphabétique pour décider des symptômes et des signes qui appartiennent à ce chapitre et non à un autre. Les sous-catégories numérotées .8 sont généralement réservées aux autres symptômes qui s'y rapportent et qui ne peuvent être classés ailleurs dans la Classification.<P>Les affections et les signes ou symptômes classés dans les catégories R00-R99 se rapportent: a) aux cas pour lesquels aucun diagnostic plus précis n'a pu être porté, même après examen de tous les faits s'y rapportant; b) aux signes ou symptômes existants lors de la première consultation, qui se sont avérés être transitoires et dont les causes n'ont pu être déterminées; c) aux diagnostics provisoires chez un malade qui n'est pas revenu pour d'autres investigations ou soins; d) aux cas de malades dirigés ailleurs pour examens complémentaires ou traitement avant que le diagnostic ne soit établi; e) aux cas dans lesquels un diagnostic plus précis n'a pu être établi pour toute autre raison et f) à certains symptômes pour lesquels des renseignements supplémentaires sont fournis, symptômes qui par eux-mêmes représentent des problèmes importants de soins médicaux.",false,"",definition,non_rendue,"définition somatique du glossaire OFS ; niveau chapitre/bloc — pas de fiche cible, ne descend pas",false,"",v1
576,(S00-T98),"",XIX,1,chapitre,G,GLOSSAIRE,"Le chapitre utilise la section S pour le codage de différents types de traumatismes localisés à une seule région du corps et la section T pour le codage des traumatismes ayant des localisations multiples ou de siège non précisé, ainsi que les empoisonnements et certaines autres conséquences de causes externes.<P>Dans les titres désignant des lésions traumatiques multiples, le mot ""avec"" indique l'association des deux localisations mentionnées et le mot ""et"" indique que l'on a affaire à l'une ou l'autre des deux localisations ou aux deux à la fois.<P>Le principe du codage multiple des lésions traumatiques sera appliqué chaque fois que cela est possible. On a prévu des catégories de combinaisons pour les traumatismes multiples lorsque la nature de chacun d'eux n'est pas indiquée de façon précise ou pour la mise en tableaux des causes principales quand il est plus commode de n'enregistrer qu'une seule cause. En dehors de ces cas, les divers composants des lésions traumatiques seront codés séparément. Se référer également aux règles et instructions du Volume 2 concernant le codage de la morbidité ou de la mortalité.",false,"",definition,non_rendue,"définition somatique du glossaire OFS ; niveau chapitre/bloc — pas de fiche cible, ne descend pas",false,"",v1
599,(V01-V99),Accidents de transport,XX,2,bloc,G,GLOSSAIRE,Cette section comprend 12 groupes. Ceux se référant aux accidents de transport terrestre de V01 à V89 au chapitre XX reflètent le moyen de transport adopté par la victime et sont subdivisés de façon à identifier le rôle de la victime ou le type de l'accident. Le véhicule occupé par le blessé est identifié par les deux premiers caractères puisqu'il est considéré comme le facteur le plus important à identifier à des fins de prévention.,false,"",definition,non_rendue,"définition somatique du glossaire OFS ; niveau chapitre/bloc — pas de fiche cible, ne descend pas",false,"",v1
597,(V01-Y98),"",XX,1,chapitre,G,GLOSSAIRE,"Le présent chapitre, qui, dans les révisions précédentes de la CIM, constituait une classification supplémentaire, permet la classification de toutes les causes externes responsables de lésions traumatiques, d'intoxications et d'autres effets indésirables. Ses rubriques seront utilisées en association avec les rubriques d'autres chapitres de la Classification indiquant la nature de la lésion. Le plus souvent, une rubrique du Chapitre XIX, Lésions traumatiques, empoisonnements et certaines autres conséquences de causes externes (S00-T98), indiquera la lésion. Pour la mise en tableaux des causes de décès, on utilisera de préférence un double classement, Chapitre XIX et Chapitre XX, mais, si cette mise en tableaux doit être effectuée selon un code unique, on utilisera de préférence le code du Chapitre XX. D'autres affections pouvant être imputées à des causes externes sont classées dans les Chapitres I à XVIII. Dans ce cas, les rubriques du Chapitre XX seront utilisées uniquement à titre d'information complémentaire pour l'analyse des affections multiples. <P>Les rubriques pour les séquelles de causes externes de morbidité et de mortalité sont classées en Y85-Y89.",false,"",definition,non_rendue,"définition somatique du glossaire OFS ; niveau chapitre/bloc — pas de fiche cible, ne descend pas",false,"",v1
255,B48.7,Mycoses opportunistes,I,4,sous_categorie,G,GLOSSAIRE,"Mycoses causées par des champignons de faible virulence qui ne peuvent donner un état infectieux qu'en raison de la présence de certains facteurs tels que l'existence d'une maladie débilitante ou l'administration d'agents thérapeutiques immunosuppresseurs ou autres, ou de radiothérapie. La plupart des champignons responsables sont des saprophytes habituels du sol et de végétaux en décomposition.",false,"",definition,fiche du code (définition),définition somatique du glossaire OFS,false,"",v1
616,E00,Syndrome d'insuffisance thyroïdienne congénitale,IV,3,categorie,G,aucune,"Cette catégorie comprend les maladies endémiques dues à une insuffisance en iode de l'environnement soit directe, soit résultant d'une insuffisance thyroïdienne maternelle. Certaines de ces maladies ne correspondent pas à une hypothyroïdie en cours mais sont la conséquence d'une sécrétion anormale de l'hormone thyroïdienne en cours de développement du ftus. Le goitre endémique peut y être associé.",false,"",definition,fiche du code (définition),définition somatique du glossaire OFS,false,"",v1
607,E40,Kwashiorkor,IV,3,categorie,G,GLOSSAIRE,Malnutrition grave avec oedème nutritionnel et dépigmentation de la peau et des cheveux,false,"",definition,fiche du code (définition),définition somatique du glossaire OFS,false,"",v1
256,E43,"Malnutrition protéinoénergétique grave, sans précision",IV,3,categorie,G,GLOSSAIRE,"Perte de poids importante (émaciation) chez l'enfant ou l'adulte, ou absence de gain pondéral chez l'enfant, aboutissant à un poids inférieur d'au moins trois écarts types à la valeur moyenne de la population de référence (ou à une perte similaire exprimée selon d'autres méthodes statistiques). Lorsque l'on ne dispose que d'une seule mesure, il y a une forte présomption d'émaciation grave quand le poids est inférieur de trois écarts types ou davantage à la moyenne de la population de référence.",false,"",definition,fiche du code (définition),définition somatique du glossaire OFS,false,"",v1
257,E44.0,Malnutrition protéinoénergétique modérée,IV,4,sous_categorie,G,GLOSSAIRE,"Perte de poids chez l'enfant ou chez l'adulte, ou absence de gain pondéral chez l'enfant, aboutissant à un poids qui est inférieur de deux écarts types ou plus, mais moins de trois, à la valeur moyenne de la population de référence (ou une perte similaire exprimée selon d'autres méthodes statistiques). Quand on ne dispose que d'une mesure, il existe une forte présomption de malnutrition protéino-énergétique modérée quand le poids observé est inférieur de deux écarts types ou plus, mais moins de trois, à la moyenne de la population de référence.",false,"",definition,fiche du code (définition),définition somatique du glossaire OFS,false,"",v1
258,E44.1,Malnutrition protéinoénergétique légère,IV,4,sous_categorie,G,GLOSSAIRE,"Perte de poids chez l'enfant ou chez l'adulte, ou absence de gain pondéral chez l'enfant, aboutissant à un poids qui est inférieur d'un écart type ou plus, mais moins de deux, à la valeur moyenne de la population de référence (ou une perte similaire exprimée selon d'autres méthodes statistiques).  Quand on ne dispose que d'une mesure, il existe une forte présomption de malnutrition protéino-énergétique modérée quand le poids observé est inférieur d'un écart type ou plus, mais moins de deux, à la moyenne de la population de référence.",false,"",definition,fiche du code (définition),définition somatique du glossaire OFS,false,"",v1
41,F05.1,Délirium surajouté à une démence,V,4,sous_categorie,N,NOTE,"Affections répondant aux critères cités plus haut mais survenant au cours d'une démence (F00, F01, F02, F03).",false,"",definition,fiche du code (définition),texte définitoire (défaut source N) — à confirmer,false,"",v1
98,H54,Déficience visuelle incluant la cécité (binoculaire ou monoculaire),VII,3,categorie,N,NOTE,"Pour la définition de la catégorie des atteintes visuelles, se reporter au tableau.",false,"",definition,fiche du code (définition),texte définitoire (défaut source N) — à confirmer,false,"",v1
572,K01.0,Dents incluses,XI,4,sous_categorie,G,GLOSSAIRE,Une dent incluse est une dent qui n'est pas sortie sans qu'une autre dent fasse obstacle.,false,"",definition,fiche du code (définition),définition somatique du glossaire OFS,false,"",v1
573,K01.1,Dents enclavées,XI,4,sous_categorie,G,GLOSSAIRE,Une dent enclavée est une dent qui n'est pas sortie parce qu'une autre dent fait obstacle à sa sortie.,false,"",definition,fiche du code (définition),définition somatique du glossaire OFS,false,"",v1
617,Q24.1,Lévocardie,XVII,4,sous_categorie,G,GLOSSAIRE,"",false,"",definition,fiche du code (définition),définition somatique du glossaire OFS,false,"",v1
577,S02,Fracture du crâne et des os de la face,XIX,3,categorie,G,GLOSSAIRE,"Les subdivisions suivantes, données à titre facultatif, peuvent être utilisées comme caractère supplémentaire lorsqu'il n'est pas possible ou désiré d'utiliser le codage multiple pour identifier les fractures et les plaies ouvertes; une fracture non précisée comme fermée ou ouverte doit être classée comme fermée. 0 Fracture fermée; 1 Fracture ouverte.",false,"",definition,fiche du code (définition),définition somatique du glossaire OFS,false,"",v1
578,S06,Lésion traumatique intracrânienne,XIX,3,categorie,G,GLOSSAIRE,"Les subdivisions suivantes, données à titre facultatif, peuvent être utilisées comme caractère supplémentaire lorsqu'il n'est pas possible ou désiré d'utiliser le codage multiple pour identifier les lésions traumatiques intracrâniennes et les plaies ouvertes : 0 Sans plaie intracrânienne ouverte; 1 Avec plaie intracrânienne ouverte.",false,"",definition,fiche du code (définition),définition somatique du glossaire OFS,false,"",v1
579,S12,Fracture du cou,XIX,3,categorie,G,GLOSSAIRE,"Les subdivisions suivantes, données à titre facultatif, peuvent être utilisées comme caractère supplémentaire lorsqu'il n'est pas possible ou désiré d'utiliser le codage multiple pour identifier les fractures et les plaies ouvertes;  une fracture non précisée comme fermée ou ouverte doit être classée comme fermée. 0 Fracture fermée; 1 Fracture ouverte.",false,"",definition,fiche du code (définition),définition somatique du glossaire OFS,false,"",v1
580,S22,"Fracture de côte(s), du sternum et du rachis dorsal",XIX,3,categorie,G,GLOSSAIRE,"Les subdivisions suivantes, données à titre facultatif, peuvent être utilisées comme caractère supplémentaire lorsqu'il n'est pas possible ou pas désiré d'utiliser le codage multiple pour identifier les fractures et les plaies ouvertes; une fracture non précisée comme fermée ou ouverte doit être classée comme fermée. 0 Fracture fermée; 1 Fracture ouverte.",false,"",definition,fiche du code (définition),définition somatique du glossaire OFS,false,"",v1
581,S26,Lésion traumatique du cœur,XIX,3,categorie,G,GLOSSAIRE,"Les subdivisions suivantes, données à titre facultatif, peuvent être utilisées comme caractère supplémentaire lorsqu'il n'est pas possible ou désiré d'utiliser le codage multiple : 0 Sans plaie ouverte de la cavité thoracique; 1 Avec plaie ouverte de la cavité thoracique.",false,"",definition,fiche du code (définition),définition somatique du glossaire OFS,false,"",v1
582,S27,"Lésions traumatiques d'organes intrathoraciques, autres et non précisés",XIX,3,categorie,G,GLOSSAIRE,"Les subdivisions suivantes, données à titre facultatif, peuvent être utilisées comme caractère supplémentaire lorsqu'il n'est pas possible ou désiré d'utiliser le codage multiple : 0 Sans plaie ouverte de la cavité thoracique; 1 Avec plaie ouverte de la cavité thoracique.",false,"",definition,fiche du code (définition),définition somatique du glossaire OFS,false,"",v1
583,S32,Fracture du rachis lombaire et du bassin,XIX,3,categorie,G,GLOSSAIRE,"Les subdivisions suivantes, données à titre facultatif, peuvent être utilisées  comme caractère supplémentaire lorsqu'il n'est pas possible ou désiré d'utiliser le codage multiple pour identifier les fractures et les plaies ouvertes; une fracture non précisée comme fermée ou ouverte doit être classée comme fermée. 0 Fracture fermée; 1 Fracture ouverte.",false,"",definition,fiche du code (définition),définition somatique du glossaire OFS,false,"",v1
584,S36,Lésion traumatique d'organes intraabdominaux,XIX,3,categorie,G,GLOSSAIRE,"Les subdivisions suivantes, données à titre facultatif, peuvent être utilisées comme caractère supplémentaire lorsqu'il n'est pas possible ou désiré d'utiliser le codage multiple : 0 Sans plaie pénétrante de la cavité abdominale; 1 Avec plaie pénétrante de la cavité abdominale.",false,"",definition,fiche du code (définition),définition somatique du glossaire OFS,false,"",v1
585,S37,Lésion traumatique des organes urinaires et pelviens,XIX,3,categorie,G,GLOSSAIRE,"Les subdivisions suivantes, données à titre facultatif, peuvent être utilisées comme caractère supplémentaire lorsqu'il n'est pas possible ou désiré d'utiliser le codage multiple : 0 Sans plaie pénétrante de la cavité pelvienne; 1 Avec plaie pénétrante de la cavité pelvienne.",false,"",definition,fiche du code (définition),définition somatique du glossaire OFS,false,"",v1
586,S42,Fracture de l'épaule et du bras,XIX,3,categorie,G,GLOSSAIRE,"Les subdivisions suivantes, données à titre facultatif, peuvent être utilisées  comme caractère supplémentaire lorsqu'il n'est pas possible ou désiré d'utiliser le codage multiple pour identifier les fractures et les plaies ouvertes. Une fracture non précisée comme fermée ou ouverte doit être classée comme fermée. 0 Fracture fermée; 1 Fracture ouverte.",false,"",definition,fiche du code (définition),définition somatique du glossaire OFS,false,"",v1
587,S52,Fracture de l'avant-bras,XIX,3,categorie,G,GLOSSAIRE,"Les subdivisions suivantes, données à titre facultatif, peuvent être utilisées comme caractère supplémentaire lorsqu'il n'est pas possible ou désiré d'utiliser le codage multiple pour identifier les fractures et les plaies ouvertes; une fracture non précisée comme fermée ou ouverte doit être classée comme fermée. 0 Fracture fermée; 1 Fracture ouverte.",false,"",definition,fiche du code (définition),définition somatique du glossaire OFS,false,"",v1
588,S62,Fracture au niveau du poignet et de la main,XIX,3,categorie,G,GLOSSAIRE,"Les subdivisions suivantes, données à titre facultatif, peuvent être utilisées comme caractère supplémentaire lorsqu'il n'est pas possible ou désiré d'utiliser le codage multiple pour identifier les fractures et les plaies ouvertes; une fracture non précisée comme fermée ou ouverte doit être classée comme fermée. 0 Fracture fermée; 1 Fracture ouverte.",false,"",definition,fiche du code (définition),définition somatique du glossaire OFS,false,"",v1
589,S72,Fracture du fémur,XIX,3,categorie,G,GLOSSAIRE,"Les subdivisions suivantes, données à titre facultatif, peuvent être utilisées comme caractère supplémentaire lorsqu'il n'est pas possible ou désiré d'utiliser le codage multiple pour identifier les fractures et les plaies ouvertes; une fracture non précisée comme fermée ou ouverte doit être classée comme fermée. 0 Fracture fermée; 1 Fracture ouverte.",false,"",definition,fiche du code (définition),définition somatique du glossaire OFS,false,"",v1
590,S82,"Fracture de la jambe, y compris la cheville",XIX,3,categorie,G,GLOSSAIRE,"Les subdivisions suivantes, données à titre facultatif, peuvent être utilisées comme caractère supplémentaire lorsqu'il n'est pas possible ou désiré d'utiliser le codage multiple pour identifier les fractures et les plaies ouvertes; une fracture non précisée comme fermée ou ouverte doit être classée comme fermée. 0 Fracture fermée; 1 Fracture ouverte.",false,"",definition,fiche du code (définition),définition somatique du glossaire OFS,false,"",v1
591,S92,"Fracture du pied, sauf la cheville",XIX,3,categorie,G,GLOSSAIRE,"Les subdivisions suivantes, données à titre facultatif, peuvent être utilisées comme caractère supplémentaire lorsqu'il n'est pas possible ou désiré d'utiliser le codage multiple pour identifier les fractures et les plaies ouvertes; une fracture non précisée comme fermée ou ouverte doit être classée comme fermée. 0 Fracture fermée; 1 Fracture ouverte.",false,"",definition,fiche du code (définition),définition somatique du glossaire OFS,false,"",v1
592,T02,Fractures de plusieurs parties du corps,XIX,3,categorie,G,GLOSSAIRE,"Les subdivisions suivantes, données à titre facultatif, peuvent être utilisées comme caractère supplémentaire lorsqu'il n'est pas possible ou désiré d'utiliser le codage multiple pour identifier les fractures et les plaies ouvertes. Une fracture non précisée comme fermée ou ouverte doit être classée comme fermée. 0 Fracture fermée; 1 Fracture ouverte.",false,"",definition,fiche du code (définition),définition somatique du glossaire OFS,false,"",v1
593,T08,"Fracture du rachis, niveau non précisé",XIX,3,categorie,G,GLOSSAIRE,"Les subdivisions suivantes, données à titre facultatif, peuvent être utilisées comme caractère supplémentaire lorsqu'il n'est pas possible ou désiré d'utiliser le codage multiple pour identifier les fractures et les plaies ouvertes; une fracture non précisée comme fermée ou ouverte doit être classée comme fermée. 0 Fracture fermée; 1 Fracture ouverte.",false,"",definition,fiche du code (définition),définition somatique du glossaire OFS,false,"",v1
594,T10,"Fracture du membre supérieur, niveau non précisé",XIX,3,categorie,G,GLOSSAIRE,"Les subdivisions suivantes, données à titre facultatif, peuvent être utilisées comme caractère supplémentaire lorsqu'il n'est pas possible ou désiré d'utiliser le codage multiple pour identifier les fractures et les plaies ouvertes; une fracture non précisée comme fermée ou ouverte doit être classée comme fermée. 0 Fracture fermée; 1 Fracture ouverte.",false,"",definition,fiche du code (définition),définition somatique du glossaire OFS,false,"",v1
595,T12,"Fracture d'un membre inférieur, niveau non précisé",XIX,3,categorie,G,GLOSSAIRE,"Les subdivisions suivantes, données à titre facultatif, peuvent être utilisées comme caractère supplémentaire lorsqu'il n'est pas possible ou désiré d'utiliser le codage multiple pour identifier les fractures et les plaies ouvertes; une fracture non précisée comme fermée ou ouverte doit être classée comme fermée. 0 Fracture fermée; 1 Fracture ouverte.",false,"",definition,fiche du code (définition),définition somatique du glossaire OFS,false,"",v1
596,T14.2,Fracture d'une partie du corps non précisée,XIX,4,sous_categorie,G,GLOSSAIRE,"Les subdivisions suivantes, données à titre facultatif, peuvent être utilisées comme caractère supplémentaire lorsqu'il n'est pas possible ou désiré d'utiliser le codage multiple pour identifier les fractures et les plaies ouvertes. Une fracture non précisée comme fermée ou ouverte doit être classée comme fermée. 0 Fracture fermée; 1 Fracture ouverte.",false,"",definition,fiche du code (définition),définition somatique du glossaire OFS,false,"",v1
234,Z60.1,Situation parentale atypique,XXI,4,sous_categorie,N,NOTE,difficultés liées à une situation parentale (éducation des enfants) telle que famille monoparentale ou autre que celle dans laquelle les deux parents biologiques cohabitent.,false,"",definition,fiche du code (définition),texte définitoire (défaut source N) — à confirmer,false,"",v1
235,Z60.4,Exclusion et rejet sociaux,XXI,4,sous_categorie,N,NOTE,"Exclusion et rejet pour des motifs liés à la personne, tels que apparence physique, maladie ou comportement anormal.",false,"",definition,fiche du code (définition),texte définitoire (défaut source N) — à confirmer,false,"",v1
236,Z60.5,Cible d'une discrimination et d'une persécution,XXI,4,sous_categorie,N,NOTE,"Discrimination ou persécution, réelle ou perçue comme telle, pour des raisons   d'appartenance à un groupe (défini par la couleur de la peau, la religion,   l'origine ethnique, etc.) et non pour des raisons liées à la personne.",false,"",definition,fiche du code (définition),texte définitoire (défaut source N) — à confirmer,false,"",v1
237,Z61.0,Perte de relation affective pendant l'enfance,XXI,4,sous_categorie,N,NOTE,"Perte d'une relation affectivement étroite, telle qu'un parent, un frère ou une soeur, un ami très proche ou un animal familier, liée un décès, un départ définitif ou un rejet.",false,"",definition,fiche du code (définition),texte définitoire (défaut source N) — à confirmer,false,"",v1
238,Z61.1,Départ du foyer pendant l'enfance,XXI,4,sous_categorie,N,NOTE,"Séjour dans une famille adoptive, dans un hôpital ou autres institutions, ayant entraîné un stress psychosocial, ou activité tenant l'enfant éloigné contre son   gré de son foyer pendant une période prolongée.",false,"",definition,fiche du code (définition),texte définitoire (défaut source N) — à confirmer,false,"",v1
239,Z61.2,Changements dans le tissu des relations familiales pendant l'enfance,XXI,4,sous_categorie,N,NOTE,"Arrivée d'une nouvelle personne dans la famille, se traduisant par un changement négatif dans les relations de l'enfant. Couvre notamment le remariage d'un des parents ou la naissance d'un frère ou d'une soeur.",false,"",definition,fiche du code (définition),texte définitoire (défaut source N) — à confirmer,false,"",v1
240,Z61.3,Événements résultant de la perte de l'estime de soi pendant l'enfance,XXI,4,sous_categorie,N,NOTE,"Evénements résultant en une auto-évaluation négative de l'enfant, telle qu'échec dans des tâches exigeant un fort investissement personnel, révélation ou découverte d'un événement personnel ou familial honteux ou traumatisant et autres expériences humiliantes.",false,"",definition,fiche du code (définition),texte définitoire (défaut source N) — à confirmer,false,"",v1
241,Z61.4,Difficultés liées à de possibles sévices sexuels infligés à un enfant par une personne de son entourage immédiat,XXI,4,sous_categorie,N,NOTE,"Difficultés liées à une forme quelconque d'exposition ou de contact physique   entre un membre adulte de la famille de l'enfant et celui-ci, ayant entraîné une excitation sexuelle, que l'enfant ait ou non participé volontairement aux actes sexuels (par exemple, contact génital, attouchements ou exposition délibérée des seins ou des organes génitaux).",false,"",definition,fiche du code (définition),texte définitoire (défaut source N) — à confirmer,false,"",v1
242,Z61.5,Difficultés liées à de possibles sévices sexuels infligés à un enfant par une personne étrangère à son entourage immédiat,XXI,4,sous_categorie,N,NOTE,"Difficultés liées à un contact ou à une tentative de contact avec les seins ou les parties génitales de l'enfant ou de l'autre personne, exhibition en confrontation étroite ou tentative pour déshabiller ou séduire l'enfant, de la part d'une personne beaucoup plus âgée n'appartenant pas à la famille de l'enfant, mais profitant de sa position ou de son statut ou agissant contre la volonté de l'enfant.",false,"",definition,fiche du code (définition),texte définitoire (défaut source N) — à confirmer,false,"",v1
243,Z61.6,Difficultés liées à de possibles sévices physiques infligés à un enfant,XXI,4,sous_categorie,N,NOTE,"Difficultés liées à des incidents au cours desquels l'enfant a reçu par le passé  de la part d'un adulte de sa famille des blessures d'une gravité telle qu'elles   ont nécessité un traitement médical (par exemple fractures, ecchymoses marquées), ou qui on impliqué des formes de violence anormales (comme frapper l'enfant avec un objet dur ou contendant, le brûler ou l'attacher).",false,"",definition,fiche du code (définition),texte définitoire (défaut source N) — à confirmer,false,"",v1
244,Z61.7,Expérience personnelle terrifiante,XXI,4,sous_categorie,N,NOTE,"Expérience comportant une menace pour l'avenir de l'enfant, telle qu'un  enlèvement, une catastrophe naturelle où la vie est menacée, une blessure mettant en danger l'image de soi ou le sentiment de sécurité, ou la survenue d'un traumatisme grave chez une personne aimée.",false,"",definition,fiche du code (définition),texte définitoire (défaut source N) — à confirmer,false,"",v1
245,Z62.0,Surveillance inadéquate de la part des parents,XXI,4,sous_categorie,N,NOTE,Ignorance de la part des parents de ce que fait l'enfant ou de l'endroit où il  se trouve; manque d'autorité; désintérêt ou absence de réaction lorsque l'enfant se trouve dans une situation dangereuse.,false,"",definition,fiche du code (définition),texte définitoire (défaut source N) — à confirmer,false,"",v1
246,Z62.1,Surprotection parentale,XXI,4,sous_categorie,N,NOTE,Méthode d'éducation aboutissant à une infantilisation empêchant l'acquisition de l'indépendance.,false,"",definition,fiche du code (définition),texte définitoire (défaut source N) — à confirmer,false,"",v1
251,Z62.2,Éducation dans une institution,XXI,4,sous_categorie,N,NOTE,"Prise en charge éducative de groupe dans laquelle les responsabilités parentales sont essentiellement assumées par un établissement quelconque (pensionnat pour enfants, orphelinat, home d'enfants) ou séjour prolongé de l'enfant dans un hôpital, une maison de convalescence ou l'équivalent, sans la présence à ses côtés d'au moins l'un de ses parents.",false,"",definition,fiche du code (définition),texte définitoire (défaut source N) — à confirmer,false,"",v1
247,Z62.3,Hostilité envers un enfant transformé en bouc émissaire,XXI,4,sous_categorie,N,NOTE,"Comportement parental négatif axé spécifiquement sur l'enfant en tant qu'individu, persistant dans le temps et se répercutant sur plusieurs comportements de l'enfant (par exemple, parents qui accusent systématiquement l'enfant de tous les problèmes du ménage ou lui attribuent des caractéristiques négatives).",false,"",definition,fiche du code (définition),texte définitoire (défaut source N) — à confirmer,false,"",v1
248,Z62.4,Négligence affective,XXI,4,sous_categorie,N,NOTE,"Parents s'adressant à l'enfant avec froideur ou impatience. Manque d'intérêt  pour l'enfant, de compréhension de ses difficultés et absence de louanges et  d'encouragement. Réaction irritée devant un comportement anxieux, absence de démonstrations d'affection physiques suffisantes et manque de chaleur.",false,"",definition,fiche du code (définition),texte définitoire (défaut source N) — à confirmer,false,"",v1
249,Z62.6,Pression parentale inappropriée et autres défauts de l'éducation,XXI,4,sous_categorie,N,NOTE,"Parents forçant l'enfant à se comporter de façon différente de la norme locale, que ce soit par rapport à son sexe (en habillant un garçon en fille), par  rapport à son âge (en forçant un enfant à prendre des responsabilités plus lourdes qu'il ne peut en assumer pour son âge) ou pour d'autres raisons (obligeant l'enfant à entreprendre des activités contre son gré ou des activités trop difficiles pour lui).",false,"",definition,fiche du code (définition),texte définitoire (défaut source N) — à confirmer,false,"",v1
250,Z63.0,Difficultés dans les rapports avec le conjoint ou le partenaire,XXI,4,sous_categorie,N,NOTE,"Désaccord entre les partenaires se traduisant par des crises aiguës ou  prolongées, la généralisation de sentiments hostiles ou  critiques ou une  atmosphère persistante de violence interpersonnelle grave (pouvant aller jusqu'à battre ou frapper).",false,"",definition,fiche du code (définition),texte définitoire (défaut source N) — à confirmer,false,"",v1
612,Z75.5,Prise en charge pendant les vacances,XXI,4,sous_categorie,N,NOTE,Soins de santé dispensés à une personne normalement soignée à domicile pour permettre à sa famille de prendre des vacances.,false,"",definition,fiche du code (définition),texte définitoire (défaut source N) — à confirmer,false,"",v1
198,O03,Avortement spontané,XV,3,categorie,E,NOTE,Avortement incomplet comprend la rétention des produits de conception après un avortement.,false,avortement_incomplet,definition,fiche du code (définition),définition partagée de la subdivision « avortement incomplet »,false,"",v1
199,O04,Avortement médical,XV,3,categorie,E,NOTE,Avortement incomplet comprend la rétention des produits de conception après un avortement.,false,avortement_incomplet,definition,fiche du code (définition),définition partagée de la subdivision « avortement incomplet »,false,"",v1
200,O05,Autres formes d'avortement,XV,3,categorie,E,NOTE,Avortement incomplet comprend la rétention des produits de conception après un avortement.,false,avortement_incomplet,definition,fiche du code (définition),définition partagée de la subdivision « avortement incomplet »,false,"",v1
201,O06,"Avortement, sans précision",XV,3,categorie,E,NOTE,Avortement incomplet comprend la rétention des produits de conception après un avortement.,false,avortement_incomplet,definition,fiche du code (définition),définition partagée de la subdivision « avortement incomplet »,false,"",v1
2,A15.1,"Tuberculose pulmonaire, confirmée par culture seulement",I,4,sous_categorie,N,aucune,"Toute maladie classée en A15.0, confirmée par culture seulement",false,toute_maladie_classee,definition,fiche du code (définition),définition de subdivision (confirmation bactériologique/histologique),false,"",v1
3,A15.2,"Tuberculose pulmonaire, avec confirmation histologique",I,4,sous_categorie,N,aucune,"Toute maladie classée en A15.0, avec confirmation histologique",false,toute_maladie_classee,definition,fiche du code (définition),définition de subdivision (confirmation bactériologique/histologique),false,"",v1
4,A15.3,"Tuberculose pulmonaire, avec confirmation, moyen non précisé",I,4,sous_categorie,N,aucune,"Toute maladie classée en A15.0 avec confirmation, non précisée comme bactériologique ou histologique",false,toute_maladie_classee,definition,fiche du code (définition),définition de subdivision (confirmation bactériologique/histologique),false,"",v1
229,A16.1,"Tuberculose pulmonaire, sans examen bactériologique et histologique",I,4,sous_categorie,N,aucune,"Toute maladie classée en A16.0, examens bactériologique et histologique non effectués",false,toute_maladie_classee,definition,fiche du code (définition),définition de subdivision (confirmation bactériologique/histologique),false,"",v1
260,(F00-F09),"Troubles mentaux organiques, y compris les troubles symptomatiques",V,2,bloc,G,GLOSSAIRE,"Ce groupe réunit un ensemble de troubles mentaux ayant en commun une étiologie organique démontrable, à type de maladie ou de lésion cérébrales, ou d'atteinte entraînant un dysfonctionnement du cerveau. Le dysfonctionnement peut être primaire : c'est le cas des maladies, lésions ou atteintes qui touchent le cerveau de manière directe ou sélective;  il peut également être secondaire : c'est le cas des maladies et des troubles somatiques qui affectent le cerveau au même titre que les autres organes ou systèmes de l'organisme.<P>La démence (F00-F03) est un syndrome dû à une maladie cérébrale, habituellement chronique et progressive, caractérisé par une altération de nombreuses fonctions corticales supérieures, telles que la mémoire, l'idéation, l'orientation, la compréhension, le calcul, la capacité d'apprendre, le langage et le jugement. Le syndrome ne s'accompagne pas d'un obscurcissement de la conscience. Les déficiences des fonctions cognitives s'accompagnent habituellement (et sont parfois précédées) d'une détérioration du contrôle émotionnel, du comportement social, ou de la motivation. Ce syndrome survient dans la maladie d'Alzheimer, dans les maladies vasculaires cérébrales, et dans d'autres affections qui de manière primaire ou secondaire, affectent le cerveau.",false,"",description_clinique,non_rendue,"glossaire du chapitre F — description clinique officielle du trouble ; niveau chapitre/bloc — pas de fiche cible, ne descend pas",false,"",v1
289,(F10-F19),Troubles mentaux et du comportement liés à l'utilisation de substances psychoactives,V,2,bloc,G,GLOSSAIRE,"Ce groupe comprend de nombreux troubles variés, de gravité et de symptomatologie diverses, mais qui sont tous liés à l'utilisation d'une ou de plusieurs substances psycho-actives, prescrites ou non par un médecin. Le troisième caractère du code identifie la substance impliquée, alors que le quatrième caractère sert à spécifier les tableaux cliniques; les quatrièmes caractères doivent être utilisés, selon les besoins, pour chacune des substances indiquées; il convient toutefois de noter que les quatrièmes caractères du code ne sont pas tous applicables à chaque substance.<P>L'identification de la substance psycho-active doit se faire à partir de toutes les sources d'information possibles. Ces dernières comportent : les informations fournies par le sujet lui-même, les analyses de sang, d'urine, etc., les symptômes physiques et psychologiques caractéristiques, les signes et comportements cliniques, les drogues trouvées chez le patient, les renseignements de tierces personnes bien informées. De nombreux sujets consomment plusieurs catégories de substances psycho-actives différentes. Le diagnostic principal se fera, si possible, en fonction de la substance toxique (ou de la catégorie de substances toxiques) qui est responsable du tableau clinique ou qui en détermine les caractéristiques essentielles. Des diagnostics supplémentaires doivent être codés quand d'autres substances psycho-actives ont été consommées en quantité suffisante pour provoquer une intoxication (quatrième chiffre .0), des conséquences nocives (quatrième chiffre .1), une dépendance (quatrième chiffre .2) ou d'autres troubles (quatrième chiffre .3-.9). <P>Le diagnostic de troubles liés à l'utilisation de substances multiples (F19) doit être réservé à des cas où le choix des substances psycho-actives se fait de façon chaotique et sans discrimination, ou dans lesquels il n'est pas possible de différencier les effets provenant des unes ou des autres.",false,"",description_clinique,non_rendue,"glossaire du chapitre F — description clinique officielle du trouble ; niveau chapitre/bloc — pas de fiche cible, ne descend pas",false,"",v1
371,(F20-F29),"Schizophrénie, trouble schizotypique et troubles délirants",V,2,bloc,G,GLOSSAIRE,"Ce groupe réunit la schizophrénie, catégorie la plus importante de ce groupe de troubles, le trouble schizotypique, les troubles délirants persistants, et un groupe assez large de troubles psychotiques aigus et transitoires. Les troubles schizo-affectifs ont été maintenus ici, bien que leur nature reste controversée.",false,"",description_clinique,non_rendue,"glossaire du chapitre F — description clinique officielle du trouble ; niveau chapitre/bloc — pas de fiche cible, ne descend pas",false,"",v1
395,(F30-F39),Troubles de l'humeur [affectifs],V,2,bloc,G,GLOSSAIRE,"Ce groupe réunit les troubles dans lesquels la perturbation fondamentale est un changement des affects ou de l'humeur, dans le sens d'une dépression (avec ou sans anxiété associée) ou d'une élation. Le changement de l'humeur est habituellement accompagné d'une modification du niveau global d'activité, et la plupart des autres symptômes sont soit secondaires à ces changements de l'humeur et de l'activité, soit facilement compréhensibles dans leur contexte. La plupart de ces troubles ont tendance à être récurrents et la survenue des épisodes individuels peut souvent être mise en relation avec des situations ou des événements stressants.",false,"",description_clinique,non_rendue,"glossaire du chapitre F — description clinique officielle du trouble ; niveau chapitre/bloc — pas de fiche cible, ne descend pas",false,"",v1
481,(F60-F69),Troubles de la personnalité et du comportement chez l'adulte,V,2,bloc,G,GLOSSAIRE,"Ce groupe comprend divers états et types de comportement cliniquement significatifs qui ont tendance à persister et qui sont l'expression de la manière caractéristique de vivre de l'individu et de sa façon d'établir des rapports avec lui-même et avec autrui. Certains de ces états et types de comportement apparaissent précocement au cours du développement individuel sous l'influence conjointe de facteurs constitutionnels et sociaux, tandis que d'autres sont acquis plus tard dans la vie. Les troubles spécifiques de la personnalité (F60.-), les troubles mixtes et autres troubles de la personnalité (F61.-) et les modifications durables de la personnalité (F62.-) représentent des modalités de comportement profondément enracinées et durables, consistant en des réactions inflexibles à des situations personnelles et sociales de nature très variée. Ces troubles représentent des déviations soit extrêmes soit significatives des perceptions, des pensées, des sensations et particulièrement des relations avec autrui par rapport à celles d'un individu moyen d'une culture donnée. De tels types de comportement sont généralement stables et englobent de multiples domaines du comportement et du fonctionnement psychologique. Ils sont souvent, mais pas toujours, associés à une souffrance subjective et à une altération du fonctionnement social d'intensité variable.",false,"",description_clinique,non_rendue,"glossaire du chapitre F — description clinique officielle du trouble ; niveau chapitre/bloc — pas de fiche cible, ne descend pas",false,"",v1
517,(F70-F79),Retard mental,V,2,bloc,G,GLOSSAIRE,"Arrêt ou développement incomplet du fonctionnement mental, caractérisé essentiellement par une altération, durant la période du développement, des facultés qui déterminent le niveau global d'intelligence, c'est-à-dire des fonctions cognitives, du langage, de la motricité et des capacités sociales. Le retard mental peut accompagner un autre trouble mental ou physique ou survenir isolément. <P>Les degrés de retard mental sont habituellement déterminés par des tests d'intelligence normalisés.  Ces derniers peuvent s'accompagner d'échelles évaluant l'adaptation sociale à un milieu donné.  Ces mesures fournissent une estimation approximative du degré de retard mental.  Le diagnostic dépendra également de l'évaluation globale des fonctions intellectuelles par un médecin compétent. <P>Les capacités intellectuelles et l'adaptation sociale peuvent changer et, même si elles sont très médiocres, être améliorées par une formation et une rééducation appropriées.  Le diagnostic doit être basé sur les niveaux fonctionnels constatés.",false,"",description_clinique,non_rendue,"glossaire du chapitre F — description clinique officielle du trouble ; niveau chapitre/bloc — pas de fiche cible, ne descend pas",false,"",v1
522,(F80-F89),Troubles du développement psychologique,V,2,bloc,G,GLOSSAIRE,"Les troubles classés dans ce groupe ont en commun : a) un début obligatoirement dans la première ou la seconde enfance; b) une altération ou un retard du développement de fonctions étroitement liées à la maturation biologique du système nerveux central; et c) une évolution continue sans rémissions ni rechutes. Dans la plupart des cas, les fonctions atteintes concernent le langage, le repérage visuo-spatial et la coordination motrice. Habituellement, le retard ou le déficit était présent dès qu'il pouvait être mis en évidence avec certitude et il diminue progressivement avec l'âge (des déficits légers peuvent toutefois persister à l'âge adulte).",false,"",description_clinique,non_rendue,"glossaire du chapitre F — description clinique officielle du trouble ; niveau chapitre/bloc — pas de fiche cible, ne descend pas",false,"",v1
261,F00,Démence de la maladie d'Alzheimer,V,3,categorie,G,GLOSSAIRE,La maladie d'Alzheimer est une maladie cérébrale dégénérative primitive d'étiologie inconnue dont la neuropathologie et la neurochimie sont caractéristiques. Elle débute habituellement de façon insidieuse et progresse lentement mais régulièrement en quelques années.,false,"",description_clinique,section Description clinique (OMS),glossaire du chapitre F — description clinique officielle du trouble,false,"",v1
262,F00.0,"Démence de la maladie d'Alzheimer, à début précoce ",V,4,sous_categorie,G,GLOSSAIRE,"Démence de la maladie d'Alzheimer survenant avant l'âge de 65 ans, évoluant assez rapidement vers une détérioration et comportant de multiples perturbations marquées des fonctions corticales supérieures.",false,"",description_clinique,section Description clinique (OMS),glossaire du chapitre F — description clinique officielle du trouble,false,"",v1
263,F00.1,"Démence de la maladie d'Alzheimer, à début tardif ",V,4,sous_categorie,G,GLOSSAIRE,"Démence de la maladie d'Alzheimer survenant après l'âge de 65 ans, habituellement à la fin de la huitième décennie ou au-delà ; elle évolue de façon lentement progressive et se caractérise essentiellement par une altération de la mémoire.",false,"",description_clinique,section Description clinique (OMS),glossaire du chapitre F — description clinique officielle du trouble,false,"",v1
264,F01,Démence vasculaire,V,3,categorie,G,GLOSSAIRE,"La démence vasculaire résulte d'un infarcissement cérébral dû à une maladie vasculaire, par exemple, une maladie cérébrovasculaire hypertensive. Les infarctus sont habituellement de petite taille mais leurs effets sont cumulatifs. La démence survient habituellement à un âge avancé.",false,"",description_clinique,section Description clinique (OMS),glossaire du chapitre F — description clinique officielle du trouble,false,"",v1
265,F01.0,Démence vasculaire à début aigu,V,4,sous_categorie,G,GLOSSAIRE,"Démence vasculaire qui s'installe, habituellement de façon rapide, à la suite d'ictus cérébraux répétés, liés à des thromboses vasculaires, des embolies ou des hémorragies. Il est rare que la cause en soit un infarcissement massif unique.",false,"",description_clinique,section Description clinique (OMS),glossaire du chapitre F — description clinique officielle du trouble,false,"",v1
266,F01.1,Démence vasculaire par infarctus multiples,V,4,sous_categorie,G,GLOSSAIRE,"Démence vasculaire dont le début est progressif, qui fait suite à de nombreux épisodes ischémiques transitoires provoquant des lacunes dans le parenchyme cérébral.",false,"",description_clinique,section Description clinique (OMS),glossaire du chapitre F — description clinique officielle du trouble,false,"",v1
267,F01.2,Démence vasculaire souscorticale,V,4,sous_categorie,G,GLOSSAIRE,"Démence vasculaire avec antécédent d'hypertension artérielle et de foyers de destruction ischémique dans la substance blanche profonde des hémisphères cérébraux. Le cortex cérébral est habituellement indemne, ce qui tranche avec le tableau clinique qui peut être proche de celui de la démence de la maladie d'Alzheimer.",false,"",description_clinique,section Description clinique (OMS),glossaire du chapitre F — description clinique officielle du trouble,false,"",v1
268,F02,Démence au cours d'autres maladies classées ailleurs,V,3,categorie,G,GLOSSAIRE,"Démences dues, ou supposées dues, à d'autres causes que la maladie d'Alzheimer ou à une maladie vasculaire cérébrale. Elles peuvent débuter à tout âge, mais ne surviennent que rarement à un âge avancé.",false,"",description_clinique,section Description clinique (OMS),glossaire du chapitre F — description clinique officielle du trouble,false,"",v1
269,F02.0,Démence de la maladie de Pick ,V,4,sous_categorie,G,GLOSSAIRE,"Démence évoluant progressivement, débutant à l'âge mûr, caractérisée par des modifications précoces, lentement progressives, du caractère et par une détérioration sociale, aboutissant à une déficience des fonctions intellectuelles, de la mémoire et du langage, accompagnées d'une apathie, d'une euphorie et, plus rarement, de symptômes extra-pyramidaux.",false,"",description_clinique,section Description clinique (OMS),glossaire du chapitre F — description clinique officielle du trouble,false,"",v1
270,F02.1,Démence de la maladie de Creutzfeldt–Jakob ,V,4,sous_categorie,G,GLOSSAIRE,"Démence évoluant progressivement, comportant des signes neurologiques étendus, due à des altérations neuropathologiques spécifiques que l'on suppose provoquées par un agent transmissible. Elle débute habituellement à l'âge mûr ou plus tard, mais peut débuter chez l'adulte à n'importe quel âge. Son évolution est subaiguë, aboutissant à la mort en un à deux ans.",false,"",description_clinique,section Description clinique (OMS),glossaire du chapitre F — description clinique officielle du trouble,false,"",v1
271,F02.2,Démence de la maladie de Huntington ,V,4,sous_categorie,G,GLOSSAIRE,"Démence survenant dans le contexte d'une dégénérescence cérébrale étendue. La maladie est transmise par un gène autosomique dominant unique. Les symptômes apparaissent typiquement dans la troisième et la quatrième décennies. L'évolution est lentement progressive, aboutissant habituellement à la mort en 10 à 15 années.",false,"",description_clinique,section Description clinique (OMS),glossaire du chapitre F — description clinique officielle du trouble,false,"",v1
272,F02.3,Démence de la maladie de Parkinson,V,4,sous_categorie,G,GLOSSAIRE,Démence survenant au cours de l'évolution d'une maladie de Parkinson avérée. Aucune caractéristique clinique distinctive n'a été mise en évidence jusqu'ici.,false,"",description_clinique,section Description clinique (OMS),glossaire du chapitre F — description clinique officielle du trouble,false,"",v1
273,F02.4,Démence de la maladie due au virus de l'immunodéficience humaine [VIH] ,V,4,sous_categorie,G,GLOSSAIRE,"Démence survenant au cours de l'évolution d'une maladie VIH, en l'absence de toute autre maladie ou infection concomitante pouvant expliquer les signes cliniques.",false,"",description_clinique,section Description clinique (OMS),glossaire du chapitre F — description clinique officielle du trouble,false,"",v1
274,F04,"Syndrome amnésique organique, non induit par l'alcool et d'autres substances psychoactives",V,3,categorie,G,GLOSSAIRE,"Syndrome dominé par une altération de la mémoire, récente et ancienne, avec conservation de la mémoire immédiate, par une réduction de la capacité à apprendre des informations nouvelles et par une désorientation temporelle. Il peut y avoir une confabulation marquée, mais la perception et les autres fonctions cognitives, y compris l'intelligence, sont habituellement intactes. Le pronostic dépend de l'évolution de la lésion sous-jacente.",false,"",description_clinique,section Description clinique (OMS),glossaire du chapitre F — description clinique officielle du trouble,false,"",v1
275,F05,"Délirium, non induit par l'alcool et d'autres substances psychoactives",V,3,categorie,G,GLOSSAIRE,"Syndrome cérébral organique sans étiologie spécifique, caractérisé par la présence simultanée de perturbations de la conscience et de l'attention, de la perception, de l'idéation, de la mémoire, du comportement psychomoteur, des émotions, et du rythme veille-sommeil. La durée est variable et le degré de gravité varie de léger à très sévère.",false,"",description_clinique,section Description clinique (OMS),glossaire du chapitre F — description clinique officielle du trouble,false,"",v1
276,F06,"Autres troubles mentaux dus à une lésion cérébrale et un dysfonctionnement cérébral, et à une affection somatique",V,3,categorie,G,GLOSSAIRE,"Comprend diverses affections causées par un trouble cérébral dû à une affection cérébrale primitive, à une affection somatique touchant secondairement le cerveau, à des substances toxiques exogènes ou des hormones, à des troubles endocriniens, ou à d'autres maladies somatiques.",false,"",description_clinique,section Description clinique (OMS),glossaire du chapitre F — description clinique officielle du trouble,false,"",v1
277,F06.0,État hallucinatoire organique,V,4,sous_categorie,G,GLOSSAIRE,"Trouble caractérisé par des hallucinations persistantes ou récurrentes, habituellement visuelles ou auditives, survenant en l'absence d'une obnubilation de la conscience, et que le sujet peut reconnaître ou non en tant que telles. Les hallucinations peuvent être à l'origine d'une élaboration délirante, mais les idées délirantes ne dominent pas le tableau clinique; les hallucinations peuvent être reconnues comme pathologiques par le sujet lui-même.",false,"",description_clinique,section Description clinique (OMS),glossaire du chapitre F — description clinique officielle du trouble,false,"",v1
278,F06.1,Catatonie organique,V,4,sous_categorie,G,GLOSSAIRE,Trouble caractérisé par une diminution (stupeur) ou une augmentation (agitation) de l'activité psychomotrice et par des symptômes catatoniques. Les deux pôles de la perturbation psychomotrice peuvent alterner.,false,"",description_clinique,section Description clinique (OMS),glossaire du chapitre F — description clinique officielle du trouble,false,"",v1
279,F06.2,Trouble délirant organique [d'allure schizophrénique],V,4,sous_categorie,G,GLOSSAIRE,"Trouble caractérisé par la présence, au premier plan du tableau clinique, d'idées délirantes persistantes ou récurrentes. Les idées délirantes peuvent être accompagnées d'hallucinations. Certaines caractéristiques évoquant une schizophrénie, comme des hallucinations bizarres ou des troubles du cours de la pensée, peuvent être présentes.",false,"",description_clinique,section Description clinique (OMS),glossaire du chapitre F — description clinique officielle du trouble,false,"",v1
280,F06.3,Troubles organiques de l'humeur [affectifs],V,4,sous_categorie,G,GLOSSAIRE,"Troubles caractérisés par une altération de l'humeur ou de l'affect, habituellement accompagnés d'une altération du niveau global d'activité, il peut s'agir de troubles dépressifs, hypomaniaques, maniaques ou bipolaires (voir F30, F31, F32, F33, F34, F38), mais secondaires à une maladie organique.",false,"",description_clinique,section Description clinique (OMS),glossaire du chapitre F — description clinique officielle du trouble,false,"",v1
281,F06.4,Trouble anxieux organique,V,4,sous_categorie,G,GLOSSAIRE,"Trouble caractérisé par la présence des caractéristiques descriptives essentielles d'une anxiété généralisée (F41.1), d'un trouble panique (F41.0), ou d'une association des deux, mais secondaire à une maladie organique.",false,"",description_clinique,section Description clinique (OMS),glossaire du chapitre F — description clinique officielle du trouble,false,"",v1
282,F06.5,Trouble dissociatif organique,V,4,sous_categorie,G,GLOSSAIRE,"Trouble caractérisé par une perte partielle ou complète de l'intégration normale entre souvenirs du passé, conscience de l'identité et des sensations immédiates, et contrôle des mouvements corporels (voir F44.-), mais secondaire à une maladie organique.",false,"",description_clinique,section Description clinique (OMS),glossaire du chapitre F — description clinique officielle du trouble,false,"",v1
283,F06.6,Labilité [asthénie] émotionnelle organique,V,4,sous_categorie,G,GLOSSAIRE,"Trouble caractérisé par une incontinence ou une labilité émotionnelles, une fatigabilité, et diverses sensations physiques désagréables (par exemple des vertiges) et par des douleurs, mais secondaire à une maladie organique.",false,"",description_clinique,section Description clinique (OMS),glossaire du chapitre F — description clinique officielle du trouble,false,"",v1
284,F06.7,Trouble cognitif léger,V,4,sous_categorie,G,GLOSSAIRE,"Trouble caractérisé par une altération de la mémoire, des difficultés d'apprentissage et une réduction de la capacité à se concentrer sur une tâche, sauf pendant des périodes de courte durée. Le sujet éprouve souvent une fatigue mentale accentuée quand il fait des efforts mentaux, et un nouvel apprentissage peut être subjectivement difficile même quand il est objectivement réussi. Aucun de ces symptômes ne présente une sévérité suffisante pour justifier un diagnostic de démence (F00-F03) ou de delirium (F05.-). Ce diagnostic ne doit être fait qu'en présence d'un trouble somatique spécifié; il ne doit pas être fait en présence de l'un des troubles mentaux ou du comportement classés en F10-F99. Le trouble peut précéder, accompagner ou succéder à des infections et des troubles physiques très divers, cérébraux et généraux, sans qu'il existe obligatoirement des preuves directes en faveur d'une atteinte cérébrale. Il peut être différencié d'un syndrome post-encéphalitique (F07.1) et d'un syndrome post-commotionnel (F07.2) sur la base de son étiologie, de sa symptomatologie, moins riche et moins sévère, et de sa durée, habituellement plus courte.",false,"",description_clinique,section Description clinique (OMS),glossaire du chapitre F — description clinique officielle du trouble,false,"",v1
285,F07,"Troubles de la personnalité et du comportement dus à une affection, une lésion et un dysfonctionnement cérébraux",V,3,categorie,G,GLOSSAIRE,"Une altération de la personnalité et du comportement peut constituer un trouble résiduel ou concomitant d'une maladie, d'une lésion, ou d'un dysfonctionnement cérébral.",false,"",description_clinique,section Description clinique (OMS),glossaire du chapitre F — description clinique officielle du trouble,false,"",v1
286,F07.0,Trouble organique de la personnalité,V,4,sous_categorie,G,GLOSSAIRE,"Trouble caractérisé par une altération significative des modes de comportement qui étaient habituels au sujet avant la survenue de la maladie; les perturbations concernent, en particulier, l'expression des émotions, des besoins et des pulsions. Le tableau clinique peut, par ailleurs, comporter une altération des fonctions cognitives, de la pensée, et de la sexualité.",false,"",description_clinique,section Description clinique (OMS),glossaire du chapitre F — description clinique officielle du trouble,false,"",v1
287,F07.1,Syndrome postencéphalitique,V,4,sous_categorie,G,GLOSSAIRE,"Altération résiduelle du comportement, non spécifique et variable, après guérison d'une encéphalite virale ou bactérienne. Le syndrome est réversible, ce qui constitue la principale différence entre ce tableau et les troubles organiques de la personnalité.",false,"",description_clinique,section Description clinique (OMS),glossaire du chapitre F — description clinique officielle du trouble,false,"",v1
288,F07.2,Syndrome postcommotionnel,V,4,sous_categorie,G,GLOSSAIRE,"Syndrome survenant à la suite d'un traumatisme crânien (habituellement d'une gravité suffisante pour provoquer une perte de connaissance) et comportant de nombreux symptômes variés tels que maux de tête, vertiges, fatigue, irritabilité, difficultés de concentration, difficultés à accomplir des tâches mentales, altération de la mémoire, insomnie, et diminution de la tolérance au stress, aux émotions, ou à l'alcool.",false,"",description_clinique,section Description clinique (OMS),glossaire du chapitre F — description clinique officielle du trouble,false,"",v1
290,F10.0,"Troubles mentaux et du comportement liés à l'utilisation d'alcool - "" Intoxication aigüe """,V,4,sous_categorie,G,GLOSSAIRE,"Etat consécutif à la prise d'une substance psycho-active et entraînant des perturbations de la conscience, des facultés cognitives, de la perception, de l'affect ou du comportement, ou d'autres fonctions et réponses psychophysiologiques. Les perturbations sont directement liées aux effets pharmacologiques aigus de la substance consommée, et disparaissent avec le temps, avec guérison complète, sauf dans les cas ayant entraîné des lésions organiques ou d'autres complications. Parmi les complications, on peut citer : les traumatismes, les fausses routes avec inhalation de vomissements, le delirium, le coma, les convulsions et d'autres complications médicales. La nature de ces complications dépend de la catégorie pharmacologique de la substance consommée et de son mode d'administration.",false,"",description_clinique,section Description clinique (OMS),glossaire du chapitre F — description clinique officielle du trouble,false,"",v1
291,F10.1,"Troubles mentaux et du comportement liés à l'utilisation d'alcool - "" Utilisation nocive pour la santé """,V,4,sous_categorie,G,GLOSSAIRE,Mode de consommation d'une substance psycho-active qui est préjudiciable à la santé. Les complications peuvent être physiques (par exemple hépatite consécutive à des injections de substances psycho-actives par le sujet lui-même) ou psychiques (par exemple épisodes dépressifs secondaires à une forte consommation d'alcool).,false,"",description_clinique,section Description clinique (OMS),glossaire du chapitre F — description clinique officielle du trouble,false,"",v1
292,F10.2,"Troubles mentaux et du comportement liés à l'utilisation d'alcool - "" Syndrome de dépendance """,V,4,sous_categorie,G,GLOSSAIRE,"Ensemble de phénomènes comportementaux, cognitifs et physiologiques survenant à la suite d'une consommation répétée d'une substance psycho-active, typiquement associés à un désir puissant de prendre la drogue, à une difficulté à contrôler la consommation, à une poursuite de la consommation malgré des conséquences nocives, à un désinvestissement progressif des autres activités et obligations au profit de la consommation de cette drogue, à une tolérance accrue, et, parfois, à un syndrome de sevrage physique.<P>Le syndrome de dépendance peut concerner une substance psycho-active spécifique (par exemple le tabac, l'alcool ou le diazépam), une catégorie de substances (par exemple les substances opiacées), ou un ensemble plus vaste de substances psycho-actives pharmacologiquement différentes.",false,"",description_clinique,section Description clinique (OMS),glossaire du chapitre F — description clinique officielle du trouble,false,"",v1
293,F10.3,"Troubles mentaux et du comportement liés à l'utilisation d'alcool - "" Syndrome de sevrage """,V,4,sous_categorie,G,GLOSSAIRE,Ensemble de symptômes qui se regroupent de diverses manières et dont la gravité est variable; ils surviennent lors d'un sevrage complet ou partiel d'une substance psycho-active consommée de façon prolongée. La survenue et l'évolution du syndrome de sevrage sont limitées dans le temps et dépendent de la catégorie et de la dose de la substance psycho-active consommée immédiatement avant l'arrêt ou la réduction de la consommation. Le syndrome de sevrage peut se compliquer de convulsions.,false,"",description_clinique,section Description clinique (OMS),glossaire du chapitre F — description clinique officielle du trouble,false,"",v1
294,F10.4,"Troubles mentaux et du comportement liés à l'utilisation d'alcool - "" Syndrome de sevrage avec délirium """,V,4,sous_categorie,G,GLOSSAIRE,"Etat dans lequel le syndrome de sevrage décrit sous le quatrième chiffre .3 se complique d'un delirium (voir les critères de F05.-). Cet état peut également comporter des convulsions. Lorsque des facteurs organiques jouent également un rôle dans cette étiologie, l'état doit être classé en F05.8.",false,"",description_clinique,section Description clinique (OMS),glossaire du chapitre F — description clinique officielle du trouble,false,"",v1
295,F10.5,"Troubles mentaux et du comportement liés à l'utilisation d'alcool - "" Trouble psychotique """,V,4,sous_categorie,G,GLOSSAIRE,"Ensemble de phénomènes psychotiques survenant durant ou immédiatement après la consommation d'une substance psycho-active, qui ne peuvent être entièrement expliqués par une intoxication aiguë et qui n'entrent pas dans le cadre d'un syndrome de sevrage. Ce trouble se caractérise par la présence d'hallucinations (typiquement auditives, mais souvent également polysensorielles), d'une distorsion des perceptions, d'idées délirantes (souvent de type paranoïaque ou persécutoire), de perturbations psychomotrices (agitation ou stupeur), et d'un affect anormal, pouvant aller d'une peur intense à l'extase. Les fonctions élémentaires ne sont habituellement pas touchées, mais il peut exister un certain degré d'obnubilation de la conscience, n'atteignant toutefois jamais le caractère d'une confusion grave.",false,"",description_clinique,section Description clinique (OMS),glossaire du chapitre F — description clinique officielle du trouble,false,"",v1
296,F10.6,"Troubles mentaux et du comportement liés à l'utilisation d'alcool - "" Syndrome amnésique """,V,4,sous_categorie,G,GLOSSAIRE,"Syndrome dominé par la présence de troubles chroniques de la mémoire (faits récents et anciens). La mémoire immédiate est habituellement préservée et la mémoire récente est plus sévèrement perturbée que la mémoire des faits anciens. Il y a habituellement des perturbations manifestes de la perception du temps et de la chronologie des événements, ainsi que des difficultés à apprendre des matières nouvelles. Le syndrome peut comporter une fabulation intense. Les autres fonctions cognitives sont d'habitude relativement préservées et les troubles mnésiques sont sans commune mesure avec les autres perturbations.",false,"",description_clinique,section Description clinique (OMS),glossaire du chapitre F — description clinique officielle du trouble,false,"",v1
297,F10.7,"Troubles mentaux et du comportement liés à l'utilisation d'alcool - "" Trouble résiduel ou psychotique de survenue tardive """,V,4,sous_categorie,G,GLOSSAIRE,"Etat dans lequel les modifications, induites par les substances psycho-actives, des cognitions, des affects, de la personnalité ou du comportement persistent au-delà de la période où l'on estime que la substance psycho-active a des effets directs.<P>La survenue de la perturbation doit être directement liée à la consommation de la substance. Les cas où le début du trouble est retardé par rapport à un (des) épisode(s) d'abus d'une substance psycho-active ne doivent être notés ici que s'il existe des arguments clairs et précis permettant d'attribuer le trouble aux effets résiduels de la substance. Les flashbacks peuvent être différenciés d'un état psychotique, en partie parce qu'ils sont épisodiques et souvent de courte durée, et en partie parce qu'ils reproduisent des expériences antérieures liées à l'alcool ou à d'autres substances psycho-actives.",false,"",description_clinique,section Description clinique (OMS),glossaire du chapitre F — description clinique officielle du trouble,false,"",v1
299,F11.0,"Troubles mentaux et du comportement liés à l'utilisation d'opiacés - "" Intoxication aigüe """,V,4,sous_categorie,G,GLOSSAIRE,"Etat consécutif à la prise d'une substance psycho-active et entraînant des perturbations de la conscience, des facultés cognitives, de la perception, de l'affect ou du comportement, ou d'autres fonctions et réponses psychophysiologiques. Les perturbations sont directement liées aux effets pharmacologiques aigus de la substance consommée, et disparaissent avec le temps, avec guérison complète, sauf dans les cas ayant entraîné des lésions organiques ou d'autres complications. Parmi les complications, on peut citer : les traumatismes, les fausses routes avec inhalation de vomissements, le delirium, le coma, les convulsions et d'autres complications médicales. La nature de ces complications dépend de la catégorie pharmacologique de la substance consommée et de son mode d'administration.",false,"",description_clinique,section Description clinique (OMS),glossaire du chapitre F — description clinique officielle du trouble,false,"",v1
300,F11.1,"Troubles mentaux et du comportement liés à l'utilisation d'opiacés - "" Utilisation nocive pour la santé """,V,4,sous_categorie,G,GLOSSAIRE,Mode de consommation d'une substance psycho-active qui est préjudiciable à la santé. Les complications peuvent être physiques (par exemple hépatite consécutive à des injections de substances psycho-actives par le sujet lui-même) ou psychiques (par exemple épisodes dépressifs secondaires à une forte consommation d'alcool).,false,"",description_clinique,section Description clinique (OMS),glossaire du chapitre F — description clinique officielle du trouble,false,"",v1
301,F11.2,"Troubles mentaux et du comportement liés à l'utilisation d'opiacés - "" Syndrome de dépendance """,V,4,sous_categorie,G,GLOSSAIRE,"Ensemble de phénomènes comportementaux, cognitifs et physiologiques survenant à la suite d'une consommation répétée d'une substance psycho-active, typiquement associés à un désir puissant de prendre la drogue, à une difficulté à contrôler la consommation, à une poursuite de la consommation malgré des conséquences nocives, à un désinvestissement progressif des autres activités et obligations au profit de la consommation de cette drogue, à une tolérance accrue, et, parfois, à un syndrome de sevrage physique. Le syndrome de dépendance peut concerner une substance psycho-active spécifique (par exemple le tabac, l'alcool ou le diazépam), une catégorie de substances (par exemple les substances opiacées), ou un ensemble plus vaste de substances psycho-actives pharmacologiquement différentes.",false,"",description_clinique,section Description clinique (OMS),glossaire du chapitre F — description clinique officielle du trouble,false,"",v1
302,F11.3,"Troubles mentaux et du comportement liés à l'utilisation d'opiacés - "" Syndrome de sevrage """,V,4,sous_categorie,G,GLOSSAIRE,Ensemble de symptômes qui se regroupent de diverses manières et dont la gravité est variable; ils surviennent lors d'un sevrage complet ou partiel d'une substance psycho-active consommée de façon prolongée. La survenue et l'évolution du syndrome de sevrage sont limitées dans le temps et dépendent de la catégorie et de la dose de la substance psycho-active consommée immédiatement avant l'arrêt ou la réduction de la consommation. Le syndrome de sevrage peut se compliquer de convulsions.,false,"",description_clinique,section Description clinique (OMS),glossaire du chapitre F — description clinique officielle du trouble,false,"",v1
303,F11.4,"Troubles mentaux et du comportement liés à l'utilisation d'opiacés - "" Syndrome de sevrage avec délirium """,V,4,sous_categorie,G,GLOSSAIRE,"Etat dans lequel le syndrome de sevrage décrit sous le quatrième chiffre .3 se complique d'un delirium (voir les critères de F05.-). Cet état peut également comporter des convulsions. Lorsque des facteurs organiques jouent également un rôle dans cette étiologie, l'état doit être classé en F05.8.",false,"",description_clinique,section Description clinique (OMS),glossaire du chapitre F — description clinique officielle du trouble,false,"",v1
304,F11.5,"Troubles mentaux et du comportement liés à l'utilisation d'opiacés - "" Trouble psychotique """,V,4,sous_categorie,G,GLOSSAIRE,"Ensemble de phénomènes psychotiques survenant durant ou immédiatement après la consommation d'une substance psycho-active, qui ne peuvent être entièrement expliqués par une intoxication aiguë et qui n'entrent pas dans le cadre d'un syndrome de sevrage. Ce trouble se caractérise par la présence d'hallucinations (typiquement auditives, mais souvent également polysensorielles), d'une distorsion des perceptions, d'idées délirantes (souvent de type paranoïaque ou persécutoire), de perturbations psychomotrices (agitation ou stupeur), et d'un affect anormal, pouvant aller d'une peur intense à l'extase. Les fonctions élémentaires ne sont habituellement pas touchées, mais il peut exister un certain degré d'obnubilation de la conscience, n'atteignant toutefois jamais le caractère d'une confusion grave.",false,"",description_clinique,section Description clinique (OMS),glossaire du chapitre F — description clinique officielle du trouble,false,"",v1
305,F11.6,"Troubles mentaux et du comportement liés à l'utilisation d'opiacés - "" Syndrome amnésique """,V,4,sous_categorie,G,GLOSSAIRE,"Syndrome dominé par la présence de troubles chroniques de la mémoire (faits récents et anciens). La mémoire immédiate est habituellement préservée et la mémoire récente est plus sévèrement perturbée que la mémoire des faits anciens. Il y a habituellement des perturbations manifestes de la perception du temps et de la chronologie des événements, ainsi que des difficultés à apprendre des matières nouvelles. Le syndrome peut comporter une fabulation intense. Les autres fonctions cognitives sont d'habitude relativement préservées et les troubles mnésiques sont sans commune mesure avec les autres perturbations.",false,"",description_clinique,section Description clinique (OMS),glossaire du chapitre F — description clinique officielle du trouble,false,"",v1
306,F11.7,"Troubles mentaux et du comportement liés à l'utilisation d'opiacés - "" Trouble résiduel ou psychotique de survenue tardive """,V,4,sous_categorie,G,GLOSSAIRE,"Etat dans lequel les modifications, induites par les substances psycho-actives, des cognitions, des affects, de la personnalité ou du comportement persistent au-delà de la période où l'on estime que la substance psycho-active a des effets directs. La survenue de la perturbation doit être directement liée à la consommation de la substance. Les cas où le début du trouble est retardé par rapport à un (des) épisode(s) d'abus d'une substance psycho-active ne doivent être notés ici que s'il existe des arguments clairs et précis permettant d'attribuer le trouble aux effets résiduels de la substance. Les flashbacks peuvent être différenciés d'un état psychotique, en partie parce qu'ils sont épisodiques et souvent de courte durée, et en partie parce qu'ils reproduisent des expériences antérieures liées à l'alcool ou à d'autres substances psycho-actives.",false,"",description_clinique,section Description clinique (OMS),glossaire du chapitre F — description clinique officielle du trouble,false,"",v1
307,F12.0,"Troubles mentaux et du comportement liés à l'utilisation de dérivés du cannabis - "" Intoxication aigüe """,V,4,sous_categorie,G,GLOSSAIRE,"Etat consécutif à la prise d'une substance psycho-active et entraînant des perturbations de la conscience, des facultés cognitives, de la perception, de l'affect ou du comportement, ou d'autres fonctions et réponses psychophysiologiques. Les perturbations sont directement liées aux effets pharmacologiques aigus de la substance consommée, et disparaissent avec le temps, avec guérison complète, sauf dans les cas ayant entraîné des lésions organiques ou d'autres complications. Parmi les complications, on peut citer : les traumatismes, les fausses routes avec inhalation de vomissements, le delirium, le coma, les convulsions et d'autres complications médicales. La nature de ces complications dépend de la catégorie pharmacologique de la substance consommée et de son mode d'administration.",false,"",description_clinique,section Description clinique (OMS),glossaire du chapitre F — description clinique officielle du trouble,false,"",v1
308,F12.1,"Troubles mentaux et du comportement liés à l'utilisation de dérivés du cannabis - "" Utilisation nocive pour la santé """,V,4,sous_categorie,G,GLOSSAIRE,Mode de consommation d'une substance psycho-active qui est préjudiciable à la santé. Les complications peuvent être physiques (par exemple hépatite consécutive à des injections de substances psycho-actives par le sujet lui-même) ou psychiques (par exemple épisodes dépressifs secondaires à une forte consommation d'alcool).,false,"",description_clinique,section Description clinique (OMS),glossaire du chapitre F — description clinique officielle du trouble,false,"",v1
309,F12.2,"Troubles mentaux et du comportement liés à l'utilisation de dérivés du cannabis - "" Syndrome de dépendance """,V,4,sous_categorie,G,GLOSSAIRE,"Ensemble de phénomènes comportementaux, cognitifs et physiologiques survenant à la suite d'une consommation répétée d'une substance psycho-active, typiquement associés à un désir puissant de prendre la drogue, à une difficulté à contrôler la consommation, à une poursuite de la consommation malgré des conséquences nocives, à un désinvestissement progressif des autres activités et obligations au profit de la consommation de cette drogue, à une tolérance accrue, et, parfois, à un syndrome de sevrage physique. Le syndrome de dépendance peut concerner une substance psycho-active spécifique (par exemple le tabac, l'alcool ou le diazépam), une catégorie de substances (par exemple les substances opiacées), ou un ensemble plus vaste de substances psycho-actives pharmacologiquement différentes.",false,"",description_clinique,section Description clinique (OMS),glossaire du chapitre F — description clinique officielle du trouble,false,"",v1
310,F12.3,"Troubles mentaux et du comportement liés à l'utilisation de dérivés du cannabis - "" Syndrome de sevrage """,V,4,sous_categorie,G,GLOSSAIRE,Ensemble de symptômes qui se regroupent de diverses manières et dont la gravité est variable; ils surviennent lors d'un sevrage complet ou partiel d'une substance psycho-active consommée de façon prolongée. La survenue et l'évolution du syndrome de sevrage sont limitées dans le temps et dépendent de la catégorie et de la dose de la substance psycho-active consommée immédiatement avant l'arrêt ou la réduction de la consommation. Le syndrome de sevrage peut se compliquer de convulsions.,false,"",description_clinique,section Description clinique (OMS),glossaire du chapitre F — description clinique officielle du trouble,false,"",v1
311,F12.4,"Troubles mentaux et du comportement liés à l'utilisation de dérivés du cannabis - "" Syndrome de sevrage avec délirium """,V,4,sous_categorie,G,GLOSSAIRE,"Etat dans lequel le syndrome de sevrage décrit sous le quatrième chiffre .3 se complique d'un delirium (voir les critères de F05.-). Cet état peut également comporter des convulsions. Lorsque des facteurs organiques jouent également un rôle dans cette étiologie, l'état doit être classé en F05.8.",false,"",description_clinique,section Description clinique (OMS),glossaire du chapitre F — description clinique officielle du trouble,false,"",v1
312,F12.5,"Troubles mentaux et du comportement liés à l'utilisation de dérivés du cannabis - "" Trouble psychotique """,V,4,sous_categorie,G,GLOSSAIRE,"Ensemble de phénomènes psychotiques survenant durant ou immédiatement après la consommation d'une substance psycho-active, qui ne peuvent être entièrement expliqués par une intoxication aiguë et qui n'entrent pas dans le cadre d'un syndrome de sevrage. Ce trouble se caractérise par la présence d'hallucinations (typiquement auditives, mais souvent également polysensorielles), d'une distorsion des perceptions, d'idées délirantes (souvent de type paranoïaque ou persécutoire), de perturbations psychomotrices (agitation ou stupeur), et d'un affect anormal, pouvant aller d'une peur intense à l'extase. Les fonctions élémentaires ne sont habituellement pas touchées, mais il peut exister un certain degré d'obnubilation de la conscience, n'atteignant toutefois jamais le caractère d'une confusion grave.",false,"",description_clinique,section Description clinique (OMS),glossaire du chapitre F — description clinique officielle du trouble,false,"",v1
313,F12.6,"Troubles mentaux et du comportement liés à l'utilisation de dérivés du cannabis - "" Syndrome amnésique """,V,4,sous_categorie,G,GLOSSAIRE,"Syndrome dominé par la présence de troubles chroniques de la mémoire (faits récents et anciens). La mémoire immédiate est habituellement préservée et la mémoire récente est plus sévèrement perturbée que la mémoire des faits anciens. Il y a habituellement des perturbations manifestes de la perception du temps et de la chronologie des événements, ainsi que des difficultés à apprendre des matières nouvelles. Le syndrome peut comporter une fabulation intense. Les autres fonctions cognitives sont d'habitude relativement préservées et les troubles mnésiques sont sans commune mesure avec les autres perturbations.",false,"",description_clinique,section Description clinique (OMS),glossaire du chapitre F — description clinique officielle du trouble,false,"",v1
314,F12.7,"Troubles mentaux et du comportement liés à l'utilisation de dérivés du cannabis - "" Trouble résiduel ou psychotique de survenue tardive """,V,4,sous_categorie,G,GLOSSAIRE,"Etat dans lequel les modifications, induites par les substances psycho-actives, des cognitions, des affects, de la personnalité ou du comportement persistent au-delà de la période où l'on estime que la substance psycho-active a des effets directs. La survenue de la perturbation doit être directement liée à la consommation de la substance. Les cas où le début du trouble est retardé par rapport à un (des) épisode(s) d'abus d'une substance psycho-active ne doivent être notés ici que s'il existe des arguments clairs et précis permettant d'attribuer le trouble aux effets résiduels de la substance. Les flashbacks peuvent être différenciés d'un état psychotique, en partie parce qu'ils sont épisodiques et souvent de courte durée, et en partie parce qu'ils reproduisent des expériences antérieures liées à l'alcool ou à d'autres substances psycho-actives.",false,"",description_clinique,section Description clinique (OMS),glossaire du chapitre F — description clinique officielle du trouble,false,"",v1
315,F13.0,"Troubles mentaux et du comportement liés à l'utilisation de sédatifs ou d'hypnotiques - "" Intoxication aigüe """,V,4,sous_categorie,G,GLOSSAIRE,"Etat consécutif à la prise d'une substance psycho-active et entraînant des perturbations de la conscience, des facultés cognitives, de la perception, de l'affect ou du comportement, ou d'autres fonctions et réponses psychophysiologiques. Les perturbations sont directement liées aux effets pharmacologiques aigus de la substance consommée, et disparaissent avec le temps, avec guérison complète, sauf dans les cas ayant entraîné des lésions organiques ou d'autres complications. Parmi les complications, on peut citer : les traumatismes, les fausses routes avec inhalation de vomissements, le delirium, le coma, les convulsions et d'autres complications médicales. La nature de ces complications dépend de la catégorie pharmacologique de la substance consommée et de son mode d'administration.",false,"",description_clinique,section Description clinique (OMS),glossaire du chapitre F — description clinique officielle du trouble,false,"",v1
316,F13.1,"Troubles mentaux et du comportement liés à l'utilisation de sédatifs ou d'hypnotiques - "" Utilisation nocive pour la santé """,V,4,sous_categorie,G,GLOSSAIRE,Mode de consommation d'une substance psycho-active qui est préjudiciable à la santé. Les complications peuvent être physiques (par exemple hépatite consécutive à des injections de substances psycho-actives par le sujet lui-même) ou psychiques (par exemple épisodes dépressifs secondaires à une forte consommation d'alcool).,false,"",description_clinique,section Description clinique (OMS),glossaire du chapitre F — description clinique officielle du trouble,false,"",v1
317,F13.2,"Troubles mentaux et du comportement liés à l'utilisation de sédatifs ou d'hypnotiques - "" Syndrome de dépendance """,V,4,sous_categorie,G,GLOSSAIRE,"Ensemble de phénomènes comportementaux, cognitifs et physiologiques survenant à la suite d'une consommation répétée d'une substance psycho-active, typiquement associés à un désir puissant de prendre la drogue, à une difficulté à contrôler la consommation, à une poursuite de la consommation malgré des conséquences nocives, à un désinvestissement progressif des autres activités et obligations au profit de la consommation de cette drogue, à une tolérance accrue, et, parfois, à un syndrome de sevrage physique. Le syndrome de dépendance peut concerner une substance psycho-active spécifique (par exemple le tabac, l'alcool ou le diazépam), une catégorie de substances (par exemple les substances opiacées), ou un ensemble plus vaste de substances psycho-actives pharmacologiquement différentes.",false,"",description_clinique,section Description clinique (OMS),glossaire du chapitre F — description clinique officielle du trouble,false,"",v1
318,F13.3,"Troubles mentaux et du comportement liés à l'utilisation de sédatifs ou d'hypnotiques - "" Syndrome de sevrage """,V,4,sous_categorie,G,GLOSSAIRE,Ensemble de symptômes qui se regroupent de diverses manières et dont la gravité est variable; ils surviennent lors d'un sevrage complet ou partiel d'une substance psycho-active consommée de façon prolongée. La survenue et l'évolution du syndrome de sevrage sont limitées dans le temps et dépendent de la catégorie et de la dose de la substance psycho-active consommée immédiatement avant l'arrêt ou la réduction de la consommation. Le syndrome de sevrage peut se compliquer de convulsions.,false,"",description_clinique,section Description clinique (OMS),glossaire du chapitre F — description clinique officielle du trouble,false,"",v1
319,F13.4,"Troubles mentaux et du comportement liés à l'utilisation de sédatifs ou d'hypnotiques - "" Syndrome de sevrage avec délirium """,V,4,sous_categorie,G,GLOSSAIRE,"Etat dans lequel le syndrome de sevrage décrit sous le quatrième chiffre .3 se complique d'un delirium (voir les critères de F05.-). Cet état peut également comporter des convulsions. Lorsque des facteurs organiques jouent également un rôle dans cette étiologie, l'état doit être classé en F05.8.",false,"",description_clinique,section Description clinique (OMS),glossaire du chapitre F — description clinique officielle du trouble,false,"",v1
320,F13.5,"Troubles mentaux et du comportement liés à l'utilisation de sédatifs ou d'hypnotiques - "" Trouble psychotique """,V,4,sous_categorie,G,GLOSSAIRE,"Ensemble de phénomènes psychotiques survenant durant ou immédiatement après la consommation d'une substance psycho-active, qui ne peuvent être entièrement expliqués par une intoxication aiguë et qui n'entrent pas dans le cadre d'un syndrome de sevrage. Ce trouble se caractérise par la présence d'hallucinations (typiquement auditives, mais souvent également polysensorielles), d'une distorsion des perceptions, d'idées délirantes (souvent de type paranoïaque ou persécutoire), de perturbations psychomotrices (agitation ou stupeur), et d'un affect anormal, pouvant aller d'une peur intense à l'extase. Les fonctions élémentaires ne sont habituellement pas touchées, mais il peut exister un certain degré d'obnubilation de la conscience, n'atteignant toutefois jamais le caractère d'une confusion grave.",false,"",description_clinique,section Description clinique (OMS),glossaire du chapitre F — description clinique officielle du trouble,false,"",v1
321,F13.6,"Troubles mentaux et du comportement liés à l'utilisation de sédatifs ou d'hypnotiques - "" Syndrome amnésique """,V,4,sous_categorie,G,GLOSSAIRE,"Syndrome dominé par la présence de troubles chroniques de la mémoire (faits récents et anciens). La mémoire immédiate est habituellement préservée et la mémoire récente est plus sévèrement perturbée que la mémoire des faits anciens. Il y a habituellement des perturbations manifestes de la perception du temps et de la chronologie des événements, ainsi que des difficultés à apprendre des matières nouvelles. Le syndrome peut comporter une fabulation intense. Les autres fonctions cognitives sont d'habitude relativement préservées et les troubles mnésiques sont sans commune mesure avec les autres perturbations.",false,"",description_clinique,section Description clinique (OMS),glossaire du chapitre F — description clinique officielle du trouble,false,"",v1
322,F13.7,"Troubles mentaux et du comportement liés à l'utilisation de sédatifs ou d'hypnotiques - "" Trouble résiduel ou psychotique de survenue tardive """,V,4,sous_categorie,G,GLOSSAIRE,"Etat dans lequel les modifications, induites par les substances psycho-actives, des cognitions, des affects, de la personnalité ou du comportement persistent au-delà de la période où l'on estime que la substance psycho-active a des effets directs. La survenue de la perturbation doit être directement liée à la consommation de la substance. Les cas où le début du trouble est retardé par rapport à un (des) épisode(s) d'abus d'une substance psycho-active ne doivent être notés ici que s'il existe des arguments clairs et précis permettant d'attribuer le trouble aux effets résiduels de la substance. Les flashbacks peuvent être différenciés d'un état psychotique, en partie parce qu'ils sont épisodiques et souvent de courte durée, et en partie parce qu'ils reproduisent des expériences antérieures liées à l'alcool ou à d'autres substances psycho-actives.",false,"",description_clinique,section Description clinique (OMS),glossaire du chapitre F — description clinique officielle du trouble,false,"",v1
323,F14.0,"Troubles mentaux et du comportement liés à l'utilisation de cocaïne - "" Intoxication aigüe """,V,4,sous_categorie,G,GLOSSAIRE,"Etat consécutif à la prise d'une substance psycho-active et entraînant des perturbations de la conscience, des facultés cognitives, de la perception, de l'affect ou du comportement, ou d'autres fonctions et réponses psychophysiologiques. Les perturbations sont directement liées aux effets pharmacologiques aigus de la substance consommée, et disparaissent avec le temps, avec guérison complète, sauf dans les cas ayant entraîné des lésions organiques ou d'autres complications. Parmi les complications, on peut citer : les traumatismes, les fausses routes avec inhalation de vomissements, le delirium, le coma, les convulsions et d'autres complications médicales. La nature de ces complications dépend de la catégorie pharmacologique de la substance consommée et de son mode d'administration.",false,"",description_clinique,section Description clinique (OMS),glossaire du chapitre F — description clinique officielle du trouble,false,"",v1
324,F14.1,"Troubles mentaux et du comportement liés à l'utilisation de cocaïne - "" Utilisation nocive pour la santé """,V,4,sous_categorie,G,GLOSSAIRE,Mode de consommation d'une substance psycho-active qui est préjudiciable à la santé. Les complications peuvent être physiques (par exemple hépatite consécutive à des injections de substances psycho-actives par le sujet lui-même) ou psychiques (par exemple épisodes dépressifs secondaires à une forte consommation d'alcool).,false,"",description_clinique,section Description clinique (OMS),glossaire du chapitre F — description clinique officielle du trouble,false,"",v1
325,F14.2,"Troubles mentaux et du comportement liés à l'utilisation de cocaïne - "" Syndrome de dépendance """,V,4,sous_categorie,G,GLOSSAIRE,"Ensemble de phénomènes comportementaux, cognitifs et physiologiques survenant à la suite d'une consommation répétée d'une substance psycho-active, typiquement associés à un désir puissant de prendre la drogue, à une difficulté à contrôler la consommation, à une poursuite de la consommation malgré des conséquences nocives, à un désinvestissement progressif des autres activités et obligations au profit de la consommation de cette drogue, à une tolérance accrue, et, parfois, à un syndrome de sevrage physique. Le syndrome de dépendance peut concerner une substance psycho-active spécifique (par exemple le tabac, l'alcool ou le diazépam), une catégorie de substances (par exemple les substances opiacées), ou un ensemble plus vaste de substances psycho-actives pharmacologiquement différentes.",false,"",description_clinique,section Description clinique (OMS),glossaire du chapitre F — description clinique officielle du trouble,false,"",v1
326,F14.3,"Troubles mentaux et du comportement liés à l'utilisation de cocaïne - "" Syndrome de sevrage """,V,4,sous_categorie,G,GLOSSAIRE,Ensemble de symptômes qui se regroupent de diverses manières et dont la gravité est variable; ils surviennent lors d'un sevrage complet ou partiel d'une substance psycho-active consommée de façon prolongée. La survenue et l'évolution du syndrome de sevrage sont limitées dans le temps et dépendent de la catégorie et de la dose de la substance psycho-active consommée immédiatement avant l'arrêt ou la réduction de la consommation. Le syndrome de sevrage peut se compliquer de convulsions.,false,"",description_clinique,section Description clinique (OMS),glossaire du chapitre F — description clinique officielle du trouble,false,"",v1
327,F14.4,"Troubles mentaux et du comportement liés à l'utilisation de cocaïne - "" Syndrome de sevrage avec délirium """,V,4,sous_categorie,G,GLOSSAIRE,"Etat dans lequel le syndrome de sevrage décrit sous le quatrième chiffre .3 se complique d'un delirium (voir les critères de F05.-). Cet état peut également comporter des convulsions. Lorsque des facteurs organiques jouent également un rôle dans cette étiologie, l'état doit être classé en F05.8.",false,"",description_clinique,section Description clinique (OMS),glossaire du chapitre F — description clinique officielle du trouble,false,"",v1
328,F14.5,"Troubles mentaux et du comportement liés à l'utilisation de cocaïne - "" Trouble psychotique """,V,4,sous_categorie,G,GLOSSAIRE,"Ensemble de phénomènes psychotiques survenant durant ou immédiatement après la consommation d'une substance psycho-active, qui ne peuvent être entièrement expliqués par une intoxication aiguë et qui n'entrent pas dans le cadre d'un syndrome de sevrage. Ce trouble se caractérise par la présence d'hallucinations (typiquement auditives, mais souvent également polysensorielles), d'une distorsion des perceptions, d'idées délirantes (souvent de type paranoïaque ou persécutoire), de perturbations psychomotrices (agitation ou stupeur), et d'un affect anormal, pouvant aller d'une peur intense à l'extase. Les fonctions élémentaires ne sont habituellement pas touchées, mais il peut exister un certain degré d'obnubilation de la conscience, n'atteignant toutefois jamais le caractère d'une confusion grave.",false,"",description_clinique,section Description clinique (OMS),glossaire du chapitre F — description clinique officielle du trouble,false,"",v1
329,F14.6,"Troubles mentaux et du comportement liés à l'utilisation de cocaïne - "" Syndrome amnésique """,V,4,sous_categorie,G,GLOSSAIRE,"Syndrome dominé par la présence de troubles chroniques de la mémoire (faits récents et anciens). La mémoire immédiate est habituellement préservée et la mémoire récente est plus sévèrement perturbée que la mémoire des faits anciens. Il y a habituellement des perturbations manifestes de la perception du temps et de la chronologie des événements, ainsi que des difficultés à apprendre des matières nouvelles. Le syndrome peut comporter une fabulation intense. Les autres fonctions cognitives sont d'habitude relativement préservées et les troubles mnésiques sont sans commune mesure avec les autres perturbations.",false,"",description_clinique,section Description clinique (OMS),glossaire du chapitre F — description clinique officielle du trouble,false,"",v1
330,F14.7,"Troubles mentaux et du comportement liés à l'utilisation de cocaïne - "" Trouble résiduel ou psychotique de survenue tardive """,V,4,sous_categorie,G,GLOSSAIRE,"Etat dans lequel les modifications, induites par les substances psycho-actives, des cognitions, des affects, de la personnalité ou du comportement persistent au-delà de la période où l'on estime que la substance psycho-active a des effets directs. La survenue de la perturbation doit être directement liée à la consommation de la substance. Les cas où le début du trouble est retardé par rapport à un (des) épisode(s) d'abus d'une substance psycho-active ne doivent être notés ici que s'il existe des arguments clairs et précis permettant d'attribuer le trouble aux effets résiduels de la substance. Les flashbacks peuvent être différenciés d'un état psychotique, en partie parce qu'ils sont épisodiques et souvent de courte durée, et en partie parce qu'ils reproduisent des expériences antérieures liées à l'alcool ou à d'autres substances psycho-actives.",false,"",description_clinique,section Description clinique (OMS),glossaire du chapitre F — description clinique officielle du trouble,false,"",v1
331,F15.0,"Troubles mentaux et du comportement liés à l'utilisation d'autres stimulants, y compris la caféine - "" Intoxication aigüe """,V,4,sous_categorie,G,GLOSSAIRE,"Etat consécutif à la prise d'une substance psycho-active et entraînant des perturbations de la conscience, des facultés cognitives, de la perception, de l'affect ou du comportement, ou d'autres fonctions et réponses psychophysiologiques. Les perturbations sont directement liées aux effets pharmacologiques aigus de la substance consommée, et disparaissent avec le temps, avec guérison complète, sauf dans les cas ayant entraîné des lésions organiques ou d'autres complications. Parmi les complications, on peut citer : les traumatismes, les fausses routes avec inhalation de vomissements, le delirium, le coma, les convulsions et d'autres complications médicales. La nature de ces complications dépend de la catégorie pharmacologique de la substance consommée et de son mode d'administration.",false,"",description_clinique,section Description clinique (OMS),glossaire du chapitre F — description clinique officielle du trouble,false,"",v1
332,F15.1,"Troubles mentaux et du comportement liés à l'utilisation d'autres stimulants, y compris la caféine - "" Utilisation nocive pour la santé """,V,4,sous_categorie,G,GLOSSAIRE,Mode de consommation d'une substance psycho-active qui est préjudiciable à la santé. Les complications peuvent être physiques (par exemple hépatite consécutive à des injections de substances psycho-actives par le sujet lui-même) ou psychiques (par exemple épisodes dépressifs secondaires à une forte consommation d'alcool).,false,"",description_clinique,section Description clinique (OMS),glossaire du chapitre F — description clinique officielle du trouble,false,"",v1
333,F15.2,"Troubles mentaux et du comportement liés à l'utilisation d'autres stimulants, y compris la caféine - "" Syndrome de dépendance """,V,4,sous_categorie,G,GLOSSAIRE,"Ensemble de phénomènes comportementaux, cognitifs et physiologiques survenant à la suite d'une consommation répétée d'une substance psycho-active, typiquement associés à un désir puissant de prendre la drogue, à une difficulté à contrôler la consommation, à une poursuite de la consommation malgré des conséquences nocives, à un désinvestissement progressif des autres activités et obligations au profit de la consommation de cette drogue, à une tolérance accrue, et, parfois, à un syndrome de sevrage physique. Le syndrome de dépendance peut concerner une substance psycho-active spécifique (par exemple le tabac, l'alcool ou le diazépam), une catégorie de substances (par exemple les substances opiacées), ou un ensemble plus vaste de substances psycho-actives pharmacologiquement différentes.",false,"",description_clinique,section Description clinique (OMS),glossaire du chapitre F — description clinique officielle du trouble,false,"",v1
334,F15.3,"Troubles mentaux et du comportement liés à l'utilisation d'autres stimulants, y compris la caféine - "" Syndrome de sevrage """,V,4,sous_categorie,G,GLOSSAIRE,Ensemble de symptômes qui se regroupent de diverses manières et dont la gravité est variable; ils surviennent lors d'un sevrage complet ou partiel d'une substance psycho-active consommée de façon prolongée. La survenue et l'évolution du syndrome de sevrage sont limitées dans le temps et dépendent de la catégorie et de la dose de la substance psycho-active consommée immédiatement avant l'arrêt ou la réduction de la consommation. Le syndrome de sevrage peut se compliquer de convulsions.,false,"",description_clinique,section Description clinique (OMS),glossaire du chapitre F — description clinique officielle du trouble,false,"",v1
335,F15.4,"Troubles mentaux et du comportement liés à l'utilisation d'autres stimulants, y compris la caféine - "" Syndrome de sevrage avec délirium """,V,4,sous_categorie,G,GLOSSAIRE,"Etat dans lequel le syndrome de sevrage décrit sous le quatrième chiffre .3 se complique d'un delirium (voir les critères de F05.-). Cet état peut également comporter des convulsions. Lorsque des facteurs organiques jouent également un rôle dans cette étiologie, l'état doit être classé en F05.8.",false,"",description_clinique,section Description clinique (OMS),glossaire du chapitre F — description clinique officielle du trouble,false,"",v1
336,F15.5,"Troubles mentaux et du comportement liés à l'utilisation d'autres stimulants, y compris la caféine - "" Trouble psychotique """,V,4,sous_categorie,G,GLOSSAIRE,"Ensemble de phénomènes psychotiques survenant durant ou immédiatement après la consommation d'une substance psycho-active, qui ne peuvent être entièrement expliqués par une intoxication aiguë et qui n'entrent pas dans le cadre d'un syndrome de sevrage. Ce trouble se caractérise par la présence d'hallucinations (typiquement auditives, mais souvent également polysensorielles), d'une distorsion des perceptions, d'idées délirantes (souvent de type paranoïaque ou persécutoire), de perturbations psychomotrices (agitation ou stupeur), et d'un affect anormal, pouvant aller d'une peur intense à l'extase. Les fonctions élémentaires ne sont habituellement pas touchées, mais il peut exister un certain degré d'obnubilation de la conscience, n'atteignant toutefois jamais le caractère d'une confusion grave.",false,"",description_clinique,section Description clinique (OMS),glossaire du chapitre F — description clinique officielle du trouble,false,"",v1
337,F15.6,"Troubles mentaux et du comportement liés à l'utilisation d'autres stimulants, y compris la caféine - "" Syndrome amnésique """,V,4,sous_categorie,G,GLOSSAIRE,"Syndrome dominé par la présence de troubles chroniques de la mémoire (faits récents et anciens). La mémoire immédiate est habituellement préservée et la mémoire récente est plus sévèrement perturbée que la mémoire des faits anciens. Il y a habituellement des perturbations manifestes de la perception du temps et de la chronologie des événements, ainsi que des difficultés à apprendre des matières nouvelles. Le syndrome peut comporter une fabulation intense. Les autres fonctions cognitives sont d'habitude relativement préservées et les troubles mnésiques sont sans commune mesure avec les autres perturbations.",false,"",description_clinique,section Description clinique (OMS),glossaire du chapitre F — description clinique officielle du trouble,false,"",v1
338,F15.7,"Troubles mentaux et du comportement liés à l'utilisation d'autres stimulants, y compris la caféine - "" Trouble résiduel ou psychotique de survenue tardive """,V,4,sous_categorie,G,GLOSSAIRE,"Etat dans lequel les modifications, induites par les substances psycho-actives, des cognitions, des affects, de la personnalité ou du comportement persistent au-delà de la période où l'on estime que la substance psycho-active a des effets directs. La survenue de la perturbation doit être directement liée à la consommation de la substance. Les cas où le début du trouble est retardé par rapport à un (des) épisode(s) d'abus d'une substance psycho-active ne doivent être notés ici que s'il existe des arguments clairs et précis permettant d'attribuer le trouble aux effets résiduels de la substance. Les flashbacks peuvent être différenciés d'un état psychotique, en partie parce qu'ils sont épisodiques et souvent de courte durée, et en partie parce qu'ils reproduisent des expériences antérieures liées à l'alcool ou à d'autres substances psycho-actives.",false,"",description_clinique,section Description clinique (OMS),glossaire du chapitre F — description clinique officielle du trouble,false,"",v1
339,F16.0,"Troubles mentaux et du comportement liés à l'utilisation d'hallucinogènes - "" Intoxication aigüe """,V,4,sous_categorie,G,GLOSSAIRE,"Etat consécutif à la prise d'une substance psycho-active et entraînant des perturbations de la conscience, des facultés cognitives, de la perception, de l'affect ou du comportement, ou d'autres fonctions et réponses psychophysiologiques. Les perturbations sont directement liées aux effets pharmacologiques aigus de la substance consommée, et disparaissent avec le temps, avec guérison complète, sauf dans les cas ayant entraîné des lésions organiques ou d'autres complications. Parmi les complications, on peut citer : les traumatismes, les fausses routes avec inhalation de vomissements, le delirium, le coma, les convulsions et d'autres complications médicales. La nature de ces complications dépend de la catégorie pharmacologique de la substance consommée et de son mode d'administration.",false,"",description_clinique,section Description clinique (OMS),glossaire du chapitre F — description clinique officielle du trouble,false,"",v1
340,F16.1,"Troubles mentaux et du comportement liés à l'utilisation d'hallucinogènes - "" Utilisation nocive pour la santé """,V,4,sous_categorie,G,GLOSSAIRE,Mode de consommation d'une substance psycho-active qui est préjudiciable à la santé. Les complications peuvent être physiques (par exemple hépatite consécutive à des injections de substances psycho-actives par le sujet lui-même) ou psychiques (par exemple épisodes dépressifs secondaires à une forte consommation d'alcool).,false,"",description_clinique,section Description clinique (OMS),glossaire du chapitre F — description clinique officielle du trouble,false,"",v1
341,F16.2,"Troubles mentaux et du comportement liés à l'utilisation d'hallucinogènes - "" Syndrome de dépendance """,V,4,sous_categorie,G,GLOSSAIRE,"Ensemble de phénomènes comportementaux, cognitifs et physiologiques survenant à la suite d'une consommation répétée d'une substance psycho-active, typiquement associés à un désir puissant de prendre la drogue, à une difficulté à contrôler la consommation, à une poursuite de la consommation malgré des conséquences nocives, à un désinvestissement progressif des autres activités et obligations au profit de la consommation de cette drogue, à une tolérance accrue, et, parfois, à un syndrome de sevrage physique. Le syndrome de dépendance peut concerner une substance psycho-active spécifique (par exemple le tabac, l'alcool ou le diazépam), une catégorie de substances (par exemple les substances opiacées), ou un ensemble plus vaste de substances psycho-actives pharmacologiquement différentes.",false,"",description_clinique,section Description clinique (OMS),glossaire du chapitre F — description clinique officielle du trouble,false,"",v1
342,F16.3,"Troubles mentaux et du comportement liés à l'utilisation d'hallucinogènes - "" Syndrome de sevrage """,V,4,sous_categorie,G,GLOSSAIRE,Ensemble de symptômes qui se regroupent de diverses manières et dont la gravité est variable; ils surviennent lors d'un sevrage complet ou partiel d'une substance psycho-active consommée de façon prolongée. La survenue et l'évolution du syndrome de sevrage sont limitées dans le temps et dépendent de la catégorie et de la dose de la substance psycho-active consommée immédiatement avant l'arrêt ou la réduction de la consommation. Le syndrome de sevrage peut se compliquer de convulsions.,false,"",description_clinique,section Description clinique (OMS),glossaire du chapitre F — description clinique officielle du trouble,false,"",v1
343,F16.4,"Troubles mentaux et du comportement liés à l'utilisation d'hallucinogènes - "" Syndrome de sevrage avec délirium """,V,4,sous_categorie,G,GLOSSAIRE,"Etat dans lequel le syndrome de sevrage décrit sous le quatrième chiffre .3 se complique d'un delirium (voir les critères de F05.-). Cet état peut également comporter des convulsions. Lorsque des facteurs organiques jouent également un rôle dans cette étiologie, l'état doit être classé en F05.8.",false,"",description_clinique,section Description clinique (OMS),glossaire du chapitre F — description clinique officielle du trouble,false,"",v1
344,F16.5,"Troubles mentaux et du comportement liés à l'utilisation d'hallucinogènes - "" Trouble psychotique """,V,4,sous_categorie,G,GLOSSAIRE,"Ensemble de phénomènes psychotiques survenant durant ou immédiatement après la consommation d'une substance psycho-active, qui ne peuvent être entièrement expliqués par une intoxication aiguë et qui n'entrent pas dans le cadre d'un syndrome de sevrage. Ce trouble se caractérise par la présence d'hallucinations (typiquement auditives, mais souvent également polysensorielles), d'une distorsion des perceptions, d'idées délirantes (souvent de type paranoïaque ou persécutoire), de perturbations psychomotrices (agitation ou stupeur), et d'un affect anormal, pouvant aller d'une peur intense à l'extase. Les fonctions élémentaires ne sont habituellement pas touchées, mais il peut exister un certain degré d'obnubilation de la conscience, n'atteignant toutefois jamais le caractère d'une confusion grave.",false,"",description_clinique,section Description clinique (OMS),glossaire du chapitre F — description clinique officielle du trouble,false,"",v1
345,F16.6,"Troubles mentaux et du comportement liés à l'utilisation d'hallucinogènes - "" Syndrome amnésique """,V,4,sous_categorie,G,GLOSSAIRE,"Syndrome dominé par la présence de troubles chroniques de la mémoire (faits récents et anciens). La mémoire immédiate est habituellement préservée et la mémoire récente est plus sévèrement perturbée que la mémoire des faits anciens. Il y a habituellement des perturbations manifestes de la perception du temps et de la chronologie des événements, ainsi que des difficultés à apprendre des matières nouvelles. Le syndrome peut comporter une fabulation intense. Les autres fonctions cognitives sont d'habitude relativement préservées et les troubles mnésiques sont sans commune mesure avec les autres perturbations.",false,"",description_clinique,section Description clinique (OMS),glossaire du chapitre F — description clinique officielle du trouble,false,"",v1
346,F16.7,"Troubles mentaux et du comportement liés à l'utilisation d'hallucinogènes - "" Trouble résiduel ou psychotique de survenue tardive """,V,4,sous_categorie,G,GLOSSAIRE,"Etat dans lequel les modifications, induites par les substances psycho-actives, des cognitions, des affects, de la personnalité ou du comportement persistent au-delà de la période où l'on estime que la substance psycho-active a des effets directs. La survenue de la perturbation doit être directement liée à la consommation de la substance. Les cas où le début du trouble est retardé par rapport à un (des) épisode(s) d'abus d'une substance psycho-active ne doivent être notés ici que s'il existe des arguments clairs et précis permettant d'attribuer le trouble aux effets résiduels de la substance. Les flashbacks peuvent être différenciés d'un état psychotique, en partie parce qu'ils sont épisodiques et souvent de courte durée, et en partie parce qu'ils reproduisent des expériences antérieures liées à l'alcool ou à d'autres substances psycho-actives.",false,"",description_clinique,section Description clinique (OMS),glossaire du chapitre F — description clinique officielle du trouble,false,"",v1
347,F17.0,"Troubles mentaux et du comportement liés à l'utilisation de tabac - "" Intoxication aigüe """,V,4,sous_categorie,G,GLOSSAIRE,"Etat consécutif à la prise d'une substance psycho-active et entraînant des perturbations de la conscience, des facultés cognitives, de la perception, de l'affect ou du comportement, ou d'autres fonctions et réponses psychophysiologiques. Les perturbations sont directement liées aux effets pharmacologiques aigus de la substance consommée, et disparaissent avec le temps, avec guérison complète, sauf dans les cas ayant entraîné des lésions organiques ou d'autres complications. Parmi les complications, on peut citer : les traumatismes, les fausses routes avec inhalation de vomissements, le delirium, le coma, les convulsions et d'autres complications médicales. La nature de ces complications dépend de la catégorie pharmacologique de la substance consommée et de son mode d'administration.",false,"",description_clinique,section Description clinique (OMS),glossaire du chapitre F — description clinique officielle du trouble,false,"",v1
348,F17.1,"Troubles mentaux et du comportement liés à l'utilisation de tabac - "" Utilisation nocive pour la santé """,V,4,sous_categorie,G,GLOSSAIRE,Mode de consommation d'une substance psycho-active qui est préjudiciable à la santé. Les complications peuvent être physiques (par exemple hépatite consécutive à des injections de substances psycho-actives par le sujet lui-même) ou psychiques (par exemple épisodes dépressifs secondaires à une forte consommation d'alcool).,false,"",description_clinique,section Description clinique (OMS),glossaire du chapitre F — description clinique officielle du trouble,false,"",v1
349,F17.2,"Troubles mentaux et du comportement liés à l'utilisation de tabac - "" Syndrome de dépendance """,V,4,sous_categorie,G,GLOSSAIRE,"Ensemble de phénomènes comportementaux, cognitifs et physiologiques survenant à la suite d'une consommation répétée d'une substance psycho-active, typiquement associés à un désir puissant de prendre la drogue, à une difficulté à contrôler la consommation, à une poursuite de la consommation malgré des conséquences nocives, à un désinvestissement progressif des autres activités et obligations au profit de la consommation de cette drogue, à une tolérance accrue, et, parfois, à un syndrome de sevrage physique. Le syndrome de dépendance peut concerner une substance psycho-active spécifique (par exemple le tabac, l'alcool ou le diazépam), une catégorie de substances (par exemple les substances opiacées), ou un ensemble plus vaste de substances psycho-actives pharmacologiquement différentes.",false,"",description_clinique,section Description clinique (OMS),glossaire du chapitre F — description clinique officielle du trouble,false,"",v1
350,F17.3,"Troubles mentaux et du comportement liés à l'utilisation de tabac - "" Syndrome de sevrage """,V,4,sous_categorie,G,GLOSSAIRE,Ensemble de symptômes qui se regroupent de diverses manières et dont la gravité est variable; ils surviennent lors d'un sevrage complet ou partiel d'une substance psycho-active consommée de façon prolongée. La survenue et l'évolution du syndrome de sevrage sont limitées dans le temps et dépendent de la catégorie et de la dose de la substance psycho-active consommée immédiatement avant l'arrêt ou la réduction de la consommation. Le syndrome de sevrage peut se compliquer de convulsions.,false,"",description_clinique,section Description clinique (OMS),glossaire du chapitre F — description clinique officielle du trouble,false,"",v1
351,F17.4,"Troubles mentaux et du comportement liés à l'utilisation de tabac - "" Syndrome de sevrage avec délirium """,V,4,sous_categorie,G,GLOSSAIRE,"Etat dans lequel le syndrome de sevrage décrit sous le quatrième chiffre .3 se complique d'un delirium (voir les critères de F05.-). Cet état peut également comporter des convulsions. Lorsque des facteurs organiques jouent également un rôle dans cette étiologie, l'état doit être classé en F05.8.",false,"",description_clinique,section Description clinique (OMS),glossaire du chapitre F — description clinique officielle du trouble,false,"",v1
352,F17.5,"Troubles mentaux et du comportement liés à l'utilisation de tabac - "" Trouble psychotique """,V,4,sous_categorie,G,GLOSSAIRE,"Ensemble de phénomènes psychotiques survenant durant ou immédiatement après la consommation d'une substance psycho-active, qui ne peuvent être entièrement expliqués par une intoxication aiguë et qui n'entrent pas dans le cadre d'un syndrome de sevrage. Ce trouble se caractérise par la présence d'hallucinations (typiquement auditives, mais souvent également polysensorielles), d'une distorsion des perceptions, d'idées délirantes (souvent de type paranoïaque ou persécutoire), de perturbations psychomotrices (agitation ou stupeur), et d'un affect anormal, pouvant aller d'une peur intense à l'extase. Les fonctions élémentaires ne sont habituellement pas touchées, mais il peut exister un certain degré d'obnubilation de la conscience, n'atteignant toutefois jamais le caractère d'une confusion grave.",false,"",description_clinique,section Description clinique (OMS),glossaire du chapitre F — description clinique officielle du trouble,false,"",v1
353,F17.6,"Troubles mentaux et du comportement liés à l'utilisation de tabac - "" Syndrome amnésique """,V,4,sous_categorie,G,GLOSSAIRE,"Syndrome dominé par la présence de troubles chroniques de la mémoire (faits récents et anciens). La mémoire immédiate est habituellement préservée et la mémoire récente est plus sévèrement perturbée que la mémoire des faits anciens. Il y a habituellement des perturbations manifestes de la perception du temps et de la chronologie des événements, ainsi que des difficultés à apprendre des matières nouvelles. Le syndrome peut comporter une fabulation intense. Les autres fonctions cognitives sont d'habitude relativement préservées et les troubles mnésiques sont sans commune mesure avec les autres perturbations.",false,"",description_clinique,section Description clinique (OMS),glossaire du chapitre F — description clinique officielle du trouble,false,"",v1
354,F17.7,"Troubles mentaux et du comportement liés à l'utilisation de tabac - "" Trouble résiduel ou psychotique de survenue tardive """,V,4,sous_categorie,G,GLOSSAIRE,"Etat dans lequel les modifications, induites par les substances psycho-actives, des cognitions, des affects, de la personnalité ou du comportement persistent au-delà de la période où l'on estime que la substance psycho-active a des effets directs. La survenue de la perturbation doit être directement liée à la consommation de la substance. Les cas où le début du trouble est retardé par rapport à un (des) épisode(s) d'abus d'une substance psycho-active ne doivent être notés ici que s'il existe des arguments clairs et précis permettant d'attribuer le trouble aux effets résiduels de la substance. Les flashbacks peuvent être différenciés d'un état psychotique, en partie parce qu'ils sont épisodiques et souvent de courte durée, et en partie parce qu'ils reproduisent des expériences antérieures liées à l'alcool ou à d'autres substances psycho-actives.",false,"",description_clinique,section Description clinique (OMS),glossaire du chapitre F — description clinique officielle du trouble,false,"",v1
355,F18.0,"Troubles mentaux et du comportement liés à l'utilisation de solvants volatils - "" Intoxication aigüe """,V,4,sous_categorie,G,GLOSSAIRE,"Etat consécutif à la prise d'une substance psycho-active et entraînant des perturbations de la conscience, des facultés cognitives, de la perception, de l'affect ou du comportement, ou d'autres fonctions et réponses psychophysiologiques. Les perturbations sont directement liées aux effets pharmacologiques aigus de la substance consommée, et disparaissent avec le temps, avec guérison complète, sauf dans les cas ayant entraîné des lésions organiques ou d'autres complications. Parmi les complications, on peut citer : les traumatismes, les fausses routes avec inhalation de vomissements, le delirium, le coma, les convulsions et d'autres complications médicales. La nature de ces complications dépend de la catégorie pharmacologique de la substance consommée et de son mode d'administration.",false,"",description_clinique,section Description clinique (OMS),glossaire du chapitre F — description clinique officielle du trouble,false,"",v1
356,F18.1,"Troubles mentaux et du comportement liés à l'utilisation de solvants volatils - "" Utilisation nocive pour la santé """,V,4,sous_categorie,G,GLOSSAIRE,Mode de consommation d'une substance psycho-active qui est préjudiciable à la santé. Les complications peuvent être physiques (par exemple hépatite consécutive à des injections de substances psycho-actives par le sujet lui-même) ou psychiques (par exemple épisodes dépressifs secondaires à une forte consommation d'alcool).,false,"",description_clinique,section Description clinique (OMS),glossaire du chapitre F — description clinique officielle du trouble,false,"",v1
357,F18.2,"Troubles mentaux et du comportement liés à l'utilisation de solvants volatils - "" Syndrome de dépendance """,V,4,sous_categorie,G,GLOSSAIRE,"Ensemble de phénomènes comportementaux, cognitifs et physiologiques survenant à la suite d'une consommation répétée d'une substance psycho-active, typiquement associés à un désir puissant de prendre la drogue, à une difficulté à contrôler la consommation, à une poursuite de la consommation malgré des conséquences nocives, à un désinvestissement progressif des autres activités et obligations au profit de la consommation de cette drogue, à une tolérance accrue, et, parfois, à un syndrome de sevrage physique. Le syndrome de dépendance peut concerner une substance psycho-active spécifique (par exemple le tabac, l'alcool ou le diazépam), une catégorie de substances (par exemple les substances opiacées), ou un ensemble plus vaste de substances psycho-actives pharmacologiquement différentes.",false,"",description_clinique,section Description clinique (OMS),glossaire du chapitre F — description clinique officielle du trouble,false,"",v1
358,F18.3,"Troubles mentaux et du comportement liés à l'utilisation de solvants volatils - "" Syndrome de sevrage """,V,4,sous_categorie,G,GLOSSAIRE,Ensemble de symptômes qui se regroupent de diverses manières et dont la gravité est variable; ils surviennent lors d'un sevrage complet ou partiel d'une substance psycho-active consommée de façon prolongée. La survenue et l'évolution du syndrome de sevrage sont limitées dans le temps et dépendent de la catégorie et de la dose de la substance psycho-active consommée immédiatement avant l'arrêt ou la réduction de la consommation. Le syndrome de sevrage peut se compliquer de convulsions.,false,"",description_clinique,section Description clinique (OMS),glossaire du chapitre F — description clinique officielle du trouble,false,"",v1
359,F18.4,"Troubles mentaux et du comportement liés à l'utilisation de solvants volatils - "" Syndrome de sevrage avec délirium """,V,4,sous_categorie,G,GLOSSAIRE,"Etat dans lequel le syndrome de sevrage décrit sous le quatrième chiffre .3 se complique d'un delirium (voir les critères de F05.-). Cet état peut également comporter des convulsions. Lorsque des facteurs organiques jouent également un rôle dans cette étiologie, l'état doit être classé en F05.8.",false,"",description_clinique,section Description clinique (OMS),glossaire du chapitre F — description clinique officielle du trouble,false,"",v1
360,F18.5,"Troubles mentaux et du comportement liés à l'utilisation de solvants volatils - "" Trouble psychotique """,V,4,sous_categorie,G,GLOSSAIRE,"Ensemble de phénomènes psychotiques survenant durant ou immédiatement après la consommation d'une substance psycho-active, qui ne peuvent être entièrement expliqués par une intoxication aiguë et qui n'entrent pas dans le cadre d'un syndrome de sevrage. Ce trouble se caractérise par la présence d'hallucinations (typiquement auditives, mais souvent également polysensorielles), d'une distorsion des perceptions, d'idées délirantes (souvent de type paranoïaque ou persécutoire), de perturbations psychomotrices (agitation ou stupeur), et d'un affect anormal, pouvant aller d'une peur intense à l'extase. Les fonctions élémentaires ne sont habituellement pas touchées, mais il peut exister un certain degré d'obnubilation de la conscience, n'atteignant toutefois jamais le caractère d'une confusion grave.",false,"",description_clinique,section Description clinique (OMS),glossaire du chapitre F — description clinique officielle du trouble,false,"",v1
361,F18.6,"Troubles mentaux et du comportement liés à l'utilisation de solvants volatils - "" Syndrome amnésique """,V,4,sous_categorie,G,GLOSSAIRE,"Syndrome dominé par la présence de troubles chroniques de la mémoire (faits récents et anciens). La mémoire immédiate est habituellement préservée et la mémoire récente est plus sévèrement perturbée que la mémoire des faits anciens. Il y a habituellement des perturbations manifestes de la perception du temps et de la chronologie des événements, ainsi que des difficultés à apprendre des matières nouvelles. Le syndrome peut comporter une fabulation intense. Les autres fonctions cognitives sont d'habitude relativement préservées et les troubles mnésiques sont sans commune mesure avec les autres perturbations.",false,"",description_clinique,section Description clinique (OMS),glossaire du chapitre F — description clinique officielle du trouble,false,"",v1
362,F18.7,"Troubles mentaux et du comportement liés à l'utilisation de solvants volatils - "" Trouble résiduel ou psychotique de survenue tardive """,V,4,sous_categorie,G,GLOSSAIRE,"Etat dans lequel les modifications, induites par les substances psycho-actives, des cognitions, des affects, de la personnalité ou du comportement persistent au-delà de la période où l'on estime que la substance psycho-active a des effets directs. La survenue de la perturbation doit être directement liée à la consommation de la substance. Les cas où le début du trouble est retardé par rapport à un (des) épisode(s) d'abus d'une substance psycho-active ne doivent être notés ici que s'il existe des arguments clairs et précis permettant d'attribuer le trouble aux effets résiduels de la substance. Les flashbacks peuvent être différenciés d'un état psychotique, en partie parce qu'ils sont épisodiques et souvent de courte durée, et en partie parce qu'ils reproduisent des expériences antérieures liées à l'alcool ou à d'autres substances psycho-actives.",false,"",description_clinique,section Description clinique (OMS),glossaire du chapitre F — description clinique officielle du trouble,false,"",v1
298,F19,Troubles mentaux et du comportement liés à l'utilisation de drogues multiples et troubles liés à l'utilisation d'autres substances psychoactives,V,3,categorie,G,GLOSSAIRE,"Cette catégorie doit être utilisée quand au moins deux substances psycho-actives sont utilisées, sans qu'il soit possible de déterminer laquelle est principalement en cause dans le trouble. Cette catégorie doit également être utilisée quand la nature exacte de certaines - voire de l'ensemble - des substances psycho-actives utilisées est incertaine ou inconnue, de nombreux consommateurs de drogues multiples ne sachant pas exactement eux-mêmes ce qu'ils prennent.",false,"",description_clinique,section Description clinique (OMS),glossaire du chapitre F — description clinique officielle du trouble,false,"",v1
363,F19.0,"Troubles mentaux et du comportement liés à l'utilisation de drogues multiples et troubles liés à l'utilisation d'autres substances psychoactives - "" Intoxication aigüe """,V,4,sous_categorie,G,GLOSSAIRE,"Etat consécutif à la prise d'une substance psycho-active et entraînant des perturbations de la conscience, des facultés cognitives, de la perception, de l'affect ou du comportement, ou d'autres fonctions et réponses psychophysiologiques. Les perturbations sont directement liées aux effets pharmacologiques aigus de la substance consommée, et disparaissent avec le temps, avec guérison complète, sauf dans les cas ayant entraîné des lésions organiques ou d'autres complications. Parmi les complications, on peut citer : les traumatismes, les fausses routes avec inhalation de vomissements, le delirium, le coma, les convulsions et d'autres complications médicales. La nature de ces complications dépend de la catégorie pharmacologique de la substance consommée et de son mode d'administration.",false,"",description_clinique,section Description clinique (OMS),glossaire du chapitre F — description clinique officielle du trouble,false,"",v1
364,F19.1,"Troubles mentaux et du comportement liés à l'utilisation de drogues multiples et troubles liés à l'utilisation d'autres substances psychoactives - "" Utilisation nocive pour la santé """,V,4,sous_categorie,G,GLOSSAIRE,Mode de consommation d'une substance psycho-active qui est préjudiciable à la santé. Les complications peuvent être physiques (par exemple hépatite consécutive à des injections de substances psycho-actives par le sujet lui-même) ou psychiques (par exemple épisodes dépressifs secondaires à une forte consommation d'alcool).,false,"",description_clinique,section Description clinique (OMS),glossaire du chapitre F — description clinique officielle du trouble,false,"",v1
365,F19.2,"Troubles mentaux et du comportement liés à l'utilisation de drogues multiples et troubles liés à l'utilisation d'autres substances psychoactives - "" Syndrome de dépendance """,V,4,sous_categorie,G,GLOSSAIRE,"Ensemble de phénomènes comportementaux, cognitifs et physiologiques survenant à la suite d'une consommation répétée d'une substance psycho-active, typiquement associés à un désir puissant de prendre la drogue, à une difficulté à contrôler la consommation, à une poursuite de la consommation malgré des conséquences nocives, à un désinvestissement progressif des autres activités et obligations au profit de la consommation de cette drogue, à une tolérance accrue, et, parfois, à un syndrome de sevrage physique. Le syndrome de dépendance peut concerner une substance psycho-active spécifique (par exemple le tabac, l'alcool ou le diazépam), une catégorie de substances (par exemple les substances opiacées), ou un ensemble plus vaste de substances psycho-actives pharmacologiquement différentes.",false,"",description_clinique,section Description clinique (OMS),glossaire du chapitre F — description clinique officielle du trouble,false,"",v1
366,F19.3,"Troubles mentaux et du comportement liés à l'utilisation de drogues multiples et troubles liés à l'utilisation d'autres substances psychoactives - "" Syndrome de sevrage """,V,4,sous_categorie,G,GLOSSAIRE,Ensemble de symptômes qui se regroupent de diverses manières et dont la gravité est variable; ils surviennent lors d'un sevrage complet ou partiel d'une substance psycho-active consommée de façon prolongée. La survenue et l'évolution du syndrome de sevrage sont limitées dans le temps et dépendent de la catégorie et de la dose de la substance psycho-active consommée immédiatement avant l'arrêt ou la réduction de la consommation. Le syndrome de sevrage peut se compliquer de convulsions.,false,"",description_clinique,section Description clinique (OMS),glossaire du chapitre F — description clinique officielle du trouble,false,"",v1
367,F19.4,"Troubles mentaux et du comportement liés à l'utilisation de drogues multiples et troubles liés à l'utilisation d'autres substances psychoactives - "" Syndrome de sevrage avec délirium """,V,4,sous_categorie,G,GLOSSAIRE,"Etat dans lequel le syndrome de sevrage décrit sous le quatrième chiffre .3 se complique d'un delirium (voir les critères de F05.-). Cet état peut également comporter des convulsions. Lorsque des facteurs organiques jouent également un rôle dans cette étiologie, l'état doit être classé en F05.8.",false,"",description_clinique,section Description clinique (OMS),glossaire du chapitre F — description clinique officielle du trouble,false,"",v1
368,F19.5,"Troubles mentaux et du comportement liés à l'utilisation de drogues multiples et troubles liés à l'utilisation d'autres substances psychoactives - "" Trouble psychotique """,V,4,sous_categorie,G,GLOSSAIRE,"Ensemble de phénomènes psychotiques survenant durant ou immédiatement après la consommation d'une substance psycho-active, qui ne peuvent être entièrement expliqués par une intoxication aiguë et qui n'entrent pas dans le cadre d'un syndrome de sevrage. Ce trouble se caractérise par la présence d'hallucinations (typiquement auditives, mais souvent également polysensorielles), d'une distorsion des perceptions, d'idées délirantes (souvent de type paranoïaque ou persécutoire), de perturbations psychomotrices (agitation ou stupeur), et d'un affect anormal, pouvant aller d'une peur intense à l'extase. Les fonctions élémentaires ne sont habituellement pas touchées, mais il peut exister un certain degré d'obnubilation de la conscience, n'atteignant toutefois jamais le caractère d'une confusion grave.",false,"",description_clinique,section Description clinique (OMS),glossaire du chapitre F — description clinique officielle du trouble,false,"",v1
369,F19.6,"Troubles mentaux et du comportement liés à l'utilisation de drogues multiples et troubles liés à l'utilisation d'autres substances psychoactives - "" Syndrome amnésique """,V,4,sous_categorie,G,GLOSSAIRE,"Syndrome dominé par la présence de troubles chroniques de la mémoire (faits récents et anciens). La mémoire immédiate est habituellement préservée et la mémoire récente est plus sévèrement perturbée que la mémoire des faits anciens. Il y a habituellement des perturbations manifestes de la perception du temps et de la chronologie des événements, ainsi que des difficultés à apprendre des matières nouvelles. Le syndrome peut comporter une fabulation intense. Les autres fonctions cognitives sont d'habitude relativement préservées et les troubles mnésiques sont sans commune mesure avec les autres perturbations.",false,"",description_clinique,section Description clinique (OMS),glossaire du chapitre F — description clinique officielle du trouble,false,"",v1
370,F19.7,"Troubles mentaux et du comportement liés à l'utilisation de drogues multiples et troubles liés à l'utilisation d'autres substances psychoactives - "" Trouble résiduel ou psychotique de survenue tardive """,V,4,sous_categorie,G,GLOSSAIRE,"Etat dans lequel les modifications, induites par les substances psycho-actives, des cognitions, des affects, de la personnalité ou du comportement persistent au-delà de la période où l'on estime que la substance psycho-active a des effets directs. La survenue de la perturbation doit être directement liée à la consommation de la substance. Les cas où le début du trouble est retardé par rapport à un (des) épisode(s) d'abus d'une substance psycho-active ne doivent être notés ici que s'il existe des arguments clairs et précis permettant d'attribuer le trouble aux effets résiduels de la substance. Les flashbacks peuvent être différenciés d'un état psychotique, en partie parce qu'ils sont épisodiques et souvent de courte durée, et en partie parce qu'ils reproduisent des expériences antérieures liées à l'alcool ou à d'autres substances psycho-actives.",false,"",description_clinique,section Description clinique (OMS),glossaire du chapitre F — description clinique officielle du trouble,false,"",v1
372,F20,Schizophrénie,V,3,categorie,G,GLOSSAIRE,"Les troubles schizophréniques se caractérisent habituellement par des distorsions fondamentales et caractéristiques de la pensée et de la perception, ainsi que par des affects inappropriés ou émoussés. La clarté de l'état de conscience et les capacités intellectuelles sont habituellement préservées, bien que certains déficits des fonctions cognitives puissent apparaître au cours de l'évolution. Les phénomènes psychopathologiques les plus importants sont : l'écho de la pensée, les pensées imposées et le vol de la pensée, la divulgation de la pensée, la perception délirante, les idées délirantes de contrôle, d'influence ou de passivité, les hallucinations dans lesquelles des voix parlent ou discutent du sujet à la troisième personne, les troubles du cours de la pensée et les symptômes négatifs.<P>L'évolution des troubles schizophréniques peut être continue, épisodique avec survenue d'un déficit progressif ou stable, ou bien elle peut comporter un ou plusieurs épisodes suivis d'une rémission complète ou incomplète. On ne doit pas faire un diagnostic de schizophrénie quand le tableau clinique comporte des symptômes dépressifs ou maniaques importants, à moins d'être certain que les symptômes schizophréniques précédaient les troubles affectifs. Par ailleurs, on ne doit pas porter un diagnostic de schizophrénie quand il existe une atteinte cérébrale manifeste ou une intoxication par une drogue ou un sevrage à une drogue. Des troubles semblables apparaissant au cours d'une épilepsie ou d'une autre affection cérébrale, sont à coder en F06.2, ceux induits par des substances psycho-actives étant à classer en F10-F19 avec le quatrième chiffre .5.",false,"",description_clinique,section Description clinique (OMS),glossaire du chapitre F — description clinique officielle du trouble,false,"",v1
373,F20.0,Schizophrénie paranoïde,V,4,sous_categorie,G,GLOSSAIRE,"La schizophrénie paranoïde se caractérise essentiellement par la présence d'idées délirantes relativement stables, souvent de persécution, habituellement accompagnées d'hallucinations, en particulier auditives, et de perturbations des perceptions. Les perturbations des affects, de la volonté et du langage, de même que les symptômes catatoniques, sont soit absents, soit relativement discrets.",false,"",description_clinique,section Description clinique (OMS),glossaire du chapitre F — description clinique officielle du trouble,false,"",v1
374,F20.1,Schizophrénie hébéphrénique,V,4,sous_categorie,G,GLOSSAIRE,"Forme de schizophrénie caractérisée par la présence, au premier plan, d'une perturbation des affects; les idées délirantes et les hallucinations restent flottantes et fragmentaires, le comportement est irresponsable et imprévisible; il existe fréquemment un maniérisme. L'humeur est superficielle et inappropriée. La pensée est désorganisée et le discours incohérent. Le trouble entraîne fréquemment un isolement social. Le pronostic est habituellement médiocre, en raison de l'apparition précoce de symptômes ""négatifs"", concernant, en particulier, un émoussement des affects et une perte de la volonté. En principe, le diagnostic d'hébéphrénie doit être réservé à des adolescents et des adultes jeunes.",false,"",description_clinique,section Description clinique (OMS),glossaire du chapitre F — description clinique officielle du trouble,false,"",v1
375,F20.2,Schizophrénie catatonique,V,4,sous_categorie,G,GLOSSAIRE,"La schizophrénie catatonique se caractérise essentiellement par la présence de perturbations psychomotrices importantes, pouvant alterner d'un extrême à un autre : hyperkinésie ou stupeur, obéissance automatique ou négativisme. Des attitudes imposées ou des postures catatoniques peuvent être maintenues pendant une période prolongée. La survenue d'épisodes d'agitation violente est caractéristique de ce trouble. Les manifestations catatoniques peuvent s'accompagner d'un état oniroïde (ressemblant à un rêve) comportant des expériences hallucinatoires intensément vécues.",false,"",description_clinique,section Description clinique (OMS),glossaire du chapitre F — description clinique officielle du trouble,false,"",v1
376,F20.3,Schizophrénie indifférenciée,V,4,sous_categorie,G,GLOSSAIRE,"Etats psychotiques répondant aux critères généraux de la schizophrénie, mais ne correspondant à aucune des formes cliniques décrites en F20.0-F20.2, ou répondant simultanément aux critères de plusieurs de ces formes, sans prédominance nette d'un groupe déterminé de caractéristiques diagnostiques.",true,"",description_clinique,section Description clinique (OMS),glossaire du chapitre F — description clinique officielle du trouble,false,"",v1
377,F20.4,Dépression postschizophrénique,V,4,sous_categorie,G,GLOSSAIRE,"Episode dépressif, éventuellement prolongé, survenant au décours d'une maladie schizophrénique. Certains symptômes schizophréniques ""positifs"" ou ""négatifs"" doivent encore être présents, mais ne dominent plus le tableau clinique. Ce type d'état dépressif s'accompagne d'un risque accru de suicide. Si le patient ne présente plus aucun symptôme schizophrénique, on doit faire un diagnostic d'épisode dépressif (F32.-). Si les symptômes schizophréniques restent florides et au premier plan de la symptomatologie, on doit garder le diagnostic de la forme clinique appropriée de schizophrénie (F20.0-F20.3).",true,"",description_clinique,section Description clinique (OMS),glossaire du chapitre F — description clinique officielle du trouble,false,"",v1
378,F20.5,Schizophrénie résiduelle,V,4,sous_categorie,G,GLOSSAIRE,"Stade chronique de l'évolution d'une maladie schizophrénique, avec une progression nette à partir du début jusqu'à un stade tardif caractérisé par des symptômes ""négatifs"" durables, mais pas obligatoirement irréversibles, par exemple ralentissement psychomoteur, hypoactivité, émoussement affectif, passivité et manque d'initiative, pauvreté de la quantité et du contenu du discours, peu de communication non verbale (expression faciale, contact oculaire, modulation de la voix et gestes), manque de soins apportés à sa personne et performances sociales médiocres.",false,"",description_clinique,section Description clinique (OMS),glossaire du chapitre F — description clinique officielle du trouble,false,"",v1
379,F20.6,Schizophrénie simple,V,4,sous_categorie,G,GLOSSAIRE,"Trouble caractérisé par la survenue insidieuse et progressive de bizarreries du comportement, d'une impossibilité à répondre aux exigences de la société et d'une diminution globale des performances. La survenue des caractéristiques ""négatives"" de la schizophrénie résiduelle (par exemple un émoussement affectif et une perte de la volonté, etc.) n'est pas précédée d'un quelconque symptôme psychotique manifeste.",false,"",description_clinique,section Description clinique (OMS),glossaire du chapitre F — description clinique officielle du trouble,false,"",v1
380,F21,Trouble schizotypique,V,3,categorie,G,GLOSSAIRE,"Trouble caractérisé par un comportement excentrique et des anomalies de la pensée et des affects, ressemblant à celles de la schizophrénie, mais ne comportant aucune anomalie schizophrénique manifeste ou caractéristique à un moment quelconque de l'évolution. La symptomatologie peut comporter une froideur affective inappropriée, une anhédonie, un comportement étrange ou excentrique, une tendance au retrait social, des idées de persécution ou des idées bizarres, ne présentant pas les caractéristiques d'idées délirantes authentiques, des ruminations obsessionnelles, des troubles du cours de la pensée et des perturbations des perceptions, parfois des épisodes transitoires quasi-psychotiques comportant des illusions intenses, des hallucinations auditives ou autres et des idées pseudo-délirantes, survenant habituellement sans facteur déclenchant extérieur. Le début du trouble est difficile à déterminer et son évolution correspond habituellement à celle d'un trouble de la personnalité.",false,"",description_clinique,section Description clinique (OMS),glossaire du chapitre F — description clinique officielle du trouble,false,"",v1
381,F22,Troubles délirants persistants,V,3,categorie,G,GLOSSAIRE,"Comprend de troubles divers, caractérisés uniquement, ou essentiellement, par la présence d'idées délirantes persistantes et ne pouvant être classés parmi les troubles organiques, schizophréniques ou affectifs. Quand la durée d'un trouble délirant est inférieure à quelques mois, il doit être classé, au moins temporairement, en F23.-",false,"",description_clinique,section Description clinique (OMS),glossaire du chapitre F — description clinique officielle du trouble,false,"",v1
382,F22.0,Trouble délirant,V,4,sous_categorie,G,GLOSSAIRE,"Trouble caractérisé par la survenue d'une idée délirante unique ou d'un ensemble d'idées délirantes apparentées, habituellement persistantes, parfois  durant toute la vie. Le contenu de l'idée ou des idées délirantes est très variable. La présence d'hallucinations auditives (voix) manifestes et persistantes, de symptômes schizophréniques tels que des idées délirantes d'influence ou un émoussement net des affects, ou la mise en évidence d'une affection cérébrale, sont incompatibles avec le diagnostic. Toutefois, la présence d'hallucinations auditives, en particulier chez les sujets âgés, survenant de façon irrégulière ou transitoire, ne permet pas d'éliminer ce diagnostic, à condition qu'il ne s'agisse pas d'hallucinations typiquement schizophréniques et qu'elles ne dominent pas le tableau clinique.",false,"",description_clinique,section Description clinique (OMS),glossaire du chapitre F — description clinique officielle du trouble,false,"",v1
383,F22.8,Autres troubles délirants persistants,V,4,sous_categorie,G,GLOSSAIRE,Troubles dans lesquels l'idée ou les idées délirantes sont accompagnées d'hallucinations auditives persistantes à type de voix ou de symptômes schizophréniques qui ne justifient pas un diagnostic de schizophrénie (F20.-).,false,"",description_clinique,section Description clinique (OMS),glossaire du chapitre F — description clinique officielle du trouble,false,"",v1
384,F23,Troubles psychotiques aigus et transitoires,V,3,categorie,G,GLOSSAIRE,"Groupe hétérogène de troubles caractérisés par la survenue aiguë de symptômes psychotiques tels que des idées délirantes, des hallucinations, des perturbations des perceptions et par une désorganisation massive du comportement normal. Une survenue aiguë est définie comme étant l'apparition, allant crescendo, d'un tableau clinique manifestement pathologique, en deux semaines au plus. Ces troubles ne comportent aucun élément en faveur d'une étiologie organique. Ils s'accompagnent souvent d'une perplexité ou d'une hébétude, mais les perturbations de l'orientation dans le temps, dans l'espace, et quant à la personne, ne sont pas suffisamment persistantes ou graves pour répondre aux critères d'un delirium d'origine organique (F05.-). En général, ces troubles guérissent complètement en moins de quelques mois, souvent en quelques semaines ou jours. Le diagnostic doit être modifié si le trouble persiste. Le trouble peut être associé à un facteur aigu de stress, c'est-à-dire habituellement à des événements stressants survenus une ou deux semaines avant le début du trouble.",false,"",description_clinique,section Description clinique (OMS),glossaire du chapitre F — description clinique officielle du trouble,false,"",v1
385,F23.0,"Trouble psychotique aigu polymorphe, sans symptômes schizophréniques",V,4,sous_categorie,G,GLOSSAIRE,"Trouble psychotique aigu, comportant des hallucinations, des idées délirantes ou des perturbations des perceptions manifestes, mais très variables, changeant de jour en jour, voire d'heure en heure. Il existe souvent un bouleversement émotionnel s'accompagnant de sentiments intenses et transitoires de bonheur ou d'extase, d'anxiété ou d'irritabilité. Le polymorphisme et l'instabilité sont caractéristiques du tableau clinique. Les caractéristiques psychotiques ne répondent pas aux critères de la schizophrénie (F20.-). Ces troubles ont souvent un début brutal, se développent rapidement en l'espace de quelques jours et disparaissent souvent rapidement, sans rechutes. Quand les symptômes persistent, le diagnostic doit être modifié pour celui de trouble délirant persistant (F22.-).",false,"",description_clinique,section Description clinique (OMS),glossaire du chapitre F — description clinique officielle du trouble,false,"",v1
386,F23.1,"Trouble psychotique aigu polymorphe, avec symptômes schizophréniques",V,4,sous_categorie,G,GLOSSAIRE,"Trouble psychotique aigu caractérisé par la présence du tableau clinique polymorphe et instable décrit sous F23.0; malgré l'instabilité du tableau clinique, certains symptômes typiquement schizophréniques sont présents la plupart du temps. Quand les symptômes schizophréniques persistent, le diagnostic doit être modifié pour celui de schizophrénie (F20.-).",false,"",description_clinique,section Description clinique (OMS),glossaire du chapitre F — description clinique officielle du trouble,false,"",v1
387,F23.2,Trouble psychotique aigu d'allure schizophrénique,V,4,sous_categorie,G,GLOSSAIRE,"Trouble psychotique aigu, caractérisé par la présence de symptômes psychotiques relativement stables, justifiant un diagnostic de schizophrénie, mais persistant moins d'un mois. Les caractéristiques polymorphes instables décrites en F23.0 sont absentes. Quand les symptômes schizophréniques persistent, le diagnostic doit être modifié pour celui de schizophrénie (F20.-).",false,"",description_clinique,section Description clinique (OMS),glossaire du chapitre F — description clinique officielle du trouble,false,"",v1
388,F23.3,"Autre trouble psychotique aigu, essentiellement délirant",V,4,sous_categorie,G,GLOSSAIRE,"Trouble psychotique aigu, caractérisé par la présence au premier plan du tableau clinique d'idées délirantes ou d'hallucinations relativement stables, mais ne justifiant pas un diagnostic de schizophrénie (F20.-). Quand les idées délirantes persistent, le diagnostic doit être modifié pour celui de trouble délirant persistant (F22.-).",false,"",description_clinique,section Description clinique (OMS),glossaire du chapitre F — description clinique officielle du trouble,false,"",v1
390,F23.8,Autres troubles psychotiques aigus et transitoires,V,4,sous_categorie,G,GLOSSAIRE,"Autres troubles psychotiques aigus précisés, ne comportant aucun élément en faveur d'une étiologie organique, et ne justifiant pas un classement en F23.0-F23.3.",false,"",description_clinique,section Description clinique (OMS),glossaire du chapitre F — description clinique officielle du trouble,false,"",v1
389,F24,Trouble délirant induit,V,3,categorie,G,GLOSSAIRE,Trouble délirant partagé par au moins deux personnes liées très étroitement entre elles sur le plan émotionnel. Un seul des partenaires présente un trouble psychotique authentique; les idées délirantes sont induites chez l'autre (les autres) et disparaissent habituellement en cas de séparation des partenaires.,false,"",description_clinique,section Description clinique (OMS),glossaire du chapitre F — description clinique officielle du trouble,false,"",v1
391,F25,Troubles schizoaffectifs,V,3,categorie,G,GLOSSAIRE,"Troubles épisodiques, dans lesquels des symptômes affectifs et des symptômes schizophréniques sont conjointement au premier plan de la symptomatologie, mais ne justifient pas un diagnostic ni de schizophrénie, ni d'épisode dépressif ou maniaque. Les affections au cours desquelles des symptômes affectifs sont surajoutés à une maladie schizophrénique pré-existante, ou vont de pair ou alternent avec des troubles délirants persistants d'un type différent, sont classés sous F20-F29. La présence de symptômes psychotiques non congruents à l'humeur, au cours des troubles affectifs, ne justifie pas un diagnostic de trouble schizo-affectif.",false,"",description_clinique,section Description clinique (OMS),glossaire du chapitre F — description clinique officielle du trouble,false,"",v1
392,F25.0,"Trouble schizoaffectif, type maniaque",V,4,sous_categorie,G,GLOSSAIRE,"Trouble dans lequel des symptômes schizophréniques et des symptômes maniaques sont conjointement au premier plan de la symptomatologie au cours d'un même épisode de la maladie, l'épisode pathologique ne justifiant ainsi un diagnostic ni de schizophrénie ni d'épisode maniaque. Cette catégorie doit être utilisée pour classer un épisode isolé et le trouble récurrent dont la plupart des épisodes sont des épisodes schizo-affectifs, type maniaque.",false,"",description_clinique,section Description clinique (OMS),glossaire du chapitre F — description clinique officielle du trouble,false,"",v1
393,F25.1,"Trouble schizoaffectif, type dépressif",V,4,sous_categorie,G,GLOSSAIRE,"Trouble dans lequel des symptômes schizophréniques et des symptômes dépressifs sont conjointement au premier plan de la symptomatologie au cours d'un même épisode de la maladie, l'épisode pathologique ne justifiant ainsi un diagnostic ni de schizophrénie ni d'épisode dépressif. Cette catégorie doit être utilisée pour classer un épisode isolé et le trouble récurrent dont la plupart des épisodes sont des épisodes schizo-affectifs, type dépressif.",false,"",description_clinique,section Description clinique (OMS),glossaire du chapitre F — description clinique officielle du trouble,false,"",v1
394,F28,Autres troubles psychotiques non organiques,V,3,categorie,G,GLOSSAIRE,"Troubles délirants ou hallucinatoires ne justifiant pas un diagnostic de schizophrénie (F20.-), de trouble délirant persistant (F22.-), de trouble psychotique aigu et transitoire (F23.-), d'épisode maniaque, type psychotique (F30.2) ou d'épisode dépressif grave, type psychotique (F32.3).",false,"",description_clinique,section Description clinique (OMS),glossaire du chapitre F — description clinique officielle du trouble,false,"",v1
396,F30,Épisode maniaque,V,3,categorie,G,GLOSSAIRE,"Toutes les subdivisions de cette catégorie s'appliquent exclusivement à un épisode isolé. Un épisode hypomaniaque ou maniaque survenant chez un sujet ayant présenté un ou plusieurs épisodes affectifs dans le passé (dépressif, hypomaniaque, maniaque, ou mixte) doit conduire à un diagnostic de trouble affectif bipolaire (F31.-).",false,"",description_clinique,section Description clinique (OMS),glossaire du chapitre F — description clinique officielle du trouble,false,"",v1
397,F30.0,Hypomanie,V,4,sous_categorie,G,GLOSSAIRE,"Trouble caractérisé par la présence d'une élévation légère, mais persistante, de l'humeur, de l'énergie et de l'activité, associée habituellement à un sentiment intense de bien-être et d'efficacité physique et psychique. Il existe souvent une augmentation de la sociabilité, du désir de parler, de la familiarité, ou de l'énergie sexuelle et une réduction du besoin de sommeil; ces symptômes ne sont toutefois pas assez marqués pour entraver le fonctionnement professionnel ou pour entraîner un rejet social. L'euphorie et la sociabilité sont parfois remplacées par une irritabilité ou des attitudes vaniteuses ou grossières. Les perturbations de l'humeur et du comportement ne sont pas accompagnées d'hallucinations ou d'idées délirantes.",false,"",description_clinique,section Description clinique (OMS),glossaire du chapitre F — description clinique officielle du trouble,false,"",v1
398,F30.1,Manie sans symptômes psychotiques,V,4,sous_categorie,G,GLOSSAIRE,"Présence d'une élévation de l'humeur hors de proportion avec la situation du sujet, pouvant aller d'une jovialité insouciante à une agitation pratiquement incontrôlable. Cette élation s'accompagne d'une augmentation d'énergie, entraînant une hyperactivité, un désir de parler, et une réduction du besoin de sommeil. L'attention ne peut être soutenue et il existe souvent une distractibilité importante. Le sujet présente souvent une augmentation de l'estime de soi avec idées de grandeur et surestimation de ses capacités. La levée des inhibitions sociales normales peut entraîner des conduites imprudentes, déraisonnables, inappropriées ou déplacées.",false,"",description_clinique,section Description clinique (OMS),glossaire du chapitre F — description clinique officielle du trouble,false,"",v1
399,F30.2,Manie avec symptômes psychotiques,V,4,sous_categorie,G,GLOSSAIRE,"Présence, associée au tableau clinique décrit en F30.1, d'idées délirantes (habituellement de grandeur) ou d'hallucinations (habituellement à type de voix parlant directement au sujet), ou d'une agitation, d'une activité motrice excessive et d'une fuite des idées d'une gravité telle que le sujet devient incompréhensible ou hors d'état de communiquer normalement.",false,"",description_clinique,section Description clinique (OMS),glossaire du chapitre F — description clinique officielle du trouble,false,"",v1
400,F31,Trouble affectif bipolaire,V,3,categorie,G,GLOSSAIRE,"Trouble caractérisé par deux ou plusieurs épisodes au cours desquels l'humeur et le niveau d'activité du sujet sont profondément perturbés, tantôt dans le sens d'une élévation de l'humeur et d'une augmentation de l'énergie et de l'activité (hypomanie ou manie), tantôt dans le sens d'un abaissement de l'humeur et d'une réduction de l'énergie et de l'activité (dépression). Les épisodes récurrents d'hypomanie ou de manie sont classés comme bipolaires.",false,"",description_clinique,section Description clinique (OMS),glossaire du chapitre F — description clinique officielle du trouble,false,"",v1
401,F31.0,"Trouble affectif bipolaire, épisode actuel hypomaniaque",V,4,sous_categorie,G,GLOSSAIRE,"Le sujet est actuellement hypomaniaque, et a eu, dans le passé, au moins un autre épisode affectif (hypomaniaque, maniaque, dépressif, ou mixte).",false,"",description_clinique,section Description clinique (OMS),glossaire du chapitre F — description clinique officielle du trouble,false,"",v1
402,F31.1,"Trouble affectif bipolaire, épisode actuel maniaque sans symptômes psychotiques",V,4,sous_categorie,G,GLOSSAIRE,"Le sujet est actuellement maniaque, sans symptômes psychotiques (comme sous F30.1), et a eu, dans le passé, au moins un autre épisode affectif (hypomaniaque, maniaque, dépressif, ou mixte).",false,"",description_clinique,section Description clinique (OMS),glossaire du chapitre F — description clinique officielle du trouble,false,"",v1
403,F31.2,"Trouble affectif bipolaire, épisode actuel maniaque avec symptômes psychotiques",V,4,sous_categorie,G,GLOSSAIRE,"Le sujet est actuellement maniaque, avec symptômes psychotiques (comme sous F30.2), et a eu, dans le passé, au moins un autre épisode affectif (hypomaniaque, maniaque, dépressif, ou mixte).",false,"",description_clinique,section Description clinique (OMS),glossaire du chapitre F — description clinique officielle du trouble,false,"",v1
404,F31.3,"Trouble affectif bipolaire, épisode actuel de dépression légère ou moyenne",V,4,sous_categorie,G,GLOSSAIRE,"Le sujet est actuellement déprimé, comme au cours d'un épisode dépressif d'intensité légère ou moyenne (F32.0 ou F32.1), et a eu, dans le passé, au moins un épisode hypomaniaque, maniaque ou mixte bien documenté.",false,"",description_clinique,section Description clinique (OMS),glossaire du chapitre F — description clinique officielle du trouble,false,"",v1
405,F31.4,"Trouble affectif bipolaire, épisode actuel de dépression sévère sans symptômes psychotiques",V,4,sous_categorie,G,GLOSSAIRE,"Le sujet est actuellement déprimé, comme au cours d'un épisode dépressif d'intensité sévère sans symptômes psychotiques (F32.2), et a eu, dans le passé, au moins un épisode hypomaniaque, maniaque ou mixte bien documenté.",false,"",description_clinique,section Description clinique (OMS),glossaire du chapitre F — description clinique officielle du trouble,false,"",v1
406,F31.5,"Trouble affectif bipolaire, épisode actuel de dépression sévère avec symptômes psychotiques",V,4,sous_categorie,G,GLOSSAIRE,"Le sujet est actuellement déprimé, comme au cours d'un épisode dépressif d'intensité sévère avec symptômes psychotiques (F32.3), et a eu, dans le passé, au moins un épisode hypomaniaque, maniaque ou mixte bien documenté.",false,"",description_clinique,section Description clinique (OMS),glossaire du chapitre F — description clinique officielle du trouble,false,"",v1
407,F31.6,"Trouble affectif bipolaire, épisode actuel mixte",V,4,sous_categorie,G,GLOSSAIRE,"Le sujet a eu, dans le passé, au moins un épisode hypomaniaque, maniaque, dépressif ou mixte bien documenté, et l'épisode actuel est caractérisé soit par la présence simultanée de symptômes maniaques et dépressifs, soit par une alternance rapide de symptômes maniaques et dépressifs.",false,"",description_clinique,section Description clinique (OMS),glossaire du chapitre F — description clinique officielle du trouble,false,"",v1
408,F31.7,"Trouble affectif bipolaire, actuellement en rémission",V,4,sous_categorie,G,GLOSSAIRE,"Le sujet a eu, dans le passé, au moins un épisode hypomaniaque, maniaque ou mixte bien documenté, et au moins un autre épisode affectif (hypomaniaque, maniaque, dépressif ou mixte), mais sans aucune perturbation significative de l'humeur, ni actuellement, ni au cours des derniers mois. Les rémissions sous traitement prophylactique doivent être classées ici.",false,"",description_clinique,section Description clinique (OMS),glossaire du chapitre F — description clinique officielle du trouble,false,"",v1
409,F32,Épisodes dépressifs,V,3,categorie,G,GLOSSAIRE,"Dans les épisodes typiques de chacun des trois degrés de dépression : léger, moyen ou sévère, le sujet présente un abaissement de l'humeur, une réduction de l'énergie et une diminution de l'activité. Il existe une altération de la capacité à éprouver du plaisir, une perte d'intérêt, une diminution de l'aptitude à se concentrer, associées couramment à une fatigue importante, même après un effort minime. On observe habituellement des troubles du sommeil, et une diminution de l'appétit. Il existe presque toujours une diminution de l'estime de soi et de la confiance en soi et, fréquemment, des idées de culpabilité ou de dévalorisation, même dans les formes légères. L'humeur dépressive ne varie guère d'un jour à l'autre ou selon les circonstances, et peut s'accompagner de symptômes dits ""somatiques"", par exemple d'une perte d'intérêt ou de plaisir, d'un réveil matinal précoce, plusieurs heures avant l'heure habituelle, d'une aggravation matinale de la dépression, d'un ralentissement psychomoteur important, d'une agitation, d'une perte d'appétit, d'une perte de poids et d'une perte de la libido. Le nombre et la sévérité des symptômes permettent de déterminer trois degrés de sévérité d'un épisode dépressif : léger, moyen et sévère.",false,"",description_clinique,section Description clinique (OMS),glossaire du chapitre F — description clinique officielle du trouble,false,"",v1
410,F32.0,Épisode dépressif léger,V,4,sous_categorie,G,GLOSSAIRE,"Au moins deux ou trois des symptômes cités plus haut sont habituellement présents. Ces symptômes s'accompagnent généralement d'un sentiment de détresse, mais le sujet reste, le plus souvent, capable de poursuivre la plupart de ses activités.",false,"",description_clinique,section Description clinique (OMS),glossaire du chapitre F — description clinique officielle du trouble,false,"",v1
411,F32.1,Épisode dépressif moyen,V,4,sous_categorie,G,GLOSSAIRE,Au moins quatre des symptômes cités plus haut sont habituellement présents et le sujet éprouve des difficultés considérables à poursuivre ses activités usuelles.,false,"",description_clinique,section Description clinique (OMS),glossaire du chapitre F — description clinique officielle du trouble,false,"",v1
412,F32.2,Épisode dépressif sévère sans symptômes psychotiques,V,4,sous_categorie,G,GLOSSAIRE,"Episode dépressif dans lequel plusieurs des symptômes dépressifs mentionnés ci-dessus, concernant typiquement une perte de l'estime de soi et des idées de dévalorisation ou de culpabilité, sont marqués et pénibles. Les idées et les gestes suicidaires sont fréquents et plusieurs symptômes ""somatiques"" sont habituellement présents.",false,"",description_clinique,section Description clinique (OMS),glossaire du chapitre F — description clinique officielle du trouble,false,"",v1
413,F32.3,Épisode dépressif sévère avec symptômes psychotiques,V,4,sous_categorie,G,GLOSSAIRE,"Episode dépressif correspondant à la description d'un épisode dépressif sévère (F32.2) mais s'accompagnant, par ailleurs, d'hallucinations, d'idées délirantes, ou d'un ralentissement psychomoteur ou d'une stupeur d'une gravité telle que les activités sociales habituelles sont impossibles; il peut exister un danger vital en raison d'un suicide, d'une déshydratation ou d'une dénutrition. Les hallucinations et les idées délirantes peuvent être congruentes ou non congruentes à l'humeur.",false,"",description_clinique,section Description clinique (OMS),glossaire du chapitre F — description clinique officielle du trouble,false,"",v1
414,F33,Trouble dépressif récurrent,V,3,categorie,G,GLOSSAIRE,"Trouble caractérisé par la survenue répétée d'épisodes dépressifs correspondant à la description d'un tel épisode (F32.-), en l'absence de tout antécédent d'épisodes indépendants d'exaltation de l'humeur et d'augmentation de l'énergie (manie). Le trouble peut toutefois comporter de brefs épisodes caractérisés par une légère élévation de l'humeur et une augmentation de l'activité (hypomanie), succédant immédiatement à un épisode dépressif, et parfois déclenchés par un traitement antidépresseur. Les formes graves du trouble dépressif récurrent (F33.2 et F33.3) présentent de nombreux points communs avec des concepts antérieurs comme ceux de dépression maniaco-dépressive, de mélancolie, de dépression vitale et de dépression endogène. Le premier épisode peut survenir à n'importe quel âge, de l'enfance à la vieillesse, le début peut être aigu ou insidieux et la durée peut varier de quelques semaines à de nombreux mois. Le risque de survenue d'un épisode maniaque ne peut jamais être complètement écarté chez un patient présentant un trouble dépressif récurrent, quel que soit le nombre d'épisodes dépressifs déjà survenus. Si un tel épisode maniaque se produit, le diagnostic doit être changé pour celui de trouble affectif bipolaire (F31.-).",false,"",description_clinique,section Description clinique (OMS),glossaire du chapitre F — description clinique officielle du trouble,false,"",v1
415,F33.0,"Trouble dépressif récurrent, épisode actuel léger",V,4,sous_categorie,G,GLOSSAIRE,"Trouble caractérisé par la survenue répétée d'épisodes dépressifs, l'épisode actuel étant léger (F32.0), en l'absence de tout antécédent de manie.",false,"",description_clinique,section Description clinique (OMS),glossaire du chapitre F — description clinique officielle du trouble,false,"",v1
416,F33.1,"Trouble dépressif récurrent, épisode actuel moyen",V,4,sous_categorie,G,GLOSSAIRE,"Trouble caractérisé par la survenue répétée d'épisodes dépressifs, l'épisode actuel étant moyen (F32.1), en l'absence de tout antécédent de manie.",false,"",description_clinique,section Description clinique (OMS),glossaire du chapitre F — description clinique officielle du trouble,false,"",v1
417,F33.2,"Trouble dépressif récurrent, épisode actuel sévère sans symptômes psychotiques",V,4,sous_categorie,G,GLOSSAIRE,"Trouble caractérisé par la survenue répétée d'épisodes dépressifs, l'épisode actuel étant sévère, sans symptômes psychotiques (F32.2), en l'absence de tout antécédent de manie.",false,"",description_clinique,section Description clinique (OMS),glossaire du chapitre F — description clinique officielle du trouble,false,"",v1
418,F33.3,"Trouble dépressif récurrent, épisode actuel sévère avec symptômes psychotiques",V,4,sous_categorie,G,GLOSSAIRE,"Trouble caractérisé par la survenue répétée d'épisodes dépressifs, l'épisode actuel étant sévère, avec symptômes psychotiques (F32.3), en l'absence de tout épisode précédent de manie.",false,"",description_clinique,section Description clinique (OMS),glossaire du chapitre F — description clinique officielle du trouble,false,"",v1
419,F33.4,"Trouble dépressif récurrent, actuellement en rémission",V,4,sous_categorie,G,GLOSSAIRE,"Le sujet a eu, dans le passé, au moins deux épisodes dépressifs répondant aux descriptions données en F33.0, F33.1, F33.2, F33.3, mais ne présente aucun symptôme dépressif depuis plusieurs mois.",false,"",description_clinique,section Description clinique (OMS),glossaire du chapitre F — description clinique officielle du trouble,false,"",v1
420,F34,Troubles de l'humeur [affectifs] persistants,V,3,categorie,G,GLOSSAIRE,"Troubles de l'humeur persistants et habituellement fluctuants, dans lesquels la plupart des épisodes individuels ne sont pas suffisamment sévères pour justifier un diagnostic d'épisode hypomaniaque ou d'épisode dépressif léger. Toutefois, étant donné qu'ils persistent pendant des années et parfois pendant la plus grande partie de la vie adulte du sujet, ils entraînent une souffrance et une incapacité considérables. Dans certains cas, des épisodes maniaques ou dépressifs récurrents ou isolés peuvent se surajouter à un état affectif persistant.",false,"",description_clinique,section Description clinique (OMS),glossaire du chapitre F — description clinique officielle du trouble,false,"",v1
421,F34.0,Cyclothymie,V,4,sous_categorie,G,GLOSSAIRE,"Instabilité persistante de l'humeur, comportant de nombreuses périodes de dépression ou d'exaltation légère (hypomanie), mais dont aucune n'est suffisamment sévère ou prolongée pour justifier un diagnostic de trouble affectif bipolaire (F31.-) ou de trouble dépressif récurrent (F33.-). Le trouble se rencontre fréquemment dans la famille de sujets ayant un trouble affectif bipolaire et certains sujets cyclothymiques sont eux-mêmes atteints ultérieurement d'un trouble affectif bipolaire.",false,"",description_clinique,section Description clinique (OMS),glossaire du chapitre F — description clinique officielle du trouble,false,"",v1
422,F34.1,Dysthymie,V,4,sous_categorie,G,GLOSSAIRE,"Abaissement chronique de l'humeur, persistant au moins plusieurs années, mais dont la sévérité est insuffisante, ou dont la durée des différents épisodes est trop brève, pour justifier un diagnostic de trouble dépressif récurrent, sévère, moyen ou léger (F33.-).",false,"",description_clinique,section Description clinique (OMS),glossaire du chapitre F — description clinique officielle du trouble,false,"",v1
423,F38,Autres troubles de l'humeur [affectifs],V,3,categorie,G,GLOSSAIRE,"Tous les autres troubles de l'humeur dont la sévérité ou la durée est insuffisante pour justifier un classement en F30, F31, F32, F33, F34.",false,"",description_clinique,section Description clinique (OMS),glossaire du chapitre F — description clinique officielle du trouble,false,"",v1
424,F40,Troubles anxieux phobiques,V,3,categorie,G,GLOSSAIRE,"Groupe de troubles dans lesquels une anxiété est déclenchée, exclusivement ou essentiellement, par certaines situations bien précises sans dangerosité actuelle. Ces situations sont de ce fait typiquement évitées ou endurées avec appréhension. Les préoccupations du sujet peuvent être centrées sur des symptômes individuels tels que des palpitations ou une impression d'évanouissement et aboutissent souvent à une peur de mourir, de perdre le contrôle de soi ou de devenir fou. La simple évocation d'une situation phobogène déclenche habituellement une anxiété anticipatoire. L'anxiété phobique est souvent associée à une dépression. Pour déterminer s'il convient de faire deux diagnostics (anxiété phobique et épisode dépressif), ou un seul (anxiété phobique ou épisode dépressif), il faut tenir compte de l'ordre de survenue des troubles et des mesures thérapeutiques au moment de l'examen.",false,"",description_clinique,section Description clinique (OMS),glossaire du chapitre F — description clinique officielle du trouble,false,"",v1
425,F40.0,Agoraphobie,V,4,sous_categorie,G,GLOSSAIRE,"Groupe relativement bien défini de phobies concernant la crainte de quitter son domicile, la peur des magasins, des foules et des endroits publics, ou la peur de voyager seul en train, en autobus ou en avion. La présence d'un trouble panique est fréquente au cours des épisodes actuels ou antérieurs d'agoraphobie. Parmi les caractéristiques associées, on retrouve souvent des symptômes dépressifs ou obsessionnels, ainsi que des phobies sociales. Les conduites d'évitement sont souvent au premier plan de la symptomatologie et certains agoraphobes n'éprouvent que peu d'anxiété, car ils parviennent à éviter les situations phobogènes.",false,"",description_clinique,section Description clinique (OMS),glossaire du chapitre F — description clinique officielle du trouble,false,"",v1
426,F40.1,Phobies sociales,V,4,sous_categorie,G,GLOSSAIRE,"Crainte d'être dévisagé par d'autres personnes, entraînant un évitement des situations d'interaction sociale. Les phobies sociales envahissantes s'accompagnent habituellement d'une perte de l'estime de soi et d'une peur d'être critiqué. Les phobies sociales peuvent se manifester par un rougissement, un tremblement des mains, des nausées ou un besoin urgent d'uriner, le patient étant parfois convaincu que l'une ou l'autre de ces manifestations secondaires constitue le problème primaire. Les symptômes peuvent évoluer vers des attaques de panique.",false,"",description_clinique,section Description clinique (OMS),glossaire du chapitre F — description clinique officielle du trouble,false,"",v1
427,F40.2,Phobies spécifiques (isolées),V,4,sous_categorie,G,GLOSSAIRE,"Phobies limitées à des situations très spécifiques comme la proximité de certains animaux, les endroits élevés, les orages, l'obscurité, les voyages en avion, les espaces clos, l'utilisation des toilettes publiques, la prise de certains aliments, les soins dentaires, le sang ou les blessures. Bien que limitée, la situation phobogène peut déclencher, quand le sujet y est exposé, un état de panique, comme dans l'agoraphobie ou la phobie sociale.",false,"",description_clinique,section Description clinique (OMS),glossaire du chapitre F — description clinique officielle du trouble,false,"",v1
428,F41,Autres troubles anxieux,V,3,categorie,G,GLOSSAIRE,"Troubles caractérisés essentiellement par la présence de manifestations anxieuses qui ne sont pas déclenchées exclusivement par l'exposition à une situation déterminée. Ils peuvent s'accompagner de symptômes dépressifs ou obsessionnels, ainsi que de certaines manifestations traduisant une anxiété phobique, ces manifestations étant toutefois manifestement secondaires ou peu sévères.",false,"",description_clinique,section Description clinique (OMS),glossaire du chapitre F — description clinique officielle du trouble,false,"",v1
429,F41.0,Trouble panique [anxiété épisodique paroxystique],V,4,sous_categorie,G,GLOSSAIRE,"Les caractéristiques essentielles de ce trouble sont des attaques récurrentes d'anxiété sévère (attaques de panique), ne survenant pas exclusivement dans une situation particulière ou dans des circonstances déterminées, et dont la survenue est, de ce fait, imprévisible. Comme dans d'autres troubles anxieux, les symptômes essentiels concernent la survenue brutale de palpitations, de douleurs thoraciques, de sensations d'étouffement, d'étourdissements et de sentiments d'irréalité (dépersonnalisation ou déréalisation). Il existe par ailleurs souvent aussi une peur secondaire de mourir, de perdre le contrôle de soi ou de devenir fou. On ne doit pas faire un diagnostic principal de trouble panique quand le sujet présente un trouble dépressif au moment de la survenue des attaques de panique; les attaques de panique sont, dans ce cas, probablement secondaires à la dépression.",false,"",description_clinique,section Description clinique (OMS),glossaire du chapitre F — description clinique officielle du trouble,false,"",v1
430,F41.1,Anxiété généralisée,V,4,sous_categorie,G,GLOSSAIRE,"Anxiété généralisée et persistante qui ne survient pas exclusivement, ni même de façon préférentielle, dans une situation déterminée (l'anxiété est ""flottante""). Les symptômes essentiels sont variables, mais le patient se plaint de nervosité permanente, de tremblements, de tension musculaire, de transpiration, d'un sentiment de ""tête vide"", de palpitations, d'étourdissements et d'une gêne épigastrique. Par ailleurs, le sujet a souvent peur que lui-même ou l'un de ses proches tombe malade ou ait un accident.",false,"",description_clinique,section Description clinique (OMS),glossaire du chapitre F — description clinique officielle du trouble,false,"",v1
431,F41.2,Trouble anxieux et dépressif mixte,V,4,sous_categorie,G,GLOSSAIRE,"Cette catégorie doit être utilisée quand le sujet présente à la fois des symptômes anxieux et des symptômes dépressifs, sans prédominance nette des uns ou des autres et sans que l'intensité des uns ou des autres soit suffisante pour justifier un diagnostic séparé. Quand des symptômes anxieux et dépressifs sont présents simultanément avec une intensité suffisante pour justifier des diagnostics séparés, les deux diagnostics doivent être notés et on ne fait pas un diagnostic de trouble anxieux et dépressif mixte.",false,"",description_clinique,section Description clinique (OMS),glossaire du chapitre F — description clinique officielle du trouble,false,"",v1
432,F41.3,Autres troubles anxieux mixtes,V,4,sous_categorie,G,GLOSSAIRE,"Symptômes anxieux s'accompagnant de caractéristiques d'autres troubles cités en F42, F43, F44, F45, F48. Aucun symptôme, considéré séparément, n'est suffisamment grave pour justifier un diagnostic.",false,"",description_clinique,section Description clinique (OMS),glossaire du chapitre F — description clinique officielle du trouble,false,"",v1
433,F42,Trouble obsessionnel-compulsif,V,3,categorie,G,GLOSSAIRE,"Trouble caractérisé essentiellement par des idées obsédantes ou des comportements compulsifs récurrents. Les pensées obsédantes sont des idées, des représentations, ou des impulsions, faisant intrusion dans la conscience du sujet de façon répétitive et stéréotypée. En règle générale, elles gênent considérablement le sujet, lequel essaie souvent de leur résister, mais en vain. Le sujet reconnaît toutefois qu'il s'agit de ses propres pensées, même si celles-ci sont étrangères à sa volonté et souvent répugnantes. Les comportements et les rituels compulsifs sont des activités stéréotypées répétitives. Le sujet ne tire aucun plaisir direct de la réalisation de ces actes, lesquels, par ailleurs, n'aboutissent pas à la réalisation de tâches utiles en elles-mêmes. Le comportement compulsif a pour but d'empêcher un événement, dont la survenue est objectivement peu probable, impliquant souvent un malheur pour le sujet ou dont le sujet serait responsable. Le sujet reconnaît habituellement l'absurdité et l'inutilité de son comportement et fait des efforts répétés pour supprimer celui-ci. Le trouble s'accompagne presque toujours d'une anxiété. Cette anxiété s'aggrave quand le sujet essaie de résister à son activité compulsive.",false,"",description_clinique,section Description clinique (OMS),glossaire du chapitre F — description clinique officielle du trouble,false,"",v1
434,F42.0,Avec idées ou ruminations obsédantes au premier plan,V,4,sous_categorie,G,GLOSSAIRE,"Il peut s'agir d'idées, de représentations ou d'impulsions qui sont habituellement à l'origine d'un sentiment de détresse. Parfois, il s'agit d'hésitations interminables entre des alternatives qui s'accompagnent souvent d'une impossibilité à prendre des décisions banales mais nécessaires dans la vie courante. Il existe une relation particulièrement étroite entre ruminations obsédantes et dépression et on ne fera un diagnostic de trouble obsessionnel-compulsif que si les ruminations surviennent ou persistent en l'absence d'un épisode dépressif.",false,"",description_clinique,section Description clinique (OMS),glossaire du chapitre F — description clinique officielle du trouble,false,"",v1
435,F42.1,Avec comportements compulsifs [rituels obsessionnels] au premier plan,V,4,sous_categorie,G,GLOSSAIRE,"La plupart des comportements compulsifs concernent la propreté (en particulier le lavage des mains), des vérifications répétées pour éviter la survenue d'une situation qui pourrait devenir dangereuse, ou un souci excessif de l'ordre et du rangement. Le comportement du sujet est sous-tendu par une crainte consistant habituellement dans l'appréhension d'un danger, encouru ou provoqué par le sujet et l'activité rituelle constitue un moyen inefficace ou symbolique pour écarter ce danger.",false,"",description_clinique,section Description clinique (OMS),glossaire du chapitre F — description clinique officielle du trouble,false,"",v1
436,F43,"Réaction à un facteur de stress sévère, et troubles de l'adaptation",V,3,categorie,G,GLOSSAIRE,"Cette catégorie est différente des autres dans la mesure où sa définition ne repose pas exclusivement sur les symptomes et l'évolution, mais également sur l'un ou l'autre des deux facteurs étiologiques suivants : un événement particulièrement stressant entraînant une réaction aiguë à un facteur de stress, ou un changement particulièrement marquant dans la vie du sujet, comportant des conséquences désagréables et durables et aboutissant à un trouble de l'adaptation. Des facteurs de stress psychosociaux relativement peu sévères parmi les événements de la vie (""life events"") peuvent précipiter la survenue ou influencer le tableau clinique d'un grand nombre de troubles classés ailleurs dans ce chapitre, mais il n'est pas toujours possible de leur attribuer un rôle étiologique, d'autant plus qu'il faut prendre en considération des facteurs de vulnérabilité, souvent idiosyncrasiques, propres à chaque individu. En d'autres termes, ces événements de la vie ne sont ni nécessaires ni suffisants pour expliquer la survenue et la nature du trouble observé. En revanche, on admet que les troubles réunis dans cette catégorie sont toujours la conséquence directe d'un facteur de stress aigu important ou d'un traumatisme persistant. Les événements stressants ou les circonstances pénibles persistantes constituent le facteur causal primaire et essentiel, en l'absence duquel le trouble ne serait pas survenu. Les troubles réunis dans ce chapitre peuvent ainsi être considérés comme des réponses inadaptées à un facteur de stress sévère ou persistant dans la mesure où ils interfèrent avec des mécanismes adaptatifs efficaces et conduisent ainsi à des problèmes dans la fonction sociale.",false,"",description_clinique,section Description clinique (OMS),glossaire du chapitre F — description clinique officielle du trouble,false,"",v1
437,F43.0,Réaction aigüe à un facteur de stress,V,4,sous_categorie,G,GLOSSAIRE,"Trouble transitoire, survenant chez un individu ne présentant aucun autre trouble mental manifeste, à la suite d'un facteur de stress physique et psychique exceptionnel et disparaissant habituellement en quelques heures ou en quelques jours. La survenue et la gravité d'une réaction aiguë à un facteur de stress sont influencées par des facteurs de vulnérabilité individuels et par la capacité du sujet à faire face à un traumatisme. La symptomatologie est typiquement mixte et variable et comporte initialement un état ""d'hébétude"" caractérisé par un certain rétrécissement du champ de la conscience et de l'attention, une impossibilité à intégrer des stimuli et une désorientation. Cet état peut être suivi d'un retrait croissant vis-à-vis de l'environnement (pouvant aller jusqu'à une stupeur dissociative - voir F44.2), ou d'une agitation avec hyper-activité (réaction de fuite ou fugue). Le trouble s'accompagne fréquemment des symptômes neuro-végétatifs d'une anxiété panique (tachycardie, transpiration, bouffées de chaleur). Les symptômes se manifestent habituellement dans les minutes suivant la survenue du stimulus ou de l'événement stressant et disparaissent en l'espace de deux à trois jours (souvent en quelques heures). Il peut y avoir une amnésie partielle ou complète (F44.0) de l'épisode. Quand les symptômes persistent, il convient d'envisager un changement de diagnostic.",false,"",description_clinique,section Description clinique (OMS),glossaire du chapitre F — description clinique officielle du trouble,false,"",v1
438,F43.1,État de stress posttraumatique,V,4,sous_categorie,G,GLOSSAIRE,"Ce trouble constitue une réponse différée ou prolongée à une situation ou à un événement stressant (de courte ou de longue durée), exceptionnellement menaçant ou catastrophique et qui provoquerait des symptômes évidents de détresse chez la plupart des individus. Des facteurs prédisposants, tels que certains traits de personnalité (par exemple compulsive, asthénique) ou des antécédents de type névrotique, peuvent favoriser la survenue du syndrome ou aggraver son évolution; ces facteurs ne sont pas toutefois nécessaires ou suffisants pour expliquer la survenue du syndrome. Les symptômes typiques comprennent la reviviscence répétée de l'événement traumatique, dans des souvenirs envahissants (""flashbacks""), des rêves ou des cauchemars; ils surviennent dans un contexte durable ""d'anesthésie psychique"" et d'émoussement émotionnel, de détachement par rapport aux autres, d'insensibilité à l'environnement, d'anhédonie et d'évitement des activités ou des situations pouvant réveiller le souvenir du traumatisme. Les symptômes précédents s'accompagnent habituellement d'un hyperéveil neuro-végétatif, avec hypervigilance, état de ""qui-vive"" et insomnie, associés fréquemment à une anxiété, une dépression, ou une idéation suicidaire. La période séparant la survenue du traumatisme et celle du trouble peut varier de quelques semaines à quelques mois. L'évolution est fluctuante, mais se fait vers la guérison dans la plupart des cas. Dans certains cas, le trouble peut présenter une évolution chronique, durer de nombreuses années, et entraîner une modification durable de la personnalité (F62.0).",false,"",description_clinique,section Description clinique (OMS),glossaire du chapitre F — description clinique officielle du trouble,false,"",v1
439,F43.2,Troubles de l'adaptation,V,4,sous_categorie,G,GLOSSAIRE,"Etat de détresse et de perturbation émotionnelle, entravant habituellement le fonctionnement et les performances sociales, survenant au cours d'une période d'adaptation à un changement existentiel important ou un événement stressant. Le facteur de stress peut entraver l'intégrité de l'environnement social du sujet (deuil, expériences de séparation) ou son système global de support social et de valeurs sociales (immigration, statut de réfugié); ailleurs, le facteur de stress est en rapport avec une période de transition ou de crise au cours du développement (scolarisation, naissance d'un enfant, échec dans la poursuite d'un but important, mise à la retraite). La prédisposition et la vulnérabilité individuelles jouent un rôle important dans la survenue et la symptomatologie d'un trouble de l'adaptation; on admet toutefois que le trouble ne serait pas survenu en l'absence du facteur de stress concerné. Les manifestations, variables, comprennent une humeur dépressive, une anxiété ou une inquiétude (ou l'association de ces troubles), un sentiment d'impossibilité à faire face, à faire des projets, ou à continuer dans la situation actuelle, ainsi qu'une certaine altération du fonctionnement quotidien. Elles peuvent s'accompagner d'un trouble des conduites, en particulier chez les adolescents. La caractéristique essentielle de ce trouble peut consister en une réaction dépressive, de courte ou de longue durée, ou une autre perturbation des émotions et des conduites.",false,"",description_clinique,section Description clinique (OMS),glossaire du chapitre F — description clinique officielle du trouble,false,"",v1
440,F44,Troubles dissociatifs [de conversion],V,3,categorie,G,GLOSSAIRE,"Les divers troubles dissociatifs (ou de conversion) ont en commun une perte partielle ou complète des fonctions normales d'intégration des souvenirs, de la conscience de l'identité ou des sensations immédiates et du contrôle des mouvements corporels. Toutes les variétés de troubles dissociatifs ont tendance à disparaître après quelques semaines ou mois, en particulier quand leur survenue est associée à un événement traumatique. L'évolution peut également se faire vers des troubles plus chroniques, en particulier des paralysies et des anesthésies, quand la survenue du trouble est liée à des problèmes ou des difficultés interpersonnelles insolubles. Dans le passé, ces troubles ont été classés comme divers types ""d'hystérie de conversion"". On admet qu'ils sont psychogènes, dans la mesure où ils surviennent en relation temporelle étroite avec des événements traumatiques, des problèmes insolubles et insupportables, ou des relations interpersonnelles difficiles. Les symptômes traduisent souvent l'idée que se fait le sujet du tableau clinique d'une maladie physique. L'examen médical et les examens complémentaires ne permettent pas de mettre en évidence un trouble physique (en particulier neurologique) connu. Par ailleurs, on dispose d'arguments pour penser que la perte d'une fonction est, dans ce trouble, l'expression d'un conflit ou d'un besoin psychique. Les symptômes peuvent se développer en relation étroite avec un facteur de stress psychologique et ils surviennent souvent brusquement. Seuls les troubles impliquant soit une perturbation des fonctions physiques normalement sous le contrôle de la volonté, soit une perte des sensations sont inclus ici. Les troubles impliquant des manifestations douloureuses ou d'autres sensations physiques complexes faisant intervenir le système nerveux autonome, sont classés parmi les troubles somatoformes (F45.0). La possibilité de survenue, à une date ultérieure, d'un trouble physique ou psychiatrique grave, doit toujours être gardée à l'esprit.",false,"",description_clinique,section Description clinique (OMS),glossaire du chapitre F — description clinique officielle du trouble,false,"",v1
441,F44.0,Amnésie dissociative,V,4,sous_categorie,G,GLOSSAIRE,"La caractéristique essentielle est une perte de la mémoire, concernant habituellement des événements importants récents, non due à un trouble mental organique, et trop importante pour être mise sur le compte d'une simple ""mauvaise mémoire"" ou d'une fatigue. L'amnésie concerne habituellement des événements traumatisants, tels que des accidents ou des deuils imprévus et elle est le plus souvent partielle et sélective. Une amnésie complète et généralisée est rare, et elle accompagne habituellement une fugue (F44.1); dans ce cas, on doit faire un diagnostic de fugue. On ne doit pas faire ce diagnostic en présence d'un trouble cérébral organique, d'une intoxication, ou d'une fatigue extrême.",false,"",description_clinique,section Description clinique (OMS),glossaire du chapitre F — description clinique officielle du trouble,false,"",v1
442,F44.1,Fugue dissociative,V,4,sous_categorie,G,GLOSSAIRE,"La fugue dissociative présente toutes les caractéristiques d'une amnésie dissociative et comporte, par ailleurs, un déplacement, en apparence motivé, dépassant le rayon du déplacement quotidien habituel. Bien qu'il existe une amnésie pour la période de la fugue, le comportement du sujet au cours de cette dernière peut paraître parfaitement normal à des observateurs indépendants.",false,"",description_clinique,section Description clinique (OMS),glossaire du chapitre F — description clinique officielle du trouble,false,"",v1
443,F44.2,Stupeur dissociative,V,4,sous_categorie,G,GLOSSAIRE,"Le diagnostic de stupeur repose sur la présence d'une diminution importante ou d'une absence des mouvements volontaires et d'une réactivité normale à des stimuli externes tels que la lumière, le bruit, ou le toucher, mais l'examen clinique et les examens complémentaires ne mettent en évidence aucun élément en faveur d'une cause physique. Par ailleurs, on dispose d'arguments en faveur d'une origine psychogène du trouble, dans la mesure où il est possible de mettre en évidence des événements ou des problèmes stressants récents.",false,"",description_clinique,section Description clinique (OMS),glossaire du chapitre F — description clinique officielle du trouble,false,"",v1
444,F44.3,États de transe et de possession,V,4,sous_categorie,G,GLOSSAIRE,"Troubles caractérisés par une perte transitoire de la conscience de sa propre identité, associée à une conservation parfaite de la conscience du milieu environnant. Sont à inclure ici uniquement les états de transe involontaires ou non désirés, survenant en dehors de situations admises dans le contexte religieux ou culturel du sujet.",false,"",description_clinique,section Description clinique (OMS),glossaire du chapitre F — description clinique officielle du trouble,false,"",v1
445,F44.4,Troubles moteurs dissociatifs,V,4,sous_categorie,G,GLOSSAIRE,"Dans les formes les plus fréquentes de ces troubles, il existe une perte de la capacité à bouger une partie ou la totalité d'un membre ou de plusieurs membres. Les manifestations de ce trouble peuvent ressembler à celles de pratiquement toutes les formes d'ataxie, d'apraxie, d'akinésie, d'aphonie, de dysarthrie, de dyskinésie, de convulsions ou de paralysie.",false,"",description_clinique,section Description clinique (OMS),glossaire du chapitre F — description clinique officielle du trouble,false,"",v1
446,F44.5,Convulsions dissociatives,V,4,sous_categorie,G,GLOSSAIRE,"Les convulsions dissociatives peuvent ressembler très étroitement aux mouvements que l'on observe au cours d'une crise épileptique; toutefois, la morsure de la langue, les blessures dues à une chute ou la perte des urines sont rares; par ailleurs, le trouble peut s'accompagner d'un état de stupeur ou de transe mais il ne s'accompagne pas d'une perte de la conscience.",false,"",description_clinique,section Description clinique (OMS),glossaire du chapitre F — description clinique officielle du trouble,false,"",v1
447,F44.6,Anesthésie et atteintes sensorielles dissociatives,V,4,sous_categorie,G,GLOSSAIRE,"Les limites des territoires cutanés anesthésiés correspondent plus aux conceptions personnelles du patient sur le fonctionnement du corps qu'à des connaissances médicales. Il peut y avoir atteinte de certains types de sensibilité, avec conservation des autres, ne correspondant à aucune lésion neurologique connue. La perte de sensibilité peut s'accompagner de paresthésies. La perte de la vision ou de l'audition est rarement totale dans les troubles dissociatifs.",false,"",description_clinique,section Description clinique (OMS),glossaire du chapitre F — description clinique officielle du trouble,false,"",v1
448,F45,Troubles somatoformes,V,3,categorie,G,GLOSSAIRE,"La caractéristique essentielle est l'apparition de symptômes physiques associés à une quête médicale insistante, persistant en dépit de bilans négatifs répétés et de déclarations faites par les médecins selon lesquelles les symptômes n'ont aucune base organique. S'il existe un trouble physique authentique, ce dernier ne permet de rendre compte ni de la nature ou de la gravité des symptômes, ni de la détresse ou des préoccupations du sujet.",false,"",description_clinique,section Description clinique (OMS),glossaire du chapitre F — description clinique officielle du trouble,false,"",v1
449,F45.0,Somatisation,V,4,sous_categorie,G,GLOSSAIRE,"Les principales caractéristiques sont des symptômes physiques multiples, récurrents et variables dans le temps, persistant au moins deux ans. Dans la plupart des cas, les sujets entretiennent, depuis longtemps, des relations complexes avec les services médicaux, spécialisés et non spécialisés, et ont subi de nombreuses investigations ou interventions exploratrices négatives. Les symptômes peuvent renvoyer à n'importe quel système ou partie du corps. Le trouble a une évolution chronique et fluctuante, et s'accompagne souvent d'une altération du comportement social, interpersonnel et familial. Quand le trouble est de durée plus brève (moins de deux ans) ou quand il se caractérise par des symptômes moins évidents, on doit faire un diagnostic de trouble somatoforme indifférencié (F45.1).",false,"",description_clinique,section Description clinique (OMS),glossaire du chapitre F — description clinique officielle du trouble,false,"",v1
450,F45.1,Trouble somatoforme indifférencié,V,4,sous_categorie,G,GLOSSAIRE,"Le diagnostic d'un trouble somatoforme indifférencié doit être envisagé devant des plaintes somatoformes multiples, variables dans le temps, persistantes, mais ne répondant pas au tableau clinique complet et typique d'une somatisation.",false,"",description_clinique,section Description clinique (OMS),glossaire du chapitre F — description clinique officielle du trouble,false,"",v1
451,F45.2,Trouble hypocondriaque,V,4,sous_categorie,G,GLOSSAIRE,"La caractéristique essentielle de ce trouble est une préoccupation persistante concernant la présence éventuelle d'un ou de plusieurs troubles somatiques graves et évolutifs, se traduisant par des plaintes somatiques persistantes ou par une préoccupation durable concernant l'apparence physique. Des sensations et des signes physiques normaux ou anodins sont souvent interprétés par le sujet comme étant anormaux ou pénibles. L'attention du sujet se concentre habituellement sur un ou deux organes ou systèmes. Il existe souvent une dépression et une anxiété importantes, pouvant justifier un diagnostic supplémentaire.",false,"",description_clinique,section Description clinique (OMS),glossaire du chapitre F — description clinique officielle du trouble,false,"",v1
452,F45.3,Dysfonctionnement neurovégétatif somatoforme,V,4,sous_categorie,G,GLOSSAIRE,"Le patient attribue ses symptômes au trouble somatique d'un système ou d'un organe innervé et contrôlé, en grande partie ou entièrement, par le système neurovégétatif : système cardio-vasculaire, gastro-intestinal, respiratoire, et urogénital. Les symptômes sont habituellement de deux types, aucun des deux n'évoquant un trouble somatique de l'organe ou du système concerné. Le premier type concerne des plaintes en rapport avec des signes objectifs d'un hyperfonctionnement neurovégétatif, par exemple des palpitations, une transpiration, des bouffées de chaleur ou de froid, des tremblements, ainsi que des manifestations traduisant une crainte et un sentiment de détresse quant à la présence possible d'un trouble somatique. Le deuxième type concerne des plaintes subjectives non spécifiques et variables, par exemple des douleurs vagues, des sensations de brûlure, de lourdeur, d'oppression, de gonflement ou d'étirement, attribuées par le patient à un organe ou à un système spécifique.",false,"",description_clinique,section Description clinique (OMS),glossaire du chapitre F — description clinique officielle du trouble,false,"",v1
453,F45.4,Syndrome douloureux somatoforme persistant,V,4,sous_categorie,G,GLOSSAIRE,"La plainte essentielle concerne une douleur persistante, intense, s'accompagnant d'un sentiment de détresse, non expliquée entièrement par un processus physiologique ou un trouble physique et survenant dans un contexte de conflits émotionnels et de problèmes psycho-sociaux suffisamment importants pour constituer la cause essentielle du trouble selon le clinicien. Le trouble assure habituellement au patient une aide et une sollicitude accrues de la part de son entourage et des médecins. Une douleur considérée comme psychogène mais survenant au cours d'un trouble dépressif ou d'une schizophrénie ne doit pas être classée ici.",false,"",description_clinique,section Description clinique (OMS),glossaire du chapitre F — description clinique officielle du trouble,false,"",v1
454,F45.8,Autres troubles somatoformes,V,4,sous_categorie,G,GLOSSAIRE,"Tous les autres troubles des sensations, des fonctions et du comportement, non dus à un trouble physique, qui ne sont pas sous l'influence du système neurovégétatif, qui se rapportent à des systèmes ou à des parties du corps spécifiques, et qui sont étroitement liés d'un point de vue chronologique avec des événements ou des problèmes stressants.",false,"",description_clinique,section Description clinique (OMS),glossaire du chapitre F — description clinique officielle du trouble,false,"",v1
455,F48.0,Neurasthénie,V,4,sous_categorie,G,GLOSSAIRE,"Il existe des variations culturelles importantes dans les manifestations de ce trouble, qui comporte deux types essentiels, ayant de nombreux points communs. Dans le premier type, la caractéristique essentielle est une plainte concernant une fatigue accrue après des efforts mentaux, souvent associée à une certaine diminution des performances professionnelles et des capacités à faire face aux tâches quotidiennes. La fatigabilité mentale est décrite typiquement comme une distractibilité due à une intrusion désagréable d'associations et de souvenirs, une difficulté de concentration ou une pensée globalement inefficace. Dans le deuxième type, l'accent est mis sur des sensations de faiblesse corporelle ou physique et un sentiment d'épuisement après des efforts minimes, associés à des courbatures, des douleurs musculaires et une difficulté à se détendre. Les deux types comportent habituellement plusieurs autres sensations physiques désagréables, telles que des sensations vertigineuses, des céphalées de tension et une impression d'instabilité globale. Il existe par ailleurs souvent une inquiétude concernant une dégradation de la santé mentale et physique, une irritabilité, une anhédonie et des degrés variables de dépression et d'anxiété mineures. Il existe souvent une insomnie d'endormissement, une insomnie du milieu de la nuit ou une hypersomnie.",false,"",description_clinique,section Description clinique (OMS),glossaire du chapitre F — description clinique officielle du trouble,false,"",v1
456,F48.1,Syndrome de dépersonnalisation-déréalisation,V,4,sous_categorie,G,GLOSSAIRE,"Trouble rare, au cours duquel le sujet se plaint spontanément d'une altération qualitative de son activité mentale, de son corps et de son environnement, ceux-ci étant perçus comme irréels, lointains ou ""robotisés"". Les plaintes concernant une perte des émotions et une impression d'étrangeté ou de détachement par rapport à ses pensées, à son corps, ou le monde réel, constituent les plus fréquentes des multiples manifestations caractérisant ce trouble. En dépit de la nature dramatique de ce type d'expérience, le sujet est conscient de la non-réalité du changement. L'orientation est normale et les capacités d'expression émotionnelle intactes. Des symptômes de dépersonnalisation-déréalisation peuvent survenir dans le contexte d'un trouble schizophrénique, dépressif, phobique ou obsessionnel-compulsif identifiable. Dans de tels cas, le diagnostic doit être celui du trouble principal.",false,"",description_clinique,section Description clinique (OMS),glossaire du chapitre F — description clinique officielle du trouble,false,"",v1
457,F50.0,Anorexie mentale,V,4,sous_categorie,G,GLOSSAIRE,"Trouble caractérisé par une perte de poids intentionnelle, induite et maintenue par le patient. Il survient habituellement chez une adolescente ou une jeune femme, mais il peut également survenir chez un adolescent ou un jeune homme, tout comme chez un enfant proche de la puberté ou une femme plus âgée jusqu'à la ménopause. Le trouble est associé à une psychopathologie spécifique qui consiste en l'intrusion persistante d'une idée surinvestie : la peur de grossir et d'avoir un corps flasque. Les sujets s'imposent à eux-mêmes un poids faible. Il existe habituellement une dénutrition de gravité variable s'accompagnant de modifications endocriniennes et métaboliques secondaires et de perturbations des fonctions physiologiques. Les symptômes comprennent une restriction des choix alimentaires, une pratique excessive d'exercices physiques, des vomissements provoqués et l'utilisation de laxatifs, de coupe-faim et de diurétiques.",false,"",description_clinique,section Description clinique (OMS),glossaire du chapitre F — description clinique officielle du trouble,false,"",v1
458,F50.1,Anorexie mentale atypique,V,4,sous_categorie,G,GLOSSAIRE,"Troubles qui comportent certaines caractéristiques de l'anorexie mentale, mais dont le tableau clinique global ne justifie pas ce diagnostic. Exemple : l'un des symptômes-clés, telle une aménorrhée ou une peur importante de grossir, peut manquer alors qu'il existe une perte de poids nette et un comportement visant à réduire le poids. On ne doit pas faire ce diagnostic quand un trouble somatique connu pour entraîner une perte de poids est associé.",false,"",description_clinique,section Description clinique (OMS),glossaire du chapitre F — description clinique officielle du trouble,false,"",v1
459,F50.2,Boulimie [bulimia nervosa],V,4,sous_categorie,G,GLOSSAIRE,"Syndrome caractérisé par des accès répétés d'hyperphagie et une préoccupation excessive du contrôle du poids corporel, conduisant à une alternance d'hyperphagie et de vomissements ou d'utilisation de laxatifs. Ce trouble comporte de nombreuses caractéristiques de l'anorexie mentale, par exemple une préoccupation excessive par les formes corporelles et le poids. Les vomissements répétés peuvent provoquer des perturbations électrolytiques et des complications somatiques. Dans les antécédents, on retrouve souvent, mais pas toujours, un épisode d'anorexie mentale, survenu de quelques mois à plusieurs années plus tôt.",false,"",description_clinique,section Description clinique (OMS),glossaire du chapitre F — description clinique officielle du trouble,false,"",v1
460,F50.3,Boulimie atypique,V,4,sous_categorie,G,GLOSSAIRE,"Troubles qui comportent certaines caractéristiques de la boulimie, mais dont le tableau clinique global ne justifie pas ce diagnostic. Exemple : accès hyperphagiques récurrents et utilisation excessive de laxatifs sans changement significatif de poids, ou sans préoccupation excessive des formes ou du poids corporels.",false,"",description_clinique,section Description clinique (OMS),glossaire du chapitre F — description clinique officielle du trouble,false,"",v1
461,F50.4,Hyperphagie associée à d'autres perturbations psychologiques,V,4,sous_categorie,G,GLOSSAIRE,"Hyperphagie due à des événements stressants, tels que deuil, accident, accouchement, etc.",false,"",description_clinique,section Description clinique (OMS),glossaire du chapitre F — description clinique officielle du trouble,false,"",v1
462,F50.5,Vomissements associés à d'autres perturbations psychologiques,V,4,sous_categorie,G,GLOSSAIRE,"Vomissements répétés survenant au cours d'un trouble dissociatif (F44.-) et d'une hypocondrie (F45.2), et qui ne sont pas exclusivement imputables à une des affections classées en dehors de ce chapitre. Ce code peut également être utilisé en complément du code O21.- (vomissements incoercibles au cours de la grossesse), quand des facteurs émotionnels sont au premier plan dans la survenue de nausées et de vomissements récurrents au cours de la grossesse.",false,"",description_clinique,section Description clinique (OMS),glossaire du chapitre F — description clinique officielle du trouble,false,"",v1
463,F51,Troubles du sommeil non organiques,V,3,categorie,G,GLOSSAIRE,"Dans de nombreux cas, une perturbation du sommeil est l'un des symptômes d'un autre trouble mental ou physique. Savoir si, chez un patient donné, un trouble du sommeil est une perturbation indépendante ou simplement l'une des manifestations d'un autre trouble classé, soit dans ce chapitre, soit dans d'autres chapitres, doit être précisé sur la base des éléments cliniques et de l'évolution, aussi bien qu'à partir de considérations et de priorités thérapeutiques au moment de la consultation. En règle générale, ce code doit être utilisé conjointement à d'autres diagnostics pertinents décrivant la psychopathologie et la physiopathologie impliquées dans un cas donné, quand la perturbation du sommeil est une des plaintes prépondérantes et quand elle est ressentie comme une affection en elle-même. Cette catégorie  comprend uniquement les troubles du sommeil qui sont imputables à des facteurs émotionnels. Il ne comprend pas les troubles du sommeil imputables à des troubles somatiques identifiables classés ailleurs.",false,"",description_clinique,section Description clinique (OMS),glossaire du chapitre F — description clinique officielle du trouble,false,"",v1
464,F51.0,Insomnie non organique,V,4,sous_categorie,G,GLOSSAIRE,"Affection dans laquelle la durée et la qualité du sommeil ne sont pas satisfaisantes; qui persiste pendant une période prolongée; il peut s'agir d'une difficulté d'endormissement, d'une difficulté à rester endormi ou d'un réveil matinal précoce. L'insomnie est un symptôme commun à de nombreux troubles mentaux ou physiques; elle ne doit être classée ici, parallèlement au diagnostic principal, que lorsqu'elle domine le tableau clinique.",false,"",description_clinique,section Description clinique (OMS),glossaire du chapitre F — description clinique officielle du trouble,false,"",v1
465,F51.1,Hypersomnie non organique,V,4,sous_categorie,G,GLOSSAIRE,"L'hypersomnie est un état défini soit par une somnolence diurne excessive et des attaques de sommeil (non expliquées par une durée inadéquate de sommeil), soit par des périodes de transition prolongées, lors du réveil, entre le sommeil et l'état d'éveil complet. En l'absence d'un facteur organique expliquant la survenue d'une hypersomnie, cet état est habituellement attribuable à un trouble mental.",false,"",description_clinique,section Description clinique (OMS),glossaire du chapitre F — description clinique officielle du trouble,false,"",v1
466,F51.2,Trouble du rythme veille-sommeil non dû à une cause organique,V,4,sous_categorie,G,GLOSSAIRE,"Absence de synchronisme entre l'horaire veille-sommeil propre à un individu et l'horaire veille-sommeil approprié à son environnement, le sujet se plaignant soit d'insomnie, soit d'hypersomnie.",false,"",description_clinique,section Description clinique (OMS),glossaire du chapitre F — description clinique officielle du trouble,false,"",v1
467,F51.3,Somnambulisme,V,4,sous_categorie,G,GLOSSAIRE,"Altération de l'état de conscience tenant à la fois du sommeil et de la veille. Durant un épisode de somnambulisme, l'individu se lève du lit, habituellement au cours du premier tiers du sommeil nocturne et il déambule; ces manifestations correspondent à un niveau réduit de vigilance, de réactivité et d'habilité motrice. Au réveil, le sujet ne garde habituellement aucun souvenir de l'épisode.",false,"",description_clinique,section Description clinique (OMS),glossaire du chapitre F — description clinique officielle du trouble,false,"",v1
468,F51.4,Terreurs nocturnes,V,4,sous_categorie,G,GLOSSAIRE,"Elles constituent des épisodes nocturnes au cours desquels une terreur et une panique extrêmes sont associées à une vocalisation intense, à une agitation motrice et à un hyperfonctionnement neuro-végétatif. L'individu s'assied ou se lève, habituellement durant le premier tiers du sommeil nocturne, avec un cri de terreur. Assez souvent, il court jusqu'à la porte comme s'il essayait de s'échapper; en fait, il ne quitte que rarement sa chambre. Le souvenir de l'événement, s'il existe, est très limité (se réduisant habituellement à une ou deux images mentales fragmentaires).",false,"",description_clinique,section Description clinique (OMS),glossaire du chapitre F — description clinique officielle du trouble,false,"",v1
469,F51.5,Cauchemars,V,4,sous_categorie,G,GLOSSAIRE,"Expérience de rêve chargée d'anxiété ou de peur s'accompagnant d'un souvenir très détaillé du contenu du rêve. Cette expérience de rêve est très intense et comporte habituellement comme thèmes des menaces pour l'existence, la sécurité et l'estime de soi. Assez souvent, les cauchemars ont tendance à se répéter avec des thèmes identiques ou similaires. Les épisodes typiques comportent un certain degré de décharge neuro-végétative, mais pas d'activité verbale ou motrice notable. Au réveil, le sujet devient rapidement alerte et bien orienté.",false,"",description_clinique,section Description clinique (OMS),glossaire du chapitre F — description clinique officielle du trouble,false,"",v1
470,F52,"Dysfonctionnement sexuel, non dû à un trouble ou à une maladie organique",V,3,categorie,G,GLOSSAIRE,"Les dysfonctionnements sexuels regroupent les différents types de difficulté à avoir une relation sexuelle du type souhaité. La réponse sexuelle est un processus psychosomatique et, le plus souvent, des processus à la fois psychologiques et somatiques interviennent dans le déclenchement d'un trouble de la fonction sexuelle.",false,"",description_clinique,section Description clinique (OMS),glossaire du chapitre F — description clinique officielle du trouble,false,"",v1
471,F52.0,Absence ou perte de désir sexuel,V,4,sous_categorie,G,GLOSSAIRE,La perte du désir sexuel est le problème principal et n'est pas secondaire à d'autres difficultés sexuelles comme un défaut d'érection ou une dyspareunie.,false,"",description_clinique,section Description clinique (OMS),glossaire du chapitre F — description clinique officielle du trouble,false,"",v1
472,F52.1,Aversion sexuelle et manque de plaisir sexuel,V,4,sous_categorie,G,GLOSSAIRE,Soit la perspective d'une relation sexuelle déclenche une peur ou une anxiété telle que toute activité sexuelle est évitée (aversion sexuelle) soit les réponses sexuelles surviennent normalement et l'orgasme est ressenti mais il existe une absence de plaisir approprié (absence de plaisir sexuel).,false,"",description_clinique,section Description clinique (OMS),glossaire du chapitre F — description clinique officielle du trouble,false,"",v1
473,F52.2,Échec de la réponse génitale,V,4,sous_categorie,G,GLOSSAIRE,"Le problème principal chez les hommes est un trouble des fonctions érectiles  (difficulté à développer ou à maintenir une érection adéquate pour un rapport satisfaisant). Chez les femmes, le problème principal est une sécheresse vaginale ou un manque de lubrification.",false,"",description_clinique,section Description clinique (OMS),glossaire du chapitre F — description clinique officielle du trouble,false,"",v1
474,F52.3,Dysfonctionnement orgasmique,V,4,sous_categorie,G,GLOSSAIRE,L'orgasme ne survient pas ou est nettement retardé.,false,"",description_clinique,section Description clinique (OMS),glossaire du chapitre F — description clinique officielle du trouble,false,"",v1
475,F52.4,Éjaculation précoce,V,4,sous_categorie,G,GLOSSAIRE,Impossibilité de contrôler suffisamment l'éjaculation pour que les deux partenaires trouvent du plaisir dans les rapports sexuels.,false,"",description_clinique,section Description clinique (OMS),glossaire du chapitre F — description clinique officielle du trouble,false,"",v1
476,F52.5,Vaginisme non organique,V,4,sous_categorie,G,GLOSSAIRE,"Spasme des muscles du plancher pelvien qui entourent le vagin, provoquant l'occlusion de l'ouverture vaginale. L'intromission est impossible ou douloureuse.",false,"",description_clinique,section Description clinique (OMS),glossaire du chapitre F — description clinique officielle du trouble,false,"",v1
477,F52.6,Dyspareunie non organique,V,4,sous_categorie,G,GLOSSAIRE,La dyspareunie (ou douleur durant les relations sexuelles) survient tant chez la femme que chez l'homme. Elle peut souvent être attribuée à une cause pathologique locale et doit alors être classée dans la rubrique de l'affection pathologique en cause. Cette catégorie doit être utilisée uniquement lorsqu'il n'y a pas un autre dysfonctionnement sexuel primaire (par exemple un vaginisme ou une sécheresse vaginale).,false,"",description_clinique,section Description clinique (OMS),glossaire du chapitre F — description clinique officielle du trouble,false,"",v1
478,F53,"Troubles mentaux et du comportement associés à la puerpéralité, non classés ailleurs",V,3,categorie,G,GLOSSAIRE,"Classer ici uniquement des troubles mentaux associés à la puerpéralité qui apparaissent durant les six premières semaines après l'accouchement et qui ne répondent pas aux critères d'un autre trouble classé ailleurs dans ce chapitre, soit parce que les informations disponibles ne sont pas suffisantes, soit parce qu'ils présentent des caractéristiques cliniques supplémentaires particulières ne permettant pas de les classer ailleurs de façon appropriée.",false,"",description_clinique,section Description clinique (OMS),glossaire du chapitre F — description clinique officielle du trouble,false,"",v1
479,F54,Facteurs psychologiques et comportementaux associés à des maladies ou des troubles classés ailleurs,V,3,categorie,G,GLOSSAIRE,"Cette catégorie doit être utilisée pour enregistrer la présence de facteurs psychologiques ou comportementaux supposés avoir joué un rôle majeur dans la survenue d'un trouble physique classable dans l'un des autres chapitres. Les perturbations psychiques attribuables à ces facteurs sont habituellement légères, mais souvent persistantes (par exemple, une inquiétude, un conflit émotionnel, une appréhension) et leur présence ne justifie pas un diagnostic de l'une quelconque des catégories décrites dans ce chapitre.",false,"",description_clinique,section Description clinique (OMS),glossaire du chapitre F — description clinique officielle du trouble,false,"",v1
480,F55,Abus de substances n'entraînant pas de dépendance,V,3,categorie,G,GLOSSAIRE,"Des spécialités pharmaceutiques et des remèdes populaires très divers peuvent être impliqués. Trois groupes sont particulièrement importants: a) des médicaments psychotropes n'entraînant pas de dépendance tels les antidépresseurs, b) les laxatifs, et c) des analgésiques pouvant être achetés sans prescription médicale, tels que l'aspirine et le paracétamol.<P>L'utilisation persistante de ces substances entraîne fréquemment des contacts excessifs avec des professionnels de la santé ou leurs équipes et s'accompagne parfois d'effets somatiques nocifs induits par les substances. Les sujets s'opposent souvent aux tentatives faites pour déconseiller ou interdire l'utilisation du produit; en ce qui concerne les laxatifs et les analgésiques, les sujets peuvent ne pas tenir compte des avertissements relatifs aux complications somatiques telles qu'un dysfonctionnement rénal ou des perturbations électrolytiques (voire à la survenue de celles-ci). Alors que le patient a habituellement une appétence manifeste pour la substance, il ne présente pas de symptômes de dépendance ou de sevrage comme dans le cas des substances psycho-actives précisées en F10-F19.",true,"",description_clinique,section Description clinique (OMS),glossaire du chapitre F — description clinique officielle du trouble,false,"",v1
482,F60,Troubles spécifiques de la personnalité,V,3,categorie,G,GLOSSAIRE,"Il s'agit de perturbations sévères de la personnalité et des tendances comportementales de l'individu, non directement imputables à une maladie, une lésion, ou une autre atteinte cérébrale, ou à un autre trouble psychiatrique. Ces perturbations concernent habituellement plusieurs secteurs de la personnalité; elles s'accompagnent en général d'un bouleversement personnel et social considérable, apparaissent habituellement durant l'enfance ou l'adolescence et persistent pendant tout l'âge adulte.",false,"",description_clinique,section Description clinique (OMS),glossaire du chapitre F — description clinique officielle du trouble,false,"",v1
483,F60.0,Personnalité paranoïaque,V,4,sous_categorie,G,GLOSSAIRE,"Trouble de la personnalité caractérisé par une sensibilité excessive aux rebuffades, un refus de pardonner les insultes, un caractère soupçonneux, une tendance à fausser les événements en interprétant les actions impartiales ou amicales d'autrui comme hostiles ou méprisantes, une suspicion répétée, sans justification, en ce qui concerne la fidélité de son conjoint ou partenaire sexuel et un sens tenace et agressif de ses propres droits. Il peut exister une tendance à une surévaluation de sa propre importance et souvent une référence excessive à sa propre personne.",false,"",description_clinique,section Description clinique (OMS),glossaire du chapitre F — description clinique officielle du trouble,false,"",v1
484,F60.1,Personnalité schizoïde,V,4,sous_categorie,G,GLOSSAIRE,"Trouble de la personnalité caractérisé par un retrait des contacts (sociaux, affectifs ou autres), une préférence pour la fantaisie, les activités solitaires et l'introspection. Il existe une limitation à exprimer ses sentiments et à éprouver du plaisir.",false,"",description_clinique,section Description clinique (OMS),glossaire du chapitre F — description clinique officielle du trouble,false,"",v1
485,F60.2,Personnalité dyssociale,V,4,sous_categorie,G,GLOSSAIRE,"Trouble de la personnalité caractérisé par un mépris des obligations sociales  et une indifférence froide pour autrui. Il y a un écart considérable entre le comportement et les normes sociales établies. Le comportement n'est guère modifié par les expériences vécues, y compris par les sanctions. Il existe une faible tolérance à la frustration et un abaissement du seuil de décharge de l'agressivité y compris de la violence; il y a une tendance à blâmer autrui ou à justifier un comportement amenant le sujet à entrer en conflit avec la société par des rationalisations plausibles.",false,"",description_clinique,section Description clinique (OMS),glossaire du chapitre F — description clinique officielle du trouble,false,"",v1
486,F60.3,Personnalité émotionnellement labile,V,4,sous_categorie,G,GLOSSAIRE,"Trouble de la personnalité caractérisé par une tendance nette à agir de façon impulsive et sans considération pour les conséquences possibles, une humeur imprévisible et capricieuse, une tendance aux explosions émotionnelles et une difficulté à contrôler les comportements impulsifs, une tendance à adopter un comportement querelleur et à entrer en conflit avec les autres, particulièrement lorsque les actes impulsifs sont contrariés ou empêchés. Deux types peuvent être distingués : le type impulsif, caractérisé principalement par une instabilité émotionnelle et un manque de contrôle des impulsions, et le type borderline, caractérisé en outre par des perturbations de l'image de soi, de l'établissement de projets et des préférences personnelles, par un sentiment chronique de vide intérieur, par des relations interpersonnelles intenses et instables et par une tendance à adopter un comportement auto-destructeur, comprenant des tentatives de suicide et des gestes suicidaires.",false,"",description_clinique,section Description clinique (OMS),glossaire du chapitre F — description clinique officielle du trouble,false,"",v1
487,F60.4,Personnalité histrionique,V,4,sous_categorie,G,GLOSSAIRE,"Trouble de la personnalité caractérisé par une affectivité superficielle et labile, une dramatisation, un théâtralisme, une expression exagérée des émotions, une suggestibilité, un égocentrisme, une auto-complaisance, un manque de considération pour autrui, une tendance à être facilement blessé, un besoin d'excitation et un désir permanent d'être apprécié et d'être l'objet d'attention.",false,"",description_clinique,section Description clinique (OMS),glossaire du chapitre F — description clinique officielle du trouble,false,"",v1
488,F60.5,Personnalité anankastique,V,4,sous_categorie,G,GLOSSAIRE,"Trouble de la personnalité caractérisé par un sentiment de doute, un perfectionnisme, une scrupulosité, des vérifications et des préoccupations pour les détails, un entêtement, une prudence et une rigidité excessives. Le trouble peut s'accompagner de pensées ou d'impulsions répétitives et intrusives n'atteignant pas la sévérité d'un trouble obsessionnel-compulsif.",false,"",description_clinique,section Description clinique (OMS),glossaire du chapitre F — description clinique officielle du trouble,false,"",v1
489,F60.6,Personnalité anxieuse [évitante],V,4,sous_categorie,G,GLOSSAIRE,"Trouble de la personnalité caractérisé par un sentiment de tension et d'appréhension, d'insécurité et d'infériorité. Il existe un désir perpétuel d'être aimé et accepté, une hypersensibilité à la critique et au rejet, une réticence à nouer des relations et une tendance à éviter certaines activités en raison d'une exagération des dangers ou des risques potentiels de situations banales.",false,"",description_clinique,section Description clinique (OMS),glossaire du chapitre F — description clinique officielle du trouble,false,"",v1
490,F60.7,Personnalité dépendante,V,4,sous_categorie,G,GLOSSAIRE,"Trouble de la personnalité caractérisé par une tendance systématique à laisser passivement autrui prendre les décisions, importantes ou mineures, le concernant, par une crainte d'être abandonné, des sentiments d'impuissance et d'incompétence, une soumission passive à la volonté d'autrui (par exemple de personnes plus âgées) et une difficulté à faire face aux exigences de la vie quotidienne. Un manque d'énergie peut se manifester dans le domaine intellectuel ou émotionnel; il existe souvent une tendance à rejeter la responsabilité sur autrui.",false,"",description_clinique,section Description clinique (OMS),glossaire du chapitre F — description clinique officielle du trouble,false,"",v1
491,F61,Troubles mixtes de la personnalité et autres troubles de la personnalité,V,3,categorie,G,GLOSSAIRE,"Cette catégorie concerne des troubles de la personnalité, souvent gênants, mais ne présentant pas les caractéristiques symptomatiques spécifiques de l'un quelconque des troubles décrits en F60.-. De ce fait, le diagnostic de ces troubles soulève souvent des difficultés.<P>Exemples :<P>modifications gênantes de la personnalité, non classables en F60.- ou F62.-, et considérées comme accessoires comparativement à un diagnostic principal de trouble affectif ou anxieux concomitant;<P>troubles mixtes de la personnalité avec présence de caractéristiques appartenant à plusieurs des troubles décrits en F60.-, mais sans prédominance d'un groupe déterminé de symptômes permettant de faire un diagnostic plus spécifique",false,"",description_clinique,section Description clinique (OMS),glossaire du chapitre F — description clinique officielle du trouble,false,"",v1
492,F62,Modification durable de la personnalité non attribuable à une lésion et une maladie cérébrales,V,3,categorie,G,GLOSSAIRE,"Cette catégorie concerne des anomalies de la personnalité et du comportement chez l'adulte, survenant en l'absence de troubles préalables de la personnalité et faisant suite à un facteur de stress, soit catastrophique, soit excessif et prolongé, ou à une maladie psychiatrique sévère. Ce diagnostic ne doit être porté que dans les cas où on a la preuve d'un changement manifeste et durable des modes de perception, de relation ou de pensée concernant l'environnement ou soi-même. La modification de la personnalité doit être significative et être associée à un comportement rigide et mal adapté, absent avant la survenue de l'événement pathogène. La modification ne doit pas être la manifestation directe d'un autre trouble mental ni un symptôme résiduel d'un trouble mental antérieur.",false,"",description_clinique,section Description clinique (OMS),glossaire du chapitre F — description clinique officielle du trouble,false,"",v1
493,F62.0,Modification durable de la personnalité après une expérience de catastrophe,V,4,sous_categorie,G,GLOSSAIRE,"Modification durable de la personnalité, persistant au moins deux ans, à la suite de l'exposition à un facteur de stress catastrophique. Le facteur de stress doit être d'une intensité telle qu'il n'est pas nécessaire de se référer à une vulnérabilité personnelle pour expliquer son effet profond sur la personnalité. Le trouble se caractérise par une attitude hostile ou méfiante envers le monde, un retrait social, des sentiments de vide ou de désespoir, par l'impression permanente d'être ""sous tension"" comme si on était constamment menacé et par un détachement. Un état de stress post-traumatique (F43.1) peut précéder ce type de modification de la personnalité.",false,"",description_clinique,section Description clinique (OMS),glossaire du chapitre F — description clinique officielle du trouble,false,"",v1
494,F62.1,Modification durable de la personnalité après une maladie psychiatrique,V,4,sous_categorie,G,GLOSSAIRE,"Modification de la personnalité, persistant au moins deux ans, imputable à l'expérience traumatique d'une maladie psychiatrique sévère. Le changement ne peut pas s'expliquer par un trouble antérieur de la personnalité et doit être différencié d'une schizophrénie résiduelle et d'autres états morbides consécutifs à la guérison incomplète d'un trouble mental antérieur. Ce trouble se caractérise par une dépendance et une attitude de demande excessives vis-à-vis des autres, par la conviction d'avoir été transformé ou marqué par la maladie au point de ne pas parvenir à établir ou maintenir des relations interpersonnelles étroites et confiantes et de s'isoler socialement, par une passivité, une perte des intérêts et un engagement moindre dans les activités de loisir, par des plaintes persistantes de se sentir souffrant, parfois associées à des plaintes hypocondriaques et à un comportement de malade, par une humeur dysphorique ou labile non due à un trouble mental actuel ni aux symptômes affectifs résiduels d'un trouble mental antérieur et par des problèmes à long terme du fonctionnement social et professionnel.",false,"",description_clinique,section Description clinique (OMS),glossaire du chapitre F — description clinique officielle du trouble,false,"",v1
495,F63,Troubles des habitudes et des impulsions,V,3,categorie,G,GLOSSAIRE,"Cette catégorie comprend certains troubles du comportement qui ne peuvent pas être classés sous d'autres rubriques. Ils sont caractérisés par des actes répétés, sans motivation rationnelle claire, incontrôlables, et qui vont généralement à l'encontre des intérêts du sujet lui-même et de ceux d'autres personnes. Le sujet indique que son comportement est sous l'emprise d'impulsions à agir. La cause de ces troubles n'est pas connue. Ils ont été regroupés en raison de certaines similitudes dans leur tableau clinique, non parce qu'ils ont en commun d'autres caractéristiques importantes.",false,"",description_clinique,section Description clinique (OMS),glossaire du chapitre F — description clinique officielle du trouble,false,"",v1
496,F63.0,Jeu pathologique,V,4,sous_categorie,G,GLOSSAIRE,"Trouble consistant en des épisodes répétés et fréquents de jeu qui dominent la vie du sujet au détriment des valeurs et des obligations sociales, professionnelles, matérielles et familiales.",false,"",description_clinique,section Description clinique (OMS),glossaire du chapitre F — description clinique officielle du trouble,false,"",v1
497,F63.1,Tendance pathologique à allumer des incendies [pyromanie],V,4,sous_categorie,G,GLOSSAIRE,"Trouble caractérisé par des actes ou tentatives multiples visant à mettre le feu aux objets et aux biens sans motif apparent, associé à des préoccupations idéiques persistantes concernant le feu ou l'incendie. Ce comportement s'accompagne souvent d'un état de tension croissante avant l'acte et d'une excitation intense immédiatement après.",false,"",description_clinique,section Description clinique (OMS),glossaire du chapitre F — description clinique officielle du trouble,false,"",v1
498,F63.2,Tendance pathologique à commettre des vols [kleptomanie],V,4,sous_categorie,G,GLOSSAIRE,"Trouble caractérisé par des impossibilités répétées à résister aux impulsions de vol d'objets. Les objets ne sont pas volés pour leur utilité immédiate ou leur valeur monétaire; le sujet peut, au contraire, soit les jeter, soit les donner, soit encore les entasser. Ce comportement s'accompagne habituellement d'un état de tension croissante avant l'acte et d'un sentiment de satisfaction pendant et immédiatement après la réalisation de celui-ci.",false,"",description_clinique,section Description clinique (OMS),glossaire du chapitre F — description clinique officielle du trouble,false,"",v1
499,F63.3,Trichotillomanie,V,4,sous_categorie,G,GLOSSAIRE,"Trouble caractérisé par une perte visible des cheveux, causée par une impossibilité répétée de résister aux impulsions à s'arracher les cheveux. L'arrachage des cheveux est habituellement précédé par une sensation croissante de tension et suivi d'un sentiment de soulagement ou de satisfaction. On ne porte pas ce diagnostic quand le sujet présente une affection inflammatoire pré-existante du cuir chevelu, ou quand il s'arrache les cheveux à la suite d'idées délirantes ou d'hallucinations.",false,"",description_clinique,section Description clinique (OMS),glossaire du chapitre F — description clinique officielle du trouble,false,"",v1
500,F63.8,Autres troubles des habitudes et des impulsions,V,4,sous_categorie,G,GLOSSAIRE,"Autres variétés de comportements inadaptés persistants et répétés, non secondaires à un syndrome psychiatrique reconnu. Le sujet ne parvient pas, de façon répétitive, à résister à des impulsions le poussant à adopter ce comportement, avec une période prodromique de tension suivie d'un sentiment de soulagement lors de la réalisation de l'acte.",false,"",description_clinique,section Description clinique (OMS),glossaire du chapitre F — description clinique officielle du trouble,false,"",v1
501,F64.0,Transsexualisme,V,4,sous_categorie,G,GLOSSAIRE,Il s'agit d'un désir de vivre et d'être accepté en tant que personne appartenant au sexe opposé. Ce désir s'accompagne habituellement d'un sentiment de malaise ou d'inadaptation par rapport à son sexe anatomique et du souhait de subir une intervention chirurgicale ou un traitement hormonal afin de rendre son corps aussi conforme que possible au sexe désiré.,false,"",description_clinique,section Description clinique (OMS),glossaire du chapitre F — description clinique officielle du trouble,false,"",v1
502,F64.1,Travestisme bivalent,V,4,sous_categorie,G,GLOSSAIRE,"Ce terme désigne le fait de porter des vêtements du sexe opposé pendant une partie de son existence, de façon à se satisfaire de l'expérience temporaire d'appartenir au sexe opposé, mais sans désir de changement de sexe plus permanent ou moyennant une transformation chirurgicale; le changement de vêtements ne s'accompagne d'aucune excitation sexuelle.",false,"",description_clinique,section Description clinique (OMS),glossaire du chapitre F — description clinique officielle du trouble,false,"",v1
503,F64.2,Trouble de l'identité sexuelle de l'enfance,V,4,sous_categorie,G,GLOSSAIRE,"Trouble se manifestant habituellement pour la première fois dans la première enfance (et toujours bien avant la puberté), caractérisé par une souffrance intense et persistante relative au sexe assigné, accompagné d'un désir d'appartenir à l'autre sexe (ou d'une affirmation d'en faire partie). Les vêtements et les activités propres au sexe opposé et un rejet de son propre sexe sont des préoccupations persistantes. Il faut qu'il existe une perturbation profonde de l'identité sexuelle normale pour porter ce diagnostic; il ne suffit pas qu'une fille soit simplement un ""garçon manqué"" ou qu'un garçon soit une ""fille manquée"". Les troubles de l'identité sexuelle chez les individus pubères ou pré-pubères ne doivent pas être classés ici, mais en F66.-.",false,"",description_clinique,section Description clinique (OMS),glossaire du chapitre F — description clinique officielle du trouble,false,"",v1
504,F65.0,Fétichisme,V,4,sous_categorie,G,GLOSSAIRE,"Utilisation d'objets inanimés comme stimulus de l'excitation et de la satisfaction sexuelle. De nombreux fétiches sont des prolongements du corps, comme des vêtements ou des chaussures. D'autres exemples courants concernent une texture particulière comme le caoutchouc, le plastique ou le cuir. Les objets fétiches varient dans leur importance d'un individu à l'autre. Dans certains cas, ils servent simplement à renforcer l'excitation sexuelle, atteinte par ailleurs dans des conditions normales (par exemple le fait d'avoir un partenaire qui porte un vêtement particulier).",false,"",description_clinique,section Description clinique (OMS),glossaire du chapitre F — description clinique officielle du trouble,false,"",v1
505,F65.1,Travestisme fétichiste,V,4,sous_categorie,G,GLOSSAIRE,"Port de vêtements du sexe opposé, principalement dans le but d'obtenir une excitation sexuelle et de créer l'apparence d'une personne du sexe opposé. Le travestisme fétichiste se distingue du travestisme transsexuel par sa nette association avec une excitation sexuelle et par le besoin de se débarrasser des vêtements une fois l'orgasme atteint et l'excitation sexuelle retombée. Il peut survenir en tant que phase précoce du développement d'un transsexualisme.",false,"",description_clinique,section Description clinique (OMS),glossaire du chapitre F — description clinique officielle du trouble,false,"",v1
506,F65.2,Exhibitionnisme,V,4,sous_categorie,G,GLOSSAIRE,"Tendance récurrente ou persistante à exposer les organes génitaux à des étrangers (en général du sexe opposé) ou à des gens dans des endroits publics, sans désirer ou solliciter un contact plus étroit. Il y a habituellement, mais non constamment, excitation sexuelle au moment de l'exhibition et l'acte est, en général, suivi de masturbation.",false,"",description_clinique,section Description clinique (OMS),glossaire du chapitre F — description clinique officielle du trouble,false,"",v1
507,F65.3,Voyeurisme,V,4,sous_categorie,G,GLOSSAIRE,Tendance récurrente ou persistante à observer des personnes qui se livrent à des activités sexuelles ou intimes comme le déshabillage. Cela survient sans que la personne observée sache qu'elle l'est et conduit généralement à une excitation sexuelle et à une masturbation.,false,"",description_clinique,section Description clinique (OMS),glossaire du chapitre F — description clinique officielle du trouble,false,"",v1
508,F65.4,Pédophilie,V,4,sous_categorie,G,GLOSSAIRE,"Préférence sexuelle pour les enfants, qu'il s'agisse de garçons, de filles, ou de sujets de l'un ou l'autre sexe, généralement d'âge prépubère ou au début de la puberté.",false,"",description_clinique,section Description clinique (OMS),glossaire du chapitre F — description clinique officielle du trouble,false,"",v1
509,F65.5,Sadomasochisme,V,4,sous_categorie,G,GLOSSAIRE,"Préférence pour une activité sexuelle qui implique douleur, humiliation ou asservissement. Si le sujet préfère être l'objet d'une telle stimulation, on parle de masochisme; s'il préfère en être l'exécutant, il s'agit de sadisme. Souvent, un individu obtient l'excitation sexuelle par des comportements à la fois sadiques et masochistes.",false,"",description_clinique,section Description clinique (OMS),glossaire du chapitre F — description clinique officielle du trouble,false,"",v1
510,F65.6,Troubles multiples de la préférence sexuelle,V,4,sous_categorie,G,GLOSSAIRE,"Parfois, une personne présente plusieurs anomalies de la préférence sexuelle sans qu'aucune d'entre elles soit au premier plan. L'association la plus fréquente regroupe le fétichisme, le travestisme et le sado-masochisme.",false,"",description_clinique,section Description clinique (OMS),glossaire du chapitre F — description clinique officielle du trouble,false,"",v1
511,F65.8,Autres troubles de la préférence sexuelle,V,4,sous_categorie,G,GLOSSAIRE,"Diverses autres modalités de la préférence et du comportement sexuel tels que le fait de dire des obscénités au téléphone, de se frotter à autrui dans des endroits publics combles à la recherche d'une stimulation sexuelle, l'activité sexuelle avec un animal, l'emploi de la strangulation ou de l'anoxie pour augmenter l'excitation sexuelle.",false,"",description_clinique,section Description clinique (OMS),glossaire du chapitre F — description clinique officielle du trouble,false,"",v1
512,F66.0,Trouble de la maturation sexuelle,V,4,sous_categorie,G,GLOSSAIRE,"Le sujet est incertain quant à son identité sexuelle ou son orientation sexuelle et sa souffrance est responsable d'anxiété ou de dépression. La plupart du temps, cela survient chez des adolescents qui ne sont pas certains de leur orientation, homosexuelle, hétérosexuelle ou bisexuelle, ou chez des sujets qui, après une période d'orientation sexuelle apparemment stable (souvent dans une relation de longue durée) éprouvent un changement dans leur orientation sexuelle.",false,"",description_clinique,section Description clinique (OMS),glossaire du chapitre F — description clinique officielle du trouble,false,"",v1
513,F66.1,Orientation sexuelle égodystonique,V,4,sous_categorie,G,GLOSSAIRE,"Il n'existe pas de doute quant à l'identité ou la préférence sexuelle (hétérosexualité, homosexualité, bisexualité ou préférence pour les enfants), mais le sujet désire modifier cette identité ou cette préférence, en raison de troubles psychologiques et du comportement associés, et il peut chercher à se faire traiter pour changer.",false,"",description_clinique,section Description clinique (OMS),glossaire du chapitre F — description clinique officielle du trouble,false,"",v1
514,F66.2,Problème sexuel relationnel,V,4,sous_categorie,G,GLOSSAIRE,"L'identité ou l'orientation sexuelle (hétérosexuelle, homosexuelle ou bisexuelle) entraîne des difficultés dans l'établissement et le maintien de relations sexuelles avec un partenaire.",false,"",description_clinique,section Description clinique (OMS),glossaire du chapitre F — description clinique officielle du trouble,false,"",v1
515,F68.0,Majoration de symptômes physiques pour des raisons psychologiques,V,4,sous_categorie,G,GLOSSAIRE,"Symptômes physiques compatibles avec -  et initialement dus à - un trouble, une maladie ou une incapacité physique, mais amplifiés ou entretenus par l'état psychique du patient. Le sujet réagit habituellement par un sentiment de détresse à la douleur ou à l'incapacité et redoute, parfois à juste titre, une persistance ou une aggravation de son incapacité ou de sa douleur.",false,"",description_clinique,section Description clinique (OMS),glossaire du chapitre F — description clinique officielle du trouble,false,"",v1
516,F68.1,"Production intentionnelle ou simulation de symptômes ou d'une incapacité, soit physique soit psychologique [trouble factice]",V,4,sous_categorie,G,GLOSSAIRE,"Simulation répétée de symptômes, sans objectifs évidents, avec parfois auto-mutilation dans le but de provoquer des signes ou des symptômes. Les motifs ne sont pas clairs, et probablement internes, visant à obtenir un rôle de malade et s'accompagnent souvent d'une perturbation nette de la personnalité et des relations.",false,"",description_clinique,section Description clinique (OMS),glossaire du chapitre F — description clinique officielle du trouble,false,"",v1
518,F70,Retard mental léger,V,3,categorie,G,GLOSSAIRE,"Q.I. de 50 à 69 (chez les adultes, âge mental de 9 à moins de 12 ans). Aboutira vraisemblablement à des difficultés scolaires. Beaucoup d'adultes seront capables de travailler et de maintenir de bonnes relations sociales, et de s'intégrer à la société.",false,"",description_clinique,section Description clinique (OMS),glossaire du chapitre F — description clinique officielle du trouble,false,"",v1
519,F71,Retard mental moyen,V,3,categorie,G,GLOSSAIRE,"Q.I. de 35 à 49 (chez les adultes, âge mental de 6 à moins de 9 ans). Aboutira vraisemblablement à d'importants retards de développement dans l'enfance mais beaucoup peuvent acquérir des aptitudes scolaires et un certain degré d'indépendance et les capacités suffisantes pour communiquer.  Les adultes auront besoin d'un soutien, de niveaux variés, pour travailler et vivre dans la communauté.",false,"",description_clinique,section Description clinique (OMS),glossaire du chapitre F — description clinique officielle du trouble,false,"",v1
520,F72,Retard mental grave,V,3,categorie,G,GLOSSAIRE,"Q.I. de 20 à 34 (chez les adultes, âge mental de 3 à moins de 6 ans). Aboutira vraisemblablement à un besoin prolongé de soutien.",false,"",description_clinique,section Description clinique (OMS),glossaire du chapitre F — description clinique officielle du trouble,false,"",v1
521,F73,Retard mental profond,V,3,categorie,G,GLOSSAIRE,"Q.I. au-dessous de 20 (chez les adultes, âge mental en dessous de 3 ans). Aboutit à une limitation très marquée des capacités de prendre soin de soi-même, de contrôler ses besoins naturels, de communiquer et de se déplacer.",false,"",description_clinique,section Description clinique (OMS),glossaire du chapitre F — description clinique officielle du trouble,false,"",v1
600,F78,Autres formes de retard mental,V,3,categorie,G,GLOSSAIRE,"",false,"",description_clinique,section Description clinique (OMS),glossaire du chapitre F — description clinique officielle du trouble,false,"",v1
601,F79,"Retard mental, sans précision",V,3,categorie,G,GLOSSAIRE,"",false,"",description_clinique,section Description clinique (OMS),glossaire du chapitre F — description clinique officielle du trouble,false,"",v1
523,F80,Troubles spécifiques du développement de la parole et du langage,V,3,categorie,G,GLOSSAIRE,"Troubles dans lesquels les modalités normales d'acquisition du langage sont altérées dès les premiers stades du développement. Ces troubles ne sont pas directement attribuables à des anomalies neurologiques, des anomalies anatomiques de l'appareil phonatoire, des altérations sensorielles, un retard mental ou des facteurs de l'environnement. Les troubles spécifiques du développement de la parole et du langage s'accompagnent souvent de problèmes associés, tels des difficultés de la lecture et de l'orthographe, une perturbation des relations interpersonnelles, des troubles émotionnels et des troubles du comportement.",false,"",description_clinique,section Description clinique (OMS),glossaire du chapitre F — description clinique officielle du trouble,false,"",v1
524,F80.0,Trouble spécifique de l'acquisition de l'articulation,V,4,sous_categorie,G,GLOSSAIRE,"Trouble spécifique du développement dans lequel l'utilisation par l'enfant des phonèmes est inférieure au niveau correspondant à son âge mental, mais avec un niveau linguistique normal.",false,"",description_clinique,section Description clinique (OMS),glossaire du chapitre F — description clinique officielle du trouble,false,"",v1
525,F80.1,"Trouble de l'acquisition du langage, de type expressif",V,4,sous_categorie,G,GLOSSAIRE,"Trouble spécifique du développement dans lequel les capacités de l'enfant à utiliser le langage oral sont nettement inférieures au niveau correspondant à son âge mental, mais dans lequel la compréhension du langage se situe dans les limites de la normale. Le trouble peut s'accompagner ou non d'une perturbation de l'articulation.",false,"",description_clinique,section Description clinique (OMS),glossaire du chapitre F — description clinique officielle du trouble,false,"",v1
526,F80.2,"Trouble de l'acquisition du langage, de type réceptif",V,4,sous_categorie,G,GLOSSAIRE,"Trouble spécifique du développement dans lequel les capacités de l'enfant à comprendre le langage sont inférieures au niveau correspondant à son âge mental. En fait, dans la plupart des cas, le versant expressif est, lui aussi, nettement altéré et il existe habituellement des perturbations de l'articulation.",false,"",description_clinique,section Description clinique (OMS),glossaire du chapitre F — description clinique officielle du trouble,false,"",v1
527,F80.3,Aphasie acquise avec épilepsie [Landau–Kleffner],V,4,sous_categorie,G,GLOSSAIRE,"Trouble dans lequel l'enfant, dont le langage s'est auparavant développé normalement, perd ses acquisitions de langage, à la fois sur le versant expressif et réceptif, tout en gardant une intelligence normale. La survenue du trouble s'accompagne d'anomalies paroxystiques à l'EEG et, dans la plupart des cas, de crises d'épilepsie. Le trouble apparaît habituellement entre trois et sept ans, avec perte du langage en quelques jours ou quelques semaines. La succession dans le temps, entre le début des crises épileptiques et la perte du langage, est assez variable, l'une des deux manifestations précédant l'autre (ou inversement) de quelques mois à deux ans. Ce trouble pourrait être dû à un processus encéphalitique inflammatoire. Dans environ deux tiers des cas, les sujets gardent un déficit plus ou moins important du langage (de type réceptif).",false,"",description_clinique,section Description clinique (OMS),glossaire du chapitre F — description clinique officielle du trouble,false,"",v1
528,F81,Troubles spécifiques du développement des acquisitions scolaires,V,3,categorie,G,GLOSSAIRE,Troubles dans lesquels les modalités habituelles d'apprentissage sont altérées dès les premières étapes du développement. L'altération n'est pas seulement la conséquence d'un manque d'occasions d'apprentissage ou d'un retard mental et elle n'est pas due à un traumatisme cérébral ou à une atteinte cérébrale acquise.,false,"",description_clinique,section Description clinique (OMS),glossaire du chapitre F — description clinique officielle du trouble,false,"",v1
529,F81.0,Trouble spécifique de la lecture,V,4,sous_categorie,G,GLOSSAIRE,"La caractéristique essentielle est une altération spécifique et significative de l'acquisition de la lecture, non imputable exclusivement à un âge mental bas, à des troubles de l'acuité visuelle ou à une scolarisation inadéquate. Les capacités de compréhension de la lecture, la reconnaissance des mots, la lecture orale et les performances dans les tâches nécessitant la lecture, peuvent, toutes, être atteintes. Le trouble spécifique de la lecture s'accompagne fréquemment de difficultés en orthographe, persistant souvent à l'adolescence, même quand l'enfant a pu faire quelques progrès en lecture. Les enfants présentant un trouble spécifique de la lecture ont souvent des antécédents de troubles de la parole ou du langage. Le trouble s'accompagne souvent de troubles émotionnels et de perturbations du comportement pendant l'âge scolaire.",false,"",description_clinique,section Description clinique (OMS),glossaire du chapitre F — description clinique officielle du trouble,false,"",v1
530,F81.1,Trouble spécifique de l'acquisition de l'orthographe,V,4,sous_categorie,G,GLOSSAIRE,"La caractéristique essentielle est une altération spécifique et significative du développement des performances en orthographe, en l'absence d'antécédents d'un trouble spécifique de la lecture et non imputable à un âge mental bas, à des troubles de l'acuité visuelle, ou à une scolarisation inadéquate. Les capacités à épeler oralement et à écrire correctement les mots sont toutes deux affectées.",false,"",description_clinique,section Description clinique (OMS),glossaire du chapitre F — description clinique officielle du trouble,false,"",v1
531,F81.2,Trouble spécifique de l'acquisition de l'arithmétique,V,4,sous_categorie,G,GLOSSAIRE,"Altération spécifique des performances en arithmétique, non imputable exclusivement à un retard mental global ou à une scolarisation inadéquate. L'altération concerne la maîtrise des éléments de base du calcul : addition, soustraction, multiplication et division (c'est-à-dire, n'est pas limitée aux capacités mathématiques plus abstraites impliquées dans l'algèbre, la trigonométrie, la géométrie ou le calcul différentiel et intégral).",false,"",description_clinique,section Description clinique (OMS),glossaire du chapitre F — description clinique officielle du trouble,false,"",v1
532,F81.3,Trouble mixte des acquisitions scolaires,V,4,sous_categorie,G,GLOSSAIRE,"Catégorie résiduelle mal définie de troubles dans lesquels il existe à la fois une altération significative du calcul et de la lecture ou de l'orthographe, non imputable exclusivement à un retard mental global ou une scolarisation inadéquate. Cette catégorie doit être utilisée pour des troubles répondant à la fois aux critères de F81.2 et de F81.0 ou de F81.1.",false,"",description_clinique,section Description clinique (OMS),glossaire du chapitre F — description clinique officielle du trouble,false,"",v1
533,F82,Trouble spécifique du développement moteur,V,3,categorie,G,GLOSSAIRE,"Altération sévère du développement de la coordination motrice, non imputable exclusivement à un retard mental global ou à une affection neurologique spécifique, congénitale ou acquise. Dans la plupart des cas, un examen clinique détaillé permet toutefois de mettre en évidence des signes traduisant une immaturité significative du développement neurologique, par exemple des mouvements choréiformes des membres, des syncinésies d'imitation, et d'autres signes moteurs associés, ainsi que des perturbations de la coordination motrice fine et globale.",false,"",description_clinique,section Description clinique (OMS),glossaire du chapitre F — description clinique officielle du trouble,false,"",v1
534,F83,Troubles spécifiques mixtes du développement,V,3,categorie,G,GLOSSAIRE,"Catégorie résiduelle de troubles, dans lesquels il existe à la fois des signes d'un trouble spécifique du développement, de la parole et du langage, des acquisitions scolaires et des fonctions motrices, mais sans qu'aucun de ces éléments ne prédomine suffisamment pour constituer le diagnostic principal. Cette catégorie, mixte, doit être réservée à des cas où il existe un chevauchement important de chacun de ces troubles spécifiques du développement. Ces troubles s'accompagnent habituellement, mais pas toujours, d'un certain degré d'altération des fonctions cognitives. Cette catégorie doit ainsi être utilisée pour des perturbations répondant aux critères d'au moins deux des catégories F80.-, F81.- et F82.",false,"",description_clinique,section Description clinique (OMS),glossaire du chapitre F — description clinique officielle du trouble,false,"",v1
535,F84,Troubles envahissants du développement,V,3,categorie,G,GLOSSAIRE,"Groupe de troubles caractérisés par des altérations qualitatives des interactions sociales réciproques et des modalités de communication, ainsi que par un répertoire d'intérêts et d'activités restreint, stéréotypé et répétitif. Ces anomalies qualitatives constituent une caractéristique envahissante du fonctionnement du sujet, en toutes situations.",false,"",description_clinique,section Description clinique (OMS),glossaire du chapitre F — description clinique officielle du trouble,false,"",v1
536,F84.0,Autisme infantile,V,4,sous_categorie,G,GLOSSAIRE,"Trouble envahissant du développement caractérisé par : a) un développement anormal ou altéré, manifeste avant l'âge de trois ans, avec b) une perturbation caractéristique du fonctionnement dans chacun des trois domaines psychopathologiques suivants : interactions sociales réciproques, communication, comportement (au caractère restreint, stéréotypé et répétitif). Par ailleurs, le trouble s'accompagne souvent de nombreuses autres manifestations non spécifiques, par exemple des phobies, des perturbations du sommeil et de l'alimentation, des crises de colère et des gestes auto-agressifs.",false,"",description_clinique,section Description clinique (OMS),glossaire du chapitre F — description clinique officielle du trouble,false,"",v1
537,F84.1,Autisme atypique,V,4,sous_categorie,G,GLOSSAIRE,"Trouble envahissant du développement, qui diffère de l'autisme infantile par l'âge de survenue ou parce qu'il ne répond pas à l'ensemble des trois groupes de critères diagnostiques d'un autisme infantile. Cette catégorie doit être utilisée pour classer un développement anormal ou altéré, se manifestant après l'âge de trois ans et ne présentant pas des manifestations pathologiques suffisantes dans un ou deux des trois domaines psychopathologiques nécessaires pour le diagnostic d'autisme (interactions sociales réciproques, communication, comportement restreint, stéréotypé et répétitif); il existe toutefois des anomalies caractéristiques dans l'un ou l'autre de ces domaines. L'autisme atypique survient le plus souvent chez les enfants ayant un retard mental profond et un trouble spécifique sévère de l'acquisition du langage, de type réceptif.",false,"",description_clinique,section Description clinique (OMS),glossaire du chapitre F — description clinique officielle du trouble,false,"",v1
538,F84.2,Syndrome de Rett,V,4,sous_categorie,G,GLOSSAIRE,"Trouble décrit jusqu'ici uniquement chez les filles, caractérisé par un développement initial apparemment normal, suivi d'une perte partielle ou complète du langage, de la marche, et de l'usage des mains, associé à un ralentissement du développement crânien et survenant habituellement entre 7 et 24 mois. La perte des mouvements volontaires des mains, les mouvements stéréotypés de torsion des mains et une hyperventilation, sont caractéristiques de ce trouble. Le développement social et le développement du jeu sont arrêtés, alors que l'intérêt social reste habituellement conservé. Une ataxie du tronc et une apraxie se manifestent à partir de l'âge de quatre ans, suivies souvent par des mouvements choréoathétosiques. Le trouble entraîne presque toujours un retard mental sévère.",false,"",description_clinique,section Description clinique (OMS),glossaire du chapitre F — description clinique officielle du trouble,false,"",v1
539,F84.3,Autre trouble désintégratif de l'enfance,V,4,sous_categorie,G,GLOSSAIRE,"Trouble envahissant du développement caractérisé par une période de développement tout à fait normale avant la survenue du trouble, cette période étant suivie d'une perte manifeste, en quelques mois, des performances antérieurement acquises dans plusieurs domaines du développement. Ces manifestations s'accompagnent typiquement d'une perte globale de l'intérêt vis-à-vis de l'environnement, de conduites motrices stéréotypées, répétitives et maniérées et d'une altération de type autistique de l'interaction sociale et de la communication. Dans certains cas, on peut démontrer que le trouble est dû à une encéphalopathie, mais le diagnostic doit reposer sur les anomalies du comportement.",false,"",description_clinique,section Description clinique (OMS),glossaire du chapitre F — description clinique officielle du trouble,false,"",v1
540,F84.4,Hyperactivité associée à un retard mental et à des mouvements stéréotypés,V,4,sous_categorie,G,GLOSSAIRE,"Trouble mal défini dont la validité nosologique reste incertaine. Cette catégorie concerne des enfants ayant un retard mental prononcé (Q.I. inférieur à 50) associé à une hyperactivité importante, une perturbation majeure de l'attention et des comportements stéréotypés. Les médicaments stimulants sont habituellement inefficaces (alors qu'ils peuvent être efficaces chez les enfants ayant un Q.I. normal) et peuvent provoquer une réaction dysphorique sévère (accompagnée parfois d'un ralentissement psychomoteur). A l'adolescence, l'hyperactivité fait souvent place à une hypoactivité (ce qui n'est habituellement pas le cas chez les enfants hyperkinétiques d'intelligence normale). Ce syndrome s'accompagne par ailleurs souvent de divers retards du développement, spécifiques ou globaux. On ne sait pas dans quelle mesure le syndrome comportemental est la conséquence du retard mental ou d'une lésion cérébrale organique.",false,"",description_clinique,section Description clinique (OMS),glossaire du chapitre F — description clinique officielle du trouble,false,"",v1
541,F84.5,Syndrome d'Asperger,V,4,sous_categorie,G,GLOSSAIRE,"Trouble de validité nosologique incertaine, caractérisé par une altération qualitative des interactions sociales réciproques, semblable à celle observée dans l'autisme, associée à un répertoire d'intérêts et d'activités restreint, stéréotypé et répétitif. Il se différencie de l'autisme essentiellement par le fait qu'il ne s'accompagne pas d'un déficit ou trouble du langage, ou du développement cognitif. Les sujets présentant ce trouble sont habituellement très malhabiles. Les anomalies persistent souvent à l'adolescence et à l'âge adulte. Le trouble s'accompagne parfois d'épisodes psychotiques au début de l'âge adulte.",false,"",description_clinique,section Description clinique (OMS),glossaire du chapitre F — description clinique officielle du trouble,false,"",v1
542,F90,Troubles hyperkinétiques,V,3,categorie,G,GLOSSAIRE,"Groupe de troubles caractérisés par un début précoce (habituellement au cours des cinq premières années de la vie), un manque de persévérance dans les activités qui exigent une participation cognitive et une tendance à passer d'une activité à l'autre sans en finir aucune, associés à une activité globale désorganisée, incoordonnée et excessive. Les troubles peuvent s'accompagner d'autres anomalies. Les enfants hyperkinétiques sont souvent imprudents et impulsifs, sujets aux accidents, et ont souvent des problèmes avec la discipline à cause d'un manque de respect des règles, résultat d'une absence de réflexion plus que d'une opposition délibérée. Leurs relations avec les adultes sont souvent marquées par une absence d'inhibition sociale, de réserve et de retenue. Ils sont mal acceptés par les autres enfants et peuvent devenir socialement isolés. Ces troubles s'accompagnent souvent d'une altération des fonctions cognitives et d'un retard spécifique du développement de la motricité et du langage. Ils peuvent entraîner un comportement dyssocial ou une perte de l'estime de soi.",false,"",description_clinique,section Description clinique (OMS),glossaire du chapitre F — description clinique officielle du trouble,false,"",v1
543,F91,Troubles des conduites,V,3,categorie,G,GLOSSAIRE,"Troubles caractérisés par un ensemble de conduites dyssociales, agressives ou provocatrices, répétitives et persistantes, dans lesquelles sont bafouées les règles sociales correspondant à l'âge de l'enfant. Ces troubles dépassent ainsi largement le cadre des ""mauvaises blagues"" ou ""mauvais tours"" des enfants et les attitudes habituelles de rébellion de l'adolescent. Ils impliquent, par ailleurs, la notion d'un mode de fonctionnement persistant (pendant au moins six mois). Les caractéristiques d'un trouble des conduites peuvent être symptomatiques d'une autre affection psychiatrique; dans cette éventualité, ce dernier diagnostic doit être codé. <P>Le diagnostic repose sur la présence de conduites du type suivant : manifestations excessives de bagarres et de tyrannie, cruauté envers des personnes ou des animaux, destruction des biens d'autrui, conduites incendiaires, vols, mensonges répétés, école buissonnière et fugues, crises de colère et désobéissance anormalement fréquentes et graves. La présence de manifestations nettes de l'un des groupes de conduites précédents est suffisante pour le diagnostic, alors que la survenue d'actes dyssociaux isolés ne l'est pas.",false,"",description_clinique,section Description clinique (OMS),glossaire du chapitre F — description clinique officielle du trouble,false,"",v1
544,F91.0,Trouble des conduites limité au milieu familial,V,4,sous_categorie,G,GLOSSAIRE,"Trouble des conduites caractérisé par la présence d'un comportement dyssocial ou agressif (non limité à un comportement oppositionnel, provocateur ou perturbateur), se manifestant exclusivement, ou presque exclusivement, à la maison et dans les relations avec les membres de la famille nucléaire ou les personnes habitant sous le même toit. Pour un diagnostic positif, le trouble doit répondre, par ailleurs, aux critères généraux cités sous F91.-; la présence d'une perturbation, même sévère, des relations parents-enfants n'est pas, en elle-même, suffisante pour ce diagnostic.",false,"",description_clinique,section Description clinique (OMS),glossaire du chapitre F — description clinique officielle du trouble,false,"",v1
545,F91.1,"Trouble des conduites, type mal socialisé",V,4,sous_categorie,G,GLOSSAIRE,"Trouble caractérisé par la présence d'un comportement dyssocial ou agressif persistant (répondant aux critères généraux cités en F91.- et non limité à un comportement oppositionnel, provocateur ou perturbateur), associé à une altération significative et globale des relations avec les autres enfants.",false,"",description_clinique,section Description clinique (OMS),glossaire du chapitre F — description clinique officielle du trouble,false,"",v1
546,F91.2,"Trouble des conduites, type socialisé",V,4,sous_categorie,G,GLOSSAIRE,"Trouble caractérisé par la présence d'un comportement dyssocial ou agressif (répondant aux critères généraux cités en F91.- et non limité à un comportement oppositionnel, provocateur ou perturbateur), se manifestant chez des enfants habituellement bien intégrés dans leur groupe d'âge.",false,"",description_clinique,section Description clinique (OMS),glossaire du chapitre F — description clinique officielle du trouble,false,"",v1
547,F91.3,Trouble oppositionnel avec provocation,V,4,sous_categorie,G,GLOSSAIRE,"Trouble des conduites, se manifestant habituellement chez de jeunes enfants, caractérisé essentiellement par un comportement provocateur, désobéissant ou perturbateur et non accompagné de comportements délictueux ou de conduites agressives ou dyssociales graves. Pour qu'un diagnostic positif puisse être porté, le trouble doit répondre aux critères généraux cités en F91.-; les ""mauvaises blagues"" ou ""mauvais tours"", et les perturbations même sévères, observées chez des enfants, ne justifient pas, en eux-mêmes, ce diagnostic. Cette catégorie doit être utilisée avec prudence, en particulier chez les enfants plus âgés, étant donné que les troubles des conduites présentant une signification clinique s'accompagnent habituellement de comportements dyssociaux ou agressifs dépassant le cadre d'un comportement provocateur, désobéissant ou perturbateur.",false,"",description_clinique,section Description clinique (OMS),glossaire du chapitre F — description clinique officielle du trouble,false,"",v1
548,F92,Troubles mixtes des conduites et troubles émotionnels,V,3,categorie,G,GLOSSAIRE,"Groupe de troubles caractérisés par la présence d'un comportement agressif, dyssocial ou provocateur, associé à des signes patents et marqués de dépression, d'anxiété ou d'autres troubles émotionnels. Pour un diagnostic positif, le trouble doit répondre à la fois aux critères d'un trouble des conduites de l'enfant (F91.-) et d'un trouble émotionnel de l'enfant (F93.-) ou d'un trouble névrotique de l'adulte (F40-F48) ou d'un trouble de l'humeur (F30-F39).",false,"",description_clinique,section Description clinique (OMS),glossaire du chapitre F — description clinique officielle du trouble,false,"",v1
549,F92.0,Troubles des conduites avec dépression,V,4,sous_categorie,G,GLOSSAIRE,"Trouble caractérisé par la présence d'un trouble des conduites (F91.-), associé à une humeur dépressive marquée et persistante (F32.-), se traduisant par des symptômes tels que tristesse (l'enfant se sent très malheureux), perte d'intérêt et de plaisir pour les activités usuelles, sentiment de culpabilité et perte d'espoir. Le trouble peut s'accompagner d'une perturbation du sommeil ou de l'appétit.",false,"",description_clinique,section Description clinique (OMS),glossaire du chapitre F — description clinique officielle du trouble,false,"",v1
550,F92.8,Autres troubles mixtes des conduites et troubles émotionnels,V,4,sous_categorie,G,GLOSSAIRE,"Groupe de troubles catactérisés par la présence d'un trouble des conduites (F91.-), associé à des perturbations émotionnelles persistantes et marquées, par exemple une anxiété, des obsessions ou des compulsions, une dépersonnalisation ou une déréalisation, des phobies ou une hypocondrie.",false,"",description_clinique,section Description clinique (OMS),glossaire du chapitre F — description clinique officielle du trouble,false,"",v1
551,F93,Troubles émotionnels apparaissant spécifiquement dans l'enfance,V,3,categorie,G,GLOSSAIRE,Exacerbation de tendances normales du développement plus que des phénomènes qualitativement anormaux en eux-mêmes. C'est essentiellement sur le caractère approprié au développement que repose la différenciation entre troubles émotionnels apparaissant spécifiquement dans l'enfance et troubles névrotiques (F40-F48).,false,"",description_clinique,section Description clinique (OMS),glossaire du chapitre F — description clinique officielle du trouble,false,"",v1
552,F93.0,Angoisse de séparation de l'enfance,V,4,sous_categorie,G,GLOSSAIRE,"Trouble dans lequel l'anxiété est focalisée sur une crainte concernant la séparation, survenant pour la première fois au cours des premières années de l'enfance. Il se distingue de l'angoisse de séparation normale par son intensité, à l'évidence excessive, ou par sa persistance au-delà de la petite enfance, et par son association à une perturbation significative du fonctionnement social.",false,"",description_clinique,section Description clinique (OMS),glossaire du chapitre F — description clinique officielle du trouble,false,"",v1
553,F93.1,Trouble anxieux phobique de l'enfance,V,4,sous_categorie,G,GLOSSAIRE,"Trouble caractérisé par la présence de craintes de l'enfance, hautement spécifiques d'une phase de développement, et survenant (à un certain degré) chez la plupart des enfants, mais dont l'intensité est anormale. Les autres craintes qui surviennent dans l'enfance, mais qui ne font pas partie du développement psychosocial normal (par exemple une agoraphobie), doivent être classées dans la catégorie appropriée de la section F40-F48.",false,"",description_clinique,section Description clinique (OMS),glossaire du chapitre F — description clinique officielle du trouble,false,"",v1
554,F93.2,Anxiété sociale de l'enfance,V,4,sous_categorie,G,GLOSSAIRE,"Trouble caractérisé par une attitude de réserve vis-à-vis des étrangers et par une crainte ou une peur concernant les situations sociales nouvelles, inhabituelles, ou inquiétantes. Cette catégorie ne doit être utilisée que lorsque de telles craintes apparaissent dans la petite enfance, sont à l'évidence excessives et s'accompagnent d'une perturbation du fonctionnement social.",false,"",description_clinique,section Description clinique (OMS),glossaire du chapitre F — description clinique officielle du trouble,false,"",v1
555,F93.3,Rivalité dans la fratrie,V,4,sous_categorie,G,GLOSSAIRE,La plupart des jeunes enfants sont perturbés par la naissance d'un frère ou d'une soeur. On ne doit faire le diagnostic de rivalité dans la fratrie que lorsque la réaction émotionnelle est à l'évidence excessive ou trop prolongée et s'accompagne d'une perturbation du fonctionnement social.,false,"",description_clinique,section Description clinique (OMS),glossaire du chapitre F — description clinique officielle du trouble,false,"",v1
556,F94,Troubles du fonctionnement social apparaissant spécifiquement durant l'enfance et l'adolescence,V,3,categorie,G,GLOSSAIRE,"Groupe relativement hétérogène de troubles caractérisés par la présence d'une perturbation du fonctionnement social, survenant durant l'enfance, mais qui ne présentent pas les caractéristiques d'une difficulté ou d'une altération sociale, apparemment constitutionnelle, envahissant tous les domaines du fonctionnement (à l'encontre de troubles envahissants du développement). Dans de nombreux cas, des perturbations ou des carences de l'environnement jouent probablement un rôle étiologique primordial.",false,"",description_clinique,section Description clinique (OMS),glossaire du chapitre F — description clinique officielle du trouble,false,"",v1
557,F94.0,Mutisme électif,V,4,sous_categorie,G,GLOSSAIRE,"Trouble caractérisé par un refus, lié à des facteurs émotionnels, de parler dans certaines situations déterminées. L'enfant est capable de parler dans certaines situations, mais refuse de parler dans d'autres situations (déterminées). Le trouble s'accompagne habituellement d'une accentuation nette de certains traits de personnalité, par exemple d'une anxiété sociale, d'un retrait social, d'une hypersensibilité ou d'une opposition.",false,"",description_clinique,section Description clinique (OMS),glossaire du chapitre F — description clinique officielle du trouble,false,"",v1
558,F94.1,Trouble réactionnel de l'attachement de l'enfance,V,4,sous_categorie,G,GLOSSAIRE,"Trouble apparaissant au cours des cinq premières années de la vie, caractérisé par la présence d'anomalies persistantes du mode de relations sociales de l'enfant, associées à des perturbations émotionnelles, et se manifestant à l'occasion de changements dans l'environnement (par exemple par une inquiétude et une hypervigilance, une réduction des interactions sociales avec les autres enfants, une auto- ou une hétéro-agressivité, une tristesse, et, dans certains cas, un retard de croissance). La survenue du syndrome est probablement liée directement à une carence évidente, à des abus ou à des mauvais traitements de la part des parents.",false,"",description_clinique,section Description clinique (OMS),glossaire du chapitre F — description clinique officielle du trouble,false,"",v1
559,F94.2,Trouble de l'attachement de l'enfance avec désinhibition,V,4,sous_categorie,G,GLOSSAIRE,"Trouble caractérisé par un mode particulier de fonctionnement social anormal, apparaissant durant les cinq premières années de la vie, persistant habituellement en dépit de modifications importantes de l'environnement. Exemples : conduites d'attachement généralisé et non sélectif, demandes d'affection et sociabilité non discriminatives, interactions peu différenciées avec les autres enfants; des perturbations émotionnelles et d'autres troubles du comportement peuvent enfin être associés, variables selon les circonstances.",false,"",description_clinique,section Description clinique (OMS),glossaire du chapitre F — description clinique officielle du trouble,false,"",v1
560,F95,Tics,V,3,categorie,G,GLOSSAIRE,"Syndromes, caractérisés par la présence, au premier plan, d'un tic. Un tic est un mouvement moteur ou une vocalisation involontaire, rapide, récurrent et non rythmique (impliquant habituellement des groupes musculaires déterminés), survenant brusquement et sans but apparent. Les tics sont habituellement ressentis comme étant irrépressibles, mais peuvent en général être supprimés durant une période de temps variable. Ils sont souvent exacerbés par le stress et disparaissent durant le sommeil. Les tics moteurs simples banals comportent le clignement des yeux, les mouvements brusques du cou, les haussements d'épaules et les grimaces. Les tics vocaux simples banals comportent le râclement de gorge, ""l'aboiement"", le reniflement et le sifflement. Les tics moteurs complexes banals concernent le fait de se frapper, de sauter et de sautiller. Les tics vocaux complexes banals comprennent la répétition de mots particuliers, avec parfois emploi de mots socialement réprouvés, souvent obscènes (coprolalie) et la répétition de ses propres sons ou mots (palilalie).",false,"",description_clinique,section Description clinique (OMS),glossaire du chapitre F — description clinique officielle du trouble,false,"",v1
561,F95.0,Tic transitoire,V,4,sous_categorie,G,GLOSSAIRE,"Tic répondant aux critères généraux d'un tic, mais ne persistant pas plus de douze mois. Il s'agit habituellement d'un clignement des yeux, de mimiques faciales, ou de mouvements brusques de la tête.",false,"",description_clinique,section Description clinique (OMS),glossaire du chapitre F — description clinique officielle du trouble,false,"",v1
562,F95.1,Tic moteur ou vocal chronique,V,4,sous_categorie,G,GLOSSAIRE,"Trouble répondant aux critères d'un tic, caractérisé par la présence soit de tics moteurs soit de tics vocaux, mais pas des deux à la fois. Il peut s'agir d'un tic isolé ou, plus fréquemment, de tics multiples, persistant pendant plus d'un an.",false,"",description_clinique,section Description clinique (OMS),glossaire du chapitre F — description clinique officielle du trouble,false,"",v1
563,F95.2,Forme associant tics vocaux et tics moteurs [syndrome de Gilles de la Tourette],V,4,sous_categorie,G,GLOSSAIRE,"Trouble, caractérisé à un moment quelconque au cours de la maladie, mais pas nécessairement de façon simultanée, par des tics moteurs multiples et par un ou plusieurs tics vocaux. Le trouble s'aggrave habituellement durant l'adolescence et persiste souvent à l'âge adulte. Les tics vocaux sont souvent multiples, avec des vocalisations, des râclements de gorge, et des grognements explosifs et répétés et parfois une émission de mots ou de phrases obscènes, associés, dans certains cas, à une échopraxie gestuelle pouvant également être obscène (copropraxie).",false,"",description_clinique,section Description clinique (OMS),glossaire du chapitre F — description clinique officielle du trouble,false,"",v1
564,F98,Autres troubles du comportement et troubles émotionnels apparaissant habituellement durant l'enfance et l'adolescence,V,3,categorie,G,GLOSSAIRE,"Groupe hétérogène de troubles qui ont en commun la caractéristique d'un début dans l'enfance, mais qui diffèrent par ailleurs sur de nombreux points. Certains constituent des syndromes nettement définis, alors que d'autres ne sont que de simples associations de symptômes; ces derniers doivent toutefois être répertoriés, d'une part en raison de leur fréquence et de leur association avec une altération du fonctionnement psychosocial, d'autre part parce qu'ils ne peuvent pas être inclus dans d'autres syndromes.",false,"",description_clinique,section Description clinique (OMS),glossaire du chapitre F — description clinique officielle du trouble,false,"",v1
565,F98.0,Énurésie non organique,V,4,sous_categorie,G,GLOSSAIRE,"Trouble caractérisé par une miction involontaire, diurne et nocturne, anormale compte tenu de l'âge mental de l'enfant et qui n'est pas lié à un trouble du contrôle vésical d'origine neurologique, à des crises épileptiques, ou à une anomalie organique de l'arbre urinaire. L'énurésie peut exister, de façon continue, depuis la naissance ou être précédée d'une période de contrôle de la fonction vésicale. Elle peut s'accompagner d'un trouble plus global des émotions ou du comportement.",false,"",description_clinique,section Description clinique (OMS),glossaire du chapitre F — description clinique officielle du trouble,false,"",v1
566,F98.1,Encoprésie non organique,V,4,sous_categorie,G,GLOSSAIRE,"Trouble caractérisé par une émission fécale répétée, involontaire ou volontaire, habituellement de consistance normale ou quasi-normale, dans des lieux non appropriés à cet usage, compte-tenu du contexte socio-culturel du sujet. Il peut s'agir de la persistance anormale de l'incontinence infantile physiologique, ou de la perte du contrôle sphinctérien survenant après une période de continence fécale, ou encore d'une émission fécale délibérée dans des lieux non appropriés en dépit d'un contrôle sphinctérien normal. L'encoprésie peut constituer un trouble isolé, mono-symptomatique, ou faire partie d'un autre trouble, en particulier un trouble émotionnel (F93.-) ou un trouble des conduites (F91.-).",false,"",description_clinique,section Description clinique (OMS),glossaire du chapitre F — description clinique officielle du trouble,false,"",v1
567,F98.2,Trouble de l'alimentation du nourrisson et de l'enfant,V,4,sous_categorie,G,GLOSSAIRE,"Trouble de l'alimentation caractérisé par des manifestations variées, habituellement spécifique de la première et de la deuxième enfance. Il implique en général un refus alimentaire et des caprices alimentaires excessifs, alors que la nourriture est appropriée, que l'entourage est adéquat, et qu'il n'y a pas de maladie organique. Le trouble peut s'accompagner d'une rumination (d'une régurgitation répétée de nourriture non accompagnée de nausées ou d'une maladie gastro-intestinale).",false,"",description_clinique,section Description clinique (OMS),glossaire du chapitre F — description clinique officielle du trouble,false,"",v1
568,F98.3,Pica du nourrisson et de l'enfant,V,4,sous_categorie,G,GLOSSAIRE,"Trouble caractérisé par la consommation persistante de substances non nutritives (par exemple de la terre, des bouts de peinture, etc.). Il peut faire partie d'un trouble psychiatrique plus global (tel un autisme) ou constituer un comportement psychopathologique relativement isolé. C'est seulement dans ce dernier cas que l'on fait le diagnostic de pica. Ce comportement s'observe surtout chez des enfants présentant un retard mental; dans ce dernier cas, le retard mental doit constituer le diagnostic principal (F70-F79).",false,"",description_clinique,section Description clinique (OMS),glossaire du chapitre F — description clinique officielle du trouble,false,"",v1
569,F98.4,Mouvements stéréotypés,V,4,sous_categorie,G,GLOSSAIRE,"Trouble caractérisé par des mouvements intentionnels, répétitifs, stéréotypés, dépourvus de finalité (et souvent rythmés), non lié à un trouble psychiatrique ou neurologique identifié. Lorsque ces mouvements surviennent dans le cadre d'un autre trouble, seul ce dernier doit être noté. Ces mouvements peuvent ne pas avoir de composante automutilatrice; ils comprennent : un balancement du corps, un balancement de la tête, le fait de s'arracher les cheveux, de se tordre les cheveux, de claquer des doigts et de battre des mains. Les comportements stéréotypés auto-mutilateurs comprennent : le fait de se cogner la tête, de se gifler, de se mettre le doigt dans l'oeil, de se mordre les mains, les lèvres ou d'autres parties du corps. L'ensemble de ces mouvements stéréotypés surviennent le plus souvent chez des enfants présentant un retard mental (dans ce cas, les deux diagnostics doivent être notés). Quand le fait de s'enfoncer le doigt dans l'oeil survient chez un enfant présentant un déficit visuel, les deux diagnostics doivent être notés : le premier dans cette catégorie et le deuxième à l'aide du code somatique approprié.",false,"",description_clinique,section Description clinique (OMS),glossaire du chapitre F — description clinique officielle du trouble,false,"",v1
570,F98.5,Bégaiement,V,4,sous_categorie,G,GLOSSAIRE,"Le bégaiement est caractérisé par des répétitions ou des prolongations fréquentes de sons, de syllabes ou de mots, ou par des hésitations ou des pauses fréquentes perturbant la fluence verbale. On ne parlera de trouble que si l'intensité de la perturbation gêne de façon marquée la fluence verbale.",false,"",description_clinique,section Description clinique (OMS),glossaire du chapitre F — description clinique officielle du trouble,false,"",v1
571,F98.6,Bredouillement [langage précipité],V,4,sous_categorie,G,GLOSSAIRE,"Le langage précipité est caractérisé par un débit verbal anormalement rapide et un rythme irrégulier, mais sans répétitions ou hésitations, suffisamment intense pour entraver l'intelligibilité. Le langage est irrégulier et mal rythmé, consistant en des émissions verbales rapides et saccadées avec, habituellement, des formes syntaxiques erronées.",false,"",description_clinique,section Description clinique (OMS),glossaire du chapitre F — description clinique officielle du trouble,false,"",v1
223,T31,Brulures classées selon l'étendue de la surface du corps atteinte,XIX,4,categorie,E,NOTE,"Cette catégorie n'est utilisée comme code principal que lorsque le siège de la brûlure n'est pas précisé. On peut aussi l'utiliser, au besoin, comme code supplémentaire avec les catégories T20-T29 lorsque le siège est précisé.",true,categorie_pas_code_principal,instruction_codage,section Notes de la CIM-10,règle de position (jamais en codage principal),false,"",v1
224,T32,Corrosions classées selon l'étendue de la surface du corps atteinte,XIX,4,categorie,E,NOTE,"Cette catégorie n'est utilisée comme code principal que lorsque le siège de la corrosion n'est pas précisé. On peut aussi l'utiliser, au besoin, comme code supplémentaire avec les catégories T20-T29 lorsque le siège est précisé.",true,categorie_pas_code_principal,instruction_codage,section Notes de la CIM-10,règle de position (jamais en codage principal),false,"",v1
8,(B90-B94),Séquelles de maladies infectieuses et parasitaires,I,2,bloc,E,NOTE,"Ces catégories doivent être utilisées pour définir des affections figurant en A00-B89 qui sont la cause de séquelles, elles-mêmes classées ailleurs. Les séquelles comprennent les états précisés comme tels; elles comprennent également les effets tardifs de maladies classées dans les catégories ci-dessus, s'il est prouvé que la maladie elle-même n'est plus présente. Pour l'utilisation de cette catégorie, se référer aux règles et instructions du Volume 2 concernant le codage de la morbidité ou de la mortalité.",false,categories_bloc_regle_emploi,instruction_codage,section Notes de la CIM-10,"règle d'emploi des catégories du bloc (B90-B94, B95-B97…) ; attachée à un chapitre/bloc — héritage vers les catégories à trancher",false,"",v1
9,(B95-B97),"",I,2,bloc,E,NOTE,"Ces catégories ne doivent jamais être utilisées pour le codage de la cause principale. Elles sont proposées pour servir, au besoin, de code supplémentaire si l'on désire identifier l'(les) agent(s) responsable(s) des maladies classées ailleurs.",false,categories_bloc_regle_emploi,instruction_codage,section Notes de la CIM-10,"règle d'emploi des catégories du bloc (B90-B94, B95-B97…) ; attachée à un chapitre/bloc — héritage vers les catégories à trancher",false,"",v1
228,(T90-T98),"Séquelles de lésions traumatiques, d'empoisonnements et d'autres conséquences de causes externes",XIX,2,bloc,E,NOTE,"Ces catégories doivent être utilisées pour indiquer des états classés au chapitre XIX sauf (T90-T98), comme la cause d'effets tardifs, qui sont eux-mêmes classés ailleurs. Les ""séquelles"" comprennent celles qui sont précisées comme telles, ou comme effets tardifs, et celles présentes au moins une année après la lésion traumatique aiguë.",true,categories_bloc_regle_emploi,instruction_codage,section Notes de la CIM-10,"règle d'emploi des catégories du bloc (B90-B94, B95-B97…) ; attachée à un chapitre/bloc — héritage vers les catégories à trancher",false,"",v1
100,I01,"Rhumatisme articulaire aigu, avec atteinte cardiaque",IX,3,categorie,N,NOTE,"Cette exclusion est applicable à moins qu'un processus rhumatismal ne soit aussi présent ou d'une recrudescence de l'activité de ce processus. Si, au moment du décès, il existe un doute quant à l'activité rhumatismale, se référer aux règles et instructions du Volume 2 concernant la mortalité.",false,exclusion_conditionnelle,instruction_codage,section Notes de la CIM-10,condition d'application d'une exclusion,false,"",v1
19,(E10-E14),Diabète sucré,IV,2,bloc,N,NOTE,"Utiliser, au besoin, un code supplémentaire de cause externe (Chapitre XX) pour identifier éventuellement le médicament.",false,utiliser_code_supplementaire,instruction_codage,section Notes de la CIM-10,instruction transversale « code supplémentaire » — à trancher en bloc ; attachée à un chapitre/bloc — héritage vers les catégories à trancher,false,"",v1
40,(F00-F09),"Troubles mentaux organiques, y compris les troubles symptomatiques",V,2,bloc,N,NOTE,"Utiliser, au besoin, un code supplémentaire, pour identifier la maladie sous-jacente.",false,utiliser_code_supplementaire,instruction_codage,section Notes de la CIM-10,instruction transversale « code supplémentaire » — à trancher en bloc ; attachée à un chapitre/bloc — héritage vers les catégories à trancher,false,"",v1
44,(F70-F79),Retard mental,V,2,bloc,N,NOTE,"Utiliser, au besoin, un code supplémentaire pour noter les affections associées, par exemple un autisme, un autre trouble du développement, une épilepsie, un trouble des conduites ou un désavantage physique grave.",false,utiliser_code_supplementaire,instruction_codage,section Notes de la CIM-10,instruction transversale « code supplémentaire » — à trancher en bloc ; attachée à un chapitre/bloc — héritage vers les catégories à trancher,false,"",v1
103,(I20-I25),Cardiopathies ischémiques,IX,2,bloc,N,NOTE,"Utiliser, au besoin, un code supplémentaire pour identifier l'existence d'hypertension.",false,utiliser_code_supplementaire,instruction_codage,section Notes de la CIM-10,instruction transversale « code supplémentaire » — à trancher en bloc ; attachée à un chapitre/bloc — héritage vers les catégories à trancher,false,"",v1
108,(I60-I69),Maladies cérébrovasculaires,IX,2,bloc,N,NOTE,"Utiliser, au besoin, un code supplémentaire pour identifier l'existence d'hypertension.",false,utiliser_code_supplementaire,instruction_codage,section Notes de la CIM-10,instruction transversale « code supplémentaire » — à trancher en bloc ; attachée à un chapitre/bloc — héritage vers les catégories à trancher,false,"",v1
136,(L00-L08),Infections de la peau et du tissu cellulaire souscutané,XII,2,bloc,N,NOTE,"Utiliser, au besoin, un code supplémentaire (B95-B97) pour identifier l'agent infectieux.",false,utiliser_code_supplementaire,instruction_codage,section Notes de la CIM-10,instruction transversale « code supplémentaire » — à trancher en bloc ; attachée à un chapitre/bloc — héritage vers les catégories à trancher,false,"",v1
169,(N00-N08),Glomérulopathies,XIV,2,bloc,N,NOTE,"Utiliser, au besoin, un code supplémentaire pour identifier la cause externe (Chapitre XX) ou la présence d'une insuffisance rénale (N17-N19).",false,utiliser_code_supplementaire,instruction_codage,section Notes de la CIM-10,instruction transversale « code supplémentaire » — à trancher en bloc ; attachée à un chapitre/bloc — héritage vers les catégories à trancher,false,"",v1
179,(N17-N19),Insuffisance rénale,XIV,2,bloc,N,NOTE,"Utiliser, au besoin, un code supplémentaire de cause externe (Chapitre XX) pour identifier l'agent externe.",false,utiliser_code_supplementaire,instruction_codage,section Notes de la CIM-10,instruction transversale « code supplémentaire » — à trancher en bloc ; attachée à un chapitre/bloc — héritage vers les catégories à trancher,false,"",v1
227,(T80-T88),"Complications de soins chirurgicaux et médicaux, non classées ailleurs",XIX,2,bloc,N,NOTE,"Utiliser, au besoin, un code supplémentaire de cause externe (Chapitre XX) pour identifier les appareils utilisés et les détails concernant les circonstances.<P>Utiliser, au besoin, un code supplémentaire (B95-B97) pour identifier l'agent infectieux.",false,utiliser_code_supplementaire,instruction_codage,section Notes de la CIM-10,instruction transversale « code supplémentaire » — à trancher en bloc ; attachée à un chapitre/bloc — héritage vers les catégories à trancher,false,"",v1
5,A50.4,Syphilis congénitale nerveuse tardive [neurosyphilis juvénile],I,4,sous_categorie,N,NOTE,"Utiliser, au besoin, un code supplémentaire pour identifier un trouble mental associé.",false,utiliser_code_supplementaire,instruction_codage,section Notes de la CIM-10,instruction transversale « code supplémentaire » — à trancher en bloc,false,"",v1
16,D52.1,Anémie par carence en acide folique due à des médicaments,III,4,sous_categorie,N,NOTE,"Utiliser, au besoin, un code supplémentaire de cause externe (Chapitre XX) pour identifier le médicament.",false,utiliser_code_supplementaire,instruction_codage,section Notes de la CIM-10,instruction transversale « code supplémentaire » — à trancher en bloc,false,"",v1
48,D59.0,"Anémie hémolytique auto-immune, due à des médicaments",III,4,sous_categorie,N,NOTE,"Utiliser, au besoin, un code supplémentaire de cause externe (Chapitre XX) pour identifier le médicament.",false,utiliser_code_supplementaire,instruction_codage,section Notes de la CIM-10,instruction transversale « code supplémentaire » — à trancher en bloc,false,"",v1
49,D59.2,"Anémie hémolytique non auto-immune, due à des médicaments",III,4,sous_categorie,N,NOTE,"Utiliser, au besoin, un code supplémentaire de cause externe (Chapitre XX) pour identifier le médicament.",false,utiliser_code_supplementaire,instruction_codage,section Notes de la CIM-10,instruction transversale « code supplémentaire » — à trancher en bloc,false,"",v1
50,D59.4,Autres anémies hémolytiques non auto-immunes,III,4,sous_categorie,N,NOTE,"Utiliser, au besoin, un code supplémentaire de cause externe (Chapitre XX) pour identifier la cause.",false,utiliser_code_supplementaire,instruction_codage,section Notes de la CIM-10,instruction transversale « code supplémentaire » — à trancher en bloc,false,"",v1
51,D59.6,Hémoglobinurie due à une hémolyse relevant d'autres causes externes,III,4,sous_categorie,N,NOTE,"Utiliser, au besoin, un code supplémentaire de cause externe (Chapitre XX) pour identifier la cause.",false,utiliser_code_supplementaire,instruction_codage,section Notes de la CIM-10,instruction transversale « code supplémentaire » — à trancher en bloc,false,"",v1
52,D61.1,Aplasie médullaire médicamenteuse,III,4,sous_categorie,N,NOTE,"Utiliser, au besoin, un code supplémentaire de cause externe (Chapitre XX) pour identifier le médicament.",false,utiliser_code_supplementaire,instruction_codage,section Notes de la CIM-10,instruction transversale « code supplémentaire » — à trancher en bloc,false,"",v1
53,D61.2,Aplasie médullaire due à d'autres agents externes,III,4,sous_categorie,N,NOTE,"Utiliser, au besoin, un code supplémentaire de cause externe (Chapitre XX) pour identifier la cause.",false,utiliser_code_supplementaire,instruction_codage,section Notes de la CIM-10,instruction transversale « code supplémentaire » — à trancher en bloc,false,"",v1
11,D64.1,"Anémie sidéroblastique secondaire, due à une maladie",III,4,sous_categorie,N,NOTE,"Utiliser, au besoin, un code supplémentaire pour identifier la maladie.",false,utiliser_code_supplementaire,instruction_codage,section Notes de la CIM-10,instruction transversale « code supplémentaire » — à trancher en bloc,false,"",v1
12,D64.2,"Anémie sidéroblastique secondaire, due à des médicaments et des toxines",III,4,sous_categorie,N,NOTE,"Utiliser, au besoin, un code supplémentaire de cause externe (Chapitre XX) pour identifier la cause.",false,utiliser_code_supplementaire,instruction_codage,section Notes de la CIM-10,instruction transversale « code supplémentaire » — à trancher en bloc,false,"",v1
606,D68.3,Troubles hémorragiques dus à des anticoagulants circulants,III,4,sous_categorie,N,NOTE,"Utiliser, au besoin, un code supplémentaire de cause externe (Chapitre XX) pour identifier l'anticoagulant administré.",false,utiliser_code_supplementaire,instruction_codage,section Notes de la CIM-10,instruction transversale « code supplémentaire » — à trancher en bloc,false,"",v1
13,D69.5,Thrombopénie secondaire,III,4,sous_categorie,N,NOTE,"Utiliser, au besoin, un code supplémentaire de cause externe (Chapitre XX) pour identifier la cause.",false,utiliser_code_supplementaire,instruction_codage,section Notes de la CIM-10,instruction transversale « code supplémentaire » — à trancher en bloc,false,"",v1
14,D70,Agranulocytose,III,3,categorie,N,NOTE,"Utiliser, au besoin, un code supplémentaire de cause externe (Chapitre XX) pour identifier éventuellement le médicament.",false,utiliser_code_supplementaire,instruction_codage,section Notes de la CIM-10,instruction transversale « code supplémentaire » — à trancher en bloc,false,"",v1
15,D74.8,Autres méthémoglobinémies,III,4,sous_categorie,N,NOTE,"Utiliser, au besoin, un code supplémentaire de cause externe (Chapitre XX) pour identifier la cause.",false,utiliser_code_supplementaire,instruction_codage,section Notes de la CIM-10,instruction transversale « code supplémentaire » — à trancher en bloc,false,"",v1
18,E00,Syndrome d'insuffisance thyroïdienne congénitale,IV,3,categorie,N,NOTE,"Utiliser, au besoin, un code supplémentaire (F70-F79) pour identifier le retard mental associé.",false,utiliser_code_supplementaire,instruction_codage,section Notes de la CIM-10,instruction transversale « code supplémentaire » — à trancher en bloc,false,"",v1
20,E03.2,Hypothyroïdie due à des médicaments et à d'autres produits exogènes,IV,4,sous_categorie,N,NOTE,"Utiliser, au besoin, un code supplémentaire de cause externe (Chapitre XX) pour identifier la cause.",false,utiliser_code_supplementaire,instruction_codage,section Notes de la CIM-10,instruction transversale « code supplémentaire » — à trancher en bloc,false,"",v1
21,E05.8,Autres thyréotoxicoses,IV,4,sous_categorie,N,NOTE,"Utiliser, au besoin, un code supplémentaire de cause externe (Chapitre XX) pour identifier la cause.",false,utiliser_code_supplementaire,instruction_codage,section Notes de la CIM-10,instruction transversale « code supplémentaire » — à trancher en bloc,false,"",v1
22,E06.0,Thyroïdite aigüe,IV,4,sous_categorie,N,NOTE,"Utiliser, au besoin, un code supplémentaire (B95-B97) pour identifier l'agent infectieux.",false,utiliser_code_supplementaire,instruction_codage,section Notes de la CIM-10,instruction transversale « code supplémentaire » — à trancher en bloc,false,"",v1
23,E06.4,Thyroïdite médicamenteuse,IV,4,sous_categorie,N,NOTE,"Utiliser, au besoin, un code supplémentaire de cause externe (Chapitre XX) pour identifier le médicament.",false,utiliser_code_supplementaire,instruction_codage,section Notes de la CIM-10,instruction transversale « code supplémentaire » — à trancher en bloc,false,"",v1
24,E15,Coma hypoglycémique non diabétique,IV,3,categorie,N,NOTE,"Utiliser, au besoin, un code supplémentaire de cause externe (Chapitre XX) pour identifier éventuellement le médicament.",false,utiliser_code_supplementaire,instruction_codage,section Notes de la CIM-10,instruction transversale « code supplémentaire » — à trancher en bloc,false,"",v1
25,E16.0,"Hypoglycémie médicamenteuse, sans coma",IV,4,sous_categorie,N,NOTE,"Utiliser, au besoin, un code supplémentaire de cause externe (Chapitre XX) pour identifier le médicament.",false,utiliser_code_supplementaire,instruction_codage,section Notes de la CIM-10,instruction transversale « code supplémentaire » — à trancher en bloc,false,"",v1
26,E22.1,Hyperprolactinémie,IV,4,sous_categorie,N,NOTE,"Utiliser, au besoin, un code supplémentaire de cause externe (Chapitre XX) pour identifier éventuellement le médicament.",false,utiliser_code_supplementaire,instruction_codage,section Notes de la CIM-10,instruction transversale « code supplémentaire » — à trancher en bloc,false,"",v1
27,E23.1,Hypopituitarisme médicamenteux,IV,4,sous_categorie,N,NOTE,"Utiliser, au besoin, un code supplémentaire de cause externe (Chapitre XX) pour identifier le médicament.",false,utiliser_code_supplementaire,instruction_codage,section Notes de la CIM-10,instruction transversale « code supplémentaire » — à trancher en bloc,false,"",v1
28,E24.2,Syndrome de Cushing médicamenteux,IV,4,sous_categorie,N,NOTE,"Utiliser, au besoin, un code supplémentaire de cause externe (Chapitre XX) pour identifier le médicament.",false,utiliser_code_supplementaire,instruction_codage,section Notes de la CIM-10,instruction transversale « code supplémentaire » — à trancher en bloc,false,"",v1
29,E25.8,Autres anomalies génitosurrénaliennes,IV,4,sous_categorie,N,NOTE,"Utiliser, au besoin, un code supplémentaire de cause externe (Chapitre XX) pour identifier éventuellement le médicament.",false,utiliser_code_supplementaire,instruction_codage,section Notes de la CIM-10,instruction transversale « code supplémentaire » — à trancher en bloc,false,"",v1
30,E27.3,Insuffisance corticosurrénale médicamenteuse,IV,4,sous_categorie,N,NOTE,"Utiliser, au besoin, un code supplémentaire de cause externe (Chapitre XX) pour identifier le médicament.",false,utiliser_code_supplementaire,instruction_codage,section Notes de la CIM-10,instruction transversale « code supplémentaire » — à trancher en bloc,false,"",v1
31,E28.0,Hyperœstrogénie,IV,4,sous_categorie,N,NOTE,"Utiliser, au besoin, un code supplémentaire de cause externe (Chapitre XX) pour identifier éventuellement le médicament.",false,utiliser_code_supplementaire,instruction_codage,section Notes de la CIM-10,instruction transversale « code supplémentaire » — à trancher en bloc,false,"",v1
32,E28.1,Hyperandrogénie,IV,4,sous_categorie,N,NOTE,"Utiliser, au besoin, un code supplémentaire de cause externe (Chapitre XX) pour identifier éventuellement le médicament.",false,utiliser_code_supplementaire,instruction_codage,section Notes de la CIM-10,instruction transversale « code supplémentaire » — à trancher en bloc,false,"",v1
33,E29.1,Hypofonction testiculaire,IV,4,sous_categorie,N,NOTE,"Utiliser, au besoin, un code supplémentaire de cause externe (Chapitre XX) pour identifier éventuellement le médicament.",false,utiliser_code_supplementaire,instruction_codage,section Notes de la CIM-10,instruction transversale « code supplémentaire » — à trancher en bloc,false,"",v1
34,E34.0,Syndrome carcinoïde,IV,4,sous_categorie,N,NOTE,"Peut être utilisé, au besoin, comme code supplémentairepour identifier l'activité fonctionnelle associée à une tumeur carcinoïde.",false,utiliser_code_supplementaire,instruction_codage,section Notes de la CIM-10,instruction transversale « code supplémentaire » — à trancher en bloc,false,"",v1
35,E61,Carences en autres éléments nutritionnels,IV,3,categorie,N,NOTE,"Utiliser, au besoin, un code supplémentaire de cause externe (Chapitre XX) pour identifier éventuellement le médicament.",false,utiliser_code_supplementaire,instruction_codage,section Notes de la CIM-10,instruction transversale « code supplémentaire » — à trancher en bloc,false,"",v1
36,E66.1,Obésité médicamenteuse,IV,4,sous_categorie,N,NOTE,"Utiliser, au besoin, un code supplémentaire de cause externe (Chapitre XX) pour identifier le médicament.",false,utiliser_code_supplementaire,instruction_codage,section Notes de la CIM-10,instruction transversale « code supplémentaire » — à trancher en bloc,false,"",v1
37,E80.2,Autres porphyries,IV,4,sous_categorie,N,NOTE,"Utiliser, au besoin, un code supplémentaire de cause externe (Chapitre XX) pour identifier la cause.",false,utiliser_code_supplementaire,instruction_codage,section Notes de la CIM-10,instruction transversale « code supplémentaire » — à trancher en bloc,false,"",v1
38,E88,Autres anomalies métaboliques,IV,3,categorie,N,NOTE,"Utiliser, au besoin, un code supplémentaire de cause externe (Chapitre XX) pour identifier éventuellement le médicament.",false,utiliser_code_supplementaire,instruction_codage,section Notes de la CIM-10,instruction transversale « code supplémentaire » — à trancher en bloc,false,"",v1
608,F48.0,Neurasthénie,V,4,sous_categorie,N,NOTE,"Utiliser, au besoin, un code supplémentaire, pour identifier une maladie somatique antérieure.",false,utiliser_code_supplementaire,instruction_codage,section Notes de la CIM-10,instruction transversale « code supplémentaire » — à trancher en bloc,false,"",v1
42,F54,Facteurs psychologiques et comportementaux associés à des maladies ou des troubles classés ailleurs,V,3,categorie,N,NOTE,"Utiliser, au besoin, un code supplémentaire, pour identifier un trouble physique associé.",false,utiliser_code_supplementaire,instruction_codage,section Notes de la CIM-10,instruction transversale « code supplémentaire » — à trancher en bloc,false,"",v1
45,F84,Troubles envahissants du développement,V,3,categorie,N,NOTE,"Utiliser, au besoin, un code supplémentaire pour identifier toute affection médicale associée, de même que le retard mental.",false,utiliser_code_supplementaire,instruction_codage,section Notes de la CIM-10,instruction transversale « code supplémentaire » — à trancher en bloc,false,"",v1
54,F84.1,Autisme atypique,V,4,sous_categorie,N,NOTE,"Utiliser, au besoin un code supplémentaire pour identifier le retard mental (F70-F79).",false,utiliser_code_supplementaire,instruction_codage,section Notes de la CIM-10,instruction transversale « code supplémentaire » — à trancher en bloc,false,"",v1
55,F84.3,Autre trouble désintégratif de l'enfance,V,4,sous_categorie,N,NOTE,"Utiliser au besoin, un code supplémentaire pour identifier une éventuelle affection neurologique associée.",false,utiliser_code_supplementaire,instruction_codage,section Notes de la CIM-10,instruction transversale « code supplémentaire » — à trancher en bloc,false,"",v1
56,F94.1,Trouble réactionnel de l'attachement de l'enfance,V,4,sous_categorie,N,NOTE,"Utiliser, au besoin, un code supplémentaire, pour identifer un retard de développement ou de croissance associé.",false,utiliser_code_supplementaire,instruction_codage,section Notes de la CIM-10,instruction transversale « code supplémentaire » — à trancher en bloc,false,"",v1
57,F98.1,Encoprésie non organique,V,4,sous_categorie,N,NOTE,"Utiliser, au besoin, un code supplémentaire, pour identifier la cause d'une constipation associée.",false,utiliser_code_supplementaire,instruction_codage,section Notes de la CIM-10,instruction transversale « code supplémentaire » — à trancher en bloc,false,"",v1
58,G04.0,Encéphalite aigüe disséminée,VI,4,sous_categorie,N,NOTE,"Utiliser, au besoin, un code supplémentaire de cause externe (Chapitre XX) pour identifier le vaccin",false,utiliser_code_supplementaire,instruction_codage,section Notes de la CIM-10,instruction transversale « code supplémentaire » — à trancher en bloc,false,"",v1
59,G06,Abcès et granulome intracrâniens et intrarachidiens,VI,3,categorie,N,NOTE,"Utiliser, au besoin, un code supplémentaire (B95-B97) pour identifier l'agent infectieux.",false,utiliser_code_supplementaire,instruction_codage,section Notes de la CIM-10,instruction transversale « code supplémentaire » — à trancher en bloc,false,"",v1
63,G21.0,Syndrome malin des neuroleptiques,VI,4,sous_categorie,N,NOTE,"Utiliser, au besoin, un code supplémentaire de cause externe (Chapitre XX) pour identifier le médicament.",false,utiliser_code_supplementaire,instruction_codage,section Notes de la CIM-10,instruction transversale « code supplémentaire » — à trancher en bloc,false,"",v1
64,G21.1,Autres syndromes parkinsoniens secondaires dus à des médicaments,VI,4,sous_categorie,N,NOTE,"Utiliser, au besoin, un code supplémentaire de cause externe (Chapitre XX) pour identifier le médicament.",false,utiliser_code_supplementaire,instruction_codage,section Notes de la CIM-10,instruction transversale « code supplémentaire » — à trancher en bloc,false,"",v1
65,G21.2,Syndrome parkinsonien secondaire dû à d'autres agents externes,VI,4,sous_categorie,N,NOTE,"Utiliser, au besoin, un code supplémentaire de cause externe (Chapitre XX) pour  identifier l'agent externe.",false,utiliser_code_supplementaire,instruction_codage,section Notes de la CIM-10,instruction transversale « code supplémentaire » — à trancher en bloc,false,"",v1
66,G24.0,Dystonie médicamenteuse,VI,4,sous_categorie,N,NOTE,"Utiliser, au besoin, un code supplémentaire de cause externe (Chapitre XX) pour  identifier le médicament.",false,utiliser_code_supplementaire,instruction_codage,section Notes de la CIM-10,instruction transversale « code supplémentaire » — à trancher en bloc,false,"",v1
67,G25.1,Tremblement dû à des médicaments,VI,4,sous_categorie,N,NOTE,"Utiliser, au besoin, un code supplémentaire de cause externe (Chapitre XX) pour  identifier le médicament.",false,utiliser_code_supplementaire,instruction_codage,section Notes de la CIM-10,instruction transversale « code supplémentaire » — à trancher en bloc,false,"",v1
68,G25.3,Myoclonie,VI,4,sous_categorie,N,NOTE,"Utiliser, au besoin, un code supplémentaire de cause externe (Chapitre XX) pour  identifier éventuellement le médicament.",false,utiliser_code_supplementaire,instruction_codage,section Notes de la CIM-10,instruction transversale « code supplémentaire » — à trancher en bloc,false,"",v1
69,G25.4,Chorée médicamenteuse,VI,4,sous_categorie,N,NOTE,"Utiliser, au besoin, un code supplémentaire de cause externe (Chapitre XX) pour identifier le médicament.",false,utiliser_code_supplementaire,instruction_codage,section Notes de la CIM-10,instruction transversale « code supplémentaire » — à trancher en bloc,false,"",v1
70,G25.6,Tics médicamenteux et autres tics d'origine organique,VI,4,sous_categorie,N,NOTE,"Utiliser, au besoin, un code supplémentaire de cause externe (Chapitre XX) pour identifier éventuellement le médicament.",false,utiliser_code_supplementaire,instruction_codage,section Notes de la CIM-10,instruction transversale « code supplémentaire » — à trancher en bloc,false,"",v1
71,G40.5,Syndromes épileptiques particuliers,VI,4,sous_categorie,N,NOTE,"Utiliser, au besoin, un code supplémentaire de cause externe (Chapitre XX) pour  identifier éventuellement le médicament.",false,utiliser_code_supplementaire,instruction_codage,section Notes de la CIM-10,instruction transversale « code supplémentaire » — à trancher en bloc,false,"",v1
72,G43,Migraine,VI,3,categorie,N,NOTE,"Utiliser, au besoin, un code supplémentaire de cause externe (Chapitre XX) pour  identifier éventuellement le médicament.",false,utiliser_code_supplementaire,instruction_codage,section Notes de la CIM-10,instruction transversale « code supplémentaire » — à trancher en bloc,false,"",v1
73,G44.4,"Céphalée médicamenteuse, non classée ailleurs",VI,4,sous_categorie,N,NOTE,"Utiliser, au besoin, un code supplémentaire de cause externe (Chapitre XX) pour identifier le médicament.",false,utiliser_code_supplementaire,instruction_codage,section Notes de la CIM-10,instruction transversale « code supplémentaire » — à trancher en bloc,false,"",v1
74,G61.1,Neuropathie sérique,VI,4,sous_categorie,N,NOTE,"Utiliser, au besoin, un code supplémentaire de cause externe (Chapitre XX) pour identifier la cause.",false,utiliser_code_supplementaire,instruction_codage,section Notes de la CIM-10,instruction transversale « code supplémentaire » — à trancher en bloc,false,"",v1
75,G62.0,Polynévrite médicamenteuse,VI,4,sous_categorie,N,NOTE,"Utiliser, au besoin, un code supplémentaire de cause externe (Chapitre XX) pour identifier le médicament.",false,utiliser_code_supplementaire,instruction_codage,section Notes de la CIM-10,instruction transversale « code supplémentaire » — à trancher en bloc,false,"",v1
76,G62.2,Polynévrite due à d'autres agents toxiques,VI,4,sous_categorie,N,NOTE,"Utiliser, au besoin, un code supplémentaire de cause externe (Chapitre XX) pour identifier l'agent toxique.",false,utiliser_code_supplementaire,instruction_codage,section Notes de la CIM-10,instruction transversale « code supplémentaire » — à trancher en bloc,false,"",v1
77,G62.8,Autres polynévrites précisées,VI,4,sous_categorie,N,NOTE,"Utiliser, au besoin, un code supplémentaire de cause externe (Chapitre XX) pour identifier la cause.",false,utiliser_code_supplementaire,instruction_codage,section Notes de la CIM-10,instruction transversale « code supplémentaire » — à trancher en bloc,false,"",v1
78,G70.0,Myasthénie,VI,4,sous_categorie,N,NOTE,"Utiliser, au besoin, un code supplémentaire de cause externe (Chapitre XX) pour identifier éventuellement le médicament.",false,utiliser_code_supplementaire,instruction_codage,section Notes de la CIM-10,instruction transversale « code supplémentaire » — à trancher en bloc,false,"",v1
79,G70.1,Affections neuromusculaires toxiques,VI,4,sous_categorie,N,NOTE,"Utiliser, au besoin, un code supplémentaire de cause externe (Chapitre XX) pour identifier l'agent toxique.",false,utiliser_code_supplementaire,instruction_codage,section Notes de la CIM-10,instruction transversale « code supplémentaire » — à trancher en bloc,false,"",v1
80,G71.1,Affections myotoniques,VI,4,sous_categorie,N,NOTE,"Utiliser, au besoin, un code supplémentaire de cause externe (Chapitre XX) pour identifier éventuellement le médicament.",false,utiliser_code_supplementaire,instruction_codage,section Notes de la CIM-10,instruction transversale « code supplémentaire » — à trancher en bloc,false,"",v1
81,G72.0,Myopathie médicamenteuse,VI,4,sous_categorie,N,NOTE,"Utiliser, au besoin, un code supplémentaire de cause externe (Chapitre XX) pour identifier le médicament.",false,utiliser_code_supplementaire,instruction_codage,section Notes de la CIM-10,instruction transversale « code supplémentaire » — à trancher en bloc,false,"",v1
82,G72.2,Myopathie due à d'autres agents toxiques,VI,4,sous_categorie,N,NOTE,"Utiliser, au besoin, un code supplémentaire de cause externe (Chapitre XX) pour identifier l'agent toxique.",false,utiliser_code_supplementaire,instruction_codage,section Notes de la CIM-10,instruction transversale « code supplémentaire » — à trancher en bloc,false,"",v1
86,G92,Encéphalopathie toxique,VI,3,categorie,N,NOTE,"Utiliser, au besoin, un code supplémentaire de cause externe (Chapitre XX) pour identifier l'agent toxique.",false,utiliser_code_supplementaire,instruction_codage,section Notes de la CIM-10,instruction transversale « code supplémentaire » — à trancher en bloc,false,"",v1
87,G93.7,Syndrome de Reye,VI,4,sous_categorie,N,NOTE,"Utiliser, au besoin, un code supplémentaire de cause externe (Chapitre XX) pour identifier la cause.",false,utiliser_code_supplementaire,instruction_codage,section Notes de la CIM-10,instruction transversale « code supplémentaire » — à trancher en bloc,false,"",v1
88,G93.8,Autres affections précisées du cerveau,VI,4,sous_categorie,N,NOTE,"Utiliser, au besoin, un code supplémentaire de cause externe (Chapitre XX) pour identifier la cause.",false,utiliser_code_supplementaire,instruction_codage,section Notes de la CIM-10,instruction transversale « code supplémentaire » — à trancher en bloc,false,"",v1
89,G95.8,Autres affections précisées de la moelle épinière,VI,4,sous_categorie,N,NOTE,"Utiliser, au besoin, un code supplémentaire de cause externe (Chapitre XX) pour identifier l'agent externe.",false,utiliser_code_supplementaire,instruction_codage,section Notes de la CIM-10,instruction transversale « code supplémentaire » — à trancher en bloc,false,"",v1
90,H18.0,Pigmentation et dépôts cornéens,VII,4,sous_categorie,N,NOTE,"Utiliser, au besoin, un code supplémentaire de cause externe (Chapitre XX) pour identifier éventuellement le médicament.",false,utiliser_code_supplementaire,instruction_codage,section Notes de la CIM-10,instruction transversale « code supplémentaire » — à trancher en bloc,false,"",v1
91,H26.1,Cataracte traumatique,VII,4,sous_categorie,N,NOTE,"Utiliser, au besoin, un code supplémentaire de cause externe (Chapitre XX) pour identifier la cause.",false,utiliser_code_supplementaire,instruction_codage,section Notes de la CIM-10,instruction transversale « code supplémentaire » — à trancher en bloc,false,"",v1
92,H26.3,Cataracte médicamenteuse,VII,4,sous_categorie,N,NOTE,"Utiliser, au besoin, un code supplémentaire de cause externe (Chapitre XX) pour identifier le médicament.",false,utiliser_code_supplementaire,instruction_codage,section Notes de la CIM-10,instruction transversale « code supplémentaire » — à trancher en bloc,false,"",v1
93,H35.3,Dégénérescence de la macula et du pôle postérieur,VII,4,sous_categorie,N,NOTE,"Utiliser, au besoin, un code supplémentaire de cause externe (Chapitre XX) pour identifier éventuellement le médicament.",false,utiliser_code_supplementaire,instruction_codage,section Notes de la CIM-10,instruction transversale « code supplémentaire » — à trancher en bloc,false,"",v1
94,H40.3,Glaucome secondaire à un traumatisme oculaire,VII,4,sous_categorie,N,NOTE,"Utiliser, au besoin, un code supplémentaire, pour identifier la cause.",false,utiliser_code_supplementaire,instruction_codage,section Notes de la CIM-10,instruction transversale « code supplémentaire » — à trancher en bloc,false,"",v1
95,H40.4,Glaucome secondaire à une inflammation de l'œil,VII,4,sous_categorie,N,NOTE,"Utiliser, au besoin, un code supplémentaire, pour identifier la cause.",false,utiliser_code_supplementaire,instruction_codage,section Notes de la CIM-10,instruction transversale « code supplémentaire » — à trancher en bloc,false,"",v1
96,H40.5,Glaucome secondaire à d'autres affections oculaires,VII,4,sous_categorie,N,NOTE,"Utiliser, au besoin, un code supplémentaire, pour identifier la cause.",false,utiliser_code_supplementaire,instruction_codage,section Notes de la CIM-10,instruction transversale « code supplémentaire » — à trancher en bloc,false,"",v1
97,H40.6,Glaucome médicamenteux,VII,4,sous_categorie,N,NOTE,"Utiliser, au besoin, un code supplémentaire de cause externe (Chapitre XX) pour identifier le médicament.",false,utiliser_code_supplementaire,instruction_codage,section Notes de la CIM-10,instruction transversale « code supplémentaire » — à trancher en bloc,false,"",v1
99,H91.0,Perte de l'audition par ototoxicité,VIII,4,sous_categorie,N,NOTE,"Utiliser, au besoin, un code supplémentaire de cause externe (Chapitre XX) pour identifier l'agent toxique.",false,utiliser_code_supplementaire,instruction_codage,section Notes de la CIM-10,instruction transversale « code supplémentaire » — à trancher en bloc,false,"",v1
104,I30.1,Péricardite infectieuse,IX,4,sous_categorie,N,NOTE,"Utiliser, au besoin, un code supplémentaire (B95-B97) pour identifier l'agent infectieux.",false,utiliser_code_supplementaire,instruction_codage,section Notes de la CIM-10,instruction transversale « code supplémentaire » — à trancher en bloc,false,"",v1
105,I33.0,Endocardite infectieuse aigüe et subaigüe,IX,4,sous_categorie,N,NOTE,"Utiliser, au besoin, un code supplémentaire (B95-B97) pour identifier l'agent infectieux.",false,utiliser_code_supplementaire,instruction_codage,section Notes de la CIM-10,instruction transversale « code supplémentaire » — à trancher en bloc,false,"",v1
106,I40.0,Myocardite infectieuse,IX,4,sous_categorie,N,NOTE,"Utiliser, au besoin, un code supplémentaire (B95-B97) pour identifier l'agent infectieux.",false,utiliser_code_supplementaire,instruction_codage,section Notes de la CIM-10,instruction transversale « code supplémentaire » — à trancher en bloc,false,"",v1
107,I42.7,Myocardiopathie due à des médicaments et d'autres causes externes,IX,4,sous_categorie,N,NOTE,"Utiliser, au besoin, un code supplémentaire de cause externe (Chapitre XX) pour identifier la cause.",false,utiliser_code_supplementaire,instruction_codage,section Notes de la CIM-10,instruction transversale « code supplémentaire » — à trancher en bloc,false,"",v1
110,I80,Phlébite et thrombophlébite,IX,3,categorie,N,NOTE,"Utiliser, au besoin, un code supplémentaire de cause externe (Chapitre XX) pour identifier éventuellement le médicament.",false,utiliser_code_supplementaire,instruction_codage,section Notes de la CIM-10,instruction transversale « code supplémentaire » — à trancher en bloc,false,"",v1
111,I95.2,Hypotension médicamenteuse,IX,4,sous_categorie,N,NOTE,"Utiliser, au besoin, un code supplémentaire de cause externe (Chapitre XX) pour identifier le médicament.",false,utiliser_code_supplementaire,instruction_codage,section Notes de la CIM-10,instruction transversale « code supplémentaire » — à trancher en bloc,false,"",v1
113,J01,Sinusite aigüe,X,3,categorie,N,NOTE,"Utiliser, au besoin, un code supplémentaire (B95­B97) pour identifier l'agent infectieux.",false,utiliser_code_supplementaire,instruction_codage,section Notes de la CIM-10,instruction transversale « code supplémentaire » — à trancher en bloc,false,"",v1
114,J02.8,Pharyngite aigüe due à d'autres microorganismes précisés,X,4,sous_categorie,N,NOTE,"Utiliser, au besoin, un code supplémentaire (B95-B97) pour identifier l'agent infectieux.",false,utiliser_code_supplementaire,instruction_codage,section Notes de la CIM-10,instruction transversale « code supplémentaire » — à trancher en bloc,false,"",v1
115,J03.8,Amygdalite aigüe due à d'autres microorganismes précisés,X,4,sous_categorie,N,NOTE,"Utiliser, au besoin, un code supplémentaire (B95-B97) pour identifier l'agent infectieux.",false,utiliser_code_supplementaire,instruction_codage,section Notes de la CIM-10,instruction transversale « code supplémentaire » — à trancher en bloc,false,"",v1
116,J04,Laryngite et trachéite aigües,X,3,categorie,N,NOTE,"Utiliser, au besoin, un code supplémentaire (B95-B97) pour identifier l'agent infectieux.",false,utiliser_code_supplementaire,instruction_codage,section Notes de la CIM-10,instruction transversale « code supplémentaire » — à trancher en bloc,false,"",v1
117,J05,Laryngite obstructive aigüe [croup] et épiglottite aigüe,X,3,categorie,N,NOTE,"Utiliser, au besoin, un code supplémentaire (B95-B97) pour identifier l'agent infectieux.",false,utiliser_code_supplementaire,instruction_codage,section Notes de la CIM-10,instruction transversale « code supplémentaire » — à trancher en bloc,false,"",v1
231,J32,Sinusite chronique,X,3,categorie,N,NOTE,"Utiliser, au besoin, un code supplémentaire (B95-B97) pour identifier l'agent infectieux.",false,utiliser_code_supplementaire,instruction_codage,section Notes de la CIM-10,instruction transversale « code supplémentaire » — à trancher en bloc,false,"",v1
118,J36,Angine phlegmoneuse,X,3,categorie,N,NOTE,"Utiliser, au besoin, un code supplémentaire (B95-B97) pour identifier l'agent infectieux.",false,utiliser_code_supplementaire,instruction_codage,section Notes de la CIM-10,instruction transversale « code supplémentaire » — à trancher en bloc,false,"",v1
119,J37,Laryngite et laryngotrachéite chroniques,X,3,categorie,N,NOTE,"Utiliser, au besoin, un code supplémentaire (B95-B97) pour identifier l'agent infectieux.",false,utiliser_code_supplementaire,instruction_codage,section Notes de la CIM-10,instruction transversale « code supplémentaire » — à trancher en bloc,false,"",v1
121,J68,"Affections respiratoires dues à l'inhalation d'agents chimiques, d'émanations, de fumées et de gaz",X,3,categorie,N,NOTE,"Utiliser, au besoin, un code supplémentaire de cause externe (Chapitre XX) pour identifier la cause.",false,utiliser_code_supplementaire,instruction_codage,section Notes de la CIM-10,instruction transversale « code supplémentaire » — à trancher en bloc,false,"",v1
122,J69,Pneumopathie due à des substances solides et liquides,X,3,categorie,N,NOTE,"Utiliser, au besoin, un code supplémentaire de cause externe (Chapitre XX) pour identifier la cause.",false,utiliser_code_supplementaire,instruction_codage,section Notes de la CIM-10,instruction transversale « code supplémentaire » — à trancher en bloc,false,"",v1
123,J70,Affections respiratoires dues à d'autres agents externes,X,3,categorie,N,NOTE,"Utiliser, au besoin, un code supplémentaire de cause externe (Chapitre XX) pour identifier la cause.",false,utiliser_code_supplementaire,instruction_codage,section Notes de la CIM-10,instruction transversale « code supplémentaire » — à trancher en bloc,false,"",v1
232,J86,Pyothorax,X,3,categorie,N,NOTE,"Utiliser, au besoin, un code supplémentaire (B95-B97) pour identifier l'agent infectieux.",false,utiliser_code_supplementaire,instruction_codage,section Notes de la CIM-10,instruction transversale « code supplémentaire » — à trancher en bloc,false,"",v1
124,K03.8,Autres maladies précisées des tissus dentaires durs,XI,4,sous_categorie,N,NOTE,"Utiliser, au besoin, un code supplémentaire de cause externe (Chapitre XX) pour identifier éventuellement l'irradiation.",false,utiliser_code_supplementaire,instruction_codage,section Notes de la CIM-10,instruction transversale « code supplémentaire » — à trancher en bloc,false,"",v1
125,K06.2,"Lésions gingivales et de la crête alvéolaire édentée, associées à un traumatisme",XI,4,sous_categorie,N,NOTE,"Utiliser, au besoin, un code supplémentaire de cause externe (Chapitre XX) pour identifier la cause.",false,utiliser_code_supplementaire,instruction_codage,section Notes de la CIM-10,instruction transversale « code supplémentaire » — à trancher en bloc,false,"",v1
126,K10.2,Affections inflammatoires des mâchoires,XI,4,sous_categorie,N,NOTE,"Utiliser, au besoin, un code supplémentaire de cause externe (Chapitre XX) pour identifier éventuellement l'irradiation.",false,utiliser_code_supplementaire,instruction_codage,section Notes de la CIM-10,instruction transversale « code supplémentaire » — à trancher en bloc,false,"",v1
127,K20,Œsophagite,XI,3,categorie,N,NOTE,"Utiliser, au besoin, un code supplémentaire de cause externe (Chapitre XX) pour identifier la cause.",false,utiliser_code_supplementaire,instruction_codage,section Notes de la CIM-10,instruction transversale « code supplémentaire » — à trancher en bloc,false,"",v1
128,K22.1,Ulcère de l'œsophage,XI,4,sous_categorie,N,NOTE,"Utiliser, au besoin, un code supplémentaire de cause externe (Chapitre XX) pour identifier la cause.",false,utiliser_code_supplementaire,instruction_codage,section Notes de la CIM-10,instruction transversale « code supplémentaire » — à trancher en bloc,false,"",v1
129,K25,Ulcère de l'estomac,XI,3,categorie,N,NOTE,"Utiliser, au besoin, un code supplémentaire de cause externe (Chapitre XX) pour identifier éventuellement le médicament.",false,utiliser_code_supplementaire,instruction_codage,section Notes de la CIM-10,instruction transversale « code supplémentaire » — à trancher en bloc,false,"",v1
130,K26,Ulcère du duodénum,XI,3,categorie,N,NOTE,"Utiliser, au besoin, un code supplémentaire de cause externe (Chapitre XX) pour identifier éventuellement le médicament.",false,utiliser_code_supplementaire,instruction_codage,section Notes de la CIM-10,instruction transversale « code supplémentaire » — à trancher en bloc,false,"",v1
132,K52.1,Gastroentérite et colite toxiques,XI,4,sous_categorie,N,NOTE,"Utiliser, au besoin, un code supplémentaire de cause externe (Chapitre XX) pour identifier l'agent toxique.",false,utiliser_code_supplementaire,instruction_codage,section Notes de la CIM-10,instruction transversale « code supplémentaire » — à trancher en bloc,false,"",v1
133,K59.3,"Mégacôlon, non classé ailleurs",XI,4,sous_categorie,N,NOTE,"Utiliser, au besoin, un code supplémentaire de cause externe (Chapitre XX) pour identifier l'agent toxique.",false,utiliser_code_supplementaire,instruction_codage,section Notes de la CIM-10,instruction transversale « code supplémentaire » — à trancher en bloc,false,"",v1
134,K65.0,Péritonite aigüe,XI,4,sous_categorie,N,NOTE,"Utiliser, au besoin, un code supplémentaire (B95-B97) pour identifier l'agent infectieux.",false,utiliser_code_supplementaire,instruction_codage,section Notes de la CIM-10,instruction transversale « code supplémentaire » — à trancher en bloc,false,"",v1
135,K71,Maladie toxique du foie,XI,3,categorie,N,NOTE,"Utiliser, au besoin, un code supplémentaire de cause externe (Chapitre XX) pour identifier l'agent toxique.",false,utiliser_code_supplementaire,instruction_codage,section Notes de la CIM-10,instruction transversale « code supplémentaire » — à trancher en bloc,false,"",v1
137,L10.5,Pemphigus médicamenteux,XII,4,sous_categorie,N,NOTE,"Utiliser, au besoin, un code supplémentaire de cause externe (Chapitre XX) pour identifier le médicament.",false,utiliser_code_supplementaire,instruction_codage,section Notes de la CIM-10,instruction transversale « code supplémentaire » — à trancher en bloc,false,"",v1
139,L23.3,Dermite allergique de contact due à des médicaments en contact avec la peau,XII,4,sous_categorie,N,NOTE,"Utiliser, au besoin, un code supplémentaire de cause externe (Chapitre XX) pour identifier le médicament.",false,utiliser_code_supplementaire,instruction_codage,section Notes de la CIM-10,instruction transversale « code supplémentaire » — à trancher en bloc,false,"",v1
140,L24.4,Dermite irritante de contact due à des médicaments en contact avec la peau,XII,4,sous_categorie,N,NOTE,"Utiliser, au besoin, un code supplémentaire de cause externe (Chapitre XX) pour identifier le médicament.",false,utiliser_code_supplementaire,instruction_codage,section Notes de la CIM-10,instruction transversale « code supplémentaire » — à trancher en bloc,false,"",v1
141,L25.1,"Dermite de contact, sans précision, due à des médicaments en contact avec la peau",XII,4,sous_categorie,N,NOTE,"Utiliser, au besoin, un code supplémentaire de cause externe (Chapitre XX) pour identifier le médicament.",false,utiliser_code_supplementaire,instruction_codage,section Notes de la CIM-10,instruction transversale « code supplémentaire » — à trancher en bloc,false,"",v1
142,L27.0,Éruption généralisée due à des médicaments,XII,4,sous_categorie,N,NOTE,"Utiliser, au besoin, un code supplémentaire de cause externe (Chapitre XX) pour identifier le médicament.",false,utiliser_code_supplementaire,instruction_codage,section Notes de la CIM-10,instruction transversale « code supplémentaire » — à trancher en bloc,false,"",v1
143,L27.1,Éruption localisée due à des médicaments,XII,4,sous_categorie,N,NOTE,"Utiliser, au besoin, un code supplémentaire de cause externe (Chapitre XX) pour identifier le médicament.",false,utiliser_code_supplementaire,instruction_codage,section Notes de la CIM-10,instruction transversale « code supplémentaire » — à trancher en bloc,false,"",v1
144,L43.2,Réaction lichénoïde médicamenteuse,XII,4,sous_categorie,N,NOTE,"Utiliser, au besoin, un code supplémentaire de cause externe (Chapitre XX) pour identifier le médicament.",false,utiliser_code_supplementaire,instruction_codage,section Notes de la CIM-10,instruction transversale « code supplémentaire » — à trancher en bloc,false,"",v1
145,L53.0,Érythème toxique,XII,4,sous_categorie,N,NOTE,"Utiliser, au besoin, un code supplémentaire de cause externe (Chapitre XX) pour identifier l'agent externe.",false,utiliser_code_supplementaire,instruction_codage,section Notes de la CIM-10,instruction transversale « code supplémentaire » — à trancher en bloc,false,"",v1
146,L56.0,Réaction phototoxique à un médicament,XII,4,sous_categorie,N,NOTE,"Utiliser, au besoin, un code supplémentaire de cause externe (Chapitre XX) pour identifier le médicament.",false,utiliser_code_supplementaire,instruction_codage,section Notes de la CIM-10,instruction transversale « code supplémentaire » — à trancher en bloc,false,"",v1
147,L56.1,Réaction photoallergique à un médicament,XII,4,sous_categorie,N,NOTE,"Utiliser, au besoin, un code supplémentaire de cause externe (Chapitre XX) pour identifier le médicament.",false,utiliser_code_supplementaire,instruction_codage,section Notes de la CIM-10,instruction transversale « code supplémentaire » — à trancher en bloc,false,"",v1
148,L64.0,Alopécie androgénique médicamenteuse,XII,4,sous_categorie,N,NOTE,"Utiliser, au besoin, un code supplémentaire de cause externe (Chapitre XX) pour identifier le médicament.",false,utiliser_code_supplementaire,instruction_codage,section Notes de la CIM-10,instruction transversale « code supplémentaire » — à trancher en bloc,false,"",v1
149,L65,Autres formes non cicatricielles de raréfaction du système pileux,XII,3,categorie,N,NOTE,"Utiliser, au besoin, un code supplémentaire de cause externe (Chapitre XX) pour identifier éventuellement le médicament.",false,utiliser_code_supplementaire,instruction_codage,section Notes de la CIM-10,instruction transversale « code supplémentaire » — à trancher en bloc,false,"",v1
150,L68.0,Hirsutisme,XII,4,sous_categorie,N,NOTE,"Utiliser, au besoin, un code supplémentaire de cause externe (Chapitre XX) pour identifier éventuellement le médicament.",false,utiliser_code_supplementaire,instruction_codage,section Notes de la CIM-10,instruction transversale « code supplémentaire » — à trancher en bloc,false,"",v1
151,L68.1,Hypertrichose lanugineuse acquise,XII,4,sous_categorie,N,NOTE,"Utiliser, au besoin, un code supplémentaire de cause externe (Chapitre XX) pour identifier éventuellement le médicament.",false,utiliser_code_supplementaire,instruction_codage,section Notes de la CIM-10,instruction transversale « code supplémentaire » — à trancher en bloc,false,"",v1
152,L71.0,Dermite périorale,XII,4,sous_categorie,N,NOTE,"Utiliser, au besoin, un code supplémentaire de cause externe (Chapitre XX) pour identifier éventuellement le médicament.",false,utiliser_code_supplementaire,instruction_codage,section Notes de la CIM-10,instruction transversale « code supplémentaire » — à trancher en bloc,false,"",v1
153,L93,Lupus érythémateux,XII,3,categorie,N,NOTE,"Utiliser, au besoin, un code supplémentaire de cause externe (Chapitre XX) pour identifier éventuellement le médicament.",false,utiliser_code_supplementaire,instruction_codage,section Notes de la CIM-10,instruction transversale « code supplémentaire » — à trancher en bloc,false,"",v1
154,M00.8,Arthrite et polyarthrite dues à d'autres bactéries précisées,XIII,5,sous_categorie,N,NOTE,"Utiliser, au besoin, un code supplémentaire (B95, B96) pour identifier l'agent bactérien.",false,utiliser_code_supplementaire,instruction_codage,section Notes de la CIM-10,instruction transversale « code supplémentaire » — à trancher en bloc,false,"",v1
155,M10.2,Goutte médicamenteuse,XIII,5,sous_categorie,N,NOTE,"Utiliser, au besoin, un code supplémentaire de cause externe (Chapitre XX) pour identifier le médicament.",false,utiliser_code_supplementaire,instruction_codage,section Notes de la CIM-10,instruction transversale « code supplémentaire » — à trancher en bloc,false,"",v1
157,M32.0,Lupus érythémateux disséminé médicamenteux,XIII,4,sous_categorie,N,NOTE,"Utiliser, au besoin, un code supplémentaire de cause externe (Chapitre XX) pour identifier le médicament.",false,utiliser_code_supplementaire,instruction_codage,section Notes de la CIM-10,instruction transversale « code supplémentaire » — à trancher en bloc,false,"",v1
158,M34.2,Sclérodermie systémique due à des médicaments et des produits chimiques,XIII,4,sous_categorie,N,NOTE,"Utiliser, au besoin, un code supplémentaire de cause externe (Chapitre XX) pour identifier la cause.",false,utiliser_code_supplementaire,instruction_codage,section Notes de la CIM-10,instruction transversale « code supplémentaire » — à trancher en bloc,false,"",v1
159,M46.3,Infection (pyogène) d'un disque intervertébral,XIII,5,sous_categorie,N,NOTE,"Utiliser, au besoin, un code supplémentaire de cause externe (B95-B97) pour identifier l'agent infectieux.",false,utiliser_code_supplementaire,instruction_codage,section Notes de la CIM-10,instruction transversale « code supplémentaire » — à trancher en bloc,false,"",v1
160,M60.0,Myosite infectieuse,XIII,5,sous_categorie,N,NOTE,"Utiliser, au besoin, un code supplémentaire de cause externe (B95-B97) pour identifier l'agent infectieux.",false,utiliser_code_supplementaire,instruction_codage,section Notes de la CIM-10,instruction transversale « code supplémentaire » — à trancher en bloc,false,"",v1
161,M65.0,Abcès de la gaine du tendon,XIII,5,sous_categorie,N,NOTE,"Utiliser, au besoin, un code supplémentaire de cause externe (B95, B96) pour identifier l'agent bactérien.",false,utiliser_code_supplementaire,instruction_codage,section Notes de la CIM-10,instruction transversale « code supplémentaire » — à trancher en bloc,false,"",v1
163,M80.4,Ostéoporose médicamenteuse avec fracture pathologique,XIII,5,sous_categorie,N,NOTE,"Utiliser, au besoin, un code supplémentaire de cause externe (Chapitre XX) pour identifier le médicament.",false,utiliser_code_supplementaire,instruction_codage,section Notes de la CIM-10,instruction transversale « code supplémentaire » — à trancher en bloc,false,"",v1
164,M81.4,Ostéoporose médicamenteuse,XIII,5,sous_categorie,N,NOTE,"Utiliser, au besoin, un code supplémentaire de cause externe (Chapitre XX) pour identifier le médicament.",false,utiliser_code_supplementaire,instruction_codage,section Notes de la CIM-10,instruction transversale « code supplémentaire » — à trancher en bloc,false,"",v1
165,M83.5,Autres ostéomalacies médicamenteuses de l'adulte,XIII,5,sous_categorie,N,NOTE,"Utiliser, au besoin, un code supplémentaire de cause externe (Chapitre XX) pour identifier le médicament.",false,utiliser_code_supplementaire,instruction_codage,section Notes de la CIM-10,instruction transversale « code supplémentaire » — à trancher en bloc,false,"",v1
166,M86,Ostéomyélite,XIII,4,categorie,N,NOTE,"Utiliser, au besoin, un code supplémentaire (B95-B97) pour identifier l'agent infectieux.",false,utiliser_code_supplementaire,instruction_codage,section Notes de la CIM-10,instruction transversale « code supplémentaire » — à trancher en bloc,false,"",v1
167,M87.1,Ostéonécrose médicamenteuse,XIII,5,sous_categorie,N,NOTE,"Utiliser, au besoin, un code supplémentaire de cause externe (Chapitre XX) pour identifier le médicament.",false,utiliser_code_supplementaire,instruction_codage,section Notes de la CIM-10,instruction transversale « code supplémentaire » — à trancher en bloc,false,"",v1
168,M89.6,Ostéopathie consécutive à une poliomyélite,XIII,5,sous_categorie,N,NOTE,"Utiliser, au besoin, un code supplémentaire B91 pour identifier l'antécédent de poliomyélite.",false,utiliser_code_supplementaire,instruction_codage,section Notes de la CIM-10,instruction transversale « code supplémentaire » — à trancher en bloc,false,"",v1
175,N10,Néphrite tubulo-interstitielle aigüe,XIV,3,categorie,N,NOTE,"Utiliser, au besoin, un code supplémentaire (B95-B97) pour identifier l'agent infectieux.",false,utiliser_code_supplementaire,instruction_codage,section Notes de la CIM-10,instruction transversale « code supplémentaire » — à trancher en bloc,false,"",v1
176,N11,Néphrite tubulo-interstitielle chronique,XIV,3,categorie,N,NOTE,"Utiliser, au besoin, un code supplémentaire (B95-B97) pour identifier l'agent infectieux.",false,utiliser_code_supplementaire,instruction_codage,section Notes de la CIM-10,instruction transversale « code supplémentaire » — à trancher en bloc,false,"",v1
177,N13.6,Pyonéphrose,XIV,4,sous_categorie,N,NOTE,"Utiliser, au besoin, un code supplémentaire (B95-B97) pour identifier l'agent infectieux.",false,utiliser_code_supplementaire,instruction_codage,section Notes de la CIM-10,instruction transversale « code supplémentaire » — à trancher en bloc,false,"",v1
178,N14,Atteintes tubulo-interstitielles et tubulaires dues à des médicaments et des métaux lourds,XIV,3,categorie,N,NOTE,"Utiliser, au besoin, un code supplémentaire de cause externe (Chapitre XX) pour identifier l'agent toxique.",false,utiliser_code_supplementaire,instruction_codage,section Notes de la CIM-10,instruction transversale « code supplémentaire » — à trancher en bloc,false,"",v1
180,N30,Cystite,XIV,3,categorie,N,NOTE,"Utiliser, au besoin, un code supplémentaire (B95-B97) pour identifier l'agent infectieux ou un code de cause externe (Chapitre XX) pour identifier l'agent responsable.",false,utiliser_code_supplementaire,instruction_codage,section Notes de la CIM-10,instruction transversale « code supplémentaire » — à trancher en bloc,false,"",v1
181,N34,Urétrite et syndrome urétral,XIV,3,categorie,N,NOTE,"Utiliser, au besoin, un code supplémentaire (B95-B97) pour identifier l'agent infectieux.",false,utiliser_code_supplementaire,instruction_codage,section Notes de la CIM-10,instruction transversale « code supplémentaire » — à trancher en bloc,false,"",v1
182,N39.0,"Infection des voies urinaires, siège non précisé",XIV,4,sous_categorie,N,NOTE,"Utiliser, au besoin, un code supplémentaire (B95-B97) pour identifier l'agent infectieux.",false,utiliser_code_supplementaire,instruction_codage,section Notes de la CIM-10,instruction transversale « code supplémentaire » — à trancher en bloc,false,"",v1
183,N41,Affections inflammatoires de la prostate,XIV,3,categorie,N,NOTE,"Utiliser, au besoin, un code supplémentaire (B95-B97) pour identifier l'agent infectieux.",false,utiliser_code_supplementaire,instruction_codage,section Notes de la CIM-10,instruction transversale « code supplémentaire » — à trancher en bloc,false,"",v1
187,N43.1,Hydrocèle infectée,XIV,4,sous_categorie,N,NOTE,"Utiliser, au besoin, un code supplémentaire (B95-B97) pour identifier l'agent infectieux.",false,utiliser_code_supplementaire,instruction_codage,section Notes de la CIM-10,instruction transversale « code supplémentaire » — à trancher en bloc,false,"",v1
184,N45,Orchite et épididymite,XIV,3,categorie,N,NOTE,"Utiliser, au besoin, un code supplémentaire (B95-B97) pour identifier l'agent infectieux.",false,utiliser_code_supplementaire,instruction_codage,section Notes de la CIM-10,instruction transversale « code supplémentaire » — à trancher en bloc,false,"",v1
185,N48.1,Balanoposthite,XIV,4,sous_categorie,N,NOTE,"Utiliser, au besoin, un code supplémentaire (B95-B97) pour identifier l'agent infectieux.",false,utiliser_code_supplementaire,instruction_codage,section Notes de la CIM-10,instruction transversale « code supplémentaire » — à trancher en bloc,false,"",v1
186,N48.2,Autres affections inflammatoires de la verge,XIV,4,sous_categorie,N,NOTE,"Utiliser, au besoin, un code supplémentaire (B95-B97) pour identifier l'agent infectieux.",false,utiliser_code_supplementaire,instruction_codage,section Notes de la CIM-10,instruction transversale « code supplémentaire » — à trancher en bloc,false,"",v1
188,N48.4,Impuissance d'origine organique,XIV,4,sous_categorie,N,NOTE,"Utiliser, au besoin, un code supplémentaire pour identifier la cause.",false,utiliser_code_supplementaire,instruction_codage,section Notes de la CIM-10,instruction transversale « code supplémentaire » — à trancher en bloc,false,"",v1
189,N49,"Affections inflammatoires des organes génitaux de l'homme, non classées ailleurs",XIV,3,categorie,N,NOTE,"Utiliser, au besoin, un code supplémentaire (B95-B97) pour identifier l'agent infectieux.",false,utiliser_code_supplementaire,instruction_codage,section Notes de la CIM-10,instruction transversale « code supplémentaire » — à trancher en bloc,false,"",v1
190,N70,Salpingite et ovarite,XIV,3,categorie,N,NOTE,"Utiliser, au besoin, un code supplémentaire (B95-B97) pour identifier l'agent infectieux.",false,utiliser_code_supplementaire,instruction_codage,section Notes de la CIM-10,instruction transversale « code supplémentaire » — à trancher en bloc,false,"",v1
191,N71,"Affections inflammatoires de l'utérus, à l'exclusion du col",XIV,3,categorie,N,NOTE,"Utiliser, au besoin, un code supplémentaire (B95-B97) pour identifier l'agent infectieux.",false,utiliser_code_supplementaire,instruction_codage,section Notes de la CIM-10,instruction transversale « code supplémentaire » — à trancher en bloc,false,"",v1
192,N72,Affections inflammatoires du col de l'utérus,XIV,3,categorie,N,NOTE,"Utiliser, au besoin, un code supplémentaire (B95-B97) pour identifier l'agent infectieux.",false,utiliser_code_supplementaire,instruction_codage,section Notes de la CIM-10,instruction transversale « code supplémentaire » — à trancher en bloc,false,"",v1
193,N73,Autres affections inflammatoires pelviennes de la femme,XIV,3,categorie,N,NOTE,"Utiliser, au besoin, un code supplémentaire (B95-B97) pour identifier l'agent infectieux.",false,utiliser_code_supplementaire,instruction_codage,section Notes de la CIM-10,instruction transversale « code supplémentaire » — à trancher en bloc,false,"",v1
194,N76,Autres inflammations du vagin et de la vulve,XIV,3,categorie,N,NOTE,"Utiliser, au besoin, un code supplémentaire (B95-B97) pour identifier l'agent infectieux.",false,utiliser_code_supplementaire,instruction_codage,section Notes de la CIM-10,instruction transversale « code supplémentaire » — à trancher en bloc,false,"",v1
195,O00,Grossesse extra-utérine,XV,3,categorie,N,NOTE,"Utiliser, au besoin, un code supplémentaire de la catégorie O08.- pour identifier toute complication.",false,utiliser_code_supplementaire,instruction_codage,section Notes de la CIM-10,instruction transversale « code supplémentaire » — à trancher en bloc,false,"",v1
196,O01,Môle hydatiforme,XV,3,categorie,N,NOTE,"Utiliser, au besoin, un code supplémentaire de la catégorie O08.- pour identifier toute complication.",false,utiliser_code_supplementaire,instruction_codage,section Notes de la CIM-10,instruction transversale « code supplémentaire » — à trancher en bloc,false,"",v1
197,O02,Autres produits anormaux de la conception,XV,3,categorie,N,NOTE,"Utiliser, au besoin, un code supplémentaire de la catégorie O08.- pour identifier toute complication.",false,utiliser_code_supplementaire,instruction_codage,section Notes de la CIM-10,instruction transversale « code supplémentaire » — à trancher en bloc,false,"",v1
204,O21.8,Autres vomissements compliquant la grossesse,XV,4,sous_categorie,N,NOTE,"Utiliser, au besoin, un code supplémentaire pour identifier la cause.",false,utiliser_code_supplementaire,instruction_codage,section Notes de la CIM-10,instruction transversale « code supplémentaire » — à trancher en bloc,false,"",v1
206,O84,Accouchements multiples,XV,3,categorie,N,NOTE,"Utiliser, au besoin, un code supplémentaire (O80, O81, O82, O83) pour indiquer la méthode d'accouchement pour chaque foetus ou nouveau-né.",false,utiliser_code_supplementaire,instruction_codage,section Notes de la CIM-10,instruction transversale « code supplémentaire » — à trancher en bloc,false,"",v1
208,O85,Sepsis puerpéral,XV,3,categorie,N,NOTE,"Utiliser, au besoin, un code supplémentaire (B95-B97) pour identifier l'agent infectieux.",false,utiliser_code_supplementaire,instruction_codage,section Notes de la CIM-10,instruction transversale « code supplémentaire » — à trancher en bloc,false,"",v1
211,O96,"Mort d'origine obstétricale, survenant plus de 42 jours mais moins d'un an après l'accouchement",XV,3,categorie,N,NOTE,"Utiliser, au besoin, un code supplémentaire pour identifier la cause obstétricale.",false,utiliser_code_supplementaire,instruction_codage,section Notes de la CIM-10,instruction transversale « code supplémentaire » — à trancher en bloc,false,"",v1
210,O98,"Maladies infectieuses et parasitaires de la mère classées ailleurs mais compliquant la grossesse, l'accouchement et la puerpéralité",XV,3,categorie,N,NOTE,"Utiliser, au besoin, un code supplémentaire (Chapitre I) pour identifier l'état spécifique.",false,utiliser_code_supplementaire,instruction_codage,section Notes de la CIM-10,instruction transversale « code supplémentaire » — à trancher en bloc,false,"",v1
213,P02.3,Fœtus et nouveau-né affectés par des syndromes de transfusion placentaire,XVI,4,sous_categorie,N,NOTE,"Utiliser, au besoin, un code supplémentaire pour indiquer les effets provoqués chez le foetus ou le nouveau-né.",false,utiliser_code_supplementaire,instruction_codage,section Notes de la CIM-10,instruction transversale « code supplémentaire » — à trancher en bloc,false,"",v1
217,P58.4,Ictère du nouveau-né dû à des médicaments ou des toxines transmis par la mère ou administrés au nouveau-né,XVI,4,sous_categorie,N,NOTE,"Utiliser, au besoin, un code supplémentaire de cause externe (Chapitre XX) pour identifier éventuellement le médicament.",false,utiliser_code_supplementaire,instruction_codage,section Notes de la CIM-10,instruction transversale « code supplémentaire » — à trancher en bloc,false,"",v1
218,R00.1,"Bradycardie, sans précision",XVIII,4,sous_categorie,N,NOTE,"Utiliser, au besoin, un code supplémentaire de cause externe (Chapitre XX) pour identifier éventuellement le médicament.",false,utiliser_code_supplementaire,instruction_codage,section Notes de la CIM-10,instruction transversale « code supplémentaire » — à trancher en bloc,false,"",v1
220,R78.0,Présence d'alcool dans le sang,XVIII,4,sous_categorie,N,NOTE,"Utiliser, au besoin, un code supplémentaire de cause externe (Y90.-) précisant le taux d'alcoolémie.",false,utiliser_code_supplementaire,instruction_codage,section Notes de la CIM-10,instruction transversale « code supplémentaire » — à trancher en bloc,false,"",v1
613,T74,Syndromes dus à de mauvais traitements,XIX,3,categorie,N,NOTE,"Utiliser, au besoin, un code supplémentaire pour identifier le traumatisme récent",false,utiliser_code_supplementaire,instruction_codage,section Notes de la CIM-10,instruction transversale « code supplémentaire » — à trancher en bloc,false,"",v1
226,T79.3,"Infection posttraumatique d'une plaie, non classée ailleurs",XIX,4,sous_categorie,N,NOTE,"Utiliser, au besoin, un code supplémentaire (B95-B97) pour identifier l'agent infectieux.",false,utiliser_code_supplementaire,instruction_codage,section Notes de la CIM-10,instruction transversale « code supplémentaire » — à trancher en bloc,false,"",v1
