provenance,code,libelle_officiel,chapitre,type_noeud,source_ofs,kind_ans,attache,patron,caractere,classe_proposee,destination_proposee,motif,texte_retenu,divergence_textuelle,texte_ofs_si_divergent,abandonnee_par_ans_2025,controle_plein_texte,peremption_suspecte,peremption_motif,version_regle
OFS_2006,(F00-F99),"",V,chapitre,N,"",NOTE,historique_classification,presentationnelle,convention_classement,non_rendue,note historique/éditoriale de la classification ; présentationnelle — mise en page/organisation du volume,"Ce chapitre a été partiellement étendu par des informations provenant de la Classification internationale des troubles mentaux et des troubles du comportement, une publication officielle de l'OMS.",false,"",true,absent,false,"",v3
les_deux,B03,Variole,I,categorie,N,coding-hint,Class,historique_classification,presentationnelle,convention_classement,non_rendue,note historique/éditoriale de la classification ; présentationnelle — mise en page/organisation du volume,"En mai 1980, la 33ème Assemblée mondiale de la Santé a officiellement déclaré que la variole avait été éradiquée. La classification est maintenue à des fins de surveillance.",true,"En mai 1980, la 33ème Assemblée mondiale de la Santé a officiellement déclaré que la variole était éradiquée. La classification est maintenue à des fins de surveillance.",false,"",false,"",v3
ANS_2025,N00,Syndrome néphritique aigu,XIV,categorie,"",text,Class,renvoi_presentation,presentationnelle,convention_classement,non_rendue,renvoi de présentation du volume 1 — sans contenu propre ; présentationnelle — mise en page/organisation du volume,[voir subdivisions avant N00],false,"",false,"",false,"",v3
ANS_2025,N01,Syndrome néphritique d'évolution rapide,XIV,categorie,"",text,Class,renvoi_presentation,presentationnelle,convention_classement,non_rendue,renvoi de présentation du volume 1 — sans contenu propre ; présentationnelle — mise en page/organisation du volume,[voir subdivisions avant N00],false,"",false,"",false,"",v3
ANS_2025,N02,Hématurie récidivante et persistante,XIV,categorie,"",text,Class,renvoi_presentation,presentationnelle,convention_classement,non_rendue,renvoi de présentation du volume 1 — sans contenu propre ; présentationnelle — mise en page/organisation du volume,[voir subdivisions avant N00],false,"",false,"",false,"",v3
ANS_2025,N03,Syndrome néphritique chronique,XIV,categorie,"",text,Class,renvoi_presentation,presentationnelle,convention_classement,non_rendue,renvoi de présentation du volume 1 — sans contenu propre ; présentationnelle — mise en page/organisation du volume,[voir subdivisions avant N00],false,"",false,"",false,"",v3
ANS_2025,N04,Syndrome néphrotique,XIV,categorie,"",text,Class,renvoi_presentation,presentationnelle,convention_classement,non_rendue,renvoi de présentation du volume 1 — sans contenu propre ; présentationnelle — mise en page/organisation du volume,[voir subdivisions avant N00],false,"",false,"",false,"",v3
ANS_2025,N05,"Syndrome néphritique, sans précision",XIV,categorie,"",text,Class,renvoi_presentation,presentationnelle,convention_classement,non_rendue,renvoi de présentation du volume 1 — sans contenu propre ; présentationnelle — mise en page/organisation du volume,[voir subdivisions avant N00],false,"",false,"",false,"",v3
ANS_2025,N06,Protéinurie isolée avec lésions morphologiques précisées,XIV,categorie,"",text,Class,renvoi_presentation,presentationnelle,convention_classement,non_rendue,renvoi de présentation du volume 1 — sans contenu propre ; présentationnelle — mise en page/organisation du volume,[voir subdivisions avant N00],false,"",false,"",false,"",v3
ANS_2025,N07,"Néphropathie héréditaire, non classée ailleurs",XIV,categorie,"",text,Class,renvoi_presentation,presentationnelle,convention_classement,non_rendue,renvoi de présentation du volume 1 — sans contenu propre ; présentationnelle — mise en page/organisation du volume,[voir subdivisions avant N00],false,"",false,"",false,"",v3
ANS_2025,V01,Piéton blessé dans une collision avec un cycle,XX,categorie,"",text,Class,renvoi_presentation,presentationnelle,convention_classement,non_rendue,renvoi de présentation du volume 1 — sans contenu propre ; présentationnelle — mise en page/organisation du volume,[voir subdivisions avant V01],false,"",false,"",false,"",v3
ANS_2025,V02,Piéton blessé dans une collision avec un véhicule à moteur à deux ou trois roues,XX,categorie,"",text,Class,renvoi_presentation,presentationnelle,convention_classement,non_rendue,renvoi de présentation du volume 1 — sans contenu propre ; présentationnelle — mise en page/organisation du volume,[voir subdivisions avant V01],false,"",false,"",false,"",v3
ANS_2025,V03,Piéton blessé dans une collision avec une automobile ou une camionnette,XX,categorie,"",text,Class,renvoi_presentation,presentationnelle,convention_classement,non_rendue,renvoi de présentation du volume 1 — sans contenu propre ; présentationnelle — mise en page/organisation du volume,[voir subdivisions avant V01],false,"",false,"",false,"",v3
ANS_2025,V04,Piéton blessé dans une collision avec un véhicule lourd ou un autobus,XX,categorie,"",text,Class,renvoi_presentation,presentationnelle,convention_classement,non_rendue,renvoi de présentation du volume 1 — sans contenu propre ; présentationnelle — mise en page/organisation du volume,[voir subdivisions avant V01],false,"",false,"",false,"",v3
ANS_2025,V05,Piéton blessé dans une collision avec un train ou un véhicule ferroviaire,XX,categorie,"",text,Class,renvoi_presentation,presentationnelle,convention_classement,non_rendue,renvoi de présentation du volume 1 — sans contenu propre ; présentationnelle — mise en page/organisation du volume,[voir subdivisions avant V01],false,"",false,"",false,"",v3
ANS_2025,V06,Piéton blessé dans une collision avec un autre véhicule sans moteur,XX,categorie,"",text,Class,renvoi_presentation,presentationnelle,convention_classement,non_rendue,renvoi de présentation du volume 1 — sans contenu propre ; présentationnelle — mise en page/organisation du volume,[voir subdivisions avant V01],false,"",false,"",false,"",v3
ANS_2025,V10,Cycliste blessé dans une collision avec un piéton ou un animal,XX,categorie,"",text,Class,renvoi_presentation,presentationnelle,convention_classement,non_rendue,renvoi de présentation du volume 1 — sans contenu propre ; présentationnelle — mise en page/organisation du volume,[voir subdivisions avant V10],false,"",false,"",false,"",v3
ANS_2025,V11,Cycliste blessé dans une collision avec un autre cycle,XX,categorie,"",text,Class,renvoi_presentation,presentationnelle,convention_classement,non_rendue,renvoi de présentation du volume 1 — sans contenu propre ; présentationnelle — mise en page/organisation du volume,[voir subdivisions avant V10],false,"",false,"",false,"",v3
ANS_2025,V12,Cycliste blessé dans une collision avec un véhicule à moteur à deux ou trois roues,XX,categorie,"",text,Class,renvoi_presentation,presentationnelle,convention_classement,non_rendue,renvoi de présentation du volume 1 — sans contenu propre ; présentationnelle — mise en page/organisation du volume,[voir subdivisions avant V10],false,"",false,"",false,"",v3
ANS_2025,V13,Cycliste blessé dans une collision avec une automobile ou une camionnette,XX,categorie,"",text,Class,renvoi_presentation,presentationnelle,convention_classement,non_rendue,renvoi de présentation du volume 1 — sans contenu propre ; présentationnelle — mise en page/organisation du volume,[voir subdivisions avant V10],false,"",false,"",false,"",v3
ANS_2025,V14,Cycliste blessé dans une collision avec un vehicule lourd ou un autobus,XX,categorie,"",text,Class,renvoi_presentation,presentationnelle,convention_classement,non_rendue,renvoi de présentation du volume 1 — sans contenu propre ; présentationnelle — mise en page/organisation du volume,[voir subdivisions avant V10],false,"",false,"",false,"",v3
ANS_2025,V15,Cycliste blessé dans une collision avec un train ou un véhicule ferroviaire,XX,categorie,"",text,Class,renvoi_presentation,presentationnelle,convention_classement,non_rendue,renvoi de présentation du volume 1 — sans contenu propre ; présentationnelle — mise en page/organisation du volume,[voir subdivisions avant V10],false,"",false,"",false,"",v3
ANS_2025,V16,Cycliste blessé dans une collision avec un autre véhicule sans moteur,XX,categorie,"",text,Class,renvoi_presentation,presentationnelle,convention_classement,non_rendue,renvoi de présentation du volume 1 — sans contenu propre ; présentationnelle — mise en page/organisation du volume,[voir subdivisions avant V10],false,"",false,"",false,"",v3
ANS_2025,V17,Cycliste blessé dans une collision avec un objet fixe ou stationnaire,XX,categorie,"",text,Class,renvoi_presentation,presentationnelle,convention_classement,non_rendue,renvoi de présentation du volume 1 — sans contenu propre ; présentationnelle — mise en page/organisation du volume,[voir subdivisions avant V10],false,"",false,"",false,"",v3
ANS_2025,V18,"Cycliste blessé dans un accident de transport, sans collision",XX,categorie,"",text,Class,renvoi_presentation,presentationnelle,convention_classement,non_rendue,renvoi de présentation du volume 1 — sans contenu propre ; présentationnelle — mise en page/organisation du volume,[voir subdivisions avant V10],false,"",false,"",false,"",v3
ANS_2025,V20,Motocycliste blessé dans une collision avec un piéton ou un animal,XX,categorie,"",text,Class,renvoi_presentation,presentationnelle,convention_classement,non_rendue,renvoi de présentation du volume 1 — sans contenu propre ; présentationnelle — mise en page/organisation du volume,[voir subdivisions avant V20],false,"",false,"",false,"",v3
ANS_2025,V21,Motocycliste blessé dans une collision avec un cycle,XX,categorie,"",text,Class,renvoi_presentation,presentationnelle,convention_classement,non_rendue,renvoi de présentation du volume 1 — sans contenu propre ; présentationnelle — mise en page/organisation du volume,[voir subdivisions avant V20],false,"",false,"",false,"",v3
ANS_2025,V22,Motocycliste blessé dans une collision avec un véhicule à moteur à deux ou trois roues,XX,categorie,"",text,Class,renvoi_presentation,presentationnelle,convention_classement,non_rendue,renvoi de présentation du volume 1 — sans contenu propre ; présentationnelle — mise en page/organisation du volume,[voir subdivisions avant V20],false,"",false,"",false,"",v3
ANS_2025,V23,Motocycliste blessé dans une collision avec une automobile ou une camionnette,XX,categorie,"",text,Class,renvoi_presentation,presentationnelle,convention_classement,non_rendue,renvoi de présentation du volume 1 — sans contenu propre ; présentationnelle — mise en page/organisation du volume,[voir subdivisions avant V20],false,"",false,"",false,"",v3
ANS_2025,V24,Motocycliste blessé dans une collision avec un véhicule lourd ou un autobus,XX,categorie,"",text,Class,renvoi_presentation,presentationnelle,convention_classement,non_rendue,renvoi de présentation du volume 1 — sans contenu propre ; présentationnelle — mise en page/organisation du volume,[voir subdivisions avant V20],false,"",false,"",false,"",v3
ANS_2025,V25,Motocycliste blessé dans une collision avec un train ou un véhicule ferroviaire,XX,categorie,"",text,Class,renvoi_presentation,presentationnelle,convention_classement,non_rendue,renvoi de présentation du volume 1 — sans contenu propre ; présentationnelle — mise en page/organisation du volume,[voir subdivisions avant V20],false,"",false,"",false,"",v3
ANS_2025,V26,Motocycliste blessé dans une collision avec un autre véhicule sans moteur,XX,categorie,"",text,Class,renvoi_presentation,presentationnelle,convention_classement,non_rendue,renvoi de présentation du volume 1 — sans contenu propre ; présentationnelle — mise en page/organisation du volume,[voir subdivisions avant V20],false,"",false,"",false,"",v3
ANS_2025,V27,Motocycliste blessé dans une collision avec un objet fixe ou stationnaire,XX,categorie,"",text,Class,renvoi_presentation,presentationnelle,convention_classement,non_rendue,renvoi de présentation du volume 1 — sans contenu propre ; présentationnelle — mise en page/organisation du volume,[voir subdivisions avant V20],false,"",false,"",false,"",v3
ANS_2025,V28,"Motocycliste blessé dans un accident de transport, sans collision",XX,categorie,"",text,Class,renvoi_presentation,presentationnelle,convention_classement,non_rendue,renvoi de présentation du volume 1 — sans contenu propre ; présentationnelle — mise en page/organisation du volume,[voir subdivisions avant V20],false,"",false,"",false,"",v3
ANS_2025,V30,"Occupant d'un véhicule à moteur à trois roues, blessé dans une collision avec un piéton ou un animal",XX,categorie,"",text,Class,renvoi_presentation,presentationnelle,convention_classement,non_rendue,renvoi de présentation du volume 1 — sans contenu propre ; présentationnelle — mise en page/organisation du volume,[voir subdivisions avant V30],false,"",false,"",false,"",v3
ANS_2025,V31,Occupant d'un véhicule à moteur à trois roues blessé dans une collision avec un cycle,XX,categorie,"",text,Class,renvoi_presentation,presentationnelle,convention_classement,non_rendue,renvoi de présentation du volume 1 — sans contenu propre ; présentationnelle — mise en page/organisation du volume,[voir subdivisions avant V30],false,"",false,"",false,"",v3
ANS_2025,V32,Occupant d'un véhicule à moteur à trois roues blessé dans une collision avec un véhicule à moteur à deux ou trois roues,XX,categorie,"",text,Class,renvoi_presentation,presentationnelle,convention_classement,non_rendue,renvoi de présentation du volume 1 — sans contenu propre ; présentationnelle — mise en page/organisation du volume,[voir subdivisions avant V30],false,"",false,"",false,"",v3
ANS_2025,V33,Occupant d'un véhicule à moteur à trois roues blessé dans une collision avec une automobile ou une camionnette,XX,categorie,"",text,Class,renvoi_presentation,presentationnelle,convention_classement,non_rendue,renvoi de présentation du volume 1 — sans contenu propre ; présentationnelle — mise en page/organisation du volume,[voir subdivisions avant V30],false,"",false,"",false,"",v3
ANS_2025,V34,Occupant d'un véhicule à moteur à trois roues blessé dans une collision avec un véhicule lourd ou un autobus,XX,categorie,"",text,Class,renvoi_presentation,presentationnelle,convention_classement,non_rendue,renvoi de présentation du volume 1 — sans contenu propre ; présentationnelle — mise en page/organisation du volume,[voir subdivisions avant V30],false,"",false,"",false,"",v3
ANS_2025,V35,Occupant d'un véhicule à moteur à trois roues blessé dans une collision avec un train ou un véhicule ferroviaire,XX,categorie,"",text,Class,renvoi_presentation,presentationnelle,convention_classement,non_rendue,renvoi de présentation du volume 1 — sans contenu propre ; présentationnelle — mise en page/organisation du volume,[voir subdivisions avant V30],false,"",false,"",false,"",v3
ANS_2025,V36,Occupant d'un véhicule à moteur à trois roues blessé dans une collision avec un autre véhicule sans moteur,XX,categorie,"",text,Class,renvoi_presentation,presentationnelle,convention_classement,non_rendue,renvoi de présentation du volume 1 — sans contenu propre ; présentationnelle — mise en page/organisation du volume,[voir subdivisions avant V30],false,"",false,"",false,"",v3
ANS_2025,V37,Occupant d'un véhicule à moteur à trois roues blessé dans une collision avec un objet fixe ou stationnaire,XX,categorie,"",text,Class,renvoi_presentation,presentationnelle,convention_classement,non_rendue,renvoi de présentation du volume 1 — sans contenu propre ; présentationnelle — mise en page/organisation du volume,[voir subdivisions avant V30],false,"",false,"",false,"",v3
ANS_2025,V38,"Occupant d'un véhicule à moteur à trois roues blessé dans un accident de transport, sans collision",XX,categorie,"",text,Class,renvoi_presentation,presentationnelle,convention_classement,non_rendue,renvoi de présentation du volume 1 — sans contenu propre ; présentationnelle — mise en page/organisation du volume,[voir subdivisions avant V30],false,"",false,"",false,"",v3
ANS_2025,V40,Occupant d'une automobile blessé dans une collision avec un piéton ou un animal,XX,categorie,"",text,Class,renvoi_presentation,presentationnelle,convention_classement,non_rendue,renvoi de présentation du volume 1 — sans contenu propre ; présentationnelle — mise en page/organisation du volume,[voir subdivisions avant V40],false,"",false,"",false,"",v3
ANS_2025,V41,Occupant d'une automobile blessé dans une collision avec un cycle,XX,categorie,"",text,Class,renvoi_presentation,presentationnelle,convention_classement,non_rendue,renvoi de présentation du volume 1 — sans contenu propre ; présentationnelle — mise en page/organisation du volume,[voir subdivisions avant V40],false,"",false,"",false,"",v3
ANS_2025,V42,Occupant d'une automobile blessé dans une collision avec un véhicule à moteur à deux ou trois roues,XX,categorie,"",text,Class,renvoi_presentation,presentationnelle,convention_classement,non_rendue,renvoi de présentation du volume 1 — sans contenu propre ; présentationnelle — mise en page/organisation du volume,[voir subdivisions avant V40],false,"",false,"",false,"",v3
ANS_2025,V43,Occupant d'une automobile blessé dans une collision avec une automobile ou une camionnette,XX,categorie,"",text,Class,renvoi_presentation,presentationnelle,convention_classement,non_rendue,renvoi de présentation du volume 1 — sans contenu propre ; présentationnelle — mise en page/organisation du volume,[voir subdivisions avant V40],false,"",false,"",false,"",v3
ANS_2025,V44,Occupant d'une automobile blessé dans une collision avec un véhicule lourd ou un autobus,XX,categorie,"",text,Class,renvoi_presentation,presentationnelle,convention_classement,non_rendue,renvoi de présentation du volume 1 — sans contenu propre ; présentationnelle — mise en page/organisation du volume,[voir subdivisions avant V40],false,"",false,"",false,"",v3
ANS_2025,V45,Occupant d'une automobile blessé dans une collision avec un train ou un véhicule ferroviaire,XX,categorie,"",text,Class,renvoi_presentation,presentationnelle,convention_classement,non_rendue,renvoi de présentation du volume 1 — sans contenu propre ; présentationnelle — mise en page/organisation du volume,[voir subdivisions avant V40],false,"",false,"",false,"",v3
ANS_2025,V46,Occupant d'une automobile blessé dans une collision avec un autre véhicule sans moteur,XX,categorie,"",text,Class,renvoi_presentation,presentationnelle,convention_classement,non_rendue,renvoi de présentation du volume 1 — sans contenu propre ; présentationnelle — mise en page/organisation du volume,[voir subdivisions avant V40],false,"",false,"",false,"",v3
ANS_2025,V47,Occupant d'une automobile blessé dans une collision avec un objet fixe ou stationnaire,XX,categorie,"",text,Class,renvoi_presentation,presentationnelle,convention_classement,non_rendue,renvoi de présentation du volume 1 — sans contenu propre ; présentationnelle — mise en page/organisation du volume,[voir subdivisions avant V40],false,"",false,"",false,"",v3
ANS_2025,V48,"Occupant d'une automobile blessé dans un accident de transport, sans collision",XX,categorie,"",text,Class,renvoi_presentation,presentationnelle,convention_classement,non_rendue,renvoi de présentation du volume 1 — sans contenu propre ; présentationnelle — mise en page/organisation du volume,[voir subdivisions avant V40],false,"",false,"",false,"",v3
ANS_2025,V50,Occupant d'une camionnette blessé dans une collision avec un piéton ou un animal,XX,categorie,"",text,Class,renvoi_presentation,presentationnelle,convention_classement,non_rendue,renvoi de présentation du volume 1 — sans contenu propre ; présentationnelle — mise en page/organisation du volume,[voir subdivisions avant V50],false,"",false,"",false,"",v3
ANS_2025,V51,Occupant d'une camionnette blessé dans une collision avec un cycle,XX,categorie,"",text,Class,renvoi_presentation,presentationnelle,convention_classement,non_rendue,renvoi de présentation du volume 1 — sans contenu propre ; présentationnelle — mise en page/organisation du volume,[voir subdivisions avant V50],false,"",false,"",false,"",v3
ANS_2025,V52,Occupant d'une camionnette blessé dans une collision avec un véhicule à moteur à deux ou trois roues,XX,categorie,"",text,Class,renvoi_presentation,presentationnelle,convention_classement,non_rendue,renvoi de présentation du volume 1 — sans contenu propre ; présentationnelle — mise en page/organisation du volume,[voir subdivisions avant V50],false,"",false,"",false,"",v3
ANS_2025,V53,Occupant d'une camionnette blessé dans une collision avec une automobile ou une camionnette,XX,categorie,"",text,Class,renvoi_presentation,presentationnelle,convention_classement,non_rendue,renvoi de présentation du volume 1 — sans contenu propre ; présentationnelle — mise en page/organisation du volume,[voir subdivisions avant V50],false,"",false,"",false,"",v3
ANS_2025,V54,Occupant d'une camionnette blessé dans une collision avec un véhicule lourd ou un autobus,XX,categorie,"",text,Class,renvoi_presentation,presentationnelle,convention_classement,non_rendue,renvoi de présentation du volume 1 — sans contenu propre ; présentationnelle — mise en page/organisation du volume,[voir subdivisions avant V50],false,"",false,"",false,"",v3
ANS_2025,V55,Occupant d'une camionnette blessé dans une collision avec un train ou un véhicule ferroviaire,XX,categorie,"",text,Class,renvoi_presentation,presentationnelle,convention_classement,non_rendue,renvoi de présentation du volume 1 — sans contenu propre ; présentationnelle — mise en page/organisation du volume,[voir subdivisions avant V50],false,"",false,"",false,"",v3
ANS_2025,V56,Occupant d'une camionnette blessé dans une collision avec un autre véhicule sans moteur,XX,categorie,"",text,Class,renvoi_presentation,presentationnelle,convention_classement,non_rendue,renvoi de présentation du volume 1 — sans contenu propre ; présentationnelle — mise en page/organisation du volume,[voir subdivisions avant V50],false,"",false,"",false,"",v3
ANS_2025,V57,Occupant d'une camionnette blessé dans une collision avec un objet fixe ou stationnaire,XX,categorie,"",text,Class,renvoi_presentation,presentationnelle,convention_classement,non_rendue,renvoi de présentation du volume 1 — sans contenu propre ; présentationnelle — mise en page/organisation du volume,[voir subdivisions avant V50],false,"",false,"",false,"",v3
ANS_2025,V58,"Occupant d'une camionnette blessé dans un accident de transport, sans collision",XX,categorie,"",text,Class,renvoi_presentation,presentationnelle,convention_classement,non_rendue,renvoi de présentation du volume 1 — sans contenu propre ; présentationnelle — mise en page/organisation du volume,[voir subdivisions avant V50],false,"",false,"",false,"",v3
ANS_2025,V60,Occupant d'un véhicule lourd blessé dans une collision avec un piéton ou un animal,XX,categorie,"",text,Class,renvoi_presentation,presentationnelle,convention_classement,non_rendue,renvoi de présentation du volume 1 — sans contenu propre ; présentationnelle — mise en page/organisation du volume,[voir subdivisions avant V60],false,"",false,"",false,"",v3
ANS_2025,V61,Occupant d'un véhicule lourd blessé dans une collision avec un cycle,XX,categorie,"",text,Class,renvoi_presentation,presentationnelle,convention_classement,non_rendue,renvoi de présentation du volume 1 — sans contenu propre ; présentationnelle — mise en page/organisation du volume,[voir subdivisions avant V60],false,"",false,"",false,"",v3
ANS_2025,V62,Occupant d'un véhicule lourd blessé dans une collision avec un véhicule à moteur à deux ou à trois roues,XX,categorie,"",text,Class,renvoi_presentation,presentationnelle,convention_classement,non_rendue,renvoi de présentation du volume 1 — sans contenu propre ; présentationnelle — mise en page/organisation du volume,[voir subdivisions avant V60],false,"",false,"",false,"",v3
ANS_2025,V63,Occupant d'un véhicule lourd blessé dans une collision avec une automobile ou une camionnette,XX,categorie,"",text,Class,renvoi_presentation,presentationnelle,convention_classement,non_rendue,renvoi de présentation du volume 1 — sans contenu propre ; présentationnelle — mise en page/organisation du volume,[voir subdivisions avant V60],false,"",false,"",false,"",v3
ANS_2025,V64,Occupant d'un véhicule lourd blessé dans une collision avec un véhicule lourd ou un autobus,XX,categorie,"",text,Class,renvoi_presentation,presentationnelle,convention_classement,non_rendue,renvoi de présentation du volume 1 — sans contenu propre ; présentationnelle — mise en page/organisation du volume,[voir subdivisions avant V60],false,"",false,"",false,"",v3
ANS_2025,V65,Occupant d'un véhicule lourd blessé dans une collision avec un train ou un véhicule ferroviaire,XX,categorie,"",text,Class,renvoi_presentation,presentationnelle,convention_classement,non_rendue,renvoi de présentation du volume 1 — sans contenu propre ; présentationnelle — mise en page/organisation du volume,[voir subdivisions avant V60],false,"",false,"",false,"",v3
ANS_2025,V66,Occupant d'un véhicule lourd blessé dans une collision avec un autre véhicule sans moteur,XX,categorie,"",text,Class,renvoi_presentation,presentationnelle,convention_classement,non_rendue,renvoi de présentation du volume 1 — sans contenu propre ; présentationnelle — mise en page/organisation du volume,[voir subdivisions avant V60],false,"",false,"",false,"",v3
ANS_2025,V67,Occupant d'un véhicule lourd blessé dans une collision avec un objet fixe ou stationnaire,XX,categorie,"",text,Class,renvoi_presentation,presentationnelle,convention_classement,non_rendue,renvoi de présentation du volume 1 — sans contenu propre ; présentationnelle — mise en page/organisation du volume,[voir subdivisions avant V60],false,"",false,"",false,"",v3
ANS_2025,V68,"Occupant d'un véhicule lourd blessé dans un accident de transport, sans collision",XX,categorie,"",text,Class,renvoi_presentation,presentationnelle,convention_classement,non_rendue,renvoi de présentation du volume 1 — sans contenu propre ; présentationnelle — mise en page/organisation du volume,[voir subdivisions avant V60],false,"",false,"",false,"",v3
ANS_2025,V70,Occupant d'un autobus blessé dans une collision avec un piéton ou un animal,XX,categorie,"",text,Class,renvoi_presentation,presentationnelle,convention_classement,non_rendue,renvoi de présentation du volume 1 — sans contenu propre ; présentationnelle — mise en page/organisation du volume,[voir subdivisions avant V70],false,"",false,"",false,"",v3
ANS_2025,V71,Occupant d'un autobus blessé dans une collision avec un cycle,XX,categorie,"",text,Class,renvoi_presentation,presentationnelle,convention_classement,non_rendue,renvoi de présentation du volume 1 — sans contenu propre ; présentationnelle — mise en page/organisation du volume,[voir subdivisions avant V70],false,"",false,"",false,"",v3
ANS_2025,V72,Occupant d'un autobus blessé dans une collision avec un véhicule à moteur à deux ou trois roues,XX,categorie,"",text,Class,renvoi_presentation,presentationnelle,convention_classement,non_rendue,renvoi de présentation du volume 1 — sans contenu propre ; présentationnelle — mise en page/organisation du volume,[voir subdivisions avant V70],false,"",false,"",false,"",v3
ANS_2025,V73,Occupant d'un autobus blessé dans une collision avec une automobile ou une camionnette,XX,categorie,"",text,Class,renvoi_presentation,presentationnelle,convention_classement,non_rendue,renvoi de présentation du volume 1 — sans contenu propre ; présentationnelle — mise en page/organisation du volume,[voir subdivisions avant V70],false,"",false,"",false,"",v3
ANS_2025,V74,Occupant d'un autobus blessé dans une collision avec un véhicule lourd ou un autobus,XX,categorie,"",text,Class,renvoi_presentation,presentationnelle,convention_classement,non_rendue,renvoi de présentation du volume 1 — sans contenu propre ; présentationnelle — mise en page/organisation du volume,[voir subdivisions avant V70],false,"",false,"",false,"",v3
ANS_2025,V75,Occupant d'un autobus blessé dans une collision avec un train ou un véhicule ferroviaire,XX,categorie,"",text,Class,renvoi_presentation,presentationnelle,convention_classement,non_rendue,renvoi de présentation du volume 1 — sans contenu propre ; présentationnelle — mise en page/organisation du volume,[voir subdivisions avant V70],false,"",false,"",false,"",v3
ANS_2025,V76,Occupant d'un autobus blessé dans une collision avec un autre véhicule sans moteur,XX,categorie,"",text,Class,renvoi_presentation,presentationnelle,convention_classement,non_rendue,renvoi de présentation du volume 1 — sans contenu propre ; présentationnelle — mise en page/organisation du volume,[voir subdivisions avant V70],false,"",false,"",false,"",v3
ANS_2025,V77,Occupant d'un autobus blessé dans une collision avec un objet fixe ou stationnaire,XX,categorie,"",text,Class,renvoi_presentation,presentationnelle,convention_classement,non_rendue,renvoi de présentation du volume 1 — sans contenu propre ; présentationnelle — mise en page/organisation du volume,[voir subdivisions avant V70],false,"",false,"",false,"",v3
ANS_2025,V78,"Occupant d'un autobus blessé dans un accident de transport, sans collision",XX,categorie,"",text,Class,renvoi_presentation,presentationnelle,convention_classement,non_rendue,renvoi de présentation du volume 1 — sans contenu propre ; présentationnelle — mise en page/organisation du volume,[voir subdivisions avant V70],false,"",false,"",false,"",v3
ANS_2025,V90,Accident de bateau entraînant la noyade et la submersion,XX,categorie,"",text,Class,renvoi_presentation,presentationnelle,convention_classement,non_rendue,renvoi de présentation du volume 1 — sans contenu propre ; présentationnelle — mise en page/organisation du volume,[voir subdivisions avant V90],false,"",false,"",false,"",v3
ANS_2025,V91,Accident de bateau provoquant d'autres lésions traumatiques,XX,categorie,"",text,Class,renvoi_presentation,presentationnelle,convention_classement,non_rendue,renvoi de présentation du volume 1 — sans contenu propre ; présentationnelle — mise en page/organisation du volume,[voir subdivisions avant V90],false,"",false,"",false,"",v3
ANS_2025,V92,"Noyade et submersion durant un transport par eau, sans accident de bateau",XX,categorie,"",text,Class,renvoi_presentation,presentationnelle,convention_classement,non_rendue,renvoi de présentation du volume 1 — sans contenu propre ; présentationnelle — mise en page/organisation du volume,[voir subdivisions avant V90],false,"",false,"",false,"",v3
ANS_2025,V93,"Accident à bord d'un bateau, sans accident du bateau, ne causant ni noyade ni submersion",XX,categorie,"",text,Class,renvoi_presentation,presentationnelle,convention_classement,non_rendue,renvoi de présentation du volume 1 — sans contenu propre ; présentationnelle — mise en page/organisation du volume,[voir subdivisions avant V90],false,"",false,"",false,"",v3
ANS_2025,V94,"Accidents de transport par eau, autres et sans précision",XX,categorie,"",text,Class,renvoi_presentation,presentationnelle,convention_classement,non_rendue,renvoi de présentation du volume 1 — sans contenu propre ; présentationnelle — mise en page/organisation du volume,[voir subdivisions avant V90],false,"",false,"",false,"",v3
ANS_2025,W00-W19,Chutes,XX,bloc,"",text,Class,renvoi_presentation,presentationnelle,convention_classement,non_rendue,renvoi de présentation du volume 1 — sans contenu propre ; présentationnelle — mise en page/organisation du volume,[Voir le début de ce chapitre pour les classifications supplémentaires du lieu de l'événement et de l'activité],false,"",false,"",false,"",v3
ANS_2025,W20-W49,Exposition à des forces mécaniques,XX,bloc,"",text,Class,renvoi_presentation,presentationnelle,convention_classement,non_rendue,renvoi de présentation du volume 1 — sans contenu propre ; présentationnelle — mise en page/organisation du volume,[Voir le début de ce chapitre pour les classifications supplémentaires du lieu de l'événement et de l'activité],false,"",false,"",false,"",v3
ANS_2025,W50-W64,Exposition à des forces animées,XX,bloc,"",text,Class,renvoi_presentation,presentationnelle,convention_classement,non_rendue,renvoi de présentation du volume 1 — sans contenu propre ; présentationnelle — mise en page/organisation du volume,[Voir le début de ce chapitre pour les classifications supplémentaires du lieu de l'événement et de l'activité],false,"",false,"",false,"",v3
ANS_2025,W65-W74,Noyade et submersion accidentelles,XX,bloc,"",text,Class,renvoi_presentation,presentationnelle,convention_classement,non_rendue,renvoi de présentation du volume 1 — sans contenu propre ; présentationnelle — mise en page/organisation du volume,[Voir le début de ce chapitre pour les classifications supplémentaires du lieu de l'événement et de l'activité],false,"",false,"",false,"",v3
ANS_2025,W75-W84,Autres accidents affectant la respiration,XX,bloc,"",text,Class,renvoi_presentation,presentationnelle,convention_classement,non_rendue,renvoi de présentation du volume 1 — sans contenu propre ; présentationnelle — mise en page/organisation du volume,[Voir le début de ce chapitre pour les classifications supplémentaires du lieu de l'événement et de l'activité],false,"",false,"",false,"",v3
ANS_2025,W85-W99,"Exposition au courant électrique, aux rayonnements et à des températures et pressions extrêmes de l'air ambiant",XX,bloc,"",text,Class,renvoi_presentation,presentationnelle,convention_classement,non_rendue,renvoi de présentation du volume 1 — sans contenu propre ; présentationnelle — mise en page/organisation du volume,[Voir le début de ce chapitre pour les classifications supplémentaires du lieu de l'événement et de l'activité],false,"",false,"",false,"",v3
ANS_2025,X00-X09,"Exposition à la fumée, au feu et aux flammes",XX,bloc,"",text,Class,renvoi_presentation,presentationnelle,convention_classement,non_rendue,renvoi de présentation du volume 1 — sans contenu propre ; présentationnelle — mise en page/organisation du volume,[Voir le début de ce chapitre pour les classifications supplémentaires du lieu de l'événement et de l'activité],false,"",false,"",false,"",v3
ANS_2025,X10-X19,Contact avec une source de chaleur et des substances brulantes,XX,bloc,"",text,Class,renvoi_presentation,presentationnelle,convention_classement,non_rendue,renvoi de présentation du volume 1 — sans contenu propre ; présentationnelle — mise en page/organisation du volume,[Voir le début de ce chapitre pour les classifications supplémentaires du lieu de l'événement et de l'activité],false,"",false,"",false,"",v3
ANS_2025,X20-X29,Contact avec des animaux venimeux et des plantes vénéneuses,XX,bloc,"",text,Class,renvoi_presentation,presentationnelle,convention_classement,non_rendue,renvoi de présentation du volume 1 — sans contenu propre ; présentationnelle — mise en page/organisation du volume,[Voir le début de ce chapitre pour les classifications supplémentaires du lieu de l'événement et de l'activité],false,"",false,"",false,"",v3
ANS_2025,X30-X39,Exposition aux forces de la nature,XX,bloc,"",text,Class,renvoi_presentation,presentationnelle,convention_classement,non_rendue,renvoi de présentation du volume 1 — sans contenu propre ; présentationnelle — mise en page/organisation du volume,[Voir le début de ce chapitre pour les classifications supplémentaires du lieu de l'événement et de l'activité],false,"",false,"",false,"",v3
les_deux,X40-X49,Intoxication accidentelle par des substances nocives et exposition à ces substances,XX,bloc,E,text,Class,renvoi_presentation,presentationnelle,convention_classement,non_rendue,renvoi de présentation du volume 1 — sans contenu propre ; présentationnelle — mise en page/organisation du volume,[Voir le début de ce chapitre pour les classifications supplémentaires du lieu de l'événement et de l'activité],true,"Se reporter à la Table des médicaments et substances chimiques de l'Index alphabétique pour la liste des médicaments et autres substances chimiques classées  dans les catégories à trois caractères. S'il est prouvé que l'action de l'alcool est associée aux substances mentionnées ci-dessous, on peut l'indiquer au moyen de codes supplémentaires (Y90, Y91).",false,"",false,"",v3
ANS_2025,X50-X57,"Surmenage, voyages et privations",XX,bloc,"",text,Class,renvoi_presentation,presentationnelle,convention_classement,non_rendue,renvoi de présentation du volume 1 — sans contenu propre ; présentationnelle — mise en page/organisation du volume,[Voir le début de ce chapitre pour les classifications supplémentaires du lieu de l'événement et de l'activité],false,"",false,"",false,"",v3
ANS_2025,X58-X59,"Exposition accidentelle à des facteurs, autres et sans précision",XX,bloc,"",text,Class,renvoi_presentation,presentationnelle,convention_classement,non_rendue,renvoi de présentation du volume 1 — sans contenu propre ; présentationnelle — mise en page/organisation du volume,[Voir le début de ce chapitre pour les classifications supplémentaires du lieu de l'événement et de l'activité],false,"",false,"",false,"",v3
ANS_2025,X60-X84,Lésions auto-infligées,XX,bloc,"",text,Class,renvoi_presentation,presentationnelle,convention_classement,non_rendue,renvoi de présentation du volume 1 — sans contenu propre ; présentationnelle — mise en page/organisation du volume,[Voir le début de ce chapitre pour les classifications supplémentaires du lieu de l'événement et de l'activité],false,"",false,"",false,"",v3
ANS_2025,X85-Y09,Agressions,XX,bloc,"",text,Class,renvoi_presentation,presentationnelle,convention_classement,non_rendue,renvoi de présentation du volume 1 — sans contenu propre ; présentationnelle — mise en page/organisation du volume,[Voir le début de ce chapitre pour les classifications supplémentaires du lieu de l'événement et de l'activité],false,"",false,"",false,"",v3
les_deux,Y10-Y34,Evénements dont l'intention n'est pas déterminée,XX,bloc,E,text,Class,renvoi_presentation,presentationnelle,convention_classement,non_rendue,renvoi de présentation du volume 1 — sans contenu propre ; présentationnelle — mise en page/organisation du volume,[Voir le début de ce chapitre pour les classifications supplémentaires du lieu de l'événement et de l'activité],true,"Cette section concerne les événements au sujet desquels les renseignements dont on dispose ne permettent pas aux autorités médicales ou légales de savoir s'il s'agit d'un accident, d'une lésion auto-infligée ou d'une agression. <P>Elle comprend les lésions auto-infligées, mais pas les intoxications, quand il n'est pas précisé si elles sont accidentelles ou s'il y a eu intention de nuire.",false,"",false,"",v3
ANS_2025,Y70,"Appareils d'anesthésiologie, associés à des accidents",XX,categorie,"",text,Class,renvoi_presentation,presentationnelle,convention_classement,non_rendue,renvoi de présentation du volume 1 — sans contenu propre ; présentationnelle — mise en page/organisation du volume,[voir subdivisions avant Y70],false,"",false,"",false,"",v3
ANS_2025,Y71,"Appareils cardiovasculaires, associés à des accidents",XX,categorie,"",text,Class,renvoi_presentation,presentationnelle,convention_classement,non_rendue,renvoi de présentation du volume 1 — sans contenu propre ; présentationnelle — mise en page/organisation du volume,[voir subdivisions avant Y70],false,"",false,"",false,"",v3
ANS_2025,Y72,"Appareils oto-rhino-laryngologiques, associés à des accidents",XX,categorie,"",text,Class,renvoi_presentation,presentationnelle,convention_classement,non_rendue,renvoi de présentation du volume 1 — sans contenu propre ; présentationnelle — mise en page/organisation du volume,[voir subdivisions avant Y70],false,"",false,"",false,"",v3
ANS_2025,Y73,"Appareils utilisés en gastroentérologie et en urologie, associés à des accidents",XX,categorie,"",text,Class,renvoi_presentation,presentationnelle,convention_classement,non_rendue,renvoi de présentation du volume 1 — sans contenu propre ; présentationnelle — mise en page/organisation du volume,[voir subdivisions avant Y70],false,"",false,"",false,"",v3
ANS_2025,Y74,"Appareillage hospitalier et d'usage personnel, associé à des accidents",XX,categorie,"",text,Class,renvoi_presentation,presentationnelle,convention_classement,non_rendue,renvoi de présentation du volume 1 — sans contenu propre ; présentationnelle — mise en page/organisation du volume,[voir subdivisions avant Y70],false,"",false,"",false,"",v3
ANS_2025,Y75,"Appareils utilisés en neurologie, associés à des accidents",XX,categorie,"",text,Class,renvoi_presentation,presentationnelle,convention_classement,non_rendue,renvoi de présentation du volume 1 — sans contenu propre ; présentationnelle — mise en page/organisation du volume,[voir subdivisions avant Y70],false,"",false,"",false,"",v3
ANS_2025,Y76,"Appareils utilisés en obstétrique et en gynécologie, associés à des accidents",XX,categorie,"",text,Class,renvoi_presentation,presentationnelle,convention_classement,non_rendue,renvoi de présentation du volume 1 — sans contenu propre ; présentationnelle — mise en page/organisation du volume,[voir subdivisions avant Y70],false,"",false,"",false,"",v3
ANS_2025,Y77,"Appareils utilisés en ophtalmologie, associés à des accidents",XX,categorie,"",text,Class,renvoi_presentation,presentationnelle,convention_classement,non_rendue,renvoi de présentation du volume 1 — sans contenu propre ; présentationnelle — mise en page/organisation du volume,[voir subdivisions avant Y70],false,"",false,"",false,"",v3
ANS_2025,Y78,"Appareils utilisés en radiologie, associés à des accidents",XX,categorie,"",text,Class,renvoi_presentation,presentationnelle,convention_classement,non_rendue,renvoi de présentation du volume 1 — sans contenu propre ; présentationnelle — mise en page/organisation du volume,[voir subdivisions avant Y70],false,"",false,"",false,"",v3
ANS_2025,Y79,"Appareils orthopédiques, associés à des accidents",XX,categorie,"",text,Class,renvoi_presentation,presentationnelle,convention_classement,non_rendue,renvoi de présentation du volume 1 — sans contenu propre ; présentationnelle — mise en page/organisation du volume,[voir subdivisions avant Y70],false,"",false,"",false,"",v3
ANS_2025,Y80,"Appareils de médecine physique, associés à des accidents",XX,categorie,"",text,Class,renvoi_presentation,presentationnelle,convention_classement,non_rendue,renvoi de présentation du volume 1 — sans contenu propre ; présentationnelle — mise en page/organisation du volume,[voir subdivisions avant Y70],false,"",false,"",false,"",v3
ANS_2025,Y81,"Appareils utilisés en chirurgie générale et esthétique, associés à des accidents",XX,categorie,"",text,Class,renvoi_presentation,presentationnelle,convention_classement,non_rendue,renvoi de présentation du volume 1 — sans contenu propre ; présentationnelle — mise en page/organisation du volume,[voir subdivisions avant Y70],false,"",false,"",false,"",v3
ANS_2025,Y82,"Appareils associés à des accidents, autres et sans précision",XX,categorie,"",text,Class,renvoi_presentation,presentationnelle,convention_classement,non_rendue,renvoi de présentation du volume 1 — sans contenu propre ; présentationnelle — mise en page/organisation du volume,[voir subdivisions avant Y70],false,"",false,"",false,"",v3
OFS_2006,(C81-C96),"Tumeurs malignes primitives ou présumées primitives des tissus lymphoïde, hématopoïétique et apparentés",II,bloc,E,"",NOTE,"",operante,definition,fiche de bloc (bibliothèque catégories) + héritage borné vers les feuilles,convention de classement (source E) — bruit probable en fiche (leçon ANT-01) ; opérante (enseigne l'emploi des codes) — reclassée depuis convention,"Les termes utilisés dans les catégories C82, C83, C84, C85 pour les lymphomes non hodgkiniens sont tirés d'une formulation qui s'efforce de trouver un terrain d'entente commun à plusieurs grands schémas de classification. Les termes retenus par ces schémas ne figurent pas dans la Table analytique mais bien à l'Index alphabétique. Il n'est pas toujours possible de trouver une équivalence exacte avec les termes figurant dans la Table analytique.",false,"",true,absent,false,"",v3
OFS_2006,(R00-R99),"",XVIII,chapitre,G,"",GLOSSAIRE,"","",definition,non_rendue,"définition somatique du glossaire OFS ; niveau chapitre/bloc — pas de fiche cible, ne descend pas","Ce chapitre comprend les symptômes, les signes et les résultats anormaux d'examens cliniques ou autres, ainsi que les états morbides mal définis pour lesquels aucun diagnostic n'a été formulé qui puisse être classé ailleurs.<P>Les signes et symptômes qui orientent assez sérieusement vers un diagnostic donné sont classés dans une catégorie des autres chapitres de la Classification. En général, les catégories de ce chapitre comprennent les états et symptômes moins nettement définis qui, sans que le cas ait été suffisamment étudié pour permettre un diagnostic définitif, orientent vers deux maladies ou plus ou vers deux appareils ou plus du corps humain. Presque toutes les catégories de ce chapitre pourraient être désignées ""sans autre indication"", ""d'étiologie inconnue"" ou ""transitoire"". On consultera l'Index alphabétique pour décider des symptômes et des signes qui appartiennent à ce chapitre et non à un autre. Les sous-catégories numérotées .8 sont généralement réservées aux autres symptômes qui s'y rapportent et qui ne peuvent être classés ailleurs dans la Classification.<P>Les affections et les signes ou symptômes classés dans les catégories R00-R99 se rapportent: a) aux cas pour lesquels aucun diagnostic plus précis n'a pu être porté, même après examen de tous les faits s'y rapportant; b) aux signes ou symptômes existants lors de la première consultation, qui se sont avérés être transitoires et dont les causes n'ont pu être déterminées; c) aux diagnostics provisoires chez un malade qui n'est pas revenu pour d'autres investigations ou soins; d) aux cas de malades dirigés ailleurs pour examens complémentaires ou traitement avant que le diagnostic ne soit établi; e) aux cas dans lesquels un diagnostic plus précis n'a pu être établi pour toute autre raison et f) à certains symptômes pour lesquels des renseignements supplémentaires sont fournis, symptômes qui par eux-mêmes représentent des problèmes importants de soins médicaux.",false,"",true,absent,false,"",v3
OFS_2006,(S00-T98),"",XIX,chapitre,G,"",GLOSSAIRE,"","",definition,non_rendue,"définition somatique du glossaire OFS ; niveau chapitre/bloc — pas de fiche cible, ne descend pas","Le chapitre utilise la section S pour le codage de différents types de traumatismes localisés à une seule région du corps et la section T pour le codage des traumatismes ayant des localisations multiples ou de siège non précisé, ainsi que les empoisonnements et certaines autres conséquences de causes externes.<P>Dans les titres désignant des lésions traumatiques multiples, le mot ""avec"" indique l'association des deux localisations mentionnées et le mot ""et"" indique que l'on a affaire à l'une ou l'autre des deux localisations ou aux deux à la fois.<P>Le principe du codage multiple des lésions traumatiques sera appliqué chaque fois que cela est possible. On a prévu des catégories de combinaisons pour les traumatismes multiples lorsque la nature de chacun d'eux n'est pas indiquée de façon précise ou pour la mise en tableaux des causes principales quand il est plus commode de n'enregistrer qu'une seule cause. En dehors de ces cas, les divers composants des lésions traumatiques seront codés séparément. Se référer également aux règles et instructions du Volume 2 concernant le codage de la morbidité ou de la mortalité.",false,"",true,absent,false,"",v3
ANS_2025,A97,Dengue,I,categorie,"",definition,Class,"","",definition,fiche du code (définition),définition ClaML (glossaires Z et somatique),"La dengue est une maladie virale transmise par la piqure de moustique infecté par le virus de la dengue. Elle se présente sous différentes formes cliniques dont l'évolution et l'issue sont souvent imprévisibles. La plupart des patients guérissent après une évolution clinique peu sévère spontanément résolutive présentant nausées, vomissements, éruption cutanée et douleurs. Un faible nombre de cas évolue vers une affection sévère caractérisée par des fuites plasmatiques avec ou sans hémorragie bien qu'une hémorragie sévère ou une défaillance d'organe majeure puisse survenir avec un éventuel choc du à la dengue.",false,"",false,"",false,"",v3
ANS_2025,A97.1,Dengue avec signes d'alerte,I,categorie,"",definition,Class,"","",definition,fiche du code (définition),définition ClaML (glossaires Z et somatique),"Les signes cliniques d'alerte sont: sensibilité douloureuse à la palpation ou douleur abdominale, hémorragies des muqueuses, léthargie et/ou nervosité, rapide diminution du nombre de plaquettes, augmentation de l'hématocrite. D'autres signes cliniques peuvent être présents: vomissements persistants, épanchements liquidiens, augmentation du volume du foie de plus de 2 cm.",false,"",false,"",false,"",v3
ANS_2025,A97.2,Dengue sévère,I,categorie,"",definition,Class,"","",definition,fiche du code (définition),définition ClaML (glossaires Z et somatique),"Les signes cliniques comprennent: fuite plasmatique sévère entraînant un choc (dengue avec syndrome de choc) et/ou épanchements liquidiens avec détresse respiratoire; hémorragie sévère; défaillance sévère d'organe: transaminases (ASAT ou ALAT) ≥ à 1000 (défaillance hépatique), altération de l'état de conscience (encéphalite), autres défaillances telles que myocardite ou néphropathie.",false,"",false,"",false,"",v3
OFS_2006,B48.7,Mycoses opportunistes,I,sous_categorie,G,"",GLOSSAIRE,"","",definition,fiche du code (définition),définition somatique du glossaire OFS,"Mycoses causées par des champignons de faible virulence qui ne peuvent donner un état infectieux qu'en raison de la présence de certains facteurs tels que l'existence d'une maladie débilitante ou l'administration d'agents thérapeutiques immunosuppresseurs ou autres, ou de radiothérapie. La plupart des champignons responsables sont des saprophytes habituels du sol et de végétaux en décomposition.",false,"",true,absent,false,"",v3
OFS_2006,E00,Syndrome d'insuffisance thyroïdienne congénitale,IV,categorie,G,"",aucune,"","",definition,fiche du code (définition),définition somatique du glossaire OFS,"Cette catégorie comprend les maladies endémiques dues à une insuffisance en iode de l'environnement soit directe, soit résultant d'une insuffisance thyroïdienne maternelle. Certaines de ces maladies ne correspondent pas à une hypothyroïdie en cours mais sont la conséquence d'une sécrétion anormale de l'hormone thyroïdienne en cours de développement du ftus. Le goitre endémique peut y être associé.",false,"",true,absent,false,"",v3
OFS_2006,E40,Kwashiorkor,IV,categorie,G,"",GLOSSAIRE,"","",definition,fiche du code (définition),définition somatique du glossaire OFS,Malnutrition grave avec oedème nutritionnel et dépigmentation de la peau et des cheveux,false,"",true,absent,false,"",v3
les_deux,E43,"Malnutrition protéinoénergétique grave, sans précision",IV,categorie,G,definition,Class,"","",definition,fiche du code (définition),définition ClaML (glossaires Z et somatique),"Perte de poids importante (émaciation) chez l'enfant ou l'adulte, ou absence de gain pondéral chez l'enfant, aboutissant à un poids inférieur d'au moins trois écarts types à la valeur moyenne de la population de référence (ou à une perte similaire exprimée selon d'autres méthodes statistiques). Lorsque l'on ne dispose que d'une seule mesure, il y a une forte présomption d'émaciation grave quand le poids est inférieur de trois écarts types ou davantage à la moyenne de la population de référence.",false,"",false,"",false,"",v3
les_deux,E44.0,Malnutrition protéinoénergétique modérée,IV,categorie,G,definition,Class,"","",definition,fiche du code (définition),définition ClaML (glossaires Z et somatique),"Perte de poids chez l'enfant ou chez l'adulte ou absence de gain pondéral chez l'enfant, aboutissant à un poids qui est inférieur de deux écarts types ou plus, mais moins de trois, à la valeur moyenne de la population de référence (ou une perte similaire exprimée selon d'autres méthodes statistiques). Quand on ne dispose que d'une mesure, il existe une forte présomption de malnutrition protéinoénergétique modérée quand le poids observé est inférieur de deux écarts types ou plus, mais moins de trois, à la moyenne de la population de référence.",true,"Perte de poids chez l'enfant ou chez l'adulte, ou absence de gain pondéral chez l'enfant, aboutissant à un poids qui est inférieur de deux écarts types ou plus, mais moins de trois, à la valeur moyenne de la population de référence (ou une perte similaire exprimée selon d'autres méthodes statistiques). Quand on ne dispose que d'une mesure, il existe une forte présomption de malnutrition protéino-énergétique modérée quand le poids observé est inférieur de deux écarts types ou plus, mais moins de trois, à la moyenne de la population de référence.",false,"",false,"",v3
les_deux,E44.1,Malnutrition protéinoénergétique légère,IV,categorie,G,definition,Class,"","",definition,fiche du code (définition),définition ClaML (glossaires Z et somatique),"Perte de poids chez l'enfant ou chez l'adulte ou absence de gain pondéral chez l'enfant, aboutissant à un poids qui est inférieur d'un écart type ou plus, mais moins de deux, à la valeur moyenne de la population de référence (ou une perte similaire exprimée selon d'autres méthodes statistiques). Quand on ne dispose que d'une mesure, il existe une forte présomption de malnutrition protéinoénergétique légère quand le poids observé est inférieur d'un écart type ou plus, mais moins de deux, à la moyenne de la population de référence.",true,"Perte de poids chez l'enfant ou chez l'adulte, ou absence de gain pondéral chez l'enfant, aboutissant à un poids qui est inférieur d'un écart type ou plus, mais moins de deux, à la valeur moyenne de la population de référence (ou une perte similaire exprimée selon d'autres méthodes statistiques).  Quand on ne dispose que d'une mesure, il existe une forte présomption de malnutrition protéino-énergétique modérée quand le poids observé est inférieur d'un écart type ou plus, mais moins de deux, à la moyenne de la population de référence.",false,"",false,"",v3
ANS_2025,II,Tumeurs,II,chapitre,"",introduction,Class,"",operante,definition,à trancher ligne à ligne : descente chapitre → feuilles,kind introduction ANS — éditorial ; opérante (enseigne l'emploi des codes) — reclassée depuis convention,"Notes 1.Tumeurs malignes de sièges mal définis, secondaires ou non précisés Les catégories C76-C80 comprennent les tumeurs malignes pour lesquelles il n'y a pas d'indication précise du siège primitif du cancer ou s'il est « généralisé », « disséminé » ou « étendu » sans mention du siège primitif. Dans les deux cas, le siège primitif est considéré comme inconnu. 2.Activité fonctionnelle Toutes les tumeurs sont classées dans ce chapitre, qu'elles aient ou non une activité fonctionnelle. On utilisera, au besoin, un code supplémentaire du chapitre IV pour identifier toute activité fonctionnelle en relation avec une tumeur quelconque. Par exemple, phéochromocytome malin de la surrénale sécrétant des catécholamines doit être codé C74 avec le code supplémentaire E27.5; adénome basophile de l'hypophyse avec syndrome de Cushing doit être codé D35.2 avec le code supplémentaire E24.0. 3.Morphologie Il y a un certain nombre de groupes morphologiques (histologiques) principaux de tumeurs malignes: les carcinomes, y compris les adénocarcinomes et les épithéliomas spinocellulaires; les sarcomes; les autres tumeurs malignes des tissus mous, y compris les mésothéliomes; les lymphomes (hodgkiniens et non hodgkiniens); les leucémies; les autres tumeurs malignes précisées et de morphologie spécifique d'une topographie et les tumeurs malignes non précisées. Le terme « cancer » est un terme générique et peut être utilisé pour n'importe lequel de ces groupes, bien qu'il soit rarement employé pour les tumeurs malignes des tissus lymphoïde, hématopoïétique et apparentés. Le terme « carcinome » est parfois utilisé, à tort, comme synonyme de « cancer ». La classification des tumeurs dans le chapitre II se fait essentiellement selon le siège, et, en groupes très étendus, selon le comportement de la tumeur. Dans quelques cas exceptionnels, la morphologie est reprise dans le titre de la catégorie et de la souscatégorie. Pour les lecteurs désireux d'identifier le type histologique d'une tumeur donnée, des codes morphologiques détaillés sont indiqués séparément (voir chapitre Morphologie des tumeurs). Ces codes morphologiques dérivent de la deuxième édition de la Classification internationale des Maladies - Oncologie (CIM-O), qui est une classification selon un axe double offrant des systèmes de codification indépendants pour la topographie et la morphologie. Ces codes de morphologie comprennent six chiffres: les quatre premiers identifient les types histologiques; le cinquième le type d'évolution (tumeur maligne primitive, tumeur maligne secondaire (métastatique), tumeur in situ, tumeur bénigne, tumeur de nature maligne ou bénigne incertaine); le sixième chiffre est un code de degré de différentiation pour les tumeurs solides et sert aussi de code spécial pour les lymphomes et les leucémies. 4.Souscatégories du chapitre II Prière de noter l'utilisation spéciale de la souscatégorie.8 dans ce chapitre [voir note 5]. Là où il a fallu prévoir une catégorie spéciale pour « autres », on a en général fait appel à la souscatégorie.7. 5.Tumeurs malignes empiétant sur les limites de sièges différents et utilisation de la souscatégorie.8 (lésion à localisations contigües) Les catégories C00-C75 servent à la classification des tumeurs malignes primitives en fonction de leur point de départ. De nombreuses catégories à trois caractères sont encore divisées en souscatégories, correspondant aux diverses parties de l'organe en question. Une tumeur qui empiète sur deux ou trois souscatégories contigües dans une catégorie à trois caractères et dont le point de départ ne peut être déterminé, devra être classée dans la souscatégorie.8 (lésion à localisations contigües) sauf si cette combinaison est explicitement indexée ailleurs. Par exemple, « carcinome de l'œsophage et de l'estomac » est classé en C16.0 (cardia), alors que le « carcinome de la pointe et de la face inférieure de la langue » devra être classé en C02.8. Par ailleurs, « carcinome de la pointe de la langue s'étendant à la face inférieure » devra être classé en C02.1, puisque son point de départ, la pointe, est connu. Le terme « lésion à localisations contigües » implique que l'extension se fait de proche en proche. Alors que les souscatégories se suivant dans un ordre numérique sont fréquemment contigües, ceci n'est pas toujours le cas (par exemple vessie C67.-), et le responsable du codage devra consulter un texte d'anatomie pour savoir quels sont les rapports anatomiques. Dans certains systèmes, il y a parfois chevauchement des limites des catégories à trois caractères. Pour en tenir compte, les souscatégories suivantes ont été retenues: C02.8Lésion à localisations contigües de la langue C08.8Lésion à localisations contigües des glandes salivaires principales C14.8Lésion à localisations contigües de la lèvre, de la cavité buccale et du pharynx C21.8Lésion à localisations contigües du rectum, de l'anus et du canal anal C24.8Lésion à localisations contigües des voies biliaires C26.8Lésion à localisations contigües de l'appareil digestif C39.8Lésion à localisations contigües des organes respiratoires et intrathoraciques C41.8Lésion à localisations contigües des os et du cartilage articulaire C49.8Lésion à localisations contigües du tissu conjonctif et des autres tissus mous C57.8Lésion à localisations contigües des organes génitaux de la femme C63.8Lésion à localisations contigües des organes génitaux de l'homme C68.8Lésion à localisations contigües des organes urinaires C72.8Lésion à localisations contigües du système nerveux central A titre d'exemple, un « carcinome de l'estomac et de l'intestin grêle » devrait être codé en C26.8 (lésion à localisations contigües de l'appareil digestif). 6.Tumeurs malignes de tissu ectopique Les tumeurs malignes de tissu ectopique seront codées au siège où elles sont trouvées, par exemple les « tumeurs malignes ectopiques pancréatiques localisées à l'ovaire » seront codées Tumeur maligne de l'ovaire (C56). 7.Emploi de l'index alphabétique pour le codage des tumeurs Ce codage doit prendre en compte, outre le siège, la morphologie et l'évolution de la tumeur. Il convient de se référer en premier lieu à l'entrée de l'Index alphabétique pour la description morphologique. Les pages d'introduction du volume 3 comportent des instructions générales sur l'emploi correct de l'Index alphabétique. Il convient de consulter les instructions et exemples détaillés relatifs aux tumeurs pour assurer l'utilisation correcte des catégories et des souscatégories du chapitre II. 8.Utilisation de la deuxième édition de la Classification internationale des Maladies - Oncologie (CIM-O) Le chapitre II fournit une classification topographique assez restreinte, voire inexistante, pour certains types morphologiques. Pour toutes les tumeurs, les codes topographiques de la CIM-O font essentiellement appel aux mêmes catégories à trois ou quatre caractères utilisées dans le chapitre II pour les tumeurs malignes (C00-C77, C80). Ils fournissent ainsi une plus grande spécificité de siège pour les autres tumeurs (malignes secondaires (métastatiques), bénignes, in situ, à évolution imprévisible ou inconnue). Nous recommandons l'utilisation de la CIM-O aux organismes qui désireraient identifier aussi bien le siège que la morphologie des tumeurs, par exemple les registres du cancer, les établissements de santé spécialisés en oncologie, les départements d'anatomopathologie et autres institutions spécialisées en cancérologie.",false,"",false,"",false,"",v3
ANS_2025,J09,"Grippe, à virus grippal zoonotique ou pandémique identifié",X,categorie,"",definition,Class,"","",definition,fiche du code (définition),définition ClaML (glossaires Z et somatique),Grippe causée par des souches virales d’importance épidémiologique particulière avec transmission de l’animal à l’homme ou transmission interhumaine.,false,"",false,"",false,"",v3
OFS_2006,K01.0,Dents incluses,XI,sous_categorie,G,"",GLOSSAIRE,"","",definition,fiche du code (définition),définition somatique du glossaire OFS,Une dent incluse est une dent qui n'est pas sortie sans qu'une autre dent fasse obstacle.,false,"",true,absent,false,"",v3
OFS_2006,K01.1,Dents enclavées,XI,sous_categorie,G,"",GLOSSAIRE,"","",definition,fiche du code (définition),définition somatique du glossaire OFS,Une dent enclavée est une dent qui n'est pas sortie parce qu'une autre dent fait obstacle à sa sortie.,false,"",true,absent,false,"",v3
ANS_2025,M34.1,Syndrome CR(E)ST,XIII,categorie,"",definition,Class,"","",definition,fiche du code (définition),définition ClaML (glossaires Z et somatique),"Association de calcinose, d'un syndrome de Raynaud, d'une sclérodactylie, d'une hypomotilité œsophagienne et de télangiectasie.",false,"",false,"",false,"",v3
ANS_2025,MOD S20V01_4,"","",modificateur,"",text,"modificateur S20V01_4 (V01, V02, V03…)","",operante,definition,fiche de bloc (bibliothèque catégories) + héritage borné vers les feuilles,kind text ANS — au critère opérant ; opérante (enseigne l'emploi des codes) — reclassée depuis convention,Les subdivisions suivantes à quatre caractères s'appliquent aux catégories V01-V06:,false,"",false,"",false,"",v3
ANS_2025,MOD S20V10_4,"","",modificateur,"",text,"modificateur S20V10_4 (V10, V11, V12…)","",operante,definition,fiche de bloc (bibliothèque catégories) + héritage borné vers les feuilles,kind text ANS — au critère opérant ; opérante (enseigne l'emploi des codes) — reclassée depuis convention,Les subdivisions suivantes à quatre caractères s'appliquent aux catégories V10-V18:,false,"",false,"",false,"",v3
ANS_2025,MOD S20V20_4,"","",modificateur,"",text,"modificateur S20V20_4 (V20, V21, V22…)","",operante,definition,fiche de bloc (bibliothèque catégories) + héritage borné vers les feuilles,kind text ANS — au critère opérant ; opérante (enseigne l'emploi des codes) — reclassée depuis convention,Les subdivisions suivantes à quatre caractères s'appliquent aux catégories V20-28:,false,"",false,"",false,"",v3
ANS_2025,MOD S20V30_4,"","",modificateur,"",text,"modificateur S20V30_4 (V30, V31, V32…)","",operante,definition,fiche de bloc (bibliothèque catégories) + héritage borné vers les feuilles,kind text ANS — au critère opérant ; opérante (enseigne l'emploi des codes) — reclassée depuis convention,Les subdivisions suivantes à quatre caractères s'appliquent aux catégories V30-V38:,false,"",false,"",false,"",v3
ANS_2025,MOD S20V40_4,"","",modificateur,"",text,"modificateur S20V40_4 (V40, V41, V42…)","",operante,definition,fiche de bloc (bibliothèque catégories) + héritage borné vers les feuilles,kind text ANS — au critère opérant ; opérante (enseigne l'emploi des codes) — reclassée depuis convention,Les subdivisions suivantes à quatre caractères s'appliquent aux catégories V40-V48:,false,"",false,"",false,"",v3
ANS_2025,MOD S20V50_4,"","",modificateur,"",text,"modificateur S20V50_4 (V50, V51, V52…)","",operante,definition,fiche de bloc (bibliothèque catégories) + héritage borné vers les feuilles,kind text ANS — au critère opérant ; opérante (enseigne l'emploi des codes) — reclassée depuis convention,Les subdivisions suivantes à quatre caractères s'appliquent aux catégories V50-V58:,false,"",false,"",false,"",v3
ANS_2025,MOD S20V60_4,"","",modificateur,"",text,"modificateur S20V60_4 (V60, V61, V62…)","",operante,definition,fiche de bloc (bibliothèque catégories) + héritage borné vers les feuilles,kind text ANS — au critère opérant ; opérante (enseigne l'emploi des codes) — reclassée depuis convention,Les subdivisions suivantes à quatre caractères s'appliquent aux catégories V60-V68:,false,"",false,"",false,"",v3
ANS_2025,MOD S20V70_4,"","",modificateur,"",text,"modificateur S20V70_4 (V70, V71, V72…)","",operante,definition,fiche de bloc (bibliothèque catégories) + héritage borné vers les feuilles,kind text ANS — au critère opérant ; opérante (enseigne l'emploi des codes) — reclassée depuis convention,Les subdivisions suivantes à quatre caractères s'appliquent aux catégories V70-V78:,false,"",false,"",false,"",v3
ANS_2025,MOD S20V90_4,"","",modificateur,"",text,"modificateur S20V90_4 (V90, V91, V92…)","",operante,definition,fiche de bloc (bibliothèque catégories) + héritage borné vers les feuilles,kind text ANS — au critère opérant ; opérante (enseigne l'emploi des codes) — reclassée depuis convention,Les subdivisions suivantes à quatre caractères s'appliquent aux catégories V90-V94:,false,"",false,"",false,"",v3
ANS_2025,MOD S20Y70_4,"","",modificateur,"",text,"modificateur S20Y70_4 (Y70, Y71, Y72…)","",operante,definition,fiche de bloc (bibliothèque catégories) + héritage borné vers les feuilles,kind text ANS — au critère opérant ; opérante (enseigne l'emploi des codes) — reclassée depuis convention,Les subdivisions suivantes à quatre caractères s'appliquent aux catégories Y70-Y82:,false,"",false,"",false,"",v3
ANS_2025,P08.1,Autres enfants gros pour l'âge gestationnel,XVI,categorie,"",text,Class,"",operante,definition,fiche du code (définition),kind text ANS — au critère opérant ; opérante (enseigne l'emploi des codes) — reclassée depuis convention,Désigne en général un poids de naissance supérieur au 90e percentile pour l'âge gestationnel ou de 4000 g ou plus à terme.,false,"",false,"",false,"",v3
les_deux,Q24.1,Lévocardie,XVII,categorie,G,definition,Class,"","",definition,fiche du code (définition),définition ClaML (glossaires Z et somatique),"Cœur situé dans l’hémithorax gauche avec apex pointant à gauche, avec situs inversus des autres viscères et anomalie cardiaque ou correction d’une transposition des gros vaisseaux.",true,"",false,"",false,"",v3
OFS_2006,S12,Fracture du cou,XIX,categorie,G,"",GLOSSAIRE,"","",definition,fiche du code (définition),définition somatique du glossaire OFS,"Les subdivisions suivantes, données à titre facultatif, peuvent être utilisées comme caractère supplémentaire lorsqu'il n'est pas possible ou désiré d'utiliser le codage multiple pour identifier les fractures et les plaies ouvertes;  une fracture non précisée comme fermée ou ouverte doit être classée comme fermée. 0 Fracture fermée; 1 Fracture ouverte.",false,"",true,absent,false,"",v3
ANS_2025,S14N00_4.9,"","",modificateur,"",definition,"modificateur S14N00_4 .9 → N00.9, N01.9, N02.9, N03.9…","","",definition,fiche du code (définition),définition ClaML (glossaires Z et somatique) ; factorisée — se rend sur les codes concrets du modificateur,protéinurie (isolée) (orthostatique) (persistante) avec lésions morphologiques précisées en.0–.8 [Voir les subdivisions en tête du groupe N00–N08],false,"",false,"",false,"",v3
OFS_2006,S22,"Fracture de côte(s), du sternum et du rachis dorsal",XIX,categorie,G,"",GLOSSAIRE,"","",definition,fiche du code (définition),définition somatique du glossaire OFS,"Les subdivisions suivantes, données à titre facultatif, peuvent être utilisées comme caractère supplémentaire lorsqu'il n'est pas possible ou pas désiré d'utiliser le codage multiple pour identifier les fractures et les plaies ouvertes; une fracture non précisée comme fermée ou ouverte doit être classée comme fermée. 0 Fracture fermée; 1 Fracture ouverte.",false,"",true,absent,false,"",v3
OFS_2006,S32,Fracture du rachis lombaire et du bassin,XIX,categorie,G,"",GLOSSAIRE,"","",definition,fiche du code (définition),définition somatique du glossaire OFS,"Les subdivisions suivantes, données à titre facultatif, peuvent être utilisées  comme caractère supplémentaire lorsqu'il n'est pas possible ou désiré d'utiliser le codage multiple pour identifier les fractures et les plaies ouvertes; une fracture non précisée comme fermée ou ouverte doit être classée comme fermée. 0 Fracture fermée; 1 Fracture ouverte.",false,"",true,absent,false,"",v3
OFS_2006,S42,Fracture de l'épaule et du bras,XIX,categorie,G,"",GLOSSAIRE,"","",definition,fiche du code (définition),définition somatique du glossaire OFS,"Les subdivisions suivantes, données à titre facultatif, peuvent être utilisées  comme caractère supplémentaire lorsqu'il n'est pas possible ou désiré d'utiliser le codage multiple pour identifier les fractures et les plaies ouvertes. Une fracture non précisée comme fermée ou ouverte doit être classée comme fermée. 0 Fracture fermée; 1 Fracture ouverte.",false,"",true,absent,false,"",v3
OFS_2006,S52,Fracture de l'avant-bras,XIX,categorie,G,"",GLOSSAIRE,"","",definition,fiche du code (définition),définition somatique du glossaire OFS,"Les subdivisions suivantes, données à titre facultatif, peuvent être utilisées comme caractère supplémentaire lorsqu'il n'est pas possible ou désiré d'utiliser le codage multiple pour identifier les fractures et les plaies ouvertes; une fracture non précisée comme fermée ou ouverte doit être classée comme fermée. 0 Fracture fermée; 1 Fracture ouverte.",false,"",true,absent,false,"",v3
OFS_2006,S62,Fracture au niveau du poignet et de la main,XIX,categorie,G,"",GLOSSAIRE,"","",definition,fiche du code (définition),définition somatique du glossaire OFS,"Les subdivisions suivantes, données à titre facultatif, peuvent être utilisées comme caractère supplémentaire lorsqu'il n'est pas possible ou désiré d'utiliser le codage multiple pour identifier les fractures et les plaies ouvertes; une fracture non précisée comme fermée ou ouverte doit être classée comme fermée. 0 Fracture fermée; 1 Fracture ouverte.",false,"",true,absent,false,"",v3
OFS_2006,S72,Fracture du fémur,XIX,categorie,G,"",GLOSSAIRE,"","",definition,fiche du code (définition),définition somatique du glossaire OFS,"Les subdivisions suivantes, données à titre facultatif, peuvent être utilisées comme caractère supplémentaire lorsqu'il n'est pas possible ou désiré d'utiliser le codage multiple pour identifier les fractures et les plaies ouvertes; une fracture non précisée comme fermée ou ouverte doit être classée comme fermée. 0 Fracture fermée; 1 Fracture ouverte.",false,"",true,absent,false,"",v3
OFS_2006,S82,"Fracture de la jambe, y compris la cheville",XIX,categorie,G,"",GLOSSAIRE,"","",definition,fiche du code (définition),définition somatique du glossaire OFS,"Les subdivisions suivantes, données à titre facultatif, peuvent être utilisées comme caractère supplémentaire lorsqu'il n'est pas possible ou désiré d'utiliser le codage multiple pour identifier les fractures et les plaies ouvertes; une fracture non précisée comme fermée ou ouverte doit être classée comme fermée. 0 Fracture fermée; 1 Fracture ouverte.",false,"",true,absent,false,"",v3
OFS_2006,S92,"Fracture du pied, sauf la cheville",XIX,categorie,G,"",GLOSSAIRE,"","",definition,fiche du code (définition),définition somatique du glossaire OFS,"Les subdivisions suivantes, données à titre facultatif, peuvent être utilisées comme caractère supplémentaire lorsqu'il n'est pas possible ou désiré d'utiliser le codage multiple pour identifier les fractures et les plaies ouvertes; une fracture non précisée comme fermée ou ouverte doit être classée comme fermée. 0 Fracture fermée; 1 Fracture ouverte.",false,"",true,absent,false,"",v3
OFS_2006,T02,Fractures de plusieurs parties du corps,XIX,categorie,G,"",GLOSSAIRE,"","",definition,fiche du code (définition),définition somatique du glossaire OFS,"Les subdivisions suivantes, données à titre facultatif, peuvent être utilisées comme caractère supplémentaire lorsqu'il n'est pas possible ou désiré d'utiliser le codage multiple pour identifier les fractures et les plaies ouvertes. Une fracture non précisée comme fermée ou ouverte doit être classée comme fermée. 0 Fracture fermée; 1 Fracture ouverte.",false,"",true,absent,false,"",v3
OFS_2006,T08,"Fracture du rachis, niveau non précisé",XIX,categorie,G,"",GLOSSAIRE,"","",definition,fiche du code (définition),définition somatique du glossaire OFS,"Les subdivisions suivantes, données à titre facultatif, peuvent être utilisées comme caractère supplémentaire lorsqu'il n'est pas possible ou désiré d'utiliser le codage multiple pour identifier les fractures et les plaies ouvertes; une fracture non précisée comme fermée ou ouverte doit être classée comme fermée. 0 Fracture fermée; 1 Fracture ouverte.",false,"",true,absent,false,"",v3
OFS_2006,T10,"Fracture du membre supérieur, niveau non précisé",XIX,categorie,G,"",GLOSSAIRE,"","",definition,fiche du code (définition),définition somatique du glossaire OFS,"Les subdivisions suivantes, données à titre facultatif, peuvent être utilisées comme caractère supplémentaire lorsqu'il n'est pas possible ou désiré d'utiliser le codage multiple pour identifier les fractures et les plaies ouvertes; une fracture non précisée comme fermée ou ouverte doit être classée comme fermée. 0 Fracture fermée; 1 Fracture ouverte.",false,"",true,absent,false,"",v3
OFS_2006,T12,"Fracture d'un membre inférieur, niveau non précisé",XIX,categorie,G,"",GLOSSAIRE,"","",definition,fiche du code (définition),définition somatique du glossaire OFS,"Les subdivisions suivantes, données à titre facultatif, peuvent être utilisées comme caractère supplémentaire lorsqu'il n'est pas possible ou désiré d'utiliser le codage multiple pour identifier les fractures et les plaies ouvertes; une fracture non précisée comme fermée ou ouverte doit être classée comme fermée. 0 Fracture fermée; 1 Fracture ouverte.",false,"",true,absent,false,"",v3
OFS_2006,T14.2,Fracture d'une partie du corps non précisée,XIX,sous_categorie,G,"",GLOSSAIRE,"","",definition,fiche du code (définition),définition somatique du glossaire OFS,"Les subdivisions suivantes, données à titre facultatif, peuvent être utilisées comme caractère supplémentaire lorsqu'il n'est pas possible ou désiré d'utiliser le codage multiple pour identifier les fractures et les plaies ouvertes. Une fracture non précisée comme fermée ou ouverte doit être classée comme fermée. 0 Fracture fermée; 1 Fracture ouverte.",false,"",true,absent,false,"",v3
ANS_2025,V01-V99,Accidents de transport,XX,bloc,"",introduction,Class,"",operante,definition,fiche de bloc (bibliothèque catégories) + héritage borné vers les feuilles,kind introduction ANS — éditorial ; opérante (enseigne l'emploi des codes) — reclassée depuis convention,"Définitions relatives aux accidents de transport (a)On appelle « accident de transport » (V01-V99) tout accident concernant un véhicule destiné essentiellement, ou servant à ce moment-là, au transport de personnes ou de marchandises d'un point à un autre. (b)On appelle « voie publique » [voie de circulation] ou « rue » la largeur totale d'un terrain ouvert au public par droit ou par usage, comprise entre deux limites de propriété [ou toutes autres limites], destiné à la circulation des personnes ou des biens d'un point à un autre. On appelle « chaussée » la partie de cette voie publique prévue, entretenue et généralement utilisée pour la circulation des véhicules. (c)On appelle « accident de la circulation » tout accident impliquant un véhicule qui survient sur la voie publique [s'il y a débuté, s'il s'y est terminé ou s'il a concerné un véhicule s'y trouvant partiellement]. Un accident impliquant un véhicule est présumé s'être produit sur la voie publique lorsqu'aucun autre lieu n'est précisé, à l'exception des accidents concernant uniquement des véhicules à moteur tout terrain qui, sauf mention contraire, ne sont pas classés comme accidents de la circulation. (d)On considère qu'un accident impliquant un véhicule n'est pas un accident de la circulation lorsqu'il est survenu entièrement dans tout endroit, qui n'est pas la voie publique. (e)On appelle « piéton » toute personne concernée par un accident qui, au moment de cet accident, ne se trouvait pas dans ou sur un véhicule à moteur, un train sur voie ferrée, un tramway, un véhicule à traction animale ou un autre véhicule, à bicyclette ou sur un animal. Comprend:personne: • à pied • changeant la roue d'un véhicule • réparant le moteur d'un véhicule usager d'un moyen de déplacement pour piéton tel que: • charrette à bras • fauteuil roulant (électrique) • landau • patins à glace • patins à roulettes • planche à roulettes • poussette • skis • traîneau • trottinette • voiture d'enfant (f)On appelle « conducteur » l'occupant d'un véhicule qui le manœuvre ou qui a l'intention de le manœuvrer. (g)On appelle « passager » tout occupant d'un véhicule autre que le conducteur. A l'exclusion de:personnes voyageant à l'extérieur d'un véhicule - voir définition (h) (h)On appelle « personne voyageant à l'extérieur d'un véhicule » toute personne transportée par un véhicule mais n'occupant pas la place normalement réservée au conducteur ou aux passagers ou l'espace prévu pour le transport de marchandises. Comprend:personnes (voyageant sur): • carrosserie • cramponnées à l'extérieur • marchepied • pare-chocs • toit (galerie) (i)On appelle « cycle » tout véhicule de transport terrestre mu uniquement par des pédales. Comprend:bicyclette tandem tricycle A l'exclusion de:bicyclette à moteur - voir définition (k) (j)On appelle « cycliste » toute personne montée sur un cycle ou dans un sidecar ou une remorque fixée à ce véhicule. (k)On appelle « motocycle » un véhicule à moteur à deux roues (ou trois s'il s'agit d'une motocyclette avec sidecar) comportant une ou deux selles pour passagers. Le sidecar est considéré comme faisant partie de la motocyclette. Comprend:bicyclette à moteur cyclomoteur motocyclette à vitesse limitée motocyclette: • avec sidecar • sans sidecar • SAI scooter vélomoteur A l'exclusion de:tricycle à moteur - voir définition (m) (l)On appelle « motocycliste » toute personne montée sur une motocyclette ou dans un sidecar ou une remorque fixée à ce véhicule. (m)On appelle « véhicule à moteur à trois roues » un tricycle à moteur destiné essentiellement à la circulation routière. Comprend:automobile à trois roues poussepousse à moteur tricycle à moteur A l'exclusion de:motocyclette avec sidecar - voir définition (k) véhicule spécial tout terrain - voir définition (x) (n)On appelle « automobile » un véhicule à moteur à quatre roues conçu principalement pour transporter jusqu'à 10 personnes. Une remorque ou caravane remorquée par une voiture est considérée comme faisant partie de la voiture. Comprend:minibus (o)On appelle « véhicule à moteur » ou « véhicule » différents engins de transport. L'emploi du code approprié sera défini selon l'usage local de ces termes. En cas d'ambiguïté dans cet usage, utiliser le code correspondant à ""sans précision"". Une remorque ou caravane remorquée par un véhicule est considérée comme faisant partie du véhicule. (p)On appelle « camionnette » un véhicule à moteur à quatre ou six roues destiné essentiellement au transport de marchandises, d'un poids inférieur à la limite locale de classement de poids lourds et ne nécessitant pas un permis de conduire spécial. Comprend:pick-up (q)On appelle « véhicule de transport lourd » un véhicule à moteur destiné essentiellement au transport de marchandises, dont le poids total (dépassant d'ordinaire 3500 kg) correspond aux critères locaux de classement des poids lourds et nécessitant un permis de conduire spécial. (r)On appelle « autobus » un véhicule à moteur conçu ou adapté essentiellement pour transporter plus de 10 personnes et nécessitant un permis de conduire spécial. Comprend:autocar (s)On appelle « train sur voie ferrée » ou « véhicule ferroviaire » tout véhicule (avec ou sans wagons) destiné à circuler sur une voie ferrée. Comprend:train sur voie ferrée [électrique, moteur diésel ou à vapeur]: • aérien ou souterrain • funiculaire • monorail ou sur deux rails voiture ou wagon (électrique) interurbain circulant en majeure partie sur une voie qui lui est propre et interdite à tout autre trafic tout autre véhicule destiné à circuler sur une voie ferrée A l'exclusion de:tramways [électriques] interurbains circulant sur une voie faisant partie de la voie publique ou rue - voir définition (t) (t)On appelle « tramway » un véhicule destiné et servant essentiellement au transport des personnes à l'intérieur d'une ville, circulant sur rails, ordinairement soumis à la signalisation normale et qui emprunte surtout une voie faisant partie de la voie publique. Une remorque tirée par un tramway est considérée comme faisant partie du tramway. Comprend:tramway électrique ou interurbain, lorsqu'il est précisé qu'il circule sur une rue ou une voie publique (u)On appelle « véhicule spécial utilisé principalement dans des locaux industriels » un véhicule à moteur destiné essentiellement à être utilisé dans les locaux d'une entreprise industrielle ou commerciale. Comprend:benne, berline, wagonnet (à moteur) de carrière ou de mine chariot: • (à moteur) de gare (bagages) • automoteur d'usine • de levage fardier véhicule à accumulateurs pour le transport de: • passagers sur un aéroport • bagages et courrier (v)On appelle « véhicule spécial à usage essentiellement agricole » un véhicule à moteur spécialement destiné à l'agriculture (horticulture), par exemple au travail de la terre, à la moisson ou au transport de matériel dans les fermes. Comprend:machine agricole automotrice moissonneuse-batteuse tracteur (et remorque) (w)On appelle « véhicule spécial de construction » un véhicule à moteur destiné essentiellement à la construction (et à la démolition) de routes, bâtiments et autres structures. Comprend:benne basculante bulldozer excavateur niveleuse pelleteuse rouleau compresseur (x)On appelle « véhicule spécial tout terrain » un véhicule à moteur spécialement conçu pour franchir un terrain accidenté, enneigé ou mou. Par exemple: véhicules à chenilles, sur coussin d'air, ou à roues et pneus spéciaux. Comprend:aéroglisseur sur terre ou sur marécage véhicule chenillé pour terrain enneigé A l'exclusion de:aéroglisseur sur un fleuve, un lac ou la mer - voir définition (y) (y)On appelle « bateau » tout moyen de transport, sur l'eau, de personnes ou de marchandises Comprend:aéroglisseur SAI (z)On appelle « aéronef » tout moyen de transport, par air, de personnes ou de marchandises.",false,"",false,"",false,"",v3
ANS_2025,XVIII,"Symptômes, signes et résultats anormaux d'examens cliniques et de laboratoire, non classés ailleurs",XVIII,chapitre,"",text,Class,"",operante,definition,à trancher ligne à ligne : descente chapitre → feuilles,kind text ANS — au critère opérant ; opérante (enseigne l'emploi des codes) — reclassée depuis convention,"Ce chapitre comprend les symptômes, les signes et les résultats anormaux d'examens cliniques ou autres, ainsi que les états morbides mal définis pour lesquels aucun diagnostic n'a été formulé qui puisse être classé ailleurs.",false,"",false,"",false,"",v3
ANS_2025,XVIII,"Symptômes, signes et résultats anormaux d'examens cliniques et de laboratoire, non classés ailleurs",XVIII,chapitre,"",text,Class,"",operante,definition,à trancher ligne à ligne : descente chapitre → feuilles,kind text ANS — au critère opérant ; opérante (enseigne l'emploi des codes) — reclassée depuis convention,"Les signes et symptômes qui orientent assez sérieusement vers un diagnostic donné sont classés dans une catégorie des autres chapitres de la classification. En général, les catégories de ce chapitre comprennent les états et symptômes moins nettement définis qui, sans que le cas ait été suffisamment étudié pour permettre un diagnostic définitif, orientent vers deux maladies ou plus ou vers deux appareils ou plus du corps humain. Presque toutes les catégories de ce chapitre pourraient être désignées « sans autre indication », « d'étiologie inconnue » ou « transitoire ». On consultera l'Index alphabétique pour identifier les symptômes et les signes appartenant à ce chapitre et non à un autre. Les souscatégories numérotées.8 sont généralement réservées aux autres symptômes pertinents et qui ne peuvent pas être classés ailleurs dans la classification.",false,"",false,"",false,"",v3
ANS_2025,Y91.0,Intoxication alcoolique légère,XX,categorie,"",definition,Class,"","",definition,fiche du code (définition),définition ClaML (glossaires Z et somatique),"Odeur d'alcool dans l'haleine, légers troubles du comportement dans les fonctions et les réactions, ou légers troubles de la coordination.",false,"",false,"",false,"",v3
ANS_2025,Y91.1,Intoxication alcoolique modérée,XX,categorie,"",definition,Class,"","",definition,fiche du code (définition),définition ClaML (glossaires Z et somatique),"Odeur d'alcool dans l'haleine, troubles modérés du comportement dans les fonctions et les réactions, ou troubles modérés de la coordination.",false,"",false,"",false,"",v3
ANS_2025,Y91.2,Intoxication alcoolique sévère,XX,categorie,"",definition,Class,"","",definition,fiche du code (définition),définition ClaML (glossaires Z et somatique),"Troubles importants dans les fonctions et les réactions, troubles importants de la coordination, ou coopération difficile.",false,"",false,"",false,"",v3
ANS_2025,Y91.3,Intoxication alcoolique très sévère,XX,categorie,"",definition,Class,"","",definition,fiche du code (définition),définition ClaML (glossaires Z et somatique),"Troubles très importants dans les fonctions et les réactions, troubles sévères de la coordination, ou perte de la faculté de coopération.",false,"",false,"",false,"",v3
ANS_2025,Z55.00,Analphabétisme et illettrisme,XXI,categorie,"",definition,Class,"","",definition,fiche du code (définition),définition ClaML (glossaires Z et somatique),"Personne de plus de 15 ans qui présente une incapacité, d’origine non médicale, à lire un texte simple en le comprenant, à utiliser et à communiquer une information écrite dans la vie courante.",false,"",false,"",false,"",v3
ANS_2025,Z59.11,Logement sans confort,XXI,categorie,"",definition,Class,"","",definition,fiche du code (définition),définition ClaML (glossaires Z et somatique),"Logement sans confort sanitaire, c’est-à-dire lorsqu’un des éléments suivants est absent: eau courante, installation sanitaire, WC intérieurs. Un logement sans chauffage ou avec un moyen de chauffage sommaire, ou sans électricité est également considéré comme sans confort.",false,"",false,"",false,"",v3
ANS_2025,Z59.50,"Absence totale de revenu, d’aide et de prestation financières",XXI,categorie,"",definition,Class,"","",definition,fiche du code (définition),définition ClaML (glossaires Z et somatique),"Personne n'ayant aucun revenu (salaire, activité commerciale, prestation financière dont minima sociaux,…) ou personne n’ayant que la mendicité comme source de revenu.",false,"",false,"",false,"",v3
les_deux,Z60.1,Situation parentale atypique,XXI,categorie,N,definition,Class,"","",definition,fiche du code (définition),définition ClaML (glossaires Z et somatique),Difficultés liées à une situation parentale (éducation des enfants) telle que famille monoparentale ou autre que celle dans laquelle les deux parents biologiques cohabitent.,false,"",false,"",false,"",v3
ANS_2025,Z60.30,Difficultés liées à la langue,XXI,categorie,"",definition,Class,"","",definition,fiche du code (définition),définition ClaML (glossaires Z et somatique),"Personne ayant des difficultés à comprendre le français, qui nécessite le recours à un interprète.",false,"",false,"",false,"",v3
les_deux,Z60.4,Exclusion et rejet sociaux,XXI,categorie,N,definition,Class,"","",definition,fiche du code (définition),définition ClaML (glossaires Z et somatique),"Exclusion et rejet pour des motifs liés à la personne, tels que apparence physique, maladie ou comportement anormal.",false,"",false,"",false,"",v3
les_deux,Z60.5,Cible d'une discrimination et d'une persécution,XXI,categorie,N,definition,Class,"","",definition,fiche du code (définition),définition ClaML (glossaires Z et somatique),"Discrimination ou persécution, réelle ou perçue comme telle, pour des raisons d'appartenance à un groupe (défini par la couleur de la peau, la religion, l'origine ethnique, etc.) et non pour des raisons liées à la personne.",false,"",false,"",false,"",v3
les_deux,Z61.0,Perte de relation affective pendant l'enfance,XXI,categorie,N,definition,Class,"","",definition,fiche du code (définition),définition ClaML (glossaires Z et somatique),"Perte d'une relation affectivement étroite, telle qu'un parent, un frère ou une sœur, un ami très proche ou un animal familier, liée à un décès, un départ définitif ou un rejet.",true,"Perte d'une relation affectivement étroite, telle qu'un parent, un frère ou une soeur, un ami très proche ou un animal familier, liée un décès, un départ définitif ou un rejet.",false,"",false,"",v3
les_deux,Z61.1,Départ du foyer pendant l'enfance,XXI,categorie,N,definition,Class,"","",definition,fiche du code (définition),définition ClaML (glossaires Z et somatique),"Séjour dans une famille adoptive, dans un hôpital ou autres institutions, ayant entraîné un stress psychosocial, ou activité tenant l'enfant éloigné contre son gré de son foyer pendant une période prolongée.",false,"",false,"",false,"",v3
les_deux,Z61.2,Changements dans le tissu des relations familiales pendant l'enfance,XXI,categorie,N,definition,Class,"","",definition,fiche du code (définition),définition ClaML (glossaires Z et somatique),"Arrivée d'une nouvelle personne dans la famille, se traduisant par un changement négatif dans les relations de l'enfant. Couvre notamment le remariage d'un des parents ou la naissance d'un frère ou d'une sœur.",true,"Arrivée d'une nouvelle personne dans la famille, se traduisant par un changement négatif dans les relations de l'enfant. Couvre notamment le remariage d'un des parents ou la naissance d'un frère ou d'une soeur.",false,"",false,"",v3
les_deux,Z61.3,Événements résultant de la perte de l'estime de soi pendant l'enfance,XXI,categorie,N,definition,Class,"","",definition,fiche du code (définition),définition ClaML (glossaires Z et somatique),"Événements résultant en une autoévaluation négative de l'enfant, telle qu'échec dans des tâches exigeant un fort investissement personnel, révélation ou découverte d'un événement personnel ou familial honteux ou traumatisant et autres expériences humiliantes.",true,"Evénements résultant en une auto-évaluation négative de l'enfant, telle qu'échec dans des tâches exigeant un fort investissement personnel, révélation ou découverte d'un événement personnel ou familial honteux ou traumatisant et autres expériences humiliantes.",false,"",false,"",v3
les_deux,Z61.4,Difficultés liées à de possibles sévices sexuels infligés à un enfant par une personne de son entourage immédiat,XXI,categorie,N,definition,Class,"","",definition,fiche du code (définition),définition ClaML (glossaires Z et somatique),"Difficultés liées à une forme quelconque d'exposition ou de contact physique entre un membre adulte de la famille de l'enfant et celui-ci, ayant entraîné une excitation sexuelle, que l'enfant ait ou non participé volontairement aux actes sexuels (par exemple, contact génital, attouchements ou exposition délibérée des seins ou des organes génitaux).",false,"",false,"",false,"",v3
les_deux,Z61.5,Difficultés liées à de possibles sévices sexuels infligés à un enfant par une personne étrangère à son entourage immédiat,XXI,categorie,N,definition,Class,"","",definition,fiche du code (définition),définition ClaML (glossaires Z et somatique),"Difficultés liées à un contact ou à une tentative de contact avec les seins ou les parties génitales de l'enfant ou de l'autre personne, exhibition en confrontation étroite ou tentative pour déshabiller ou séduire l'enfant, de la part d'une personne beaucoup plus âgée n'appartenant pas à la famille de l'enfant, mais profitant de sa position ou de son statut ou agissant contre la volonté de l'enfant.",false,"",false,"",false,"",v3
les_deux,Z61.6,Difficultés liées à de possibles sévices physiques infligés à un enfant,XXI,categorie,N,definition,Class,"","",definition,fiche du code (définition),définition ClaML (glossaires Z et somatique),"Difficultés liées à des incidents au cours desquels l'enfant a reçu par le passé de la part d'un adulte de sa famille des blessures d'une gravité telle qu'elles ont nécessité un traitement médical (par exemple fractures, ecchymoses marquées), ou qui ont impliqué des formes de violence anormales (comme frapper l'enfant avec un objet dur ou contondant, le bruler ou l'attacher).",true,"Difficultés liées à des incidents au cours desquels l'enfant a reçu par le passé  de la part d'un adulte de sa famille des blessures d'une gravité telle qu'elles   ont nécessité un traitement médical (par exemple fractures, ecchymoses marquées), ou qui on impliqué des formes de violence anormales (comme frapper l'enfant avec un objet dur ou contendant, le brûler ou l'attacher).",false,"",false,"",v3
les_deux,Z61.7,Expérience personnelle terrifiante,XXI,categorie,N,definition,Class,"","",definition,fiche du code (définition),définition ClaML (glossaires Z et somatique),"Expérience comportant une menace pour l'avenir de l'enfant, telle qu'un enlèvement, une catastrophe naturelle où la vie est menacée, une blessure mettant en danger l'image de soi ou le sentiment de sécurité, ou la survenue d'un traumatisme grave chez une personne aimée.",false,"",false,"",false,"",v3
les_deux,Z62.0,Surveillance inadéquate de la part des parents,XXI,categorie,N,definition,Class,"","",definition,fiche du code (définition),définition ClaML (glossaires Z et somatique),Ignorance de la part des parents de ce que fait l'enfant ou de l'endroit où il se trouve; manque d'autorité; désintérêt ou absence de réaction lorsque l'enfant se trouve dans une situation dangereuse.,false,"",false,"",false,"",v3
les_deux,Z62.1,Surprotection parentale,XXI,categorie,N,definition,Class,"","",definition,fiche du code (définition),définition ClaML (glossaires Z et somatique),Méthode d'éducation aboutissant à une infantilisation empêchant l'acquisition de l'indépendance.,false,"",false,"",false,"",v3
les_deux,Z62.2,Éducation dans une institution,XXI,categorie,N,definition,Class,"","",definition,fiche du code (définition),définition ClaML (glossaires Z et somatique),"Prise en charge éducative de groupe dans laquelle les responsabilités parentales sont essentiellement assumées par un établissement quelconque (pensionnat pour enfants, orphelinat, home d'enfants) ou séjour prolongé de l'enfant dans un hôpital, une maison de convalescence ou l'équivalent, sans la présence à ses côtés d'au moins l'un de ses parents.",false,"",false,"",false,"",v3
les_deux,Z62.3,Hostilité envers un enfant transformé en bouc émissaire,XXI,categorie,N,definition,Class,"","",definition,fiche du code (définition),définition ClaML (glossaires Z et somatique),"Comportement parental négatif axé spécifiquement sur l'enfant en tant qu'individu, persistant dans le temps et se répercutant sur plusieurs comportements de l'enfant (par exemple, parents qui accusent systématiquement l'enfant de tous les problèmes du ménage ou lui attribuent des caractéristiques négatives).",false,"",false,"",false,"",v3
les_deux,Z62.4,Négligence affective,XXI,categorie,N,definition,Class,"","",definition,fiche du code (définition),définition ClaML (glossaires Z et somatique),"Parents s'adressant à l'enfant avec froideur ou impatience. Manque d'intérêt pour l'enfant, de compréhension de ses difficultés et absence de louanges et d'encouragement. Réaction irritée devant un comportement anxieux, absence de démonstrations d'affection physiques suffisantes et manque de chaleur.",false,"",false,"",false,"",v3
les_deux,Z62.6,Pression parentale inappropriée et autres défauts de l'éducation,XXI,categorie,N,definition,Class,"","",definition,fiche du code (définition),définition ClaML (glossaires Z et somatique),"Parents forçant l'enfant à se comporter de façon différente de la norme locale, que ce soit par rapport à son sexe (en habillant un garçon en fille), par rapport à son âge (en forçant un enfant à prendre des responsabilités plus lourdes qu'il ne peut en assumer pour son âge) ou pour d'autres raisons (obligeant l'enfant à entreprendre des activités contre son gré ou des activités trop difficiles pour lui).",false,"",false,"",false,"",v3
les_deux,Z63.0,Difficultés dans les rapports avec le conjoint ou le partenaire,XXI,categorie,N,definition,Class,"","",definition,fiche du code (définition),définition ClaML (glossaires Z et somatique),"Désaccord entre les partenaires se traduisant par des crises aigües ou prolongées, la généralisation de sentiments hostiles ou critiques ou une atmosphère persistante de violence interpersonnelle grave (pouvant aller jusqu'à battre ou frapper).",false,"",false,"",false,"",v3
les_deux,Z75.5,Prise en charge pendant les vacances,XXI,categorie,N,definition,Class,"","",definition,fiche du code (définition),définition ClaML (glossaires Z et somatique),Soins de santé dispensés à une personne normalement soignée à domicile pour permettre à sa famille de prendre des vacances.,false,"",false,"",false,"",v3
ANS_2025,Z91.50,Antécédents personnels récents de lésions auto-infligées,XXI,categorie,"",definition,Class,"","",definition,fiche du code (définition),définition ClaML (glossaires Z et somatique),"Survenue de lésions auto-infligées (traumatisme, intoxication…), désormais traitées, dans le mois précédent la prise en charge d’une personne, en particulier pour troubles mentaux et du comportement.",false,"",false,"",false,"",v3
OFS_2006,O03,Avortement spontané,XV,categorie,E,"",NOTE,avortement_incomplet,"",definition,fiche du code (définition),définition partagée de la subdivision « avortement incomplet »,Avortement incomplet comprend la rétention des produits de conception après un avortement.,false,"",true,absent,false,"",v3
OFS_2006,O04,Avortement médical,XV,categorie,E,"",NOTE,avortement_incomplet,"",definition,fiche du code (définition),définition partagée de la subdivision « avortement incomplet »,Avortement incomplet comprend la rétention des produits de conception après un avortement.,false,"",true,absent,false,"",v3
OFS_2006,O05,Autres formes d'avortement,XV,categorie,E,"",NOTE,avortement_incomplet,"",definition,fiche du code (définition),définition partagée de la subdivision « avortement incomplet »,Avortement incomplet comprend la rétention des produits de conception après un avortement.,false,"",true,absent,false,"",v3
OFS_2006,O06,"Avortement, sans précision",XV,categorie,E,"",NOTE,avortement_incomplet,"",definition,fiche du code (définition),définition partagée de la subdivision « avortement incomplet »,Avortement incomplet comprend la rétention des produits de conception après un avortement.,false,"",true,absent,false,"",v3
OFS_2006,A15.1,"Tuberculose pulmonaire, confirmée par culture seulement",I,sous_categorie,N,"",aucune,toute_maladie_classee,"",definition,fiche du code (définition),définition de subdivision (confirmation bactériologique/histologique),"Toute maladie classée en A15.0, confirmée par culture seulement",false,"",true,absent,false,"",v3
OFS_2006,A15.2,"Tuberculose pulmonaire, avec confirmation histologique",I,sous_categorie,N,"",aucune,toute_maladie_classee,"",definition,fiche du code (définition),définition de subdivision (confirmation bactériologique/histologique),"Toute maladie classée en A15.0, avec confirmation histologique",false,"",true,absent,false,"",v3
OFS_2006,A15.3,"Tuberculose pulmonaire, avec confirmation, moyen non précisé",I,sous_categorie,N,"",aucune,toute_maladie_classee,"",definition,fiche du code (définition),définition de subdivision (confirmation bactériologique/histologique),"Toute maladie classée en A15.0 avec confirmation, non précisée comme bactériologique ou histologique",false,"",true,absent,false,"",v3
OFS_2006,A16.1,"Tuberculose pulmonaire, sans examen bactériologique et histologique",I,sous_categorie,N,"",aucune,toute_maladie_classee,"",definition,fiche du code (définition),définition de subdivision (confirmation bactériologique/histologique),"Toute maladie classée en A16.0, examens bactériologique et histologique non effectués",false,"",true,absent,false,"",v3
les_deux,D00-D09,Tumeurs in situ,II,bloc,E,note,Class,"","",description_clinique,fiche de bloc (bibliothèque catégories) — héritage vers les feuilles à instruire en phase 2 (cas D06/NIC),"verdict RF 2026-09-14 (doré) : description clinique, texte ANS retenu","On considère que de nombreuses tumeurs in situ correspondent à des stades de transition morphologique entre la dysplasie et le cancer invasif. Ainsi, on reconnait trois stades d'évolution dans le cas de néoplasie intraépithéliale cervicale (NIC), dont le troisième (NIC III) comprend à la fois une dysplasie sévère et un carcinome in situ. Ce système de classification a été étendu à d'autres organes, tels que la vulve et le vagin. Les descriptions des néoplasies intraépithéliales, stade III, avec ou sans mention de dysplasie sévère sont classées dans cette section; les stades I et II sont classés parmi les dysplasies de l'appareil atteint et doivent être codés dans les chapitres relatifs aux diverses localisations anatomiques.",true,"On considère que la morphologie de nombreuses tumeurs in situ correspond à tous les stades de transition entre une dysplasie et un cancer invasif. Ainsi, on reconnaît trois stades d'évolution dans le cas de néoplasie intra-épithéliale cervicale (NIC), dont le troisième (NIC III) comprend à la fois une dysplasie sévère et un carcinome in situ. Ce système de classification a été étendu à d'autres organes, tels que la vulve et le vagin. Les descriptions des néoplasies intra-épithéliales, stade III, avec ou sans mention de dysplasie sévère sont classées dans cette section; les stades I et II sont classés parmi les dysplasies de l'appareil atteint et doivent être codés dans les chapitres relatifs aux diverses localisations anatomiques.",false,"",false,"",v3
les_deux,D37-D48,Tumeurs à évolution imprévisible ou inconnue,II,bloc,E,note,Class,"","",description_clinique,fiche de bloc (bibliothèque catégories) — héritage vers les feuilles à instruire en phase 2 (cas D06/NIC),"verdict RF 2026-09-14 (doré) : description clinique, texte ANS retenu",Les catégories D37-D48 classent en fonction de leur siège les tumeurs à évolution imprévisible ou de nature imprécise: le doute subsiste donc quant au caractère malin ou bénin de la tumeur. Ces tumeurs relèvent du code de comportement /1 dans la classification de la morphologie des tumeurs.,false,"",false,"",false,"",v3
les_deux,F00,Démence de la maladie d'Alzheimer,V,categorie,G,definition,Class,"","",description_clinique,section Description clinique (OMS),définition ClaML du chapitre F — description clinique officielle,La maladie d'Alzheimer est une maladie cérébrale dégénérative primitive d'étiologie inconnue dont la neuropathologie et la neurochimie sont caractéristiques. Elle débute habituellement de façon insidieuse et progresse lentement mais régulièrement en quelques années.,false,"",false,"",false,"",v3
les_deux,F00-F09,"Troubles mentaux organiques, y compris les troubles symptomatiques",V,bloc,G,definition,Class,"","",description_clinique,fiche de bloc (bibliothèque catégories) + héritage borné vers les feuilles,définition ClaML du chapitre F — description clinique officielle ; note de bloc/chapitre — destination bornée (v3),"Ce groupe réunit un ensemble de troubles mentaux ayant en commun une étiologie organique démontrable, à type de maladie ou de lésion cérébrale, ou d’atteinte entraînant un dysfonctionnement du cerveau. Le dysfonctionnement peut être primaire: c’est le cas des maladies, lésions ou atteintes qui touchent le cerveau de manière directe ou sélective; il peut également être secondaire: c’est le cas des maladies et des troubles somatiques qui affectent le cerveau au même titre que les autres organes ou systèmes de l’organisme.",true,"Ce groupe réunit un ensemble de troubles mentaux ayant en commun une étiologie organique démontrable, à type de maladie ou de lésion cérébrales, ou d'atteinte entraînant un dysfonctionnement du cerveau. Le dysfonctionnement peut être primaire : c'est le cas des maladies, lésions ou atteintes qui touchent le cerveau de manière directe ou sélective;  il peut également être secondaire : c'est le cas des maladies et des troubles somatiques qui affectent le cerveau au même titre que les autres organes ou systèmes de l'organisme.<P>La démence (F00-F03) est un syndrome dû à une maladie cérébrale, habituellement chronique et progressive, caractérisé par une altération de nombreuses fonctions corticales supérieures, telles que la mémoire, l'idéation, l'orientation, la compréhension, le calcul, la capacité d'apprendre, le langage et le jugement. Le syndrome ne s'accompagne pas d'un obscurcissement de la conscience. Les déficiences des fonctions cognitives s'accompagnent habituellement (et sont parfois précédées) d'une détérioration du contrôle émotionnel, du comportement social, ou de la motivation. Ce syndrome survient dans la maladie d'Alzheimer, dans les maladies vasculaires cérébrales, et dans d'autres affections qui de manière primaire ou secondaire, affectent le cerveau.",false,"",false,"",v3
les_deux,F00-F09,"Troubles mentaux organiques, y compris les troubles symptomatiques",V,bloc,N,definition,Class,"","",description_clinique,fiche de bloc (bibliothèque catégories) + héritage borné vers les feuilles,définition ClaML du chapitre F — description clinique officielle ; classes divergentes OFS(instruction_codage) / ANS(description_clinique) — rapprochées par code (v3) ; note de bloc/chapitre — destination bornée (v3),"La démence (F00-F03) est un syndrome dû à une maladie cérébrale habituellement chronique et progressive, caractérisé par une altération de nombreuses fonctions corticales supérieures telles que la mémoire, l'idéation, l'orientation, la compréhension, le calcul, la capacité d'apprendre, le langage et le jugement. Le syndrome ne s'accompagne pas d'un obscurcissement de la conscience. Les déficiences des fonctions cognitives s'accompagnent habituellement (et sont parfois précédées) d'une détérioration du contrôle émotionnel, du comportement social ou de la motivation. Ce syndrome survient dans la maladie d'Alzheimer, dans les maladies vasculaires cérébrales et dans d'autres affections qui, de manière primaire ou secondaire, affectent le cerveau.",true,"Utiliser, au besoin, un code supplémentaire, pour identifier la maladie sous-jacente.",false,"",false,"",v3
les_deux,F00.0,"Démence de la maladie d'Alzheimer, à début précoce ",V,categorie,G,definition,Class,"","",description_clinique,section Description clinique (OMS),définition ClaML du chapitre F — description clinique officielle,"Démence de la maladie d'Alzheimer survenant avant l'âge de 65 ans, évoluant assez rapidement vers une détérioration et comportant de multiples perturbations marquées des fonctions corticales supérieures.",false,"",false,"",false,"",v3
les_deux,F00.1,"Démence de la maladie d'Alzheimer, à début tardif ",V,categorie,G,definition,Class,"","",description_clinique,section Description clinique (OMS),définition ClaML du chapitre F — description clinique officielle,"Démence de la maladie d'Alzheimer survenant après l'âge de 65 ans, habituellement à la fin de la huitième décennie ou au-delà; elle évolue de façon lentement progressive et se caractérise essentiellement par une altération de la mémoire.",false,"",false,"",false,"",v3
les_deux,F01,Démence vasculaire,V,categorie,G,definition,Class,"","",description_clinique,section Description clinique (OMS),définition ClaML du chapitre F — description clinique officielle,"La démence vasculaire résulte d'un infarcissement cérébral dû à une maladie vasculaire, par exemple une maladie cérébrovasculaire hypertensive. Les infarctus sont habituellement de petite taille mais leurs effets sont cumulatifs. La démence survient habituellement à un âge avancé.",false,"",false,"",false,"",v3
les_deux,F01.0,Démence vasculaire à début aigu,V,categorie,G,definition,Class,"","",description_clinique,section Description clinique (OMS),définition ClaML du chapitre F — description clinique officielle,"Démence vasculaire qui s'installe, habituellement de façon rapide, à la suite d'ictus cérébraux répétés, liés à des thromboses vasculaires, des embolies ou des hémorragies. Il est rare que la cause en soit un infarcissement massif unique.",false,"",false,"",false,"",v3
les_deux,F01.1,Démence vasculaire par infarctus multiples,V,categorie,G,definition,Class,"","",description_clinique,section Description clinique (OMS),définition ClaML du chapitre F — description clinique officielle,"Démence vasculaire dont le début est progressif, qui fait suite à de nombreux épisodes ischémiques transitoires provoquant des lacunes dans le parenchyme cérébral.",false,"",false,"",false,"",v3
les_deux,F01.2,Démence vasculaire souscorticale,V,categorie,G,definition,Class,"","",description_clinique,section Description clinique (OMS),définition ClaML du chapitre F — description clinique officielle,"Démence vasculaire avec antécédent d'hypertension artérielle et de foyers de destruction ischémique dans la substance blanche profonde des hémisphères cérébraux. Le cortex cérébral est habituellement indemne, ce qui tranche avec le tableau clinique qui peut être proche de celui de la démence de la maladie d'Alzheimer.",false,"",false,"",false,"",v3
les_deux,F02,Démence au cours d'autres maladies classées ailleurs,V,categorie,G,definition,Class,"","",description_clinique,section Description clinique (OMS),définition ClaML du chapitre F — description clinique officielle,"Démences dues, ou supposées dues, à d'autres causes que la maladie d'Alzheimer ou à une maladie vasculaire cérébrale. Elles peuvent débuter à tout âge mais ne surviennent que rarement à un âge avancé.",false,"",false,"",false,"",v3
les_deux,F02.0,Démence de la maladie de Pick ,V,categorie,G,definition,Class,"","",description_clinique,section Description clinique (OMS),définition ClaML du chapitre F — description clinique officielle,"Démence évoluant progressivement, débutant à l'âge mûr, caractérisée par des modifications du caractère précoces, lentement progressives, et par une détérioration sociale, aboutissant à une déficience des fonctions intellectuelles, de la mémoire et du langage, accompagnées d'une apathie, d'une euphorie et, plus rarement, de symptômes extrapyramidaux.",true,"Démence évoluant progressivement, débutant à l'âge mûr, caractérisée par des modifications précoces, lentement progressives, du caractère et par une détérioration sociale, aboutissant à une déficience des fonctions intellectuelles, de la mémoire et du langage, accompagnées d'une apathie, d'une euphorie et, plus rarement, de symptômes extra-pyramidaux.",false,"",false,"",v3
les_deux,F02.1,Démence de la maladie de Creutzfeldt–Jakob ,V,categorie,G,definition,Class,"","",description_clinique,section Description clinique (OMS),définition ClaML du chapitre F — description clinique officielle,"Démence évoluant progressivement, comportant des signes neurologiques étendus, due à des altérations neuropathologiques spécifiques que l'on suppose provoquées par un agent transmissible. Elle débute habituellement à l'âge mûr ou plus tard mais peut débuter chez l'adulte à n'importe quel âge. Son évolution est subaigüe, aboutissant à la mort en un à deux ans.",false,"",false,"",false,"",v3
les_deux,F02.2,Démence de la maladie de Huntington ,V,categorie,G,definition,Class,"","",description_clinique,section Description clinique (OMS),définition ClaML du chapitre F — description clinique officielle,"Démence survenant dans le contexte d'une dégénérescence cérébrale étendue. La maladie est transmise par un gène autosomique dominant unique. Les symptômes apparaissent typiquement dans la troisième et la quatrième décennies. L'évolution est lentement progressive, aboutissant habituellement à la mort en 10 à 15 années.",false,"",false,"",false,"",v3
les_deux,F02.3,Démence de la maladie de Parkinson,V,categorie,G,definition,Class,"","",description_clinique,section Description clinique (OMS),définition ClaML du chapitre F — description clinique officielle,Démence survenant au cours de l'évolution d'une maladie de Parkinson avérée. Aucune caractéristique clinique distinctive n'a été mise en évidence jusqu'ici.,false,"",false,"",false,"",v3
les_deux,F02.4,Démence de la maladie due au virus de l'immunodéficience humaine [VIH] ,V,categorie,G,definition,Class,"","",description_clinique,section Description clinique (OMS),définition ClaML du chapitre F — description clinique officielle,"Démence survenant au cours de l'évolution d'une maladie à VIH, en l'absence de toute autre maladie ou infection concomitante pouvant expliquer les signes cliniques.",true,"Démence survenant au cours de l'évolution d'une maladie VIH, en l'absence de toute autre maladie ou infection concomitante pouvant expliquer les signes cliniques.",false,"",false,"",v3
les_deux,F04,"Syndrome amnésique organique, non induit par l'alcool et d'autres substances psychoactives",V,categorie,G,definition,Class,"","",description_clinique,section Description clinique (OMS),définition ClaML du chapitre F — description clinique officielle,"Syndrome dominé par une altération de la mémoire récente et ancienne avec conservation de la mémoire immédiate, par une réduction de la capacité à apprendre des informations nouvelles et par une désorientation temporelle. Il peut y avoir une confabulation marquée mais la perception et les autres fonctions cognitives, y compris l'intelligence, sont habituellement intactes. Le pronostic dépend de l'évolution de la lésion sousjacente.",true,"Syndrome dominé par une altération de la mémoire, récente et ancienne, avec conservation de la mémoire immédiate, par une réduction de la capacité à apprendre des informations nouvelles et par une désorientation temporelle. Il peut y avoir une confabulation marquée, mais la perception et les autres fonctions cognitives, y compris l'intelligence, sont habituellement intactes. Le pronostic dépend de l'évolution de la lésion sous-jacente.",false,"",false,"",v3
les_deux,F05,"Délirium, non induit par l'alcool et d'autres substances psychoactives",V,categorie,G,definition,Class,"","",description_clinique,section Description clinique (OMS),définition ClaML du chapitre F — description clinique officielle,"Syndrome cérébral organique sans étiologie spécifique, caractérisé par la présence simultanée de perturbations de la conscience et de l'attention, de la perception, de l'idéation, de la mémoire, du comportement psychomoteur, des émotions et du rythme veille–sommeil. La durée est variable et le degré de gravité varie de léger à très sévère.",false,"",false,"",false,"",v3
les_deux,F06,"Autres troubles mentaux dus à une lésion cérébrale et un dysfonctionnement cérébral, et à une affection somatique",V,categorie,G,definition,Class,"","",description_clinique,section Description clinique (OMS),définition ClaML du chapitre F — description clinique officielle,"Comprend diverses affections causées par un trouble cérébral dû à une affection cérébrale primitive, à une affection somatique touchant secondairement le cerveau, à des substances toxiques exogènes ou des hormones, à des troubles endocriniens ou à d'autres maladies somatiques.",false,"",false,"",false,"",v3
les_deux,F06.0,État hallucinatoire organique,V,categorie,G,definition,Class,"","",description_clinique,section Description clinique (OMS),définition ClaML du chapitre F — description clinique officielle,"Trouble caractérisé par des hallucinations persistantes ou récurrentes, habituellement visuelles ou auditives, survenant en l'absence d'une obnubilation de la conscience, et que le sujet peut reconnaitre en tant que telles ou non. Les hallucinations peuvent être à l'origine d'une élaboration délirante, mais les idées délirantes ne dominent pas le tableau clinique; les hallucinations peuvent être reconnues comme pathologiques par le sujet lui-même.",true,"Trouble caractérisé par des hallucinations persistantes ou récurrentes, habituellement visuelles ou auditives, survenant en l'absence d'une obnubilation de la conscience, et que le sujet peut reconnaître ou non en tant que telles. Les hallucinations peuvent être à l'origine d'une élaboration délirante, mais les idées délirantes ne dominent pas le tableau clinique; les hallucinations peuvent être reconnues comme pathologiques par le sujet lui-même.",false,"",false,"",v3
les_deux,F06.1,Catatonie organique,V,categorie,G,definition,Class,"","",description_clinique,section Description clinique (OMS),définition ClaML du chapitre F — description clinique officielle,Trouble caractérisé par une diminution (stupeur) ou une augmentation (agitation) de l'activité psychomotrice et par des symptômes catatoniques. Les deux pôles de la perturbation psychomotrice peuvent alterner.,false,"",false,"",false,"",v3
les_deux,F06.2,Trouble délirant organique [d'allure schizophrénique],V,categorie,G,definition,Class,"","",description_clinique,section Description clinique (OMS),définition ClaML du chapitre F — description clinique officielle,"Trouble caractérisé par la présence d'idées délirantes persistantes ou récurrentes au premier plan du tableau clinique. Les idées délirantes peuvent être accompagnées d'hallucinations. Certaines caractéristiques évoquant une schizophrénie peuvent être présentes, comme des hallucinations bizarres ou des troubles du cours de la pensée.",true,"Trouble caractérisé par la présence, au premier plan du tableau clinique, d'idées délirantes persistantes ou récurrentes. Les idées délirantes peuvent être accompagnées d'hallucinations. Certaines caractéristiques évoquant une schizophrénie, comme des hallucinations bizarres ou des troubles du cours de la pensée, peuvent être présentes.",false,"",false,"",v3
les_deux,F06.3,Troubles organiques de l'humeur [affectifs],V,categorie,G,definition,Class,"","",description_clinique,section Description clinique (OMS),définition ClaML du chapitre F — description clinique officielle,"Troubles caractérisés par une altération de l'humeur ou de l'affect, habituellement accompagnés d'une altération du niveau global d'activité; il peut s'agir de troubles dépressifs, hypomaniaques, maniaques ou bipolaires (voir F30-F38), mais secondaires à une maladie organique.",true,"Troubles caractérisés par une altération de l'humeur ou de l'affect, habituellement accompagnés d'une altération du niveau global d'activité, il peut s'agir de troubles dépressifs, hypomaniaques, maniaques ou bipolaires (voir F30, F31, F32, F33, F34, F38), mais secondaires à une maladie organique.",false,"",false,"",v3
les_deux,F06.4,Trouble anxieux organique,V,categorie,G,definition,Class,"","",description_clinique,section Description clinique (OMS),définition ClaML du chapitre F — description clinique officielle,"Trouble caractérisé par la présence des caractéristiques descriptives essentielles d'une anxiété généralisée (F41.1), d'un trouble panique (F41.0) ou d'une association des deux, mais secondaire à une maladie organique.",false,"",false,"",false,"",v3
les_deux,F06.5,Trouble dissociatif organique,V,categorie,G,definition,Class,"","",description_clinique,section Description clinique (OMS),définition ClaML du chapitre F — description clinique officielle,"Trouble caractérisé par une perte partielle ou complète de l'intégration normale entre souvenirs du passé, conscience de l'identité et des sensations immédiates, et contrôle des mouvements corporels (voir F44.-), mais secondaire à une maladie organique.",false,"",false,"",false,"",v3
les_deux,F06.6,Labilité [asthénie] émotionnelle organique,V,categorie,G,definition,Class,"","",description_clinique,section Description clinique (OMS),définition ClaML du chapitre F — description clinique officielle,"Trouble caractérisé par une incontinence ou une labilité émotionnelles, une fatigabilité, et diverses sensations physiques désagréables (par exemple des vertiges) et par des douleurs, mais secondaire à une maladie organique.",false,"",false,"",false,"",v3
les_deux,F06.7,Trouble cognitif léger,V,categorie,G,definition,Class,"","",description_clinique,section Description clinique (OMS),définition ClaML du chapitre F — description clinique officielle,"Trouble caractérisé par une altération de la mémoire, des difficultés d'apprentissage et une réduction de la capacité à se concentrer sur une tâche, sauf pendant des périodes de courte durée. Le sujet éprouve souvent une fatigue mentale accentuée quand il fait des efforts mentaux, et un nouvel apprentissage peut être subjectivement difficile même quand il est objectivement réussi. Aucun de ces symptômes ne présente une sévérité suffisante pour justifier un diagnostic de démence (F00-F03) ou de délirium (F05.-). Ce diagnostic ne doit être fait qu'en présence d'un trouble somatique spécifié; il ne doit pas être fait en présence de l'un des troubles mentaux ou du comportement classés en F10-F99. Le trouble peut précéder, accompagner ou succéder à des infections et des troubles physiques cérébraux et généraux très divers, sans qu'il existe obligatoirement des preuves directes en faveur d'une atteinte cérébrale. Il peut être différencié d'un syndrome postencéphalitique (F07.1) et d'un syndrome postcommotionnel (F07.2) sur la base de son étiologie, de sa symptomatologie moins riche et moins sévère, et de sa durée habituellement plus courte.",true,"Trouble caractérisé par une altération de la mémoire, des difficultés d'apprentissage et une réduction de la capacité à se concentrer sur une tâche, sauf pendant des périodes de courte durée. Le sujet éprouve souvent une fatigue mentale accentuée quand il fait des efforts mentaux, et un nouvel apprentissage peut être subjectivement difficile même quand il est objectivement réussi. Aucun de ces symptômes ne présente une sévérité suffisante pour justifier un diagnostic de démence (F00-F03) ou de delirium (F05.-). Ce diagnostic ne doit être fait qu'en présence d'un trouble somatique spécifié; il ne doit pas être fait en présence de l'un des troubles mentaux ou du comportement classés en F10-F99. Le trouble peut précéder, accompagner ou succéder à des infections et des troubles physiques très divers, cérébraux et généraux, sans qu'il existe obligatoirement des preuves directes en faveur d'une atteinte cérébrale. Il peut être différencié d'un syndrome post-encéphalitique (F07.1) et d'un syndrome post-commotionnel (F07.2) sur la base de son étiologie, de sa symptomatologie, moins riche et moins sévère, et de sa durée, habituellement plus courte.",false,"",false,"",v3
les_deux,F07,"Troubles de la personnalité et du comportement dus à une affection, une lésion et un dysfonctionnement cérébraux",V,categorie,G,definition,Class,"","",description_clinique,section Description clinique (OMS),définition ClaML du chapitre F — description clinique officielle,"Une altération de la personnalité et du comportement peut constituer un trouble résiduel ou concomitant d'une maladie, d'une lésion ou d'un dysfonctionnement cérébral.",false,"",false,"",false,"",v3
les_deux,F07.0,Trouble organique de la personnalité,V,categorie,G,definition,Class,"","",description_clinique,section Description clinique (OMS),définition ClaML du chapitre F — description clinique officielle,"Trouble caractérisé par une altération significative des modes de comportement qui étaient habituels au sujet avant la survenue de la maladie; les perturbations concernent en particulier l'expression des émotions, des besoins et des pulsions. Le tableau clinique peut par ailleurs comporter une altération des fonctions cognitives, de la pensée et de la sexualité.",false,"",false,"",false,"",v3
les_deux,F07.1,Syndrome postencéphalitique,V,categorie,G,definition,Class,"","",description_clinique,section Description clinique (OMS),définition ClaML du chapitre F — description clinique officielle,"Altération non spécifique et variable du comportement, résiduelle après guérison d'une encéphalite virale ou bactérienne. Le syndrome est réversible, ce qui constitue la principale différence entre ce tableau et les troubles organiques de la personnalité.",true,"Altération résiduelle du comportement, non spécifique et variable, après guérison d'une encéphalite virale ou bactérienne. Le syndrome est réversible, ce qui constitue la principale différence entre ce tableau et les troubles organiques de la personnalité.",false,"",false,"",v3
les_deux,F07.2,Syndrome postcommotionnel,V,categorie,G,definition,Class,"","",description_clinique,section Description clinique (OMS),définition ClaML du chapitre F — description clinique officielle,"Syndrome survenant à la suite d'un traumatisme crânien (habituellement d'une gravité suffisante pour provoquer une perte de connaissance) et comportant de nombreux symptômes variés tels que maux de tête, vertiges, fatigue, irritabilité, difficultés de concentration, difficultés à accomplir des tâches mentales, altération de la mémoire, insomnie et diminution de la tolérance au stress, aux émotions ou à l'alcool.",false,"",false,"",false,"",v3
OFS_2006,F10.7,"Troubles mentaux et du comportement liés à l'utilisation d'alcool - "" Trouble résiduel ou psychotique de survenue tardive """,V,sous_categorie,G,"",GLOSSAIRE,"","",description_clinique,section Description clinique (OMS),"glossaire du chapitre F — description clinique officielle du trouble ; factorisée côté ANS par modificateur S05F10_4 .7 → F10.7, F11.7, F12.7, F13.7… — texte OFS par code plus riche","Etat dans lequel les modifications, induites par les substances psycho-actives, des cognitions, des affects, de la personnalité ou du comportement persistent au-delà de la période où l'on estime que la substance psycho-active a des effets directs.<P>La survenue de la perturbation doit être directement liée à la consommation de la substance. Les cas où le début du trouble est retardé par rapport à un (des) épisode(s) d'abus d'une substance psycho-active ne doivent être notés ici que s'il existe des arguments clairs et précis permettant d'attribuer le trouble aux effets résiduels de la substance. Les flashbacks peuvent être différenciés d'un état psychotique, en partie parce qu'ils sont épisodiques et souvent de courte durée, et en partie parce qu'ils reproduisent des expériences antérieures liées à l'alcool ou à d'autres substances psycho-actives.",false,"",false,absent,false,"",v3
OFS_2006,F11.7,"Troubles mentaux et du comportement liés à l'utilisation d'opiacés - "" Trouble résiduel ou psychotique de survenue tardive """,V,sous_categorie,G,"",GLOSSAIRE,"","",description_clinique,section Description clinique (OMS),"glossaire du chapitre F — description clinique officielle du trouble ; factorisée côté ANS par modificateur S05F10_4 .7 → F10.7, F11.7, F12.7, F13.7… — texte OFS par code plus riche","Etat dans lequel les modifications, induites par les substances psycho-actives, des cognitions, des affects, de la personnalité ou du comportement persistent au-delà de la période où l'on estime que la substance psycho-active a des effets directs. La survenue de la perturbation doit être directement liée à la consommation de la substance. Les cas où le début du trouble est retardé par rapport à un (des) épisode(s) d'abus d'une substance psycho-active ne doivent être notés ici que s'il existe des arguments clairs et précis permettant d'attribuer le trouble aux effets résiduels de la substance. Les flashbacks peuvent être différenciés d'un état psychotique, en partie parce qu'ils sont épisodiques et souvent de courte durée, et en partie parce qu'ils reproduisent des expériences antérieures liées à l'alcool ou à d'autres substances psycho-actives.",false,"",false,absent,false,"",v3
OFS_2006,F12.7,"Troubles mentaux et du comportement liés à l'utilisation de dérivés du cannabis - "" Trouble résiduel ou psychotique de survenue tardive """,V,sous_categorie,G,"",GLOSSAIRE,"","",description_clinique,section Description clinique (OMS),"glossaire du chapitre F — description clinique officielle du trouble ; factorisée côté ANS par modificateur S05F10_4 .7 → F10.7, F11.7, F12.7, F13.7… — texte OFS par code plus riche","Etat dans lequel les modifications, induites par les substances psycho-actives, des cognitions, des affects, de la personnalité ou du comportement persistent au-delà de la période où l'on estime que la substance psycho-active a des effets directs. La survenue de la perturbation doit être directement liée à la consommation de la substance. Les cas où le début du trouble est retardé par rapport à un (des) épisode(s) d'abus d'une substance psycho-active ne doivent être notés ici que s'il existe des arguments clairs et précis permettant d'attribuer le trouble aux effets résiduels de la substance. Les flashbacks peuvent être différenciés d'un état psychotique, en partie parce qu'ils sont épisodiques et souvent de courte durée, et en partie parce qu'ils reproduisent des expériences antérieures liées à l'alcool ou à d'autres substances psycho-actives.",false,"",false,absent,false,"",v3
OFS_2006,F13.7,"Troubles mentaux et du comportement liés à l'utilisation de sédatifs ou d'hypnotiques - "" Trouble résiduel ou psychotique de survenue tardive """,V,sous_categorie,G,"",GLOSSAIRE,"","",description_clinique,section Description clinique (OMS),"glossaire du chapitre F — description clinique officielle du trouble ; factorisée côté ANS par modificateur S05F10_4 .7 → F10.7, F11.7, F12.7, F13.7… — texte OFS par code plus riche","Etat dans lequel les modifications, induites par les substances psycho-actives, des cognitions, des affects, de la personnalité ou du comportement persistent au-delà de la période où l'on estime que la substance psycho-active a des effets directs. La survenue de la perturbation doit être directement liée à la consommation de la substance. Les cas où le début du trouble est retardé par rapport à un (des) épisode(s) d'abus d'une substance psycho-active ne doivent être notés ici que s'il existe des arguments clairs et précis permettant d'attribuer le trouble aux effets résiduels de la substance. Les flashbacks peuvent être différenciés d'un état psychotique, en partie parce qu'ils sont épisodiques et souvent de courte durée, et en partie parce qu'ils reproduisent des expériences antérieures liées à l'alcool ou à d'autres substances psycho-actives.",false,"",false,absent,false,"",v3
OFS_2006,F14.7,"Troubles mentaux et du comportement liés à l'utilisation de cocaïne - "" Trouble résiduel ou psychotique de survenue tardive """,V,sous_categorie,G,"",GLOSSAIRE,"","",description_clinique,section Description clinique (OMS),"glossaire du chapitre F — description clinique officielle du trouble ; factorisée côté ANS par modificateur S05F10_4 .7 → F10.7, F11.7, F12.7, F13.7… — texte OFS par code plus riche","Etat dans lequel les modifications, induites par les substances psycho-actives, des cognitions, des affects, de la personnalité ou du comportement persistent au-delà de la période où l'on estime que la substance psycho-active a des effets directs. La survenue de la perturbation doit être directement liée à la consommation de la substance. Les cas où le début du trouble est retardé par rapport à un (des) épisode(s) d'abus d'une substance psycho-active ne doivent être notés ici que s'il existe des arguments clairs et précis permettant d'attribuer le trouble aux effets résiduels de la substance. Les flashbacks peuvent être différenciés d'un état psychotique, en partie parce qu'ils sont épisodiques et souvent de courte durée, et en partie parce qu'ils reproduisent des expériences antérieures liées à l'alcool ou à d'autres substances psycho-actives.",false,"",false,absent,false,"",v3
OFS_2006,F15.7,"Troubles mentaux et du comportement liés à l'utilisation d'autres stimulants, y compris la caféine - "" Trouble résiduel ou psychotique de survenue tardive """,V,sous_categorie,G,"",GLOSSAIRE,"","",description_clinique,section Description clinique (OMS),"glossaire du chapitre F — description clinique officielle du trouble ; factorisée côté ANS par modificateur S05F10_4 .7 → F10.7, F11.7, F12.7, F13.7… — texte OFS par code plus riche","Etat dans lequel les modifications, induites par les substances psycho-actives, des cognitions, des affects, de la personnalité ou du comportement persistent au-delà de la période où l'on estime que la substance psycho-active a des effets directs. La survenue de la perturbation doit être directement liée à la consommation de la substance. Les cas où le début du trouble est retardé par rapport à un (des) épisode(s) d'abus d'une substance psycho-active ne doivent être notés ici que s'il existe des arguments clairs et précis permettant d'attribuer le trouble aux effets résiduels de la substance. Les flashbacks peuvent être différenciés d'un état psychotique, en partie parce qu'ils sont épisodiques et souvent de courte durée, et en partie parce qu'ils reproduisent des expériences antérieures liées à l'alcool ou à d'autres substances psycho-actives.",false,"",false,absent,false,"",v3
OFS_2006,F16.7,"Troubles mentaux et du comportement liés à l'utilisation d'hallucinogènes - "" Trouble résiduel ou psychotique de survenue tardive """,V,sous_categorie,G,"",GLOSSAIRE,"","",description_clinique,section Description clinique (OMS),"glossaire du chapitre F — description clinique officielle du trouble ; factorisée côté ANS par modificateur S05F10_4 .7 → F10.7, F11.7, F12.7, F13.7… — texte OFS par code plus riche","Etat dans lequel les modifications, induites par les substances psycho-actives, des cognitions, des affects, de la personnalité ou du comportement persistent au-delà de la période où l'on estime que la substance psycho-active a des effets directs. La survenue de la perturbation doit être directement liée à la consommation de la substance. Les cas où le début du trouble est retardé par rapport à un (des) épisode(s) d'abus d'une substance psycho-active ne doivent être notés ici que s'il existe des arguments clairs et précis permettant d'attribuer le trouble aux effets résiduels de la substance. Les flashbacks peuvent être différenciés d'un état psychotique, en partie parce qu'ils sont épisodiques et souvent de courte durée, et en partie parce qu'ils reproduisent des expériences antérieures liées à l'alcool ou à d'autres substances psycho-actives.",false,"",false,absent,false,"",v3
OFS_2006,F17.7,"Troubles mentaux et du comportement liés à l'utilisation de tabac - "" Trouble résiduel ou psychotique de survenue tardive """,V,sous_categorie,G,"",GLOSSAIRE,"","",description_clinique,section Description clinique (OMS),"glossaire du chapitre F — description clinique officielle du trouble ; factorisée côté ANS par modificateur S05F10_4 .7 → F10.7, F11.7, F12.7, F13.7… — texte OFS par code plus riche","Etat dans lequel les modifications, induites par les substances psycho-actives, des cognitions, des affects, de la personnalité ou du comportement persistent au-delà de la période où l'on estime que la substance psycho-active a des effets directs. La survenue de la perturbation doit être directement liée à la consommation de la substance. Les cas où le début du trouble est retardé par rapport à un (des) épisode(s) d'abus d'une substance psycho-active ne doivent être notés ici que s'il existe des arguments clairs et précis permettant d'attribuer le trouble aux effets résiduels de la substance. Les flashbacks peuvent être différenciés d'un état psychotique, en partie parce qu'ils sont épisodiques et souvent de courte durée, et en partie parce qu'ils reproduisent des expériences antérieures liées à l'alcool ou à d'autres substances psycho-actives.",false,"",false,absent,false,"",v3
OFS_2006,F18.7,"Troubles mentaux et du comportement liés à l'utilisation de solvants volatils - "" Trouble résiduel ou psychotique de survenue tardive """,V,sous_categorie,G,"",GLOSSAIRE,"","",description_clinique,section Description clinique (OMS),"glossaire du chapitre F — description clinique officielle du trouble ; factorisée côté ANS par modificateur S05F10_4 .7 → F10.7, F11.7, F12.7, F13.7… — texte OFS par code plus riche","Etat dans lequel les modifications, induites par les substances psycho-actives, des cognitions, des affects, de la personnalité ou du comportement persistent au-delà de la période où l'on estime que la substance psycho-active a des effets directs. La survenue de la perturbation doit être directement liée à la consommation de la substance. Les cas où le début du trouble est retardé par rapport à un (des) épisode(s) d'abus d'une substance psycho-active ne doivent être notés ici que s'il existe des arguments clairs et précis permettant d'attribuer le trouble aux effets résiduels de la substance. Les flashbacks peuvent être différenciés d'un état psychotique, en partie parce qu'ils sont épisodiques et souvent de courte durée, et en partie parce qu'ils reproduisent des expériences antérieures liées à l'alcool ou à d'autres substances psycho-actives.",false,"",false,absent,false,"",v3
les_deux,F19,Troubles mentaux et du comportement liés à l'utilisation de drogues multiples et troubles liés à l'utilisation d'autres substances psychoactives,V,categorie,G,definition,Class,"","",description_clinique,section Description clinique (OMS),définition ClaML du chapitre F — description clinique officielle,"Cette catégorie doit être utilisée quand au moins deux substances psychoactives sont utilisées, sans qu'il soit possible de déterminer laquelle est principalement en cause dans le trouble. Cette catégorie doit également être utilisée quand la nature exacte de certaines – voire de l'ensemble – des substances psychoactives utilisées est incertaine ou inconnue, de nombreux consommateurs de drogues multiples ne sachant pas exactement eux-mêmes ce qu'ils prennent.",true,"Cette catégorie doit être utilisée quand au moins deux substances psycho-actives sont utilisées, sans qu'il soit possible de déterminer laquelle est principalement en cause dans le trouble. Cette catégorie doit également être utilisée quand la nature exacte de certaines - voire de l'ensemble - des substances psycho-actives utilisées est incertaine ou inconnue, de nombreux consommateurs de drogues multiples ne sachant pas exactement eux-mêmes ce qu'ils prennent.",false,"",false,"",v3
OFS_2006,F19.7,"Troubles mentaux et du comportement liés à l'utilisation de drogues multiples et troubles liés à l'utilisation d'autres substances psychoactives - "" Trouble résiduel ou psychotique de survenue tardive """,V,sous_categorie,G,"",GLOSSAIRE,"","",description_clinique,section Description clinique (OMS),"glossaire du chapitre F — description clinique officielle du trouble ; factorisée côté ANS par modificateur S05F10_4 .7 → F10.7, F11.7, F12.7, F13.7… — texte OFS par code plus riche","Etat dans lequel les modifications, induites par les substances psycho-actives, des cognitions, des affects, de la personnalité ou du comportement persistent au-delà de la période où l'on estime que la substance psycho-active a des effets directs. La survenue de la perturbation doit être directement liée à la consommation de la substance. Les cas où le début du trouble est retardé par rapport à un (des) épisode(s) d'abus d'une substance psycho-active ne doivent être notés ici que s'il existe des arguments clairs et précis permettant d'attribuer le trouble aux effets résiduels de la substance. Les flashbacks peuvent être différenciés d'un état psychotique, en partie parce qu'ils sont épisodiques et souvent de courte durée, et en partie parce qu'ils reproduisent des expériences antérieures liées à l'alcool ou à d'autres substances psycho-actives.",false,"",false,absent,false,"",v3
ANS_2025,F20,Schizophrénie,V,categorie,"",definition,Class,"","",description_clinique,section Description clinique (OMS),définition ClaML du chapitre F — description clinique officielle,"L'évolution des troubles schizophréniques peut être continue, épisodique avec survenue d'un déficit progressif ou stable, ou bien elle peut comporter un ou plusieurs épisodes suivis d'une rémission complète ou incomplète. On ne doit pas faire un diagnostic de schizophrénie quand le tableau clinique comporte des symptômes dépressifs ou maniaques importants, à moins d'être certain que les symptômes schizophréniques précédaient les troubles affectifs. Par ailleurs, on ne doit pas porter un diagnostic de schizophrénie quand il existe une atteinte cérébrale manifeste ou une intoxication par une drogue ou un sevrage à une drogue. Des troubles semblables apparaissant au cours d'une épilepsie ou d'une autre affection cérébrale, sont à coder en F06.2, ceux induits par des substances psychoactives étant à classer en F10–F19 avec le quatrième caractère.5.",false,"",false,"",false,"",v3
les_deux,F20,Schizophrénie,V,categorie,G,definition,Class,"","",description_clinique,section Description clinique (OMS),définition ClaML du chapitre F — description clinique officielle,"Les troubles schizophréniques se caractérisent habituellement par des distorsions fondamentales et caractéristiques de la pensée et de la perception, ainsi que par des affects inappropriés ou émoussés. La clarté de l'état de conscience et les capacités intellectuelles sont habituellement préservées, bien que certains déficits des fonctions cognitives puissent apparaitre au cours de l'évolution. Les phénomènes psychopathologiques les plus importants sont: l'écho de la pensée, les pensées imposées et le vol de la pensée, la divulgation de la pensée, la perception délirante, les idées délirantes de contrôle, d'influence ou de passivité, les hallucinations dans lesquelles des voix parlent ou discutent du sujet à la troisième personne, les troubles du cours de la pensée et les symptômes négatifs.",true,"Les troubles schizophréniques se caractérisent habituellement par des distorsions fondamentales et caractéristiques de la pensée et de la perception, ainsi que par des affects inappropriés ou émoussés. La clarté de l'état de conscience et les capacités intellectuelles sont habituellement préservées, bien que certains déficits des fonctions cognitives puissent apparaître au cours de l'évolution. Les phénomènes psychopathologiques les plus importants sont : l'écho de la pensée, les pensées imposées et le vol de la pensée, la divulgation de la pensée, la perception délirante, les idées délirantes de contrôle, d'influence ou de passivité, les hallucinations dans lesquelles des voix parlent ou discutent du sujet à la troisième personne, les troubles du cours de la pensée et les symptômes négatifs.<P>L'évolution des troubles schizophréniques peut être continue, épisodique avec survenue d'un déficit progressif ou stable, ou bien elle peut comporter un ou plusieurs épisodes suivis d'une rémission complète ou incomplète. On ne doit pas faire un diagnostic de schizophrénie quand le tableau clinique comporte des symptômes dépressifs ou maniaques importants, à moins d'être certain que les symptômes schizophréniques précédaient les troubles affectifs. Par ailleurs, on ne doit pas porter un diagnostic de schizophrénie quand il existe une atteinte cérébrale manifeste ou une intoxication par une drogue ou un sevrage à une drogue. Des troubles semblables apparaissant au cours d'une épilepsie ou d'une autre affection cérébrale, sont à coder en F06.2, ceux induits par des substances psycho-actives étant à classer en F10-F19 avec le quatrième chiffre .5.",false,"",false,"",v3
les_deux,F20.0,Schizophrénie paranoïde,V,categorie,G,definition,Class,"","",description_clinique,section Description clinique (OMS),définition ClaML du chapitre F — description clinique officielle,"La schizophrénie paranoïde se caractérise essentiellement par la présence d'idées délirantes relativement stables, souvent de persécution, habituellement accompagnées d'hallucinations, en particulier auditives, et de perturbations des perceptions. Les perturbations des affects, de la volonté et du langage, de même que les symptômes catatoniques, sont soit absents, soit relativement discrets.",false,"",false,"",false,"",v3
les_deux,F20.1,Schizophrénie hébéphrénique,V,categorie,G,definition,Class,"","",description_clinique,section Description clinique (OMS),définition ClaML du chapitre F — description clinique officielle,"Forme de schizophrénie caractérisée par la présence au premier plan d'une perturbation des affects. Les idées délirantes et les hallucinations restent flottantes et fragmentaires, le comportement est irresponsable et imprévisible; il existe fréquemment un maniérisme. L'humeur est superficielle et inappropriée. La pensée est désorganisée et le discours incohérent. Le trouble entraine fréquemment un isolement social. Le pronostic est habituellement médiocre, en raison de l'apparition précoce de symptômes « négatifs » concernant, en particulier, un émoussement des affects et une perte de la volonté. En principe, le diagnostic d'hébéphrénie doit être réservé à des adolescents et des adultes jeunes.",true,"Forme de schizophrénie caractérisée par la présence, au premier plan, d'une perturbation des affects; les idées délirantes et les hallucinations restent flottantes et fragmentaires, le comportement est irresponsable et imprévisible; il existe fréquemment un maniérisme. L'humeur est superficielle et inappropriée. La pensée est désorganisée et le discours incohérent. Le trouble entraîne fréquemment un isolement social. Le pronostic est habituellement médiocre, en raison de l'apparition précoce de symptômes ""négatifs"", concernant, en particulier, un émoussement des affects et une perte de la volonté. En principe, le diagnostic d'hébéphrénie doit être réservé à des adolescents et des adultes jeunes.",false,"",false,"",v3
les_deux,F20.2,Schizophrénie catatonique,V,categorie,G,definition,Class,"","",description_clinique,section Description clinique (OMS),définition ClaML du chapitre F — description clinique officielle,"La schizophrénie catatonique se caractérise essentiellement par la présence de perturbations psychomotrices importantes pouvant alterner d'un extrême à un autre: hyperkinésie ou stupeur, obéissance automatique ou négativisme. Des attitudes imposées ou des postures catatoniques peuvent être maintenues pendant une période prolongée. La survenue d'épisodes d'agitation violente est caractéristique de ce trouble. Les manifestations catatoniques peuvent s'accompagner d'un état oniroïde (ressemblant à un rêve) comportant des expériences hallucinatoires intensément vécues.",false,"",false,"",false,"",v3
les_deux,F20.3,Schizophrénie indifférenciée,V,categorie,G,definition,Class,"","",description_clinique,section Description clinique (OMS),définition ClaML du chapitre F — description clinique officielle,"États psychotiques répondant aux critères généraux de la schizophrénie, mais ne correspondant à aucune des formes cliniques décrites en F20.0-F20.2, ou répondant simultanément aux critères de plusieurs de ces formes, sans prédominance nette d'un groupe déterminé de caractéristiques diagnostiques.",false,"",false,"",false,"",v3
les_deux,F20.4,Dépression postschizophrénique,V,categorie,G,definition,Class,"","",description_clinique,section Description clinique (OMS),définition ClaML du chapitre F — description clinique officielle,"Épisode dépressif, éventuellement prolongé, survenant au décours d'une maladie schizophrénique. Certains symptômes schizophréniques « positifs » ou « négatifs » doivent encore être présents mais ne dominent plus le tableau clinique. Ce type d'état dépressif s'accompagne d'un risque accru de suicide. Si le patient ne présente plus aucun symptôme schizophrénique, on doit faire un diagnostic d'épisode dépressif (F32.-). Si les symptômes schizophréniques restent florides et au premier plan de la symptomatologie, on doit garder le diagnostic de la forme clinique appropriée de schizophrénie (F20.0-F20.3).",true,"Episode dépressif, éventuellement prolongé, survenant au décours d'une maladie schizophrénique. Certains symptômes schizophréniques ""positifs"" ou ""négatifs"" doivent encore être présents, mais ne dominent plus le tableau clinique. Ce type d'état dépressif s'accompagne d'un risque accru de suicide. Si le patient ne présente plus aucun symptôme schizophrénique, on doit faire un diagnostic d'épisode dépressif (F32.-). Si les symptômes schizophréniques restent florides et au premier plan de la symptomatologie, on doit garder le diagnostic de la forme clinique appropriée de schizophrénie (F20.0-F20.3).",false,"",false,"",v3
les_deux,F20.5,Schizophrénie résiduelle,V,categorie,G,definition,Class,"","",description_clinique,section Description clinique (OMS),définition ClaML du chapitre F — description clinique officielle,"Stade chronique de l'évolution d'une maladie schizophrénique, avec une progression nette à partir du début jusqu'à un stade tardif caractérisé par des symptômes « négatifs » durables, mais pas obligatoirement irréversibles, par exemple ralentissement psychomoteur, hypoactivité, émoussement affectif, passivité et manque d'initiative, pauvreté de la quantité et du contenu du discours, peu de communication non verbale (expression faciale, contact oculaire, modulation de la voix et gestes), manque de soins apportés à sa personne et performances sociales médiocres.",true,"Stade chronique de l'évolution d'une maladie schizophrénique, avec une progression nette à partir du début jusqu'à un stade tardif caractérisé par des symptômes ""négatifs"" durables, mais pas obligatoirement irréversibles, par exemple ralentissement psychomoteur, hypoactivité, émoussement affectif, passivité et manque d'initiative, pauvreté de la quantité et du contenu du discours, peu de communication non verbale (expression faciale, contact oculaire, modulation de la voix et gestes), manque de soins apportés à sa personne et performances sociales médiocres.",false,"",false,"",v3
les_deux,F20.6,Schizophrénie simple,V,categorie,G,definition,Class,"","",description_clinique,section Description clinique (OMS),définition ClaML du chapitre F — description clinique officielle,"Trouble caractérisé par la survenue insidieuse et progressive de bizarreries du comportement, d'une impossibilité à répondre aux exigences de la société et d'une diminution globale des performances. La survenue des caractéristiques « négatives » de la schizophrénie résiduelle (par exemple un émoussement affectif et une perte de la volonté, etc.) n'est pas précédée d'un quelconque symptôme psychotique manifeste.",true,"Trouble caractérisé par la survenue insidieuse et progressive de bizarreries du comportement, d'une impossibilité à répondre aux exigences de la société et d'une diminution globale des performances. La survenue des caractéristiques ""négatives"" de la schizophrénie résiduelle (par exemple un émoussement affectif et une perte de la volonté, etc.) n'est pas précédée d'un quelconque symptôme psychotique manifeste.",false,"",false,"",v3
les_deux,F21,Trouble schizotypique,V,categorie,G,definition,Class,"","",description_clinique,section Description clinique (OMS),définition ClaML du chapitre F — description clinique officielle,"Trouble caractérisé par un comportement excentrique et des anomalies de la pensée et des affects, ressemblant à celles de la schizophrénie mais ne comportant aucune anomalie schizophrénique manifeste ou caractéristique à un moment quelconque de l'évolution. La symptomatologie peut comporter une froideur affective inappropriée, une anhédonie, un comportement étrange ou excentrique, une tendance au retrait social, des idées de persécution ou des idées bizarres ne présentant pas les caractéristiques d'idées délirantes authentiques, des ruminations obsessionnelles, des troubles du cours de la pensée et des perturbations des perceptions, parfois des épisodes transitoires quasi-psychotiques comportant des illusions intenses, des hallucinations auditives ou autres et des idées pseudodélirantes, survenant habituellement sans facteur déclenchant extérieur. Le début du trouble est difficile à déterminer et son évolution correspond habituellement à celle d'un trouble de la personnalité.",true,"Trouble caractérisé par un comportement excentrique et des anomalies de la pensée et des affects, ressemblant à celles de la schizophrénie, mais ne comportant aucune anomalie schizophrénique manifeste ou caractéristique à un moment quelconque de l'évolution. La symptomatologie peut comporter une froideur affective inappropriée, une anhédonie, un comportement étrange ou excentrique, une tendance au retrait social, des idées de persécution ou des idées bizarres, ne présentant pas les caractéristiques d'idées délirantes authentiques, des ruminations obsessionnelles, des troubles du cours de la pensée et des perturbations des perceptions, parfois des épisodes transitoires quasi-psychotiques comportant des illusions intenses, des hallucinations auditives ou autres et des idées pseudo-délirantes, survenant habituellement sans facteur déclenchant extérieur. Le début du trouble est difficile à déterminer et son évolution correspond habituellement à celle d'un trouble de la personnalité.",false,"",false,"",v3
les_deux,F22,Troubles délirants persistants,V,categorie,G,definition,Class,"","",description_clinique,section Description clinique (OMS),définition ClaML du chapitre F — description clinique officielle,"Comprend des troubles divers caractérisés uniquement, ou essentiellement, par la présence d'idées délirantes persistantes et ne pouvant être classés parmi les troubles organiques, schizophréniques ou affectifs. Quand un trouble délirant dure moins de quelques mois, il doit être classé, au moins temporairement, en F23.-.",true,"Comprend de troubles divers, caractérisés uniquement, ou essentiellement, par la présence d'idées délirantes persistantes et ne pouvant être classés parmi les troubles organiques, schizophréniques ou affectifs. Quand la durée d'un trouble délirant est inférieure à quelques mois, il doit être classé, au moins temporairement, en F23.-",false,"",false,"",v3
les_deux,F22.0,Trouble délirant,V,categorie,G,definition,Class,"","",description_clinique,section Description clinique (OMS),définition ClaML du chapitre F — description clinique officielle,"Trouble caractérisé par la survenue d'une idée délirante unique ou d'un ensemble d'idées délirantes apparentées, habituellement persistantes, parfois durant toute la vie. Le contenu de l'idée ou des idées délirantes est très variable. La présence d'hallucinations auditives (voix) manifestes et persistantes, de symptômes schizophréniques tels que des idées délirantes d'influence ou un émoussement net des affects, ou la mise en évidence d'une affection cérébrale sont incompatibles avec le diagnostic. Toutefois, la présence d'hallucinations auditives, en particulier chez les sujets âgés, survenant de façon irrégulière ou transitoire, ne permet pas d'éliminer ce diagnostic, à condition qu'il ne s'agisse pas d'hallucinations typiquement schizophréniques et qu'elles ne dominent pas le tableau clinique.",false,"",false,"",false,"",v3
les_deux,F22.8,Autres troubles délirants persistants,V,categorie,G,definition,Class,"","",description_clinique,section Description clinique (OMS),définition ClaML du chapitre F — description clinique officielle,Troubles dans lesquels l'idée ou les idées délirantes sont accompagnées d'hallucinations auditives persistantes à type de voix ou de symptômes schizophréniques qui ne justifient pas un diagnostic de schizophrénie (F20.-).,false,"",false,"",false,"",v3
les_deux,F23,Troubles psychotiques aigus et transitoires,V,categorie,G,definition,Class,"","",description_clinique,section Description clinique (OMS),définition ClaML du chapitre F — description clinique officielle,"Groupe hétérogène de troubles caractérisés par la survenue aigüe de symptômes psychotiques tels que des idées délirantes, des hallucinations, des perturbations des perceptions et par une désorganisation massive du comportement normal. Une survenue aigüe est définie comme étant l'apparition croissante d'un tableau clinique manifestement pathologique, en deux semaines au plus. Ces troubles ne comportent aucun élément en faveur d'une étiologie organique. Ils sont souvent accompagnés d'une perplexité ou d'une hébétude, mais les perturbations de l'orientation dans le temps, dans l'espace et quant à la personne ne sont pas suffisamment persistantes ou graves pour répondre aux critères d'un délirium d'origine organique (F05.-). En général, ces troubles guérissent complètement en moins de quelques mois, souvent en quelques semaines ou jours. Le diagnostic doit être modifié si le trouble persiste. Le trouble peut être associé à un facteur aigu de stress, c'est-à-dire habituellement à des événements stressants survenus une ou deux semaines avant le début du trouble.",true,"Groupe hétérogène de troubles caractérisés par la survenue aiguë de symptômes psychotiques tels que des idées délirantes, des hallucinations, des perturbations des perceptions et par une désorganisation massive du comportement normal. Une survenue aiguë est définie comme étant l'apparition, allant crescendo, d'un tableau clinique manifestement pathologique, en deux semaines au plus. Ces troubles ne comportent aucun élément en faveur d'une étiologie organique. Ils s'accompagnent souvent d'une perplexité ou d'une hébétude, mais les perturbations de l'orientation dans le temps, dans l'espace, et quant à la personne, ne sont pas suffisamment persistantes ou graves pour répondre aux critères d'un delirium d'origine organique (F05.-). En général, ces troubles guérissent complètement en moins de quelques mois, souvent en quelques semaines ou jours. Le diagnostic doit être modifié si le trouble persiste. Le trouble peut être associé à un facteur aigu de stress, c'est-à-dire habituellement à des événements stressants survenus une ou deux semaines avant le début du trouble.",false,"",false,"",v3
les_deux,F23.0,"Trouble psychotique aigu polymorphe, sans symptômes schizophréniques",V,categorie,G,definition,Class,"","",description_clinique,section Description clinique (OMS),définition ClaML du chapitre F — description clinique officielle,"Trouble psychotique aigu comportant des hallucinations, des idées délirantes ou des perturbations des perceptions manifestes, mais très variables, changeant de jour en jour, voire d'heure en heure. Il existe souvent un bouleversement émotionnel s'accompagnant de sentiments intenses et transitoires de bonheur ou d'extase, d'anxiété ou d'irritabilité. Le polymorphisme et l'instabilité sont caractéristiques du tableau clinique. Les caractéristiques psychotiques ne répondent pas aux critères de la schizophrénie (F20.-). Ces troubles ont souvent un début brutal, se développent rapidement en l'espace de quelques jours et disparaissent souvent rapidement, sans rechute. Quand les symptômes persistent, le diagnostic doit être modifié pour celui de trouble délirant persistant (F22.-).",true,"Trouble psychotique aigu, comportant des hallucinations, des idées délirantes ou des perturbations des perceptions manifestes, mais très variables, changeant de jour en jour, voire d'heure en heure. Il existe souvent un bouleversement émotionnel s'accompagnant de sentiments intenses et transitoires de bonheur ou d'extase, d'anxiété ou d'irritabilité. Le polymorphisme et l'instabilité sont caractéristiques du tableau clinique. Les caractéristiques psychotiques ne répondent pas aux critères de la schizophrénie (F20.-). Ces troubles ont souvent un début brutal, se développent rapidement en l'espace de quelques jours et disparaissent souvent rapidement, sans rechutes. Quand les symptômes persistent, le diagnostic doit être modifié pour celui de trouble délirant persistant (F22.-).",false,"",false,"",v3
les_deux,F23.1,"Trouble psychotique aigu polymorphe, avec symptômes schizophréniques",V,categorie,G,definition,Class,"","",description_clinique,section Description clinique (OMS),définition ClaML du chapitre F — description clinique officielle,"Trouble psychotique aigu caractérisé par la présence du tableau clinique polymorphe et instable décrit sous F23.0; malgré l'instabilité du tableau clinique, certains symptômes typiquement schizophréniques sont présents la plupart du temps. Quand les symptômes schizophréniques persistent, le diagnostic doit être modifié pour celui de schizophrénie (F20.-).",false,"",false,"",false,"",v3
les_deux,F23.2,Trouble psychotique aigu d'allure schizophrénique,V,categorie,G,definition,Class,"","",description_clinique,section Description clinique (OMS),définition ClaML du chapitre F — description clinique officielle,"Trouble psychotique aigu caractérisé par la présence de symptômes psychotiques relativement stables, justifiant un diagnostic de schizophrénie, mais persistant moins d'un mois. Les caractéristiques polymorphes instables décrites en F23.0 sont absentes. Quand les symptômes schizophréniques persistent, le diagnostic doit être modifié pour celui de schizophrénie (F20.-).",false,"",false,"",false,"",v3
les_deux,F23.3,"Autre trouble psychotique aigu, essentiellement délirant",V,categorie,G,definition,Class,"","",description_clinique,section Description clinique (OMS),définition ClaML du chapitre F — description clinique officielle,"Trouble psychotique aigu, caractérisé par la présence au premier plan du tableau clinique d'idées délirantes ou d'hallucinations relativement stables, mais ne justifiant pas un diagnostic de schizophrénie (F20.-). Quand les idées délirantes persistent, le diagnostic doit être modifié pour celui de trouble délirant persistant (F22.-).",false,"",false,"",false,"",v3
les_deux,F23.8,Autres troubles psychotiques aigus et transitoires,V,categorie,G,definition,Class,"","",description_clinique,section Description clinique (OMS),définition ClaML du chapitre F — description clinique officielle,"Autres troubles psychotiques aigus précisés, ne comportant aucun élément en faveur d'une étiologie organique, et ne justifiant pas un classement en F23.0-F23.3.",false,"",false,"",false,"",v3
les_deux,F24,Trouble délirant induit,V,categorie,G,definition,Class,"","",description_clinique,section Description clinique (OMS),définition ClaML du chapitre F — description clinique officielle,Trouble délirant partagé par au moins deux personnes liées très étroitement entre elles sur le plan émotionnel. Un seul des partenaires présente un trouble psychotique authentique; les idées délirantes sont induites chez l'autre (les autres) et disparaissent habituellement en cas de séparation des partenaires.,false,"",false,"",false,"",v3
les_deux,F25,Troubles schizoaffectifs,V,categorie,G,definition,Class,"","",description_clinique,section Description clinique (OMS),définition ClaML du chapitre F — description clinique officielle,"Troubles épisodiques dans lesquels des symptômes affectifs et des symptômes schizophréniques sont conjointement au premier plan de la symptomatologie, mais ne justifient pas un diagnostic ni de schizophrénie, ni d'épisode dépressif ou maniaque. Les affections au cours desquelles des symptômes affectifs sont surajoutés à une maladie schizophrénique préexistante, ou vont de pair ou alternent avec des troubles délirants persistants d'un type différent, sont classées sous F20-F29. La présence de symptômes psychotiques non congruents à l'humeur au cours des troubles affectifs ne justifie pas un diagnostic de trouble schizoaffectif.",true,"Troubles épisodiques, dans lesquels des symptômes affectifs et des symptômes schizophréniques sont conjointement au premier plan de la symptomatologie, mais ne justifient pas un diagnostic ni de schizophrénie, ni d'épisode dépressif ou maniaque. Les affections au cours desquelles des symptômes affectifs sont surajoutés à une maladie schizophrénique pré-existante, ou vont de pair ou alternent avec des troubles délirants persistants d'un type différent, sont classés sous F20-F29. La présence de symptômes psychotiques non congruents à l'humeur, au cours des troubles affectifs, ne justifie pas un diagnostic de trouble schizo-affectif.",false,"",false,"",v3
les_deux,F25.0,"Trouble schizoaffectif, type maniaque",V,categorie,G,definition,Class,"","",description_clinique,section Description clinique (OMS),définition ClaML du chapitre F — description clinique officielle,"Trouble dans lequel des symptômes schizophréniques et des symptômes maniaques sont conjointement au premier plan de la symptomatologie au cours d'un même épisode de la maladie, l'épisode pathologique ne justifiant ainsi un diagnostic ni de schizophrénie ni d'épisode maniaque. Cette catégorie doit être utilisée pour classer un épisode isolé et le trouble récurrent dont la plupart des épisodes sont des épisodes schizoaffectifs de type maniaque.",true,"Trouble dans lequel des symptômes schizophréniques et des symptômes maniaques sont conjointement au premier plan de la symptomatologie au cours d'un même épisode de la maladie, l'épisode pathologique ne justifiant ainsi un diagnostic ni de schizophrénie ni d'épisode maniaque. Cette catégorie doit être utilisée pour classer un épisode isolé et le trouble récurrent dont la plupart des épisodes sont des épisodes schizo-affectifs, type maniaque.",false,"",false,"",v3
les_deux,F25.1,"Trouble schizoaffectif, type dépressif",V,categorie,G,definition,Class,"","",description_clinique,section Description clinique (OMS),définition ClaML du chapitre F — description clinique officielle,"Trouble dans lequel des symptômes schizophréniques et des symptômes dépressifs sont conjointement au premier plan de la symptomatologie au cours d'un même épisode de la maladie, l'épisode pathologique ne justifiant ainsi un diagnostic ni de schizophrénie ni d'épisode dépressif. Cette catégorie doit être utilisée pour classer un épisode isolé et le trouble récurrent dont la plupart des épisodes sont des épisodes schizoaffectifs de type dépressif.",true,"Trouble dans lequel des symptômes schizophréniques et des symptômes dépressifs sont conjointement au premier plan de la symptomatologie au cours d'un même épisode de la maladie, l'épisode pathologique ne justifiant ainsi un diagnostic ni de schizophrénie ni d'épisode dépressif. Cette catégorie doit être utilisée pour classer un épisode isolé et le trouble récurrent dont la plupart des épisodes sont des épisodes schizo-affectifs, type dépressif.",false,"",false,"",v3
les_deux,F28,Autres troubles psychotiques non organiques,V,categorie,G,definition,Class,"","",description_clinique,section Description clinique (OMS),définition ClaML du chapitre F — description clinique officielle,"Troubles délirants ou hallucinatoires ne justifiant pas un diagnostic de schizophrénie (F20.-), de trouble délirant persistant (F22.-), de trouble psychotique aigu et transitoire (F23.-), d'épisode maniaque de type psychotique (F30.2) ou d'épisode dépressif grave de type psychotique (F32.3).",true,"Troubles délirants ou hallucinatoires ne justifiant pas un diagnostic de schizophrénie (F20.-), de trouble délirant persistant (F22.-), de trouble psychotique aigu et transitoire (F23.-), d'épisode maniaque, type psychotique (F30.2) ou d'épisode dépressif grave, type psychotique (F32.3).",false,"",false,"",v3
les_deux,F30,Épisode maniaque,V,categorie,G,definition,Class,"","",description_clinique,section Description clinique (OMS),définition ClaML du chapitre F — description clinique officielle,"Toutes les subdivisions de cette catégorie s'appliquent exclusivement à un épisode isolé. Un épisode hypomaniaque ou maniaque survenant chez un sujet ayant présenté un ou plusieurs épisodes affectifs dans le passé (dépressif, hypomaniaque, maniaque, ou mixte) doit conduire à un diagnostic de trouble affectif bipolaire (F31.-).",false,"",false,"",false,"",v3
les_deux,F30.0,Hypomanie,V,categorie,G,definition,Class,"","",description_clinique,section Description clinique (OMS),définition ClaML du chapitre F — description clinique officielle,"Trouble caractérisé par la présence d'une élévation légère mais persistante de l'humeur, de l'énergie et de l'activité, associée habituellement à un sentiment intense de bien-être et d'efficacité physique et psychique. Il existe souvent une augmentation de la sociabilité, du désir de parler, de la familiarité ou de l'énergie sexuelle et une réduction du besoin de sommeil; ces symptômes ne sont toutefois pas assez marqués pour entraver le fonctionnement professionnel ou pour entrainer un rejet social. L'euphorie et la sociabilité sont parfois remplacées par une irritabilité ou des attitudes vaniteuses ou grossières. Les perturbations de l'humeur et du comportement ne sont pas accompagnées d'hallucinations ou d'idées délirantes.",false,"",false,"",false,"",v3
les_deux,F30.1,Manie sans symptômes psychotiques,V,categorie,G,definition,Class,"","",description_clinique,section Description clinique (OMS),définition ClaML du chapitre F — description clinique officielle,"Présence d'une élévation de l'humeur hors de proportion avec la situation du sujet, pouvant aller d'une jovialité insouciante à une agitation pratiquement incontrôlable. Cette élation s'accompagne d'une augmentation d'énergie entraînant une hyperactivité, un désir de parler et une réduction du besoin de sommeil. L'attention ne peut être soutenue et il existe souvent une distractibilité importante. Le sujet présente souvent une augmentation de l'estime de soi avec idées de grandeur et surestimation de ses capacités. La levée des inhibitions sociales normales peut entrainer des conduites imprudentes, déraisonnables, inappropriées ou déplacées.",false,"",false,"",false,"",v3
les_deux,F30.2,Manie avec symptômes psychotiques,V,categorie,G,definition,Class,"","",description_clinique,section Description clinique (OMS),définition ClaML du chapitre F — description clinique officielle,"Présence, associée au tableau clinique décrit en F30.1, d'idées délirantes (habituellement de grandeur) ou d'hallucinations (habituellement à type de voix parlant directement au sujet), ou d'une agitation, d'une activité motrice excessive et d'une fuite des idées d'une gravité telle que le sujet devient incompréhensible ou hors d'état de communiquer normalement.",false,"",false,"",false,"",v3
les_deux,F31,Trouble affectif bipolaire,V,categorie,G,definition,Class,"","",description_clinique,section Description clinique (OMS),définition ClaML du chapitre F — description clinique officielle,"Trouble caractérisé par deux ou plusieurs épisodes au cours desquels l'humeur et le niveau d'activité du sujet sont profondément perturbés, tantôt dans le sens d'une élévation de l'humeur et d'une augmentation de l'énergie et de l'activité (hypomanie ou manie), tantôt dans le sens d'un abaissement de l'humeur et d'une réduction de l'énergie et de l'activité (dépression). Les épisodes récurrents d'hypomanie ou de manie sont classés comme bipolaires.",false,"",false,"",false,"",v3
les_deux,F31.0,"Trouble affectif bipolaire, épisode actuel hypomaniaque",V,categorie,G,definition,Class,"","",description_clinique,section Description clinique (OMS),définition ClaML du chapitre F — description clinique officielle,"Le sujet est actuellement hypomaniaque, et a eu, dans le passé, au moins un autre épisode affectif (hypomaniaque, maniaque, dépressif ou mixte).",false,"",false,"",false,"",v3
les_deux,F31.1,"Trouble affectif bipolaire, épisode actuel maniaque sans symptômes psychotiques",V,categorie,G,definition,Class,"","",description_clinique,section Description clinique (OMS),définition ClaML du chapitre F — description clinique officielle,"Le sujet est actuellement maniaque, sans symptômes psychotiques (comme sous F30.1), et a eu dans le passé au moins un autre épisode affectif (hypomaniaque, maniaque, dépressif ou mixte).",false,"",false,"",false,"",v3
les_deux,F31.2,"Trouble affectif bipolaire, épisode actuel maniaque avec symptômes psychotiques",V,categorie,G,definition,Class,"","",description_clinique,section Description clinique (OMS),définition ClaML du chapitre F — description clinique officielle,"Le sujet est actuellement maniaque, avec symptômes psychotiques (comme sous F30.2), et a eu dans le passé au moins un autre épisode affectif (hypomaniaque, maniaque, dépressif ou mixte).",false,"",false,"",false,"",v3
les_deux,F31.3,"Trouble affectif bipolaire, épisode actuel de dépression légère ou moyenne",V,categorie,G,definition,Class,"","",description_clinique,section Description clinique (OMS),définition ClaML du chapitre F — description clinique officielle,"Le sujet est actuellement déprimé, comme au cours d'un épisode dépressif d'intensité légère ou moyenne (F32.0 ou F32.1), et a eu dans le passé au moins un épisode hypomaniaque, maniaque ou mixte bien documenté.",false,"",false,"",false,"",v3
les_deux,F31.4,"Trouble affectif bipolaire, épisode actuel de dépression sévère sans symptômes psychotiques",V,categorie,G,definition,Class,"","",description_clinique,section Description clinique (OMS),définition ClaML du chapitre F — description clinique officielle,"Le sujet est actuellement déprimé, comme au cours d'un épisode dépressif d'intensité sévère sans symptômes psychotiques (F32.2), et a eu dans le passé au moins un épisode hypomaniaque, maniaque ou mixte bien documenté.",false,"",false,"",false,"",v3
les_deux,F31.5,"Trouble affectif bipolaire, épisode actuel de dépression sévère avec symptômes psychotiques",V,categorie,G,definition,Class,"","",description_clinique,section Description clinique (OMS),définition ClaML du chapitre F — description clinique officielle,"Le sujet est actuellement déprimé, comme au cours d'un épisode dépressif d'intensité sévère avec symptômes psychotiques (F32.3), et a eu dans le passé au moins un épisode hypomaniaque, maniaque ou mixte bien documenté.",false,"",false,"",false,"",v3
les_deux,F31.6,"Trouble affectif bipolaire, épisode actuel mixte",V,categorie,G,definition,Class,"","",description_clinique,section Description clinique (OMS),définition ClaML du chapitre F — description clinique officielle,"Le sujet a eu dans le passé au moins un épisode hypomaniaque, maniaque, dépressif ou mixte bien documenté, et l'épisode actuel est caractérisé soit par la présence simultanée de symptômes maniaques et dépressifs, soit par une alternance rapide de symptômes maniaques et dépressifs.",false,"",false,"",false,"",v3
les_deux,F31.7,"Trouble affectif bipolaire, actuellement en rémission",V,categorie,G,definition,Class,"","",description_clinique,section Description clinique (OMS),définition ClaML du chapitre F — description clinique officielle,"Le sujet a eu dans le passé au moins un épisode hypomaniaque, maniaque ou mixte bien documenté, et au moins un autre épisode affectif (hypomaniaque, maniaque, dépressif ou mixte), mais sans aucune perturbation significative de l'humeur, ni actuellement, ni au cours des derniers mois. Les rémissions sous traitement prophylactique doivent être classées ici.",false,"",false,"",false,"",v3
les_deux,F32,Épisodes dépressifs,V,categorie,G,definition,Class,"","",description_clinique,section Description clinique (OMS),définition ClaML du chapitre F — description clinique officielle,"Dans les épisodes typiques de chacun des trois degrés de dépression – léger, moyen ou sévère – le sujet présente un abaissement de l'humeur, une réduction de l'énergie et une diminution de l'activité. Il existe une altération de la capacité à éprouver du plaisir, une perte d'intérêt, une diminution de l'aptitude à se concentrer, associées couramment à une fatigue importante, même après un effort minime. On observe habituellement des troubles du sommeil et une diminution de l'appétit. Il existe presque toujours une diminution de l'estime de soi et de la confiance en soi et, fréquemment, des idées de culpabilité ou de dévalorisation, même dans les formes légères. L'humeur dépressive ne varie guère d'un jour à l'autre ou selon les circonstances et peut s'accompagner de symptômes dits « somatiques », par exemple d'une perte d'intérêt ou de plaisir, d'un réveil matinal précoce, plusieurs heures avant l'heure habituelle, d'une aggravation matinale de la dépression, d'un ralentissement psychomoteur important, d'une agitation, d'une perte d'appétit, d'une perte de poids et d'une perte de la libido. Le nombre et la sévérité des symptômes permettent de déterminer trois degrés de sévérité d'un épisode dépressif: léger, moyen et sévère.",true,"Dans les épisodes typiques de chacun des trois degrés de dépression : léger, moyen ou sévère, le sujet présente un abaissement de l'humeur, une réduction de l'énergie et une diminution de l'activité. Il existe une altération de la capacité à éprouver du plaisir, une perte d'intérêt, une diminution de l'aptitude à se concentrer, associées couramment à une fatigue importante, même après un effort minime. On observe habituellement des troubles du sommeil, et une diminution de l'appétit. Il existe presque toujours une diminution de l'estime de soi et de la confiance en soi et, fréquemment, des idées de culpabilité ou de dévalorisation, même dans les formes légères. L'humeur dépressive ne varie guère d'un jour à l'autre ou selon les circonstances, et peut s'accompagner de symptômes dits ""somatiques"", par exemple d'une perte d'intérêt ou de plaisir, d'un réveil matinal précoce, plusieurs heures avant l'heure habituelle, d'une aggravation matinale de la dépression, d'un ralentissement psychomoteur important, d'une agitation, d'une perte d'appétit, d'une perte de poids et d'une perte de la libido. Le nombre et la sévérité des symptômes permettent de déterminer trois degrés de sévérité d'un épisode dépressif : léger, moyen et sévère.",false,"",false,"",v3
les_deux,F32.0,Épisode dépressif léger,V,categorie,G,definition,Class,"","",description_clinique,section Description clinique (OMS),définition ClaML du chapitre F — description clinique officielle,"Au moins deux ou trois des symptômes cités plus haut sont habituellement présents. Ces symptômes s'accompagnent généralement d'un sentiment de détresse, mais le sujet reste le plus souvent capable de poursuivre la plupart de ses activités.",false,"",false,"",false,"",v3
les_deux,F32.1,Épisode dépressif moyen,V,categorie,G,definition,Class,"","",description_clinique,section Description clinique (OMS),définition ClaML du chapitre F — description clinique officielle,Au moins quatre des symptômes cités plus haut sont habituellement présents et le sujet éprouve des difficultés considérables à poursuivre ses activités usuelles.,false,"",false,"",false,"",v3
les_deux,F32.2,Épisode dépressif sévère sans symptômes psychotiques,V,categorie,G,definition,Class,"","",description_clinique,section Description clinique (OMS),définition ClaML du chapitre F — description clinique officielle,"Épisode dépressif dans lequel plusieurs des symptômes dépressifs mentionnés ci-dessus, concernant typiquement une perte de l'estime de soi et des idées de dévalorisation ou de culpabilité, sont marqués et pénibles. Les idées et les gestes suicidaires sont fréquents et plusieurs symptômes « somatiques » sont habituellement présents.",true,"Episode dépressif dans lequel plusieurs des symptômes dépressifs mentionnés ci-dessus, concernant typiquement une perte de l'estime de soi et des idées de dévalorisation ou de culpabilité, sont marqués et pénibles. Les idées et les gestes suicidaires sont fréquents et plusieurs symptômes ""somatiques"" sont habituellement présents.",false,"",false,"",v3
les_deux,F32.3,Épisode dépressif sévère avec symptômes psychotiques,V,categorie,G,definition,Class,"","",description_clinique,section Description clinique (OMS),définition ClaML du chapitre F — description clinique officielle,"Épisode dépressif correspondant à la description d'un épisode dépressif sévère (F32.2) mais s'accompagnant par ailleurs d'hallucinations, d'idées délirantes ou d'un ralentissement psychomoteur ou d'une stupeur d'une gravité telle que les activités sociales habituelles sont impossibles; il peut exister un danger vital en raison d'un suicide, d'une déshydratation ou d'une dénutrition. Les hallucinations et les idées délirantes peuvent être congruentes ou non congruentes à l'humeur.",false,"",false,"",false,"",v3
les_deux,F33,Trouble dépressif récurrent,V,categorie,G,definition,Class,"","",description_clinique,section Description clinique (OMS),définition ClaML du chapitre F — description clinique officielle,"Trouble caractérisé par la survenue répétée d'épisodes dépressifs correspondant à la description d'un tel épisode (F32.-), en l'absence de tout antécédent d'épisodes indépendants d'exaltation de l'humeur et d'augmentation de l'énergie (manie). Le trouble peut toutefois comporter de brefs épisodes caractérisés par une légère élévation de l'humeur et une augmentation de l'activité (hypomanie), succédant immédiatement à un épisode dépressif et parfois déclenchés par un traitement antidépresseur. Les formes graves du trouble dépressif récurrent (F33.2 et F33.3) présentent de nombreux points communs avec des concepts antérieurs comme ceux de dépression maniacodépressive, de mélancolie, de dépression vitale et de dépression endogène. Le premier épisode peut survenir à n'importe quel âge, de l'enfance à la vieillesse, le début peut être aigu ou insidieux et la durée peut varier de quelques semaines à de nombreux mois. Le risque de survenue d'un épisode maniaque ne peut jamais être complètement écarté chez un patient présentant un trouble dépressif récurrent, quel que soit le nombre d'épisodes dépressifs déjà survenus. Si un tel épisode maniaque se produit, le diagnostic doit être changé pour celui de trouble affectif bipolaire (F31.-).",true,"Trouble caractérisé par la survenue répétée d'épisodes dépressifs correspondant à la description d'un tel épisode (F32.-), en l'absence de tout antécédent d'épisodes indépendants d'exaltation de l'humeur et d'augmentation de l'énergie (manie). Le trouble peut toutefois comporter de brefs épisodes caractérisés par une légère élévation de l'humeur et une augmentation de l'activité (hypomanie), succédant immédiatement à un épisode dépressif, et parfois déclenchés par un traitement antidépresseur. Les formes graves du trouble dépressif récurrent (F33.2 et F33.3) présentent de nombreux points communs avec des concepts antérieurs comme ceux de dépression maniaco-dépressive, de mélancolie, de dépression vitale et de dépression endogène. Le premier épisode peut survenir à n'importe quel âge, de l'enfance à la vieillesse, le début peut être aigu ou insidieux et la durée peut varier de quelques semaines à de nombreux mois. Le risque de survenue d'un épisode maniaque ne peut jamais être complètement écarté chez un patient présentant un trouble dépressif récurrent, quel que soit le nombre d'épisodes dépressifs déjà survenus. Si un tel épisode maniaque se produit, le diagnostic doit être changé pour celui de trouble affectif bipolaire (F31.-).",false,"",false,"",v3
les_deux,F33.0,"Trouble dépressif récurrent, épisode actuel léger",V,categorie,G,definition,Class,"","",description_clinique,section Description clinique (OMS),définition ClaML du chapitre F — description clinique officielle,"Trouble caractérisé par la survenue répétée d'épisodes dépressifs, l'épisode actuel étant léger (F32.0), en l'absence de tout antécédent de manie.",false,"",false,"",false,"",v3
les_deux,F33.1,"Trouble dépressif récurrent, épisode actuel moyen",V,categorie,G,definition,Class,"","",description_clinique,section Description clinique (OMS),définition ClaML du chapitre F — description clinique officielle,"Trouble caractérisé par la survenue répétée d'épisodes dépressifs, l'épisode actuel étant moyen (F32.1), en l'absence de tout antécédent de manie.",false,"",false,"",false,"",v3
les_deux,F33.2,"Trouble dépressif récurrent, épisode actuel sévère sans symptômes psychotiques",V,categorie,G,definition,Class,"","",description_clinique,section Description clinique (OMS),définition ClaML du chapitre F — description clinique officielle,"Trouble caractérisé par la survenue répétée d'épisodes dépressifs, l'épisode actuel étant sévère, sans symptômes psychotiques (F32.2), en l'absence de tout antécédent de manie.",false,"",false,"",false,"",v3
les_deux,F33.3,"Trouble dépressif récurrent, épisode actuel sévère avec symptômes psychotiques",V,categorie,G,definition,Class,"","",description_clinique,section Description clinique (OMS),définition ClaML du chapitre F — description clinique officielle,"Trouble caractérisé par la survenue répétée d'épisodes dépressifs, l'épisode actuel étant sévère, avec symptômes psychotiques (F32.3), en l'absence de tout épisode précédent de manie.",false,"",false,"",false,"",v3
les_deux,F33.4,"Trouble dépressif récurrent, actuellement en rémission",V,categorie,G,definition,Class,"","",description_clinique,section Description clinique (OMS),définition ClaML du chapitre F — description clinique officielle,"Le sujet a eu dans le passé au moins deux épisodes dépressifs répondant aux descriptions données en F33.0-F33.3, mais ne présente aucun symptôme dépressif depuis plusieurs mois.",true,"Le sujet a eu, dans le passé, au moins deux épisodes dépressifs répondant aux descriptions données en F33.0, F33.1, F33.2, F33.3, mais ne présente aucun symptôme dépressif depuis plusieurs mois.",false,"",false,"",v3
les_deux,F34,Troubles de l'humeur [affectifs] persistants,V,categorie,G,definition,Class,"","",description_clinique,section Description clinique (OMS),définition ClaML du chapitre F — description clinique officielle,"Troubles de l'humeur persistants et habituellement fluctuants, dans lesquels la plupart des épisodes individuels ne sont pas suffisamment sévères pour justifier un diagnostic d'épisode hypomaniaque ou d'épisode dépressif léger. Toutefois, étant donné qu'ils persistent pendant des années et parfois pendant la plus grande partie de la vie adulte du sujet, ils entrainent une souffrance et une incapacité considérables. Dans certains cas, des épisodes maniaques ou dépressifs récurrents ou isolés peuvent se surajouter à un état affectif persistant.",false,"",false,"",false,"",v3
les_deux,F34.0,Cyclothymie,V,categorie,G,definition,Class,"","",description_clinique,section Description clinique (OMS),définition ClaML du chapitre F — description clinique officielle,"Instabilité persistante de l'humeur, comportant de nombreuses périodes de dépression ou d'exaltation légère (hypomanie), mais dont aucune n'est suffisamment sévère ou prolongée pour justifier un diagnostic de trouble affectif bipolaire (F31.-) ou de trouble dépressif récurrent (F33.-). Le trouble se rencontre fréquemment dans la famille de sujets ayant un trouble affectif bipolaire et certains sujets cyclothymiques sont eux-mêmes atteints ultérieurement d'un trouble affectif bipolaire.",false,"",false,"",false,"",v3
les_deux,F34.1,Dysthymie,V,categorie,G,definition,Class,"","",description_clinique,section Description clinique (OMS),définition ClaML du chapitre F — description clinique officielle,"Abaissement chronique de l'humeur, persistant au moins plusieurs années, mais dont la sévérité est insuffisante, ou dont la durée des différents épisodes est trop brève, pour justifier un diagnostic de trouble dépressif récurrent, sévère, moyen ou léger (F33.-).",false,"",false,"",false,"",v3
les_deux,F38,Autres troubles de l'humeur [affectifs],V,categorie,G,definition,Class,"","",description_clinique,section Description clinique (OMS),définition ClaML du chapitre F — description clinique officielle,Tous les autres troubles de l'humeur dont la sévérité ou la durée est insuffisante pour justifier un classement en F30-F34.,true,"Tous les autres troubles de l'humeur dont la sévérité ou la durée est insuffisante pour justifier un classement en F30, F31, F32, F33, F34.",false,"",false,"",v3
les_deux,F40,Troubles anxieux phobiques,V,categorie,G,definition,Class,"","",description_clinique,section Description clinique (OMS),définition ClaML du chapitre F — description clinique officielle,"Groupe de troubles dans lesquels une anxiété est déclenchée exclusivement ou essentiellement par certaines situations bien précises sans dangerosité actuelle. Ces situations sont de ce fait typiquement évitées ou endurées avec appréhension. Les préoccupations du sujet peuvent être centrées sur des symptômes individuels tels que des palpitations ou une impression d'évanouissement et aboutissent souvent à une peur de mourir, de perdre le contrôle de soi ou de devenir fou. La simple évocation d'une situation phobogène déclenche habituellement une anxiété anticipatoire. L'anxiété phobique est souvent associée à une dépression. Pour déterminer s'il convient de faire deux diagnostics (anxiété phobique et épisode dépressif) ou un seul (anxiété phobique ou épisode dépressif), il faut tenir compte de l'ordre de survenue des troubles et des mesures thérapeutiques au moment de l'examen.",false,"",false,"",false,"",v3
les_deux,F40.0,Agoraphobie,V,categorie,G,definition,Class,"","",description_clinique,section Description clinique (OMS),définition ClaML du chapitre F — description clinique officielle,"Groupe relativement bien défini de phobies concernant la crainte de quitter son domicile, la peur des magasins, des foules et des endroits publics ou la peur de voyager seul en train, en autobus ou en avion. La présence d'un trouble panique est fréquente au cours des épisodes actuels ou antérieurs d'agoraphobie. Parmi les caractéristiques associées, on retrouve souvent des symptômes dépressifs ou obsessionnels, ainsi que des phobies sociales. Les conduites d'évitement sont souvent au premier plan de la symptomatologie et certains agoraphobes n'éprouvent que peu d'anxiété, car ils parviennent à éviter les situations phobogènes.",false,"",false,"",false,"",v3
les_deux,F40.1,Phobies sociales,V,categorie,G,definition,Class,"","",description_clinique,section Description clinique (OMS),définition ClaML du chapitre F — description clinique officielle,"Crainte d'être dévisagé par d'autres personnes, entraînant un évitement des situations d'interaction sociale. Les phobies sociales envahissantes s'accompagnent habituellement d'une perte de l'estime de soi et d'une peur d'être critiqué. Les phobies sociales peuvent se manifester par un rougissement, un tremblement des mains, des nausées ou un besoin urgent d'uriner, le patient étant parfois convaincu que l'une ou l'autre de ces manifestations secondaires constitue le problème primaire. Les symptômes peuvent évoluer vers des attaques de panique.",false,"",false,"",false,"",v3
les_deux,F40.2,Phobies spécifiques (isolées),V,categorie,G,definition,Class,"","",description_clinique,section Description clinique (OMS),définition ClaML du chapitre F — description clinique officielle,"Phobies limitées à des situations très spécifiques comme la proximité de certains animaux, les endroits élevés, les orages, l'obscurité, les voyages en avion, les espaces clos, l'utilisation des toilettes publiques, la prise de certains aliments, les soins dentaires, le sang ou les blessures. Bien que limitée, la situation phobogène peut déclencher un état de panique quand le sujet y est exposé, comme dans l'agoraphobie ou la phobie sociale.",true,"Phobies limitées à des situations très spécifiques comme la proximité de certains animaux, les endroits élevés, les orages, l'obscurité, les voyages en avion, les espaces clos, l'utilisation des toilettes publiques, la prise de certains aliments, les soins dentaires, le sang ou les blessures. Bien que limitée, la situation phobogène peut déclencher, quand le sujet y est exposé, un état de panique, comme dans l'agoraphobie ou la phobie sociale.",false,"",false,"",v3
les_deux,F41,Autres troubles anxieux,V,categorie,G,definition,Class,"","",description_clinique,section Description clinique (OMS),définition ClaML du chapitre F — description clinique officielle,"Troubles caractérisés essentiellement par la présence de manifestations anxieuses qui ne sont pas déclenchées exclusivement par l'exposition à une situation déterminée. Ils peuvent s'accompagner de symptômes dépressifs ou obsessionnels, ainsi que de certaines manifestations traduisant une anxiété phobique, ces manifestations étant toutefois manifestement secondaires ou peu sévères.",false,"",false,"",false,"",v3
les_deux,F41.0,Trouble panique [anxiété épisodique paroxystique],V,categorie,G,definition,Class,"","",description_clinique,section Description clinique (OMS),définition ClaML du chapitre F — description clinique officielle,"Les caractéristiques essentielles de ce trouble sont des attaques récurrentes d'anxiété sévère (attaques de panique), ne survenant pas exclusivement dans une situation particulière ou dans des circonstances déterminées, et dont la survenue est de ce fait imprévisible. Comme dans d'autres troubles anxieux, les symptômes essentiels concernent la survenue brutale de palpitations, de douleurs thoraciques, de sensations d'étouffement, d'étourdissements et de sentiments d'irréalité (dépersonnalisation ou déréalisation). Il existe par ailleurs souvent aussi une peur secondaire de mourir, de perdre le contrôle de soi ou de devenir fou. On ne doit pas faire un diagnostic principal de trouble panique quand le sujet présente un trouble dépressif au moment de la survenue des attaques de panique; les attaques de panique sont, dans ce cas, probablement secondaires à la dépression.",false,"",false,"",false,"",v3
les_deux,F41.1,Anxiété généralisée,V,categorie,G,definition,Class,"","",description_clinique,section Description clinique (OMS),définition ClaML du chapitre F — description clinique officielle,"Anxiété généralisée et persistante qui ne survient pas exclusivement, ni même de façon préférentielle, dans une situation déterminée (l'anxiété est « flottante »). Les symptômes essentiels sont variables, mais le patient se plaint de nervosité permanente, de tremblements, de tension musculaire, de transpiration, d'un sentiment de « tête vide », de palpitations, d'étourdissements et d'une gêne épigastrique. Par ailleurs, le sujet a souvent peur que lui-même ou l'un de ses proches tombe malade ou ait un accident.",true,"Anxiété généralisée et persistante qui ne survient pas exclusivement, ni même de façon préférentielle, dans une situation déterminée (l'anxiété est ""flottante""). Les symptômes essentiels sont variables, mais le patient se plaint de nervosité permanente, de tremblements, de tension musculaire, de transpiration, d'un sentiment de ""tête vide"", de palpitations, d'étourdissements et d'une gêne épigastrique. Par ailleurs, le sujet a souvent peur que lui-même ou l'un de ses proches tombe malade ou ait un accident.",false,"",false,"",v3
les_deux,F41.2,Trouble anxieux et dépressif mixte,V,categorie,G,definition,Class,"","",description_clinique,section Description clinique (OMS),définition ClaML du chapitre F — description clinique officielle,"Cette catégorie doit être utilisée quand le sujet présente à la fois des symptômes anxieux et des symptômes dépressifs, sans prédominance nette des uns ou des autres et sans que l'intensité des uns ou des autres soit suffisante pour justifier un diagnostic séparé. Quand des symptômes anxieux et dépressifs sont présents simultanément avec une intensité suffisante pour justifier des diagnostics séparés, les deux diagnostics doivent être notés et on ne fait pas un diagnostic de trouble anxieux et dépressif mixte.",false,"",false,"",false,"",v3
les_deux,F41.3,Autres troubles anxieux mixtes,V,categorie,G,definition,Class,"","",description_clinique,section Description clinique (OMS),définition ClaML du chapitre F — description clinique officielle,Symptômes anxieux s'accompagnant de caractéristiques d'autres troubles cités en F42-F48. Aucun symptôme considéré séparément n'est suffisamment grave pour justifier un diagnostic.,true,"Symptômes anxieux s'accompagnant de caractéristiques d'autres troubles cités en F42, F43, F44, F45, F48. Aucun symptôme, considéré séparément, n'est suffisamment grave pour justifier un diagnostic.",false,"",false,"",v3
les_deux,F42,Trouble obsessionnel-compulsif,V,categorie,G,definition,Class,"","",description_clinique,section Description clinique (OMS),définition ClaML du chapitre F — description clinique officielle,"Trouble caractérisé essentiellement par des idées obsédantes ou des comportements compulsifs récurrents. Les pensées obsédantes sont des idées, des représentations ou des impulsions faisant intrusion dans la conscience du sujet de façon répétitive et stéréotypée. En règle générale, elles gênent considérablement le sujet, lequel essaie souvent de leur résister, mais en vain. Le sujet reconnait toutefois qu'il s'agit de ses propres pensées, même si celles-ci sont étrangères à sa volonté et souvent répugnantes. Les comportements et les rituels compulsifs sont des activités stéréotypées répétitives. Le sujet ne tire aucun plaisir direct de la réalisation de ces actes, lesquels, par ailleurs, n'aboutissent pas à la réalisation de tâches utiles en elles-mêmes. Le comportement compulsif a pour but d'empêcher un événement dont la survenue est objectivement peu probable, impliquant souvent un malheur pour le sujet ou dont le sujet serait responsable. Le sujet reconnait habituellement l'absurdité et l'inutilité de son comportement et fait des efforts répétés pour supprimer celui-ci. Le trouble s'accompagne presque toujours d'une anxiété. Cette anxiété s'aggrave quand le sujet essaie de résister à son activité compulsive.",false,"",false,"",false,"",v3
les_deux,F42.0,Avec idées ou ruminations obsédantes au premier plan,V,categorie,G,definition,Class,"","",description_clinique,section Description clinique (OMS),définition ClaML du chapitre F — description clinique officielle,"Il peut s'agir d'idées, de représentations ou d'impulsions qui sont habituellement à l'origine d'un sentiment de détresse. Parfois, il s'agit d'hésitations interminables entre des alternatives qui s'accompagnent souvent d'une impossibilité à prendre des décisions banales mais nécessaires dans la vie courante. Il existe une relation particulièrement étroite entre ruminations obsédantes et dépression et on ne fera un diagnostic de trouble obsessionnel-compulsif que si les ruminations surviennent ou persistent en l'absence d'un épisode dépressif.",false,"",false,"",false,"",v3
les_deux,F42.1,Avec comportements compulsifs [rituels obsessionnels] au premier plan,V,categorie,G,definition,Class,"","",description_clinique,section Description clinique (OMS),définition ClaML du chapitre F — description clinique officielle,"La plupart des comportements compulsifs concernent la propreté (en particulier le lavage des mains), des vérifications répétées pour éviter la survenue d'une situation qui pourrait devenir dangereuse ou un souci excessif de l'ordre et du rangement. Le comportement du sujet est soustendu par une crainte consistant habituellement dans l'appréhension d'un danger, encouru ou provoqué par le sujet; l'activité rituelle constitue un moyen inefficace ou symbolique pour écarter ce danger.",true,"La plupart des comportements compulsifs concernent la propreté (en particulier le lavage des mains), des vérifications répétées pour éviter la survenue d'une situation qui pourrait devenir dangereuse, ou un souci excessif de l'ordre et du rangement. Le comportement du sujet est sous-tendu par une crainte consistant habituellement dans l'appréhension d'un danger, encouru ou provoqué par le sujet et l'activité rituelle constitue un moyen inefficace ou symbolique pour écarter ce danger.",false,"",false,"",v3
les_deux,F43,"Réaction à un facteur de stress sévère, et troubles de l'adaptation",V,categorie,G,definition,Class,"","",description_clinique,section Description clinique (OMS),définition ClaML du chapitre F — description clinique officielle,"Cette catégorie est différente des autres dans la mesure où sa définition ne repose pas exclusivement sur les symptomes et l'évolution, mais également sur l'un ou l'autre des deux facteurs étiologiques suivants: – un événement particulièrement stressant entraînant une réaction aigüe à un facteur de stress; – un changement particulièrement marquant dans la vie du sujet, comportant des conséquences désagréables et durables et aboutissant à un trouble de l'adaptation. Des facteurs de stress psychosociaux relativement peu sévères parmi les événements de la vie (life events) peuvent précipiter la survenue ou influencer le tableau clinique d'un grand nombre de troubles classés ailleurs dans ce chapitre; mais il n'est pas toujours possible de leur attribuer un rôle étiologique, d'autant plus qu'il faut prendre en considération des facteurs de vulnérabilité, souvent idiosyncrasiques, propres à chaque individu. En d'autres termes, ces événements de la vie ne sont ni nécessaires ni suffisants pour expliquer la survenue et la nature du trouble observé. En revanche, on admet que les troubles réunis dans cette catégorie sont toujours la conséquence directe d'un facteur de stress aigu important ou d'un traumatisme persistant. Les événements stressants ou les circonstances pénibles persistantes constituent le facteur causal primaire et essentiel, en l'absence duquel le trouble ne serait pas survenu. Les troubles réunis dans ce chapitre peuvent ainsi être considérés comme des réponses inadaptées à un facteur de stress sévère ou persistant dans la mesure où ils interfèrent avec des mécanismes adaptatifs efficaces et conduisent ainsi à des problèmes dans la fonction sociale.",true,"Cette catégorie est différente des autres dans la mesure où sa définition ne repose pas exclusivement sur les symptomes et l'évolution, mais également sur l'un ou l'autre des deux facteurs étiologiques suivants : un événement particulièrement stressant entraînant une réaction aiguë à un facteur de stress, ou un changement particulièrement marquant dans la vie du sujet, comportant des conséquences désagréables et durables et aboutissant à un trouble de l'adaptation. Des facteurs de stress psychosociaux relativement peu sévères parmi les événements de la vie (""life events"") peuvent précipiter la survenue ou influencer le tableau clinique d'un grand nombre de troubles classés ailleurs dans ce chapitre, mais il n'est pas toujours possible de leur attribuer un rôle étiologique, d'autant plus qu'il faut prendre en considération des facteurs de vulnérabilité, souvent idiosyncrasiques, propres à chaque individu. En d'autres termes, ces événements de la vie ne sont ni nécessaires ni suffisants pour expliquer la survenue et la nature du trouble observé. En revanche, on admet que les troubles réunis dans cette catégorie sont toujours la conséquence directe d'un facteur de stress aigu important ou d'un traumatisme persistant. Les événements stressants ou les circonstances pénibles persistantes constituent le facteur causal primaire et essentiel, en l'absence duquel le trouble ne serait pas survenu. Les troubles réunis dans ce chapitre peuvent ainsi être considérés comme des réponses inadaptées à un facteur de stress sévère ou persistant dans la mesure où ils interfèrent avec des mécanismes adaptatifs efficaces et conduisent ainsi à des problèmes dans la fonction sociale.",false,"",false,"",v3
les_deux,F43.0,Réaction aigüe à un facteur de stress,V,categorie,G,definition,Class,"","",description_clinique,section Description clinique (OMS),définition ClaML du chapitre F — description clinique officielle,"Trouble transitoire survenant chez un individu ne présentant aucun autre trouble mental manifeste, à la suite d'un facteur de stress physique et psychique exceptionnel et disparaissant habituellement en quelques heures ou en quelques jours. La survenue et la gravité d'une réaction aigüe à un facteur de stress sont influencées par des facteurs de vulnérabilité individuels et par la capacité du sujet à faire face à un traumatisme. La symptomatologie est typiquement mixte et variable et comporte initialement un état « d'hébétude » caractérisé par un certain rétrécissement du champ de la conscience et de l'attention, une impossibilité à intégrer des stimuli et une désorientation. Cet état peut être suivi d'un retrait croissant vis-à-vis de l'environnement (pouvant aller jusqu'à une stupeur dissociative – voir F44.2 –), ou d'une agitation avec hyperactivité (réaction de fuite ou fugue). Le trouble s'accompagne fréquemment des symptômes neurovégétatifs d'une anxiété panique (tachycardie, transpiration, bouffées de chaleur). Les symptômes se manifestent habituellement dans les minutes suivant la survenue du stimulus ou de l'événement stressant et disparaissent en l'espace de deux à trois jours (souvent en quelques heures). Il peut y avoir une amnésie partielle ou complète (F44.0) de l'épisode. Quand les symptômes persistent, il convient d'envisager un changement de diagnostic.",true,"Trouble transitoire, survenant chez un individu ne présentant aucun autre trouble mental manifeste, à la suite d'un facteur de stress physique et psychique exceptionnel et disparaissant habituellement en quelques heures ou en quelques jours. La survenue et la gravité d'une réaction aiguë à un facteur de stress sont influencées par des facteurs de vulnérabilité individuels et par la capacité du sujet à faire face à un traumatisme. La symptomatologie est typiquement mixte et variable et comporte initialement un état ""d'hébétude"" caractérisé par un certain rétrécissement du champ de la conscience et de l'attention, une impossibilité à intégrer des stimuli et une désorientation. Cet état peut être suivi d'un retrait croissant vis-à-vis de l'environnement (pouvant aller jusqu'à une stupeur dissociative - voir F44.2), ou d'une agitation avec hyper-activité (réaction de fuite ou fugue). Le trouble s'accompagne fréquemment des symptômes neuro-végétatifs d'une anxiété panique (tachycardie, transpiration, bouffées de chaleur). Les symptômes se manifestent habituellement dans les minutes suivant la survenue du stimulus ou de l'événement stressant et disparaissent en l'espace de deux à trois jours (souvent en quelques heures). Il peut y avoir une amnésie partielle ou complète (F44.0) de l'épisode. Quand les symptômes persistent, il convient d'envisager un changement de diagnostic.",false,"",false,"",v3
les_deux,F43.1,État de stress posttraumatique,V,categorie,G,definition,Class,"","",description_clinique,section Description clinique (OMS),définition ClaML du chapitre F — description clinique officielle,"Ce trouble constitue une réponse différée ou prolongée à une situation ou à un événement stressant (de courte ou de longue durée), exceptionnellement menaçant ou catastrophique et qui provoquerait des symptômes évidents de détresse chez la plupart des individus. Des facteurs prédisposants, tels que certains traits de personnalité (par exemple compulsive, asthénique) ou des antécédents de type névrotique, peuvent favoriser la survenue du syndrome ou aggraver son évolution; ces facteurs ne sont pas toutefois nécessaires ou suffisants pour expliquer la survenue du syndrome. Les symptômes typiques comprennent la reviviscence répétée de l'événement traumatique dans des souvenirs envahissants (flashbacks), des rêves ou des cauchemars. Ils surviennent dans un contexte durable « d'anesthésie psychique » et d'émoussement émotionnel, de détachement par rapport aux autres, d'insensibilité à l'environnement, d'anhédonie et d'évitement des activités ou des situations pouvant réveiller le souvenir du traumatisme. Les symptômes précédents s'accompagnent habituellement d'un hyperéveil neurovégétatif, avec hypervigilance, état de « qui-vive » et insomnie, associés fréquemment à une anxiété, une dépression ou une idéation suicidaire. La période séparant la survenue du traumatisme et celle du trouble peut varier de quelques semaines à quelques mois. L'évolution est fluctuante, mais se fait vers la guérison dans la plupart des cas. Dans certains cas, le trouble peut présenter une évolution chronique, durer de nombreuses années et entrainer une modification durable de la personnalité (F62.0).",true,"Ce trouble constitue une réponse différée ou prolongée à une situation ou à un événement stressant (de courte ou de longue durée), exceptionnellement menaçant ou catastrophique et qui provoquerait des symptômes évidents de détresse chez la plupart des individus. Des facteurs prédisposants, tels que certains traits de personnalité (par exemple compulsive, asthénique) ou des antécédents de type névrotique, peuvent favoriser la survenue du syndrome ou aggraver son évolution; ces facteurs ne sont pas toutefois nécessaires ou suffisants pour expliquer la survenue du syndrome. Les symptômes typiques comprennent la reviviscence répétée de l'événement traumatique, dans des souvenirs envahissants (""flashbacks""), des rêves ou des cauchemars; ils surviennent dans un contexte durable ""d'anesthésie psychique"" et d'émoussement émotionnel, de détachement par rapport aux autres, d'insensibilité à l'environnement, d'anhédonie et d'évitement des activités ou des situations pouvant réveiller le souvenir du traumatisme. Les symptômes précédents s'accompagnent habituellement d'un hyperéveil neuro-végétatif, avec hypervigilance, état de ""qui-vive"" et insomnie, associés fréquemment à une anxiété, une dépression, ou une idéation suicidaire. La période séparant la survenue du traumatisme et celle du trouble peut varier de quelques semaines à quelques mois. L'évolution est fluctuante, mais se fait vers la guérison dans la plupart des cas. Dans certains cas, le trouble peut présenter une évolution chronique, durer de nombreuses années, et entraîner une modification durable de la personnalité (F62.0).",false,"",false,"",v3
les_deux,F43.2,Troubles de l'adaptation,V,categorie,G,definition,Class,"","",description_clinique,section Description clinique (OMS),définition ClaML du chapitre F — description clinique officielle,"État de détresse et de perturbation émotionnelle entravant habituellement le fonctionnement et les performances sociales, survenant au cours d'une période d'adaptation à un changement existentiel important ou un événement stressant. Le facteur de stress peut entraver l'intégrité de l'environnement social du sujet (deuil, expériences de séparation) ou son système global de support social et de valeurs sociales (immigration, statut de réfugié). Ailleurs, le facteur de stress est en rapport avec une période de transition ou de crise au cours du développement (scolarisation, naissance d'un enfant, échec dans la poursuite d'un but important, mise à la retraite). La prédisposition et la vulnérabilité individuelles jouent un rôle important dans la survenue et la symptomatologie d'un trouble de l'adaptation; on admet toutefois que le trouble ne serait pas survenu en l'absence du facteur de stress concerné. Les manifestations, variables, comprennent une humeur dépressive, une anxiété ou une inquiétude (ou l'association de ces troubles), un sentiment d'impossibilité à faire face, à faire des projets ou à continuer dans la situation actuelle, ainsi qu'une certaine altération du fonctionnement quotidien. Elles peuvent s'accompagner d'un trouble des conduites, en particulier chez les adolescents. La caractéristique essentielle de ce trouble peut consister en une réaction dépressive de courte ou de longue durée, ou une autre perturbation des émotions et des conduites.",false,"",false,"",false,"",v3
les_deux,F44,Troubles dissociatifs [de conversion],V,categorie,G,definition,Class,"","",description_clinique,section Description clinique (OMS),définition ClaML du chapitre F — description clinique officielle,"Les divers troubles dissociatifs (ou de conversion) ont en commun une perte partielle ou complète des fonctions normales d'intégration des souvenirs, de la conscience de l'identité ou des sensations immédiates et du contrôle des mouvements corporels. Toutes les variétés de troubles dissociatifs ont tendance à disparaitre après quelques semaines ou mois, en particulier quand leur survenue est associée à un événement traumatique. L'évolution peut également se faire vers des troubles plus chroniques, en particulier des paralysies et des anesthésies, quand la survenue du trouble est liée à des problèmes ou des difficultés interpersonnelles insolubles. Dans le passé, ces troubles ont été classés comme divers types « d'hystérie de conversion ». On admet qu'ils sont psychogènes, dans la mesure où ils surviennent en relation temporelle étroite avec des événements traumatiques, des problèmes insolubles et insupportables ou des relations interpersonnelles difficiles. Les symptômes traduisent souvent l'idée que se fait le sujet du tableau clinique d'une maladie physique. L'examen médical et les examens complémentaires ne permettent pas de mettre en évidence un trouble physique connu, en particulier neurologique. Par ailleurs, on dispose d'arguments pour penser que la perte d'une fonction est, dans ce trouble, l'expression d'un conflit ou d'un besoin psychique. Les symptômes peuvent se développer en relation étroite avec un facteur de stress psychologique et ils surviennent souvent brusquement. Seuls les troubles impliquant soit une perturbation des fonctions physiques normalement sous le contrôle de la volonté, soit une perte des sensations sont inclus ici. Les troubles impliquant des manifestations douloureuses ou d'autres sensations physiques complexes faisant intervenir le système nerveux autonome sont classés parmi les troubles somatoformes (F45.0). La possibilité de survenue d'un trouble physique ou psychiatrique grave à une date ultérieure doit toujours être gardée à l'esprit.",true,"Les divers troubles dissociatifs (ou de conversion) ont en commun une perte partielle ou complète des fonctions normales d'intégration des souvenirs, de la conscience de l'identité ou des sensations immédiates et du contrôle des mouvements corporels. Toutes les variétés de troubles dissociatifs ont tendance à disparaître après quelques semaines ou mois, en particulier quand leur survenue est associée à un événement traumatique. L'évolution peut également se faire vers des troubles plus chroniques, en particulier des paralysies et des anesthésies, quand la survenue du trouble est liée à des problèmes ou des difficultés interpersonnelles insolubles. Dans le passé, ces troubles ont été classés comme divers types ""d'hystérie de conversion"". On admet qu'ils sont psychogènes, dans la mesure où ils surviennent en relation temporelle étroite avec des événements traumatiques, des problèmes insolubles et insupportables, ou des relations interpersonnelles difficiles. Les symptômes traduisent souvent l'idée que se fait le sujet du tableau clinique d'une maladie physique. L'examen médical et les examens complémentaires ne permettent pas de mettre en évidence un trouble physique (en particulier neurologique) connu. Par ailleurs, on dispose d'arguments pour penser que la perte d'une fonction est, dans ce trouble, l'expression d'un conflit ou d'un besoin psychique. Les symptômes peuvent se développer en relation étroite avec un facteur de stress psychologique et ils surviennent souvent brusquement. Seuls les troubles impliquant soit une perturbation des fonctions physiques normalement sous le contrôle de la volonté, soit une perte des sensations sont inclus ici. Les troubles impliquant des manifestations douloureuses ou d'autres sensations physiques complexes faisant intervenir le système nerveux autonome, sont classés parmi les troubles somatoformes (F45.0). La possibilité de survenue, à une date ultérieure, d'un trouble physique ou psychiatrique grave, doit toujours être gardée à l'esprit.",false,"",false,"",v3
les_deux,F44.0,Amnésie dissociative,V,categorie,G,definition,Class,"","",description_clinique,section Description clinique (OMS),définition ClaML du chapitre F — description clinique officielle,"La caractéristique essentielle est une perte de la mémoire concernant habituellement des événements importants récents, non due à un trouble mental organique, et trop importante pour être mise sur le compte d'une simple « mauvaise mémoire » ou d'une fatigue. L'amnésie concerne habituellement des événements traumatisants tels que des accidents ou des deuils imprévus; elle est le plus souvent partielle et sélective. Une amnésie complète et généralisée est rare, et elle accompagne habituellement une fugue (F44.1); dans ce cas, on doit faire un diagnostic de fugue. On ne doit pas faire ce diagnostic en présence d'un trouble cérébral organique, d'une intoxication ou d'une fatigue extrême.",true,"La caractéristique essentielle est une perte de la mémoire, concernant habituellement des événements importants récents, non due à un trouble mental organique, et trop importante pour être mise sur le compte d'une simple ""mauvaise mémoire"" ou d'une fatigue. L'amnésie concerne habituellement des événements traumatisants, tels que des accidents ou des deuils imprévus et elle est le plus souvent partielle et sélective. Une amnésie complète et généralisée est rare, et elle accompagne habituellement une fugue (F44.1); dans ce cas, on doit faire un diagnostic de fugue. On ne doit pas faire ce diagnostic en présence d'un trouble cérébral organique, d'une intoxication, ou d'une fatigue extrême.",false,"",false,"",v3
les_deux,F44.1,Fugue dissociative,V,categorie,G,definition,Class,"","",description_clinique,section Description clinique (OMS),définition ClaML du chapitre F — description clinique officielle,"La fugue dissociative présente toutes les caractéristiques d'une amnésie dissociative et comporte, par ailleurs, un déplacement, en apparence motivé, dépassant le rayon du déplacement quotidien habituel. Bien qu'il existe une amnésie pour la période de la fugue, le comportement du sujet au cours de cette dernière peut paraitre parfaitement normal à des observateurs indépendants.",false,"",false,"",false,"",v3
les_deux,F44.2,Stupeur dissociative,V,categorie,G,definition,Class,"","",description_clinique,section Description clinique (OMS),définition ClaML du chapitre F — description clinique officielle,"Le diagnostic de stupeur repose sur la présence d'une diminution importante ou d'une absence des mouvements volontaires et d'une réactivité normale à des stimuli externes tels que la lumière, le bruit ou le toucher, mais l'examen clinique et les examens complémentaires ne mettent en évidence aucun élément en faveur d'une cause physique. Par ailleurs, on dispose d'arguments en faveur d'une origine psychogène du trouble, dans la mesure où il est possible de mettre en évidence des événements ou des problèmes stressants récents.",false,"",false,"",false,"",v3
les_deux,F44.3,États de transe et de possession,V,categorie,G,definition,Class,"","",description_clinique,section Description clinique (OMS),définition ClaML du chapitre F — description clinique officielle,"Troubles caractérisés par une perte transitoire de la conscience de sa propre identité, associée à une conservation parfaite de la conscience du milieu environnant. Sont à inclure ici uniquement les états de transe involontaires ou non désirés, survenant en dehors de situations admises dans le contexte religieux ou culturel du sujet.",false,"",false,"",false,"",v3
les_deux,F44.4,Troubles moteurs dissociatifs,V,categorie,G,definition,Class,"","",description_clinique,section Description clinique (OMS),définition ClaML du chapitre F — description clinique officielle,"Dans les formes les plus fréquentes de ces troubles, il existe une perte de la capacité à bouger une partie ou la totalité d'un membre ou de plusieurs membres. Les manifestations de ce trouble peuvent ressembler à celles de pratiquement toutes les formes d'ataxie, d'apraxie, d'akinésie, d'aphonie, de dysarthrie, de dyskinésie, de convulsions ou de paralysie.",false,"",false,"",false,"",v3
les_deux,F44.5,Convulsions dissociatives,V,categorie,G,definition,Class,"","",description_clinique,section Description clinique (OMS),définition ClaML du chapitre F — description clinique officielle,"Les convulsions dissociatives peuvent ressembler très étroitement aux mouvements que l'on observe au cours d'une crise épileptique. Toutefois, la morsure de la langue, les blessures dues à une chute ou la perte des urines sont rares. Par ailleurs, le trouble peut s'accompagner d'un état de stupeur ou de transe mais il ne s'accompagne pas d'une perte de la conscience.",false,"",false,"",false,"",v3
les_deux,F44.6,Anesthésie et atteintes sensorielles dissociatives,V,categorie,G,definition,Class,"","",description_clinique,section Description clinique (OMS),définition ClaML du chapitre F — description clinique officielle,"Les limites des territoires cutanés anesthésiés correspondent plus aux conceptions personnelles du patient sur le fonctionnement du corps qu'à des connaissances médicales. Il peut y avoir atteinte de certains types de sensibilité avec conservation des autres, ne correspondant à aucune lésion neurologique connue. La perte de sensibilité peut s'accompagner de paresthésies. La perte de la vision ou de l'audition est rarement totale dans les troubles dissociatifs.",false,"",false,"",false,"",v3
les_deux,F45,Troubles somatoformes,V,categorie,G,definition,Class,"","",description_clinique,section Description clinique (OMS),définition ClaML du chapitre F — description clinique officielle,"La caractéristique essentielle est l'apparition de symptômes physiques associés à une quête médicale insistante, persistant en dépit de bilans négatifs répétés et de déclarations faites par les médecins selon lesquelles les symptômes n'ont aucune base organique. S'il existe un trouble physique authentique, ce dernier ne permet de rendre compte ni de la nature ou de la gravité des symptômes, ni de la détresse ou des préoccupations du sujet.",false,"",false,"",false,"",v3
les_deux,F45.0,Somatisation,V,categorie,G,definition,Class,"","",description_clinique,section Description clinique (OMS),définition ClaML du chapitre F — description clinique officielle,"Les principales caractéristiques sont des symptômes physiques multiples, récurrents et variables dans le temps, persistant au moins deux ans. Dans la plupart des cas, les sujets entretiennent depuis longtemps des relations complexes avec les services médicaux spécialisés et non spécialisés, et ont subi de nombreuses investigations ou interventions exploratrices négatives. Les symptômes peuvent renvoyer à n'importe quel système ou partie du corps. Le trouble a une évolution chronique et fluctuante, et s'accompagne souvent d'une altération du comportement social, interpersonnel et familial. Quand le trouble est de durée plus brève (moins de deux ans) ou quand il se caractérise par des symptômes moins évidents, on doit faire un diagnostic de trouble somatoforme indifférencié (F45.1).",false,"",false,"",false,"",v3
les_deux,F45.1,Trouble somatoforme indifférencié,V,categorie,G,definition,Class,"","",description_clinique,section Description clinique (OMS),définition ClaML du chapitre F — description clinique officielle,"Le diagnostic d'un trouble somatoforme indifférencié doit être envisagé devant des plaintes somatoformes multiples, variables dans le temps, persistantes, mais ne répondant pas au tableau clinique complet et typique d'une somatisation.",false,"",false,"",false,"",v3
les_deux,F45.2,Trouble hypocondriaque,V,categorie,G,definition,Class,"","",description_clinique,section Description clinique (OMS),définition ClaML du chapitre F — description clinique officielle,"La caractéristique essentielle de ce trouble est une préoccupation persistante concernant la présence éventuelle d'un ou de plusieurs troubles somatiques graves et évolutifs, se traduisant par des plaintes somatiques persistantes ou par une préoccupation durable concernant l'apparence physique. Des sensations et des signes physiques normaux ou anodins sont souvent interprétés par le sujet comme étant anormaux ou pénibles. L'attention du sujet se concentre habituellement sur un ou deux organes ou systèmes. Il existe souvent une dépression et une anxiété importantes pouvant justifier un diagnostic supplémentaire.",false,"",false,"",false,"",v3
les_deux,F45.3,Dysfonctionnement neurovégétatif somatoforme,V,categorie,G,definition,Class,"","",description_clinique,section Description clinique (OMS),définition ClaML du chapitre F — description clinique officielle,"Le patient attribue ses symptômes au trouble somatique d'un système ou d'un organe innervé et contrôlé en grande partie ou entièrement par le système neurovégétatif: système cardiovasculaire, gastro-intestinal, respiratoire et urogénital. Les symptômes sont habituellement de deux types, aucun des deux n'évoquant un trouble somatique de l'organe ou du système concerné. Le premier type concerne des plaintes en rapport avec des signes objectifs d'un hyperfonctionnement neurovégétatif, par exemple des palpitations, une transpiration, des bouffées de chaleur ou de froid, des tremblements, ainsi que des manifestations traduisant une crainte et un sentiment de détresse quant à la présence possible d'un trouble somatique. Le deuxième type concerne des plaintes subjectives non spécifiques et variables, par exemple des douleurs vagues, des sensations de brulure, de lourdeur, d'oppression, de gonflement ou d'étirement, attribuées par le patient à un organe ou à un système spécifique.",true,"Le patient attribue ses symptômes au trouble somatique d'un système ou d'un organe innervé et contrôlé, en grande partie ou entièrement, par le système neurovégétatif : système cardio-vasculaire, gastro-intestinal, respiratoire, et urogénital. Les symptômes sont habituellement de deux types, aucun des deux n'évoquant un trouble somatique de l'organe ou du système concerné. Le premier type concerne des plaintes en rapport avec des signes objectifs d'un hyperfonctionnement neurovégétatif, par exemple des palpitations, une transpiration, des bouffées de chaleur ou de froid, des tremblements, ainsi que des manifestations traduisant une crainte et un sentiment de détresse quant à la présence possible d'un trouble somatique. Le deuxième type concerne des plaintes subjectives non spécifiques et variables, par exemple des douleurs vagues, des sensations de brûlure, de lourdeur, d'oppression, de gonflement ou d'étirement, attribuées par le patient à un organe ou à un système spécifique.",false,"",false,"",v3
les_deux,F45.4,Syndrome douloureux somatoforme persistant,V,categorie,G,definition,Class,"","",description_clinique,section Description clinique (OMS),définition ClaML du chapitre F — description clinique officielle,"La plainte essentielle concerne une douleur persistante, intense, s'accompagnant d'un sentiment de détresse, non expliquée entièrement par un processus physiologique ou un trouble physique et survenant dans un contexte de conflits émotionnels et de problèmes psychosociaux suffisamment importants pour constituer la cause essentielle du trouble selon le clinicien. Le trouble assure habituellement au patient une aide et une sollicitude accrues de la part de son entourage et des médecins. Une douleur considérée comme psychogène mais survenant au cours d'un trouble dépressif ou d'une schizophrénie ne doit pas être classée ici.",true,"La plainte essentielle concerne une douleur persistante, intense, s'accompagnant d'un sentiment de détresse, non expliquée entièrement par un processus physiologique ou un trouble physique et survenant dans un contexte de conflits émotionnels et de problèmes psycho-sociaux suffisamment importants pour constituer la cause essentielle du trouble selon le clinicien. Le trouble assure habituellement au patient une aide et une sollicitude accrues de la part de son entourage et des médecins. Une douleur considérée comme psychogène mais survenant au cours d'un trouble dépressif ou d'une schizophrénie ne doit pas être classée ici.",false,"",false,"",v3
les_deux,F45.8,Autres troubles somatoformes,V,categorie,G,definition,Class,"","",description_clinique,section Description clinique (OMS),définition ClaML du chapitre F — description clinique officielle,"Tous les autres troubles des sensations, des fonctions et du comportement non dus à un trouble physique, qui ne sont pas sous l'influence du système neurovégétatif, qui se rapportent à des systèmes ou à des parties du corps spécifiques, et qui sont étroitement liés d'un point de vue chronologique avec des événements ou des problèmes stressants.",false,"",false,"",false,"",v3
les_deux,F48.0,Neurasthénie,V,categorie,G,definition,Class,"","",description_clinique,section Description clinique (OMS),définition ClaML du chapitre F — description clinique officielle,"Il existe des variations culturelles importantes dans les manifestations de ce trouble, qui comporte deux types essentiels ayant de nombreux points communs. Dans le premier type, la caractéristique essentielle est une plainte concernant une fatigue accrue après des efforts mentaux, souvent associée à une certaine diminution des performances professionnelles et des capacités à faire face aux tâches quotidiennes. La fatigabilité mentale est décrite typiquement comme une distractibilité due à une intrusion désagréable d'associations et de souvenirs, une difficulté de concentration ou une pensée globalement inefficace. Dans le deuxième type, l'accent est mis sur des sensations de faiblesse corporelle ou physique et un sentiment d'épuisement après des efforts minimes, associés à des courbatures, des douleurs musculaires et une difficulté à se détendre. Les deux types comportent habituellement plusieurs autres sensations physiques désagréables, telles que des sensations vertigineuses, des céphalées de tension et une impression d'instabilité globale. Il existe par ailleurs souvent une inquiétude concernant une dégradation de la santé mentale et physique, une irritabilité, une anhédonie et des degrés variables de dépression et d'anxiété mineures. Il existe souvent une insomnie d'endormissement, une insomnie du milieu de la nuit ou une hypersomnie.",false,"",false,"",false,"",v3
les_deux,F48.1,Syndrome de dépersonnalisation-déréalisation,V,categorie,G,definition,Class,"","",description_clinique,section Description clinique (OMS),définition ClaML du chapitre F — description clinique officielle,"Trouble rare au cours duquel le sujet se plaint spontanément d'une altération qualitative de son activité mentale, de son corps et de son environnement, ceux-ci étant perçus comme irréels, lointains ou « robotisés ». Les plaintes concernant une perte des émotions et une impression d'étrangeté ou de détachement par rapport à ses pensées, à son corps ou le monde réel, constituent les plus fréquentes des multiples manifestations caractérisant ce trouble. En dépit de la nature dramatique de ce type d'expérience, le sujet est conscient de la non-réalité du changement. L'orientation est normale et les capacités d'expression émotionnelle intactes. Des symptômes de dépersonnalisation-déréalisation peuvent survenir dans le contexte d'un trouble schizophrénique, dépressif, phobique ou obsessionnel-compulsif identifiable. Dans de tels cas, le diagnostic doit être celui du trouble principal.",true,"Trouble rare, au cours duquel le sujet se plaint spontanément d'une altération qualitative de son activité mentale, de son corps et de son environnement, ceux-ci étant perçus comme irréels, lointains ou ""robotisés"". Les plaintes concernant une perte des émotions et une impression d'étrangeté ou de détachement par rapport à ses pensées, à son corps, ou le monde réel, constituent les plus fréquentes des multiples manifestations caractérisant ce trouble. En dépit de la nature dramatique de ce type d'expérience, le sujet est conscient de la non-réalité du changement. L'orientation est normale et les capacités d'expression émotionnelle intactes. Des symptômes de dépersonnalisation-déréalisation peuvent survenir dans le contexte d'un trouble schizophrénique, dépressif, phobique ou obsessionnel-compulsif identifiable. Dans de tels cas, le diagnostic doit être celui du trouble principal.",false,"",false,"",v3
les_deux,F50.0,Anorexie mentale,V,categorie,G,definition,Class,"","",description_clinique,section Description clinique (OMS),définition ClaML du chapitre F — description clinique officielle,"Trouble caractérisé par une perte de poids intentionnelle, induite et maintenue par le patient. Il survient habituellement chez une adolescente ou une jeune femme, mais il peut également survenir chez un adolescent ou un jeune homme, tout comme chez un enfant proche de la puberté ou une femme plus âgée jusqu'à la ménopause. Le trouble est associé à une psychopathologie spécifique qui consiste en l'intrusion persistante d'une idée surinvestie: la peur de grossir et d'avoir un corps flasque. Les sujets s'imposent à eux-mêmes un poids faible. Il existe habituellement une dénutrition de gravité variable s'accompagnant de modifications endocriniennes et métaboliques secondaires et de perturbations des fonctions physiologiques. Les symptômes comprennent une restriction des choix alimentaires, une pratique excessive d'exercices physiques, des vomissements provoqués et l'utilisation de laxatifs, de coupe-faim et de diurétiques.",false,"",false,"",false,"",v3
les_deux,F50.1,Anorexie mentale atypique,V,categorie,G,definition,Class,"","",description_clinique,section Description clinique (OMS),définition ClaML du chapitre F — description clinique officielle,"Troubles qui comportent certaines caractéristiques de l'anorexie mentale, mais dont le tableau clinique global ne justifie pas ce diagnostic. Exemple: l'un des symptômes-clés, telle une aménorrhée ou une peur importante de grossir, peut manquer alors qu'il existe une perte de poids nette et un comportement visant à réduire le poids. On ne doit pas faire ce diagnostic quand un trouble somatique connu pour entrainer une perte de poids est associé.",false,"",false,"",false,"",v3
les_deux,F50.2,Boulimie [bulimia nervosa],V,categorie,G,definition,Class,"","",description_clinique,section Description clinique (OMS),définition ClaML du chapitre F — description clinique officielle,"Syndrome caractérisé par des accès répétés d'hyperphagie et une préoccupation excessive du contrôle du poids corporel, conduisant à une alternance d'hyperphagie et de vomissements ou d'utilisation de laxatifs. Ce trouble comporte de nombreuses caractéristiques de l'anorexie mentale, par exemple une préoccupation excessive des formes corporelles et du poids. Les vomissements répétés peuvent provoquer des perturbations électrolytiques et des complications somatiques. Dans les antécédents, on retrouve souvent, mais pas toujours, un épisode d'anorexie mentale survenu de quelques mois à plusieurs années plus tôt.",true,"Syndrome caractérisé par des accès répétés d'hyperphagie et une préoccupation excessive du contrôle du poids corporel, conduisant à une alternance d'hyperphagie et de vomissements ou d'utilisation de laxatifs. Ce trouble comporte de nombreuses caractéristiques de l'anorexie mentale, par exemple une préoccupation excessive par les formes corporelles et le poids. Les vomissements répétés peuvent provoquer des perturbations électrolytiques et des complications somatiques. Dans les antécédents, on retrouve souvent, mais pas toujours, un épisode d'anorexie mentale, survenu de quelques mois à plusieurs années plus tôt.",false,"",false,"",v3
les_deux,F50.3,Boulimie atypique,V,categorie,G,definition,Class,"","",description_clinique,section Description clinique (OMS),définition ClaML du chapitre F — description clinique officielle,"Troubles qui comportent certaines caractéristiques de la boulimie, mais dont le tableau clinique global ne justifie pas ce diagnostic. Exemple: accès hyperphagiques récurrents et utilisation excessive de laxatifs sans changement significatif de poids ou sans préoccupation excessive des formes ou du poids corporels.",false,"",false,"",false,"",v3
les_deux,F50.4,Hyperphagie associée à d'autres perturbations psychologiques,V,categorie,G,definition,Class,"","",description_clinique,section Description clinique (OMS),définition ClaML du chapitre F — description clinique officielle,"Hyperphagie due à des événements stressants, tels que deuil, accident, accouchement, etc.",false,"",false,"",false,"",v3
les_deux,F50.5,Vomissements associés à d'autres perturbations psychologiques,V,categorie,G,definition,Class,"","",description_clinique,section Description clinique (OMS),définition ClaML du chapitre F — description clinique officielle,"Vomissements répétés survenant au cours d'un trouble dissociatif (F44.-) et d'une hypocondrie (F45.2), et qui ne sont pas exclusivement imputables à une des affections classées en dehors de ce chapitre.",true,"Vomissements répétés survenant au cours d'un trouble dissociatif (F44.-) et d'une hypocondrie (F45.2), et qui ne sont pas exclusivement imputables à une des affections classées en dehors de ce chapitre. Ce code peut également être utilisé en complément du code O21.- (vomissements incoercibles au cours de la grossesse), quand des facteurs émotionnels sont au premier plan dans la survenue de nausées et de vomissements récurrents au cours de la grossesse.",false,"",false,"",v3
les_deux,F51,Troubles du sommeil non organiques,V,categorie,G,definition,Class,"","",description_clinique,section Description clinique (OMS),définition ClaML du chapitre F — description clinique officielle,"Dans de nombreux cas, une perturbation du sommeil est l'un des symptômes d'un autre trouble mental ou physique. Savoir si, chez un patient donné, un trouble du sommeil est une perturbation indépendante ou simplement l'une des manifestations d'un autre trouble classé, soit dans ce chapitre, soit dans d'autres chapitres, doit être précisé sur la base des éléments cliniques et de l'évolution, aussi bien qu'à partir de considérations et de priorités thérapeutiques au moment de la consultation. En règle générale, ce code doit être utilisé conjointement à d'autres diagnostics pertinents décrivant la psychopathologie et la physiopathologie impliquées dans un cas donné, quand la perturbation du sommeil est une des plaintes prépondérantes et quand elle est ressentie comme une affection en elle-même. Cette catégorie comprend uniquement les troubles du sommeil qui sont imputables à des facteurs émotionnels. Il ne comprend pas les troubles du sommeil imputables à des troubles somatiques identifiables classés ailleurs.",false,"",false,"",false,"",v3
les_deux,F51.0,Insomnie non organique,V,categorie,G,definition,Class,"","",description_clinique,section Description clinique (OMS),définition ClaML du chapitre F — description clinique officielle,"Affection dans laquelle la durée et la qualité du sommeil ne sont pas satisfaisantes et qui persiste pendant une période prolongée. Il peut s'agir d'une difficulté d'endormissement, d'une difficulté à rester endormi ou d'un réveil matinal précoce. L'insomnie est un symptôme commun à de nombreux troubles mentaux ou physiques; elle ne doit être classée ici, parallèlement au diagnostic principal, que lorsqu'elle domine le tableau clinique.",true,"Affection dans laquelle la durée et la qualité du sommeil ne sont pas satisfaisantes; qui persiste pendant une période prolongée; il peut s'agir d'une difficulté d'endormissement, d'une difficulté à rester endormi ou d'un réveil matinal précoce. L'insomnie est un symptôme commun à de nombreux troubles mentaux ou physiques; elle ne doit être classée ici, parallèlement au diagnostic principal, que lorsqu'elle domine le tableau clinique.",false,"",false,"",v3
les_deux,F51.1,Hypersomnie non organique,V,categorie,G,definition,Class,"","",description_clinique,section Description clinique (OMS),définition ClaML du chapitre F — description clinique officielle,"L'hypersomnie est un état défini soit par une somnolence diurne excessive et des attaques de sommeil non expliquées par une durée inadéquate de sommeil, soit par des périodes de transition prolongées entre sommeil et état d'éveil complet lors du réveil. En l'absence d'un facteur organique expliquant la survenue d'une hypersomnie, cet état est habituellement attribuable à un trouble mental.",true,"L'hypersomnie est un état défini soit par une somnolence diurne excessive et des attaques de sommeil (non expliquées par une durée inadéquate de sommeil), soit par des périodes de transition prolongées, lors du réveil, entre le sommeil et l'état d'éveil complet. En l'absence d'un facteur organique expliquant la survenue d'une hypersomnie, cet état est habituellement attribuable à un trouble mental.",false,"",false,"",v3
les_deux,F51.2,Trouble du rythme veille-sommeil non dû à une cause organique,V,categorie,G,definition,Class,"","",description_clinique,section Description clinique (OMS),définition ClaML du chapitre F — description clinique officielle,"Absence de synchronisme entre l'horaire veille-sommeil propre à un individu et l'horaire veille-sommeil approprié à son environnement, le sujet se plaignant soit d'insomnie, soit d'hypersomnie.",false,"",false,"",false,"",v3
les_deux,F51.3,Somnambulisme,V,categorie,G,definition,Class,"","",description_clinique,section Description clinique (OMS),définition ClaML du chapitre F — description clinique officielle,"Altération de l'état de conscience tenant à la fois du sommeil et de la veille. Durant un épisode de somnambulisme, l'individu se lève du lit, habituellement au cours du premier tiers du sommeil nocturne et il déambule; ces manifestations correspondent à un niveau réduit de vigilance, de réactivité et d'habilité motrice. Au réveil, le sujet ne garde habituellement aucun souvenir de l'épisode.",false,"",false,"",false,"",v3
les_deux,F51.4,Terreurs nocturnes,V,categorie,G,definition,Class,"","",description_clinique,section Description clinique (OMS),définition ClaML du chapitre F — description clinique officielle,"Elles constituent des épisodes nocturnes au cours desquels une terreur et une panique extrêmes sont associées à une vocalisation intense, à une agitation motrice et à un hyperfonctionnement neurovégétatif. L'individu s'assied ou se lève, habituellement durant le premier tiers du sommeil nocturne, avec un cri de terreur. Assez souvent, il court jusqu'à la porte comme s'il essayait de s'échapper; en fait, il ne quitte que rarement sa chambre. S'il existe, le souvenir de l'événement est très limité, se réduisant habituellement à une ou deux images mentales fragmentaires.",true,"Elles constituent des épisodes nocturnes au cours desquels une terreur et une panique extrêmes sont associées à une vocalisation intense, à une agitation motrice et à un hyperfonctionnement neuro-végétatif. L'individu s'assied ou se lève, habituellement durant le premier tiers du sommeil nocturne, avec un cri de terreur. Assez souvent, il court jusqu'à la porte comme s'il essayait de s'échapper; en fait, il ne quitte que rarement sa chambre. Le souvenir de l'événement, s'il existe, est très limité (se réduisant habituellement à une ou deux images mentales fragmentaires).",false,"",false,"",v3
les_deux,F51.5,Cauchemars,V,categorie,G,definition,Class,"","",description_clinique,section Description clinique (OMS),définition ClaML du chapitre F — description clinique officielle,"Expérience de rêve chargée d'anxiété ou de peur s'accompagnant d'un souvenir très détaillé du contenu du rêve. Cette expérience de rêve est très intense et comporte habituellement comme thèmes des menaces pour l'existence, la sécurité et l'estime de soi. Assez souvent, les cauchemars ont tendance à se répéter avec des thèmes identiques ou similaires. Les épisodes typiques comportent un certain degré de décharge neurovégétative, mais pas d'activité verbale ou motrice notable. Au réveil, le sujet devient rapidement alerte et bien orienté.",true,"Expérience de rêve chargée d'anxiété ou de peur s'accompagnant d'un souvenir très détaillé du contenu du rêve. Cette expérience de rêve est très intense et comporte habituellement comme thèmes des menaces pour l'existence, la sécurité et l'estime de soi. Assez souvent, les cauchemars ont tendance à se répéter avec des thèmes identiques ou similaires. Les épisodes typiques comportent un certain degré de décharge neuro-végétative, mais pas d'activité verbale ou motrice notable. Au réveil, le sujet devient rapidement alerte et bien orienté.",false,"",false,"",v3
les_deux,F52,"Dysfonctionnement sexuel, non dû à un trouble ou à une maladie organique",V,categorie,G,definition,Class,"","",description_clinique,section Description clinique (OMS),définition ClaML du chapitre F — description clinique officielle,"Les dysfonctionnements sexuels regroupent les différents types de difficulté à avoir une relation sexuelle du type souhaité. La réponse sexuelle est un processus psychosomatique et, le plus souvent, des processus à la fois psychologiques et somatiques interviennent dans le déclenchement d'un trouble de la fonction sexuelle.",false,"",false,"",false,"",v3
les_deux,F52.0,Absence ou perte de désir sexuel,V,categorie,G,definition,Class,"","",description_clinique,section Description clinique (OMS),définition ClaML du chapitre F — description clinique officielle,La perte du désir sexuel est le problème principal et n'est pas secondaire à d'autres difficultés sexuelles comme un défaut d'érection ou une dyspareunie.,false,"",false,"",false,"",v3
les_deux,F52.1,Aversion sexuelle et manque de plaisir sexuel,V,categorie,G,definition,Class,"","",description_clinique,section Description clinique (OMS),définition ClaML du chapitre F — description clinique officielle,"Soit la perspective d'une relation sexuelle déclenche une peur ou une anxiété telle que toute activité sexuelle est évitée (aversion sexuelle), soit les réponses sexuelles surviennent normalement et l'orgasme est ressenti mais il existe une absence de plaisir approprié (absence de plaisir sexuel).",false,"",false,"",false,"",v3
les_deux,F52.2,Échec de la réponse génitale,V,categorie,G,definition,Class,"","",description_clinique,section Description clinique (OMS),définition ClaML du chapitre F — description clinique officielle,"Le problème principal chez les hommes est un trouble des fonctions érectiles (difficulté à développer ou à maintenir une érection adéquate pour un rapport satisfaisant). Chez les femmes, le problème principal est une sécheresse vaginale ou un manque de lubrification.",false,"",false,"",false,"",v3
les_deux,F52.3,Dysfonctionnement orgasmique,V,categorie,G,definition,Class,"","",description_clinique,section Description clinique (OMS),définition ClaML du chapitre F — description clinique officielle,L'orgasme ne survient pas ou est nettement retardé.,false,"",false,"",false,"",v3
les_deux,F52.4,Éjaculation précoce,V,categorie,G,definition,Class,"","",description_clinique,section Description clinique (OMS),définition ClaML du chapitre F — description clinique officielle,Impossibilité de contrôler suffisamment l'éjaculation pour que les deux partenaires trouvent du plaisir dans les rapports sexuels.,false,"",false,"",false,"",v3
les_deux,F52.5,Vaginisme non organique,V,categorie,G,definition,Class,"","",description_clinique,section Description clinique (OMS),définition ClaML du chapitre F — description clinique officielle,"Spasme des muscles du plancher pelvien qui entourent le vagin, provoquant l'occlusion de l'ouverture vaginale. L'intromission est impossible ou douloureuse.",false,"",false,"",false,"",v3
les_deux,F52.6,Dyspareunie non organique,V,categorie,G,definition,Class,"","",description_clinique,section Description clinique (OMS),définition ClaML du chapitre F — description clinique officielle,La dyspareunie (ou douleur durant les relations sexuelles) survient tant chez la femme que chez l'homme. Elle peut souvent être attribuée à une cause pathologique locale et doit alors être classée dans la rubrique de l'affection pathologique en cause. Cette catégorie doit être utilisée uniquement lorsqu'il n'y a pas un autre dysfonctionnement sexuel primaire (par exemple un vaginisme ou une sécheresse vaginale).,false,"",false,"",false,"",v3
les_deux,F53,"Troubles mentaux et du comportement associés à la puerpéralité, non classés ailleurs",V,categorie,G,definition,Class,"","",description_clinique,section Description clinique (OMS),définition ClaML du chapitre F — description clinique officielle,"Classer ici uniquement des troubles mentaux associés à la puerpéralité qui apparaissent durant les six premières semaines après l'accouchement et qui ne répondent pas aux critères d'un autre trouble classé ailleurs dans ce chapitre, soit parce que les informations disponibles ne sont pas suffisantes, soit parce qu'ils présentent des caractéristiques cliniques supplémentaires particulières ne permettant pas de les classer ailleurs de façon appropriée.",false,"",false,"",false,"",v3
les_deux,F54,Facteurs psychologiques et comportementaux associés à des maladies ou des troubles classés ailleurs,V,categorie,G,definition,Class,"","",description_clinique,section Description clinique (OMS),définition ClaML du chapitre F — description clinique officielle,"Cette catégorie doit être utilisée pour enregistrer la présence de facteurs psychologiques ou comportementaux supposés avoir joué un rôle majeur dans la survenue d'un trouble physique classable dans l'un des autres chapitres. Les perturbations psychiques attribuables à ces facteurs sont habituellement légères, mais souvent persistantes (par exemple, une inquiétude, un conflit émotionnel, une appréhension) et leur présence ne justifie pas un diagnostic de l'une quelconque des catégories décrites dans ce chapitre.",false,"",false,"",false,"",v3
ANS_2025,F55,Abus de substances n'entraînant pas de dépendance,V,categorie,"",definition,Class,"","",description_clinique,section Description clinique (OMS),définition ClaML du chapitre F — description clinique officielle,"L'utilisation persistante de ces substances entraine fréquemment des contacts excessifs avec des professionnels de la santé ou leurs équipes et s'accompagne parfois d'effets somatiques nocifs induits par les substances. Les sujets s'opposent souvent aux tentatives faites pour déconseiller ou interdire l'utilisation du produit; en ce qui concerne les laxatifs et les analgésiques, les sujets peuvent ne pas tenir compte des avertissements relatifs aux complications somatiques telles qu'un dysfonctionnement rénal ou des perturbations électrolytiques (voire à la survenue de celles-ci). Alors que le patient a habituellement une appétence manifeste pour la substance, il ne présente pas de symptômes de dépendance ou de sevrage comme dans le cas des substances psychoactives précisées en F10-F19.",false,"",false,"",false,"",v3
les_deux,F55,Abus de substances n'entraînant pas de dépendance,V,categorie,G,definition,Class,"","",description_clinique,section Description clinique (OMS),définition ClaML du chapitre F — description clinique officielle,"Des spécialités pharmaceutiques et des remèdes populaires très divers peuvent être impliqués. Trois groupes sont particulièrement importants: – des médicaments psychotropes n'entraînant pas de dépendance tels les antidépresseurs; – les laxatifs; – des analgésiques pouvant être achetés sans prescription médicale, tels que l'aspirine et le paracétamol.",true,"Des spécialités pharmaceutiques et des remèdes populaires très divers peuvent être impliqués. Trois groupes sont particulièrement importants: a) des médicaments psychotropes n'entraînant pas de dépendance tels les antidépresseurs, b) les laxatifs, et c) des analgésiques pouvant être achetés sans prescription médicale, tels que l'aspirine et le paracétamol.<P>L'utilisation persistante de ces substances entraîne fréquemment des contacts excessifs avec des professionnels de la santé ou leurs équipes et s'accompagne parfois d'effets somatiques nocifs induits par les substances. Les sujets s'opposent souvent aux tentatives faites pour déconseiller ou interdire l'utilisation du produit; en ce qui concerne les laxatifs et les analgésiques, les sujets peuvent ne pas tenir compte des avertissements relatifs aux complications somatiques telles qu'un dysfonctionnement rénal ou des perturbations électrolytiques (voire à la survenue de celles-ci). Alors que le patient a habituellement une appétence manifeste pour la substance, il ne présente pas de symptômes de dépendance ou de sevrage comme dans le cas des substances psycho-actives précisées en F10-F19.",false,"",false,"",v3
les_deux,F60,Troubles spécifiques de la personnalité,V,categorie,G,definition,Class,"","",description_clinique,section Description clinique (OMS),définition ClaML du chapitre F — description clinique officielle,"Il s'agit de perturbations sévères de la personnalité et des tendances comportementales de l'individu, non directement imputables à une maladie, une lésion, ou une autre atteinte cérébrale, ou à un autre trouble psychiatrique. Ces perturbations concernent habituellement plusieurs secteurs de la personnalité; elles s'accompagnent en général d'un bouleversement personnel et social considérable, apparaissent habituellement durant l'enfance ou l'adolescence et persistent pendant tout l'âge adulte.",false,"",false,"",false,"",v3
les_deux,F60.0,Personnalité paranoïaque,V,categorie,G,definition,Class,"","",description_clinique,section Description clinique (OMS),définition ClaML du chapitre F — description clinique officielle,"Trouble de la personnalité caractérisé par une sensibilité excessive aux rebuffades, un refus de pardonner les insultes, un caractère soupçonneux, une tendance à fausser les événements en interprétant les actions impartiales ou amicales d'autrui comme hostiles ou méprisantes, une suspicion répétée non justifiée de la fidélité de son conjoint ou partenaire sexuel et un sens tenace et agressif de ses propres droits. Il peut exister une tendance à une surévaluation de sa propre importance et souvent une référence excessive à sa propre personne.",true,"Trouble de la personnalité caractérisé par une sensibilité excessive aux rebuffades, un refus de pardonner les insultes, un caractère soupçonneux, une tendance à fausser les événements en interprétant les actions impartiales ou amicales d'autrui comme hostiles ou méprisantes, une suspicion répétée, sans justification, en ce qui concerne la fidélité de son conjoint ou partenaire sexuel et un sens tenace et agressif de ses propres droits. Il peut exister une tendance à une surévaluation de sa propre importance et souvent une référence excessive à sa propre personne.",false,"",false,"",v3
les_deux,F60.1,Personnalité schizoïde,V,categorie,G,definition,Class,"","",description_clinique,section Description clinique (OMS),définition ClaML du chapitre F — description clinique officielle,"Trouble de la personnalité caractérisé par un retrait des contacts (sociaux, affectifs ou autres), une préférence pour la fantaisie, les activités solitaires et l'introspection. Il existe une limitation à exprimer ses sentiments et à éprouver du plaisir.",false,"",false,"",false,"",v3
les_deux,F60.2,Personnalité dyssociale,V,categorie,G,definition,Class,"","",description_clinique,section Description clinique (OMS),définition ClaML du chapitre F — description clinique officielle,"Trouble de la personnalité caractérisé par un mépris des obligations sociales et une indifférence froide pour autrui. Il y a un écart considérable entre le comportement et les normes sociales établies. Le comportement n'est guère modifié par les expériences vécues, y compris par les sanctions. Il existe une faible tolérance à la frustration et un abaissement du seuil de décharge de l'agressivité y compris de la violence; il y a une tendance à blâmer autrui ou à justifier un comportement amenant le sujet à entrer en conflit avec la société par des rationalisations plausibles.",false,"",false,"",false,"",v3
les_deux,F60.3,Personnalité émotionnellement labile,V,categorie,G,definition,Class,"","",description_clinique,section Description clinique (OMS),définition ClaML du chapitre F — description clinique officielle,"Trouble de la personnalité caractérisé par une tendance nette à agir de façon impulsive et sans considération pour les conséquences possibles, une humeur imprévisible et capricieuse, une tendance aux explosions émotionnelles et une difficulté à contrôler les comportements impulsifs, une tendance à adopter un comportement querelleur et à entrer en conflit avec les autres, particulièrement lorsque les actes impulsifs sont contrariés ou empêchés. Deux types peuvent être distingués: – le type impulsif, caractérisé principalement par une instabilité émotionnelle et un manque de contrôle des impulsions; – le type borderline, caractérisé en outre par des perturbations de l'image de soi, de l'établissement de projets et des préférences personnelles, par un sentiment chronique de vide intérieur, par des relations interpersonnelles intenses et instables et par une tendance à adopter un comportement autodestructeur, comprenant des tentatives de suicide et des gestes suicidaires.",true,"Trouble de la personnalité caractérisé par une tendance nette à agir de façon impulsive et sans considération pour les conséquences possibles, une humeur imprévisible et capricieuse, une tendance aux explosions émotionnelles et une difficulté à contrôler les comportements impulsifs, une tendance à adopter un comportement querelleur et à entrer en conflit avec les autres, particulièrement lorsque les actes impulsifs sont contrariés ou empêchés. Deux types peuvent être distingués : le type impulsif, caractérisé principalement par une instabilité émotionnelle et un manque de contrôle des impulsions, et le type borderline, caractérisé en outre par des perturbations de l'image de soi, de l'établissement de projets et des préférences personnelles, par un sentiment chronique de vide intérieur, par des relations interpersonnelles intenses et instables et par une tendance à adopter un comportement auto-destructeur, comprenant des tentatives de suicide et des gestes suicidaires.",false,"",false,"",v3
les_deux,F60.4,Personnalité histrionique,V,categorie,G,definition,Class,"","",description_clinique,section Description clinique (OMS),définition ClaML du chapitre F — description clinique officielle,"Trouble de la personnalité caractérisé par une affectivité superficielle et labile, une dramatisation, un théâtralisme, une expression exagérée des émotions, une suggestibilité, un égocentrisme, une autocomplaisance, un manque de considération pour autrui, une tendance à être facilement blessé, un besoin d'excitation et un désir permanent d'être apprécié et d'être l'objet d'attention.",true,"Trouble de la personnalité caractérisé par une affectivité superficielle et labile, une dramatisation, un théâtralisme, une expression exagérée des émotions, une suggestibilité, un égocentrisme, une auto-complaisance, un manque de considération pour autrui, une tendance à être facilement blessé, un besoin d'excitation et un désir permanent d'être apprécié et d'être l'objet d'attention.",false,"",false,"",v3
les_deux,F60.5,Personnalité anankastique,V,categorie,G,definition,Class,"","",description_clinique,section Description clinique (OMS),définition ClaML du chapitre F — description clinique officielle,"Trouble de la personnalité caractérisé par un sentiment de doute, un perfectionnisme, une scrupulosité, des vérifications et des préoccupations pour les détails, un entêtement, une prudence et une rigidité excessives. Le trouble peut s'accompagner de pensées ou d'impulsions répétitives et intrusives n'atteignant pas la sévérité d'un trouble obsessionnel-compulsif.",false,"",false,"",false,"",v3
les_deux,F60.6,Personnalité anxieuse [évitante],V,categorie,G,definition,Class,"","",description_clinique,section Description clinique (OMS),définition ClaML du chapitre F — description clinique officielle,"Trouble de la personnalité caractérisé par un sentiment de tension et d'appréhension, d'insécurité et d'infériorité. Il existe un désir perpétuel d'être aimé et accepté, une hypersensibilité à la critique et au rejet, une réticence à nouer des relations et une tendance à éviter certaines activités en raison d'une exagération des dangers ou des risques potentiels de situations banales.",false,"",false,"",false,"",v3
les_deux,F60.7,Personnalité dépendante,V,categorie,G,definition,Class,"","",description_clinique,section Description clinique (OMS),définition ClaML du chapitre F — description clinique officielle,"Trouble de la personnalité caractérisé par une tendance systématique à laisser passivement autrui prendre les décisions, importantes ou mineures, le concernant, par une crainte d'être abandonné, des sentiments d'impuissance et d'incompétence, une soumission passive à la volonté d'autrui (par exemple, de personnes plus âgées) et une difficulté à faire face aux exigences de la vie quotidienne. Un manque d'énergie peut se manifester dans le domaine intellectuel ou émotionnel; il existe souvent une tendance à rejeter la responsabilité sur autrui.",false,"",false,"",false,"",v3
ANS_2025,F61,Troubles mixtes de la personnalité et autres troubles de la personnalité,V,categorie,"",definition,Class,"","",description_clinique,section Description clinique (OMS),définition ClaML du chapitre F — description clinique officielle,"Exemples: modifications gênantes de la personnalité, non classables en F60.- ou F62.-, et considérées comme accessoires comparativement à un diagnostic principal de trouble affectif ou anxieux concomitant",false,"",false,"",false,"",v3
ANS_2025,F61,Troubles mixtes de la personnalité et autres troubles de la personnalité,V,categorie,"",definition,Class,"","",description_clinique,section Description clinique (OMS),définition ClaML du chapitre F — description clinique officielle,"Exemples: troubles mixtes de la personnalité avec présence de caractéristiques appartenant à plusieurs des troubles décrits en F60.-, mais sans prédominance d'un groupe déterminé de symptômes permettant de faire un diagnostic plus spécifique",false,"",false,"",false,"",v3
les_deux,F61,Troubles mixtes de la personnalité et autres troubles de la personnalité,V,categorie,G,definition,Class,"","",description_clinique,section Description clinique (OMS),définition ClaML du chapitre F — description clinique officielle,"Cette catégorie concerne des troubles de la personnalité, souvent gênants, mais ne présentant pas les caractéristiques symptomatiques spécifiques de l'un quelconque des troubles décrits en F60.-. De ce fait, le diagnostic de ces troubles soulève souvent des difficultés.",true,"Cette catégorie concerne des troubles de la personnalité, souvent gênants, mais ne présentant pas les caractéristiques symptomatiques spécifiques de l'un quelconque des troubles décrits en F60.-. De ce fait, le diagnostic de ces troubles soulève souvent des difficultés.<P>Exemples :<P>modifications gênantes de la personnalité, non classables en F60.- ou F62.-, et considérées comme accessoires comparativement à un diagnostic principal de trouble affectif ou anxieux concomitant;<P>troubles mixtes de la personnalité avec présence de caractéristiques appartenant à plusieurs des troubles décrits en F60.-, mais sans prédominance d'un groupe déterminé de symptômes permettant de faire un diagnostic plus spécifique",false,"",false,"",v3
les_deux,F62,Modification durable de la personnalité non attribuable à une lésion et une maladie cérébrales,V,categorie,G,definition,Class,"","",description_clinique,section Description clinique (OMS),définition ClaML du chapitre F — description clinique officielle,"Cette catégorie concerne des anomalies de la personnalité et du comportement chez l'adulte, survenant en l'absence de troubles préalables de la personnalité et faisant suite à un facteur de stress soit catastrophique, soit excessif et prolongé, ou à une maladie psychiatrique sévère. Ce diagnostic ne doit être porté que dans les cas où on a la preuve d'un changement manifeste et durable des modes de perception, de relation ou de pensée concernant l'environnement ou soi-même. La modification de la personnalité doit être significative et être associée à un comportement rigide et mal adapté, absent avant la survenue de l'événement pathogène. La modification ne doit pas être la manifestation directe d'un autre trouble mental ni un symptôme résiduel d'un trouble mental antérieur.",false,"",false,"",false,"",v3
les_deux,F62.0,Modification durable de la personnalité après une expérience de catastrophe,V,categorie,G,definition,Class,"","",description_clinique,section Description clinique (OMS),définition ClaML du chapitre F — description clinique officielle,"Modification durable de la personnalité, persistant au moins deux ans, à la suite de l'exposition à un facteur de stress catastrophique. Le facteur de stress doit être d'une intensité telle qu'il n'est pas nécessaire de se référer à une vulnérabilité personnelle pour expliquer son effet profond sur la personnalité. Le trouble se caractérise par une attitude hostile ou méfiante envers le monde, un retrait social, des sentiments de vide ou de désespoir, par l'impression permanente d'être « sous tension » comme si on était constamment menacé et par un détachement. Un état de stress posttraumatique (F43.1) peut précéder ce type de modification de la personnalité.",true,"Modification durable de la personnalité, persistant au moins deux ans, à la suite de l'exposition à un facteur de stress catastrophique. Le facteur de stress doit être d'une intensité telle qu'il n'est pas nécessaire de se référer à une vulnérabilité personnelle pour expliquer son effet profond sur la personnalité. Le trouble se caractérise par une attitude hostile ou méfiante envers le monde, un retrait social, des sentiments de vide ou de désespoir, par l'impression permanente d'être ""sous tension"" comme si on était constamment menacé et par un détachement. Un état de stress post-traumatique (F43.1) peut précéder ce type de modification de la personnalité.",false,"",false,"",v3
les_deux,F62.1,Modification durable de la personnalité après une maladie psychiatrique,V,categorie,G,definition,Class,"","",description_clinique,section Description clinique (OMS),définition ClaML du chapitre F — description clinique officielle,"Modification de la personnalité, persistant au moins deux ans, imputable à l'expérience traumatique d'une maladie psychiatrique sévère. Le changement ne peut pas s'expliquer par un trouble antérieur de la personnalité et doit être différencié d'une schizophrénie résiduelle et d'autres états morbides consécutifs à la guérison incomplète d'un trouble mental antérieur. Ce trouble se caractérise par une dépendance et une attitude de demande excessives vis-à-vis des autres, par la conviction d'avoir été transformé ou marqué par la maladie au point de ne pas parvenir à établir ou maintenir des relations interpersonnelles étroites et confiantes et de s'isoler socialement, par une passivité, une perte des intérêts et un engagement moindre dans les activités de loisir, par des plaintes persistantes de se sentir souffrant, parfois associées à des plaintes hypocondriaques et à un comportement de malade, par une humeur dysphorique ou labile non due à un trouble mental actuel ni aux symptômes affectifs résiduels d'un trouble mental antérieur et par des problèmes à long terme du fonctionnement social et professionnel.",false,"",false,"",false,"",v3
les_deux,F63,Troubles des habitudes et des impulsions,V,categorie,G,definition,Class,"","",description_clinique,section Description clinique (OMS),définition ClaML du chapitre F — description clinique officielle,"Cette catégorie comprend certains troubles du comportement qui ne peuvent pas être classés sous d'autres rubriques. Ils sont caractérisés par des actes répétés, sans motivation rationnelle claire, incontrôlables, et qui vont généralement à l'encontre des intérêts du sujet lui-même et de ceux d'autres personnes. Le sujet indique que son comportement est sous l'emprise d'impulsions à agir. La cause de ces troubles n'est pas connue. Ils ont été regroupés en raison de certaines similitudes dans leur tableau clinique, non parce qu'ils ont en commun d'autres caractéristiques importantes.",false,"",false,"",false,"",v3
les_deux,F63.0,Jeu pathologique,V,categorie,G,definition,Class,"","",description_clinique,section Description clinique (OMS),définition ClaML du chapitre F — description clinique officielle,"Trouble consistant en des épisodes répétés et fréquents de jeu qui dominent la vie du sujet au détriment des valeurs et des obligations sociales, professionnelles, matérielles et familiales.",false,"",false,"",false,"",v3
les_deux,F63.1,Tendance pathologique à allumer des incendies [pyromanie],V,categorie,G,definition,Class,"","",description_clinique,section Description clinique (OMS),définition ClaML du chapitre F — description clinique officielle,"Trouble caractérisé par des actes ou tentatives multiples visant à mettre le feu aux objets et aux biens sans motif apparent, associé à des préoccupations idéiques persistantes concernant le feu ou l'incendie. Ce comportement s'accompagne souvent d'un état de tension croissante avant l'acte et d'une excitation intense immédiatement après.",false,"",false,"",false,"",v3
les_deux,F63.2,Tendance pathologique à commettre des vols [kleptomanie],V,categorie,G,definition,Class,"","",description_clinique,section Description clinique (OMS),définition ClaML du chapitre F — description clinique officielle,"Trouble caractérisé par des impossibilités répétées à résister aux impulsions de vol d'objets. Les objets ne sont pas volés pour leur utilité immédiate ou leur valeur monétaire; le sujet peut, au contraire, soit les jeter, soit les donner, soit encore les entasser. Ce comportement s'accompagne habituellement d'un état de tension croissante avant l'acte et d'un sentiment de satisfaction pendant et immédiatement après sa réalisation.",true,"Trouble caractérisé par des impossibilités répétées à résister aux impulsions de vol d'objets. Les objets ne sont pas volés pour leur utilité immédiate ou leur valeur monétaire; le sujet peut, au contraire, soit les jeter, soit les donner, soit encore les entasser. Ce comportement s'accompagne habituellement d'un état de tension croissante avant l'acte et d'un sentiment de satisfaction pendant et immédiatement après la réalisation de celui-ci.",false,"",false,"",v3
les_deux,F63.3,Trichotillomanie,V,categorie,G,definition,Class,"","",description_clinique,section Description clinique (OMS),définition ClaML du chapitre F — description clinique officielle,"Trouble caractérisé par une perte visible des cheveux, causée par une impossibilité répétée de résister aux impulsions à se les arracher. L'arrachage des cheveux est habituellement précédé par une sensation croissante de tension et suivi d'un sentiment de soulagement ou de satisfaction. On ne porte pas ce diagnostic quand le sujet présente une affection inflammatoire préexistante du cuir chevelu, ou quand il s'arrache les cheveux à la suite d'idées délirantes ou d'hallucinations.",true,"Trouble caractérisé par une perte visible des cheveux, causée par une impossibilité répétée de résister aux impulsions à s'arracher les cheveux. L'arrachage des cheveux est habituellement précédé par une sensation croissante de tension et suivi d'un sentiment de soulagement ou de satisfaction. On ne porte pas ce diagnostic quand le sujet présente une affection inflammatoire pré-existante du cuir chevelu, ou quand il s'arrache les cheveux à la suite d'idées délirantes ou d'hallucinations.",false,"",false,"",v3
les_deux,F63.8,Autres troubles des habitudes et des impulsions,V,categorie,G,definition,Class,"","",description_clinique,section Description clinique (OMS),définition ClaML du chapitre F — description clinique officielle,"Autres variétés de comportements inadaptés persistants et répétés, non secondaires à un syndrome psychiatrique reconnu. Le sujet ne parvient pas, de façon répétitive, à résister à des impulsions le poussant à adopter ce comportement, avec une période prodromique de tension suivie d'un sentiment de soulagement lors de la réalisation de l'acte.",false,"",false,"",false,"",v3
les_deux,F64.0,Transsexualisme,V,categorie,G,definition,Class,"","",description_clinique,section Description clinique (OMS),définition ClaML du chapitre F — description clinique officielle,Il s'agit d'un désir de vivre et d'être accepté en tant que personne appartenant au sexe opposé. Ce désir s'accompagne habituellement d'un sentiment de malaise ou d'inadaptation par rapport à son sexe anatomique et du souhait de subir une intervention chirurgicale ou un traitement hormonal afin de rendre son corps aussi conforme que possible au sexe désiré.,false,"",false,"",false,"",v3
les_deux,F64.1,Travestisme bivalent,V,categorie,G,definition,Class,"","",description_clinique,section Description clinique (OMS),définition ClaML du chapitre F — description clinique officielle,"Ce terme désigne le fait de porter des vêtements du sexe opposé pendant une partie de son existence, de façon à se satisfaire de l'expérience d'appartenir au sexe opposé, mais sans désir de changement de sexe plus permanent moyennant une transformation chirurgicale; le changement de vêtements ne s'accompagne d'aucune excitation sexuelle.",true,"Ce terme désigne le fait de porter des vêtements du sexe opposé pendant une partie de son existence, de façon à se satisfaire de l'expérience temporaire d'appartenir au sexe opposé, mais sans désir de changement de sexe plus permanent ou moyennant une transformation chirurgicale; le changement de vêtements ne s'accompagne d'aucune excitation sexuelle.",false,"",false,"",v3
les_deux,F64.2,Trouble de l'identité sexuelle de l'enfance,V,categorie,G,definition,Class,"","",description_clinique,section Description clinique (OMS),définition ClaML du chapitre F — description clinique officielle,"Trouble se manifestant habituellement pour la première fois dans la première enfance (et toujours bien avant la puberté), caractérisé par une souffrance intense et persistante relative au sexe assigné, accompagné d'un désir d'appartenir à l'autre sexe (ou d'une affirmation d'en faire partie). Les vêtements et les activités propres au sexe opposé et un rejet de son propre sexe sont des préoccupations persistantes. Il faut qu'il existe une perturbation profonde de l'identité sexuelle normale pour porter ce diagnostic; il ne suffit pas qu'une fille soit simplement un « garçon manqué » ou qu'un garçon soit une « fille manquée ». Les troubles de l'identité sexuelle chez les individus pubères ou prépubères ne doivent pas être classés ici, mais en F66.-.",true,"Trouble se manifestant habituellement pour la première fois dans la première enfance (et toujours bien avant la puberté), caractérisé par une souffrance intense et persistante relative au sexe assigné, accompagné d'un désir d'appartenir à l'autre sexe (ou d'une affirmation d'en faire partie). Les vêtements et les activités propres au sexe opposé et un rejet de son propre sexe sont des préoccupations persistantes. Il faut qu'il existe une perturbation profonde de l'identité sexuelle normale pour porter ce diagnostic; il ne suffit pas qu'une fille soit simplement un ""garçon manqué"" ou qu'un garçon soit une ""fille manquée"". Les troubles de l'identité sexuelle chez les individus pubères ou pré-pubères ne doivent pas être classés ici, mais en F66.-.",false,"",false,"",v3
les_deux,F65.0,Fétichisme,V,categorie,G,definition,Class,"","",description_clinique,section Description clinique (OMS),définition ClaML du chapitre F — description clinique officielle,"Utilisation d'objets inanimés comme stimulus de l'excitation et de la satisfaction sexuelle. De nombreux fétiches sont des prolongements du corps, comme des vêtements ou des chaussures. D'autres exemples courants concernent une texture particulière comme le caoutchouc, le plastique ou le cuir. Les objets fétiches varient dans leur importance d'un individu à l'autre. Dans certains cas, ils servent simplement à renforcer l'excitation sexuelle, atteinte par ailleurs dans des conditions normales (par exemple, le fait d'avoir un partenaire qui porte un vêtement particulier).",false,"",false,"",false,"",v3
les_deux,F65.1,Travestisme fétichiste,V,categorie,G,definition,Class,"","",description_clinique,section Description clinique (OMS),définition ClaML du chapitre F — description clinique officielle,"Port de vêtements du sexe opposé, principalement dans le but d'obtenir une excitation sexuelle et de créer l'apparence d'une personne du sexe opposé. Le travestisme fétichiste se distingue du travestisme transsexuel par sa nette association avec une excitation sexuelle et par le besoin de se débarrasser des vêtements une fois l'orgasme atteint et l'excitation sexuelle retombée. Il peut survenir en tant que phase précoce du développement d'un transsexualisme.",false,"",false,"",false,"",v3
les_deux,F65.2,Exhibitionnisme,V,categorie,G,definition,Class,"","",description_clinique,section Description clinique (OMS),définition ClaML du chapitre F — description clinique officielle,"Tendance récurrente ou persistante à exposer les organes génitaux à des étrangers (en général du sexe opposé) ou à des gens dans des endroits publics, sans désirer ou solliciter un contact plus étroit. Il y a habituellement, mais non constamment, excitation sexuelle au moment de l'exhibition et l'acte est, en général, suivi de masturbation.",false,"",false,"",false,"",v3
les_deux,F65.3,Voyeurisme,V,categorie,G,definition,Class,"","",description_clinique,section Description clinique (OMS),définition ClaML du chapitre F — description clinique officielle,Tendance récurrente ou persistante à observer des personnes qui se livrent à des activités sexuelles ou intimes comme le déshabillage. Cela survient sans que la personne observée sache qu'elle l'est et conduit généralement à une excitation sexuelle et à une masturbation.,false,"",false,"",false,"",v3
les_deux,F65.4,Pédophilie,V,categorie,G,definition,Class,"","",description_clinique,section Description clinique (OMS),définition ClaML du chapitre F — description clinique officielle,"Préférence sexuelle pour les enfants, qu'il s'agisse de garçons, de filles ou de sujets de l'un ou l'autre sexe, généralement d'âge prépubère ou au début de la puberté.",false,"",false,"",false,"",v3
les_deux,F65.5,Sadomasochisme,V,categorie,G,definition,Class,"","",description_clinique,section Description clinique (OMS),définition ClaML du chapitre F — description clinique officielle,"Préférence pour une activité sexuelle qui implique douleur, humiliation ou asservissement. Si le sujet préfère être l'objet d'une telle stimulation, on parle de masochisme; s'il préfère en être l'exécutant, il s'agit de sadisme. Souvent, un individu obtient l'excitation sexuelle par des comportements à la fois sadiques et masochistes.",false,"",false,"",false,"",v3
les_deux,F65.6,Troubles multiples de la préférence sexuelle,V,categorie,G,definition,Class,"","",description_clinique,section Description clinique (OMS),définition ClaML du chapitre F — description clinique officielle,"Parfois, une personne présente plusieurs anomalies de la préférence sexuelle sans qu'aucune d'entre elles soit au premier plan. L'association la plus fréquente regroupe le fétichisme, le travestisme et le sadomasochisme.",true,"Parfois, une personne présente plusieurs anomalies de la préférence sexuelle sans qu'aucune d'entre elles soit au premier plan. L'association la plus fréquente regroupe le fétichisme, le travestisme et le sado-masochisme.",false,"",false,"",v3
les_deux,F65.8,Autres troubles de la préférence sexuelle,V,categorie,G,definition,Class,"","",description_clinique,section Description clinique (OMS),définition ClaML du chapitre F — description clinique officielle,"Diverses autres modalités de la préférence et du comportement sexuel tels que le fait de dire des obscénités au téléphone, de se frotter à autrui dans des endroits publics combles à la recherche d'une stimulation sexuelle, l'activité sexuelle avec un animal, l'emploi de la strangulation ou de l'anoxie pour augmenter l'excitation sexuelle.",false,"",false,"",false,"",v3
les_deux,F66.0,Trouble de la maturation sexuelle,V,categorie,G,definition,Class,"","",description_clinique,section Description clinique (OMS),définition ClaML du chapitre F — description clinique officielle,"Le sujet est incertain quant à son identité sexuelle ou son orientation sexuelle et sa souffrance est responsable d'anxiété ou de dépression. La plupart du temps, cela survient chez des adolescents qui ne sont pas certains de leur orientation homosexuelle, hétérosexuelle ou bisexuelle, ou chez des sujets qui éprouvent un changement dans leur orientation sexuelle après une période d'orientation sexuelle apparemment stable (souvent dans une relation de longue durée).",true,"Le sujet est incertain quant à son identité sexuelle ou son orientation sexuelle et sa souffrance est responsable d'anxiété ou de dépression. La plupart du temps, cela survient chez des adolescents qui ne sont pas certains de leur orientation, homosexuelle, hétérosexuelle ou bisexuelle, ou chez des sujets qui, après une période d'orientation sexuelle apparemment stable (souvent dans une relation de longue durée) éprouvent un changement dans leur orientation sexuelle.",false,"",false,"",v3
les_deux,F66.1,Orientation sexuelle égodystonique,V,categorie,G,definition,Class,"","",description_clinique,section Description clinique (OMS),définition ClaML du chapitre F — description clinique officielle,"Il n'existe pas de doute quant à l'identité ou la préférence sexuelle (hétérosexualité, homosexualité, bisexualité ou préférence pour les enfants), mais le sujet désire modifier cette identité ou cette préférence en raison de troubles psychologiques et du comportement associés; il peut chercher à se faire traiter pour changer.",true,"Il n'existe pas de doute quant à l'identité ou la préférence sexuelle (hétérosexualité, homosexualité, bisexualité ou préférence pour les enfants), mais le sujet désire modifier cette identité ou cette préférence, en raison de troubles psychologiques et du comportement associés, et il peut chercher à se faire traiter pour changer.",false,"",false,"",v3
les_deux,F66.2,Problème sexuel relationnel,V,categorie,G,definition,Class,"","",description_clinique,section Description clinique (OMS),définition ClaML du chapitre F — description clinique officielle,"L'identité ou l'orientation sexuelle (hétérosexuelle, homosexuelle ou bisexuelle) entraine des difficultés dans l'établissement et le maintien de relations sexuelles avec un partenaire.",false,"",false,"",false,"",v3
les_deux,F68.0,Majoration de symptômes physiques pour des raisons psychologiques,V,categorie,G,definition,Class,"","",description_clinique,section Description clinique (OMS),définition ClaML du chapitre F — description clinique officielle,"Symptômes physiques compatibles avec – et initialement dus à – un trouble, une maladie ou une incapacité physique, mais amplifiés ou entretenus par l'état psychique du patient. Le sujet réagit habituellement par un sentiment de détresse à la douleur ou à l'incapacité et redoute, parfois à juste titre, une persistance ou une aggravation de son incapacité ou de sa douleur.",false,"",false,"",false,"",v3
les_deux,F68.1,"Production intentionnelle ou simulation de symptômes ou d'une incapacité, soit physique soit psychologique [trouble factice]",V,categorie,G,definition,Class,"","",description_clinique,section Description clinique (OMS),définition ClaML du chapitre F — description clinique officielle,"Simulation répétée de symptômes, sans objectifs évidents, avec parfois automutilation dans le but de provoquer des signes ou des symptômes. Les motifs ne sont pas clairs, et probablement internes, visant à obtenir un rôle de malade et s'accompagnent souvent d'une perturbation nette de la personnalité et des relations.",true,"Simulation répétée de symptômes, sans objectifs évidents, avec parfois auto-mutilation dans le but de provoquer des signes ou des symptômes. Les motifs ne sont pas clairs, et probablement internes, visant à obtenir un rôle de malade et s'accompagnent souvent d'une perturbation nette de la personnalité et des relations.",false,"",false,"",v3
les_deux,F70,Retard mental léger,V,categorie,G,definition,Class,"","",description_clinique,section Description clinique (OMS),définition ClaML du chapitre F — description clinique officielle,"Q.I. de 50 à 69 (chez les adultes, âge mental de 9 à moins de 12 ans). Aboutira vraisemblablement à des difficultés scolaires. Beaucoup d'adultes seront capables de travailler et de maintenir de bonnes relations sociales, et de s'intégrer à la société.",false,"",false,"",false,"",v3
ANS_2025,F70-F79,Retard mental,V,bloc,"",definition,Class,"","",description_clinique,fiche de bloc (bibliothèque catégories) + héritage borné vers les feuilles,définition ClaML du chapitre F — description clinique officielle ; note de bloc/chapitre — destination bornée (v3),"Les capacités intellectuelles et l'adaptation sociale peuvent changer et être améliorées par une formation et une rééducation appropriées, même si elles sont très médiocres. Le diagnostic doit être basé sur les niveaux fonctionnels constatés.",false,"",false,"",false,"",v3
les_deux,F70-F79,Retard mental,V,bloc,G,definition,Class,"","",description_clinique,fiche de bloc (bibliothèque catégories) + héritage borné vers les feuilles,définition ClaML du chapitre F — description clinique officielle ; note de bloc/chapitre — destination bornée (v3),"Arrêt ou développement incomplet du fonctionnement mental, caractérisé essentiellement par une altération, durant la période du développement, des facultés qui déterminent le niveau global d'intelligence, c'est-à-dire des fonctions cognitives, du langage, de la motricité et des capacités sociales. Le retard mental peut accompagner un autre trouble mental ou physique ou survenir isolément.",true,"Arrêt ou développement incomplet du fonctionnement mental, caractérisé essentiellement par une altération, durant la période du développement, des facultés qui déterminent le niveau global d'intelligence, c'est-à-dire des fonctions cognitives, du langage, de la motricité et des capacités sociales. Le retard mental peut accompagner un autre trouble mental ou physique ou survenir isolément. <P>Les degrés de retard mental sont habituellement déterminés par des tests d'intelligence normalisés.  Ces derniers peuvent s'accompagner d'échelles évaluant l'adaptation sociale à un milieu donné.  Ces mesures fournissent une estimation approximative du degré de retard mental.  Le diagnostic dépendra également de l'évaluation globale des fonctions intellectuelles par un médecin compétent. <P>Les capacités intellectuelles et l'adaptation sociale peuvent changer et, même si elles sont très médiocres, être améliorées par une formation et une rééducation appropriées.  Le diagnostic doit être basé sur les niveaux fonctionnels constatés.",false,"",false,"",v3
les_deux,F70-F79,Retard mental,V,bloc,N,definition,Class,"","",description_clinique,fiche de bloc (bibliothèque catégories) + héritage borné vers les feuilles,définition ClaML du chapitre F — description clinique officielle ; classes divergentes OFS(instruction_codage) / ANS(description_clinique) — rapprochées par code (v3) ; note de bloc/chapitre — destination bornée (v3),Les degrés de retard mental sont habituellement déterminés par des tests d'intelligence normalisés. Ces derniers peuvent s'accompagner d'échelles évaluant l'adaptation sociale à un milieu donné. Ces mesures fournissent une estimation approximative du degré de retard mental. Le diagnostic dépendra également de l'évaluation globale des fonctions intellectuelles par un médecin compétent.,true,"Utiliser, au besoin, un code supplémentaire pour noter les affections associées, par exemple un autisme, un autre trouble du développement, une épilepsie, un trouble des conduites ou un désavantage physique grave.",false,"",false,"",v3
les_deux,F71,Retard mental moyen,V,categorie,G,definition,Class,"","",description_clinique,section Description clinique (OMS),définition ClaML du chapitre F — description clinique officielle,"Q.I. de 35 à 49 (chez les adultes, âge mental de 6 à moins de 9 ans). Aboutira vraisemblablement à d'importants retards de développement dans l'enfance mais beaucoup peuvent acquérir des aptitudes scolaires et un certain degré d'indépendance et les capacités suffisantes pour communiquer. Les adultes auront besoin d'un soutien de niveaux variés pour travailler et vivre dans la communauté.",false,"",false,"",false,"",v3
les_deux,F72,Retard mental grave,V,categorie,G,definition,Class,"","",description_clinique,section Description clinique (OMS),définition ClaML du chapitre F — description clinique officielle,"Q.I. de 20 à 34 (chez les adultes, âge mental de 3 à moins de 6 ans). Aboutira vraisemblablement à un besoin prolongé de soutien.",false,"",false,"",false,"",v3
les_deux,F73,Retard mental profond,V,categorie,G,definition,Class,"","",description_clinique,section Description clinique (OMS),définition ClaML du chapitre F — description clinique officielle,"Q.I. au-dessous de 20 (chez les adultes, âge mental en dessous de 3 ans). Aboutit à une limitation très marquée des capacités de prendre soin de soi-même, de contrôler ses besoins naturels, de communiquer et de se déplacer.",false,"",false,"",false,"",v3
OFS_2006,F78,Autres formes de retard mental,V,categorie,G,"",GLOSSAIRE,"","",description_clinique,section Description clinique (OMS),glossaire du chapitre F — description clinique officielle du trouble,"",false,"",true,absent,false,"",v3
OFS_2006,F79,"Retard mental, sans précision",V,categorie,G,"",GLOSSAIRE,"","",description_clinique,section Description clinique (OMS),glossaire du chapitre F — description clinique officielle du trouble,"",false,"",true,absent,false,"",v3
les_deux,F80,Troubles spécifiques du développement de la parole et du langage,V,categorie,G,definition,Class,"","",description_clinique,section Description clinique (OMS),définition ClaML du chapitre F — description clinique officielle,"Troubles dans lesquels les modalités normales d'acquisition du langage sont altérées dès les premiers stades du développement. Ces troubles ne sont pas directement attribuables à des anomalies neurologiques, des anomalies anatomiques de l'appareil phonatoire, des altérations sensorielles, un retard mental ou des facteurs de l'environnement. Les troubles spécifiques du développement de la parole et du langage s'accompagnent souvent de problèmes associés, tels des difficultés de la lecture et de l'orthographe, une perturbation des relations interpersonnelles, des troubles émotionnels et des troubles du comportement.",false,"",false,"",false,"",v3
les_deux,F80-F89,Troubles du développement psychologique,V,bloc,G,definition,Class,"","",description_clinique,fiche de bloc (bibliothèque catégories) + héritage borné vers les feuilles,définition ClaML du chapitre F — description clinique officielle ; note de bloc/chapitre — destination bornée (v3),"Les troubles classés dans ce groupe ont en commun: (a) un début obligatoirement dans la première ou la seconde enfance; (b) une altération ou un retard du développement de fonctions étroitement liées à la maturation biologique du système nerveux central; (c) une évolution continue sans rémissions ni rechutes. Dans la plupart des cas, les fonctions atteintes concernent le langage, le repérage visuospatial et la coordination motrice. Habituellement, le retard ou le déficit était présent dès qu'il pouvait être mis en évidence avec certitude. Il diminue progressivement avec l'âge mais des déficits légers peuvent toutefois persister à l'âge adulte.",true,"Les troubles classés dans ce groupe ont en commun : a) un début obligatoirement dans la première ou la seconde enfance; b) une altération ou un retard du développement de fonctions étroitement liées à la maturation biologique du système nerveux central; et c) une évolution continue sans rémissions ni rechutes. Dans la plupart des cas, les fonctions atteintes concernent le langage, le repérage visuo-spatial et la coordination motrice. Habituellement, le retard ou le déficit était présent dès qu'il pouvait être mis en évidence avec certitude et il diminue progressivement avec l'âge (des déficits légers peuvent toutefois persister à l'âge adulte).",false,"",false,"",v3
les_deux,F80.0,Trouble spécifique de l'acquisition de l'articulation,V,categorie,G,definition,Class,"","",description_clinique,section Description clinique (OMS),définition ClaML du chapitre F — description clinique officielle,"Trouble spécifique du développement dans lequel l'utilisation par l'enfant des phonèmes est inférieure au niveau correspondant à son âge mental, mais avec un niveau linguistique normal.",false,"",false,"",false,"",v3
les_deux,F80.1,"Trouble de l'acquisition du langage, de type expressif",V,categorie,G,definition,Class,"","",description_clinique,section Description clinique (OMS),définition ClaML du chapitre F — description clinique officielle,"Trouble spécifique du développement dans lequel les capacités de l'enfant à utiliser le langage oral sont nettement inférieures au niveau correspondant à son âge mental, mais dans lequel la compréhension du langage se situe dans les limites de la normale. Le trouble peut s'accompagner ou non d'une perturbation de l'articulation.",false,"",false,"",false,"",v3
les_deux,F80.2,"Trouble de l'acquisition du langage, de type réceptif",V,categorie,G,definition,Class,"","",description_clinique,section Description clinique (OMS),définition ClaML du chapitre F — description clinique officielle,"Trouble spécifique du développement dans lequel les capacités de l'enfant à comprendre le langage sont inférieures au niveau correspondant à son âge mental. En fait, dans la plupart des cas, le versant expressif est lui aussi nettement altéré et il existe habituellement des perturbations de l'articulation.",false,"",false,"",false,"",v3
les_deux,F80.3,Aphasie acquise avec épilepsie [Landau–Kleffner],V,categorie,G,definition,Class,"","",description_clinique,section Description clinique (OMS),définition ClaML du chapitre F — description clinique officielle,"Trouble dans lequel l'enfant, dont le langage s'est auparavant développé normalement, perd ses acquisitions de langage à la fois sur le versant expressif et réceptif, tout en gardant une intelligence normale. La survenue du trouble s'accompagne d'anomalies paroxystiques à l'EEG et, dans la plupart des cas, de crises d'épilepsie. Le trouble apparait habituellement entre trois et sept ans, avec perte du langage en quelques jours ou quelques semaines. La succession dans le temps entre le début des crises épileptiques et la perte du langage est assez variable, l'une des deux manifestations précédant l'autre de quelques mois à deux ans. Ce trouble pourrait être dû à un processus encéphalitique inflammatoire. Dans environ deux tiers des cas, les sujets gardent un déficit plus ou moins important du langage de type réceptif.",true,"Trouble dans lequel l'enfant, dont le langage s'est auparavant développé normalement, perd ses acquisitions de langage, à la fois sur le versant expressif et réceptif, tout en gardant une intelligence normale. La survenue du trouble s'accompagne d'anomalies paroxystiques à l'EEG et, dans la plupart des cas, de crises d'épilepsie. Le trouble apparaît habituellement entre trois et sept ans, avec perte du langage en quelques jours ou quelques semaines. La succession dans le temps, entre le début des crises épileptiques et la perte du langage, est assez variable, l'une des deux manifestations précédant l'autre (ou inversement) de quelques mois à deux ans. Ce trouble pourrait être dû à un processus encéphalitique inflammatoire. Dans environ deux tiers des cas, les sujets gardent un déficit plus ou moins important du langage (de type réceptif).",false,"",false,"",v3
les_deux,F81,Troubles spécifiques du développement des acquisitions scolaires,V,categorie,G,definition,Class,"","",description_clinique,section Description clinique (OMS),définition ClaML du chapitre F — description clinique officielle,Troubles dans lesquels les modalités habituelles d'apprentissage sont altérées dès les premières étapes du développement. L'altération n'est pas seulement la conséquence d'un manque d'occasions d'apprentissage ou d'un retard mental et elle n'est pas due à un traumatisme cérébral ou à une atteinte cérébrale acquise.,false,"",false,"",false,"",v3
les_deux,F81.0,Trouble spécifique de la lecture,V,categorie,G,definition,Class,"","",description_clinique,section Description clinique (OMS),définition ClaML du chapitre F — description clinique officielle,"La caractéristique essentielle est une altération spécifique et significative de l'acquisition de la lecture, non imputable exclusivement à un âge mental bas, à des troubles de l'acuité visuelle ou à une scolarisation inadéquate. Les capacités de compréhension de la lecture, la reconnaissance des mots, la lecture orale et les performances dans les tâches nécessitant la lecture, peuvent toutes être atteintes. Le trouble spécifique de la lecture s'accompagne fréquemment de difficultés en orthographe, persistant souvent à l'adolescence, même quand l'enfant a pu faire quelques progrès en lecture. Les enfants présentant un trouble spécifique de la lecture ont souvent des antécédents de troubles de la parole ou du langage. Le trouble s'accompagne souvent de troubles émotionnels et de perturbations du comportement pendant l'âge scolaire.",false,"",false,"",false,"",v3
les_deux,F81.1,Trouble spécifique de l'acquisition de l'orthographe,V,categorie,G,definition,Class,"","",description_clinique,section Description clinique (OMS),définition ClaML du chapitre F — description clinique officielle,"La caractéristique essentielle est une altération spécifique et significative du développement des performances en orthographe, en l'absence d'antécédents d'un trouble spécifique de la lecture et non imputable à un âge mental bas, à des troubles de l'acuité visuelle, ou à une scolarisation inadéquate. Les capacités à épeler oralement et à écrire correctement les mots sont toutes deux affectées.",false,"",false,"",false,"",v3
les_deux,F81.2,Trouble spécifique de l'acquisition de l'arithmétique,V,categorie,G,definition,Class,"","",description_clinique,section Description clinique (OMS),définition ClaML du chapitre F — description clinique officielle,"Altération spécifique des performances en arithmétique non imputable exclusivement à un retard mental global ou à une scolarisation inadéquate. L'altération concerne la maitrise des éléments de base du calcul: addition, soustraction, multiplication et division (c'est-à-dire, n'est pas limitée aux capacités mathématiques plus abstraites impliquées dans l'algèbre, la trigonométrie, la géométrie ou le calcul différentiel et intégral).",false,"",false,"",false,"",v3
les_deux,F81.3,Trouble mixte des acquisitions scolaires,V,categorie,G,definition,Class,"","",description_clinique,section Description clinique (OMS),définition ClaML du chapitre F — description clinique officielle,"Catégorie résiduelle mal définie de troubles dans lesquels il existe à la fois une altération significative du calcul et de la lecture ou de l'orthographe, non imputable exclusivement à un retard mental global ou une scolarisation inadéquate. Cette catégorie doit être utilisée pour des troubles répondant à la fois aux critères de F81.2 et de F81.0 ou de F81.1.",false,"",false,"",false,"",v3
les_deux,F82,Trouble spécifique du développement moteur,V,categorie,G,definition,Class,"","",description_clinique,section Description clinique (OMS),définition ClaML du chapitre F — description clinique officielle,"Altération sévère du développement de la coordination motrice, non imputable exclusivement à un retard mental global ou à une affection neurologique spécifique, congénitale ou acquise. Dans la plupart des cas, un examen clinique détaillé permet toutefois de mettre en évidence des signes traduisant une immaturité significative du développement neurologique, par exemple des mouvements choréiformes des membres, des syncinésies d'imitation et d'autres signes moteurs associés, ainsi que des perturbations de la coordination motrice fine et globale.",false,"",false,"",false,"",v3
les_deux,F83,Troubles spécifiques mixtes du développement,V,categorie,G,definition,Class,"","",description_clinique,section Description clinique (OMS),définition ClaML du chapitre F — description clinique officielle,"Catégorie résiduelle de troubles, dans lesquels il existe à la fois des signes d'un trouble spécifique du développement, de la parole et du langage, des acquisitions scolaires et des fonctions motrices, mais sans qu'aucun de ces éléments ne prédomine suffisamment pour constituer le diagnostic principal. Cette catégorie mixte doit être réservée à des cas où il existe un chevauchement important de chacun de ces troubles spécifiques du développement. Ces troubles s'accompagnent habituellement d'un certain degré d'altération des fonctions cognitives. Cette catégorie doit ainsi être utilisée pour des perturbations répondant aux critères d'au moins deux des catégories F80.-, F81.- et F82.",true,"Catégorie résiduelle de troubles, dans lesquels il existe à la fois des signes d'un trouble spécifique du développement, de la parole et du langage, des acquisitions scolaires et des fonctions motrices, mais sans qu'aucun de ces éléments ne prédomine suffisamment pour constituer le diagnostic principal. Cette catégorie, mixte, doit être réservée à des cas où il existe un chevauchement important de chacun de ces troubles spécifiques du développement. Ces troubles s'accompagnent habituellement, mais pas toujours, d'un certain degré d'altération des fonctions cognitives. Cette catégorie doit ainsi être utilisée pour des perturbations répondant aux critères d'au moins deux des catégories F80.-, F81.- et F82.",false,"",false,"",v3
les_deux,F84,Troubles envahissants du développement,V,categorie,G,definition,Class,"","",description_clinique,section Description clinique (OMS),définition ClaML du chapitre F — description clinique officielle,"Groupe de troubles caractérisés par des altérations qualitatives des interactions sociales réciproques et des modalités de communication, ainsi que par un répertoire d'intérêts et d'activités restreint, stéréotypé et répétitif. Ces anomalies qualitatives constituent une caractéristique envahissante du fonctionnement du sujet, en toutes situations.",false,"",false,"",false,"",v3
les_deux,F84.0,Autisme infantile,V,categorie,G,definition,Class,"","",description_clinique,section Description clinique (OMS),définition ClaML du chapitre F — description clinique officielle,"Trouble envahissant du développement caractérisé par: – un développement anormal ou altéré, manifeste avant l'âge de trois ans; – une perturbation caractéristique du fonctionnement dans chacun des trois domaines psychopathologiques suivants: interactions sociales réciproques, communication, comportement (au caractère restreint, stéréotypé et répétitif). Par ailleurs, le trouble s'accompagne souvent de nombreuses autres manifestations non spécifiques, par exemple des phobies, des perturbations du sommeil et de l'alimentation, des crises de colère et des gestes autoagressifs.",true,"Trouble envahissant du développement caractérisé par : a) un développement anormal ou altéré, manifeste avant l'âge de trois ans, avec b) une perturbation caractéristique du fonctionnement dans chacun des trois domaines psychopathologiques suivants : interactions sociales réciproques, communication, comportement (au caractère restreint, stéréotypé et répétitif). Par ailleurs, le trouble s'accompagne souvent de nombreuses autres manifestations non spécifiques, par exemple des phobies, des perturbations du sommeil et de l'alimentation, des crises de colère et des gestes auto-agressifs.",false,"",false,"",v3
les_deux,F84.1,Autisme atypique,V,categorie,G,definition,Class,"","",description_clinique,section Description clinique (OMS),définition ClaML du chapitre F — description clinique officielle,"Trouble envahissant du développement, qui diffère de l'autisme infantile par l'âge de survenue ou parce qu'il ne répond pas à l'ensemble des trois groupes de critères diagnostiques d'un autisme infantile. Cette catégorie doit être utilisée pour classer un développement anormal ou altéré, se manifestant après l'âge de trois ans et ne présentant pas des manifestations pathologiques suffisantes dans un ou deux des trois domaines psychopathologiques nécessaires pour le diagnostic d'autisme (interactions sociales réciproques, communication, comportement restreint, stéréotypé et répétitif). Il existe toutefois des anomalies caractéristiques dans l'un ou l'autre de ces domaines. L'autisme atypique survient le plus souvent chez les enfants ayant un retard mental profond et un trouble spécifique sévère de l'acquisition du langage, de type réceptif.",false,"",false,"",false,"",v3
les_deux,F84.2,Syndrome de Rett,V,categorie,G,definition,Class,"","",description_clinique,section Description clinique (OMS),définition ClaML du chapitre F — description clinique officielle,"Trouble décrit jusqu'ici uniquement chez les filles, caractérisé par un développement initial apparemment normal, suivi d'une perte partielle ou complète du langage, de la marche et de l'usage des mains, associé à un ralentissement du développement crânien et survenant habituellement entre 7 et 24 mois. La perte des mouvements volontaires des mains, les mouvements stéréotypés de torsion des mains et une hyperventilation sont caractéristiques de ce trouble. Le développement social et le développement du jeu sont arrêtés, alors que l'intérêt social reste habituellement conservé. Une ataxie du tronc et une apraxie se manifestent à partir de l'âge de quatre ans, suivies souvent par des mouvements choréoathétosiques. Le trouble entraine presque toujours un retard mental sévère.",false,"",false,"",false,"",v3
les_deux,F84.3,Autre trouble désintégratif de l'enfance,V,categorie,G,definition,Class,"","",description_clinique,section Description clinique (OMS),définition ClaML du chapitre F — description clinique officielle,"Trouble envahissant du développement caractérisé par une période de développement tout à fait normale avant la survenue du trouble, cette période étant suivie d'une perte manifeste, en quelques mois, des performances antérieurement acquises dans plusieurs domaines du développement. Ces manifestations s'accompagnent typiquement d'une perte globale de l'intérêt vis-à-vis de l'environnement, de conduites motrices stéréotypées, répétitives et maniérées et d'une altération de type autistique de l'interaction sociale et de la communication. Dans certains cas, on peut démontrer que le trouble est dû à une encéphalopathie, mais le diagnostic doit reposer sur les anomalies du comportement.",false,"",false,"",false,"",v3
les_deux,F84.4,Hyperactivité associée à un retard mental et à des mouvements stéréotypés,V,categorie,G,definition,Class,"","",description_clinique,section Description clinique (OMS),définition ClaML du chapitre F — description clinique officielle,"Trouble mal défini dont la validité nosologique reste incertaine. Cette catégorie concerne des enfants ayant un retard mental prononcé (Q.I. inférieur à 34) associé à une hyperactivité importante, une perturbation majeure de l'attention et des comportements stéréotypés. Les médicaments stimulants sont habituellement inefficaces alors qu'ils peuvent être efficaces chez les enfants ayant un Q.I. normal; ils peuvent provoquer une réaction dysphorique sévère accompagnée parfois d'un ralentissement psychomoteur. À l'adolescence, l'hyperactivité fait souvent place à une hypoactivité, ce qui n'est habituellement pas le cas chez les enfants hyperkinétiques d'intelligence normale. Ce syndrome s'accompagne par ailleurs souvent de divers retards du développement, spécifiques ou globaux. On ne sait pas dans quelle mesure le syndrome comportemental est la conséquence du retard mental ou d'une lésion cérébrale organique.",true,"Trouble mal défini dont la validité nosologique reste incertaine. Cette catégorie concerne des enfants ayant un retard mental prononcé (Q.I. inférieur à 50) associé à une hyperactivité importante, une perturbation majeure de l'attention et des comportements stéréotypés. Les médicaments stimulants sont habituellement inefficaces (alors qu'ils peuvent être efficaces chez les enfants ayant un Q.I. normal) et peuvent provoquer une réaction dysphorique sévère (accompagnée parfois d'un ralentissement psychomoteur). A l'adolescence, l'hyperactivité fait souvent place à une hypoactivité (ce qui n'est habituellement pas le cas chez les enfants hyperkinétiques d'intelligence normale). Ce syndrome s'accompagne par ailleurs souvent de divers retards du développement, spécifiques ou globaux. On ne sait pas dans quelle mesure le syndrome comportemental est la conséquence du retard mental ou d'une lésion cérébrale organique.",false,"",false,"",v3
les_deux,F84.5,Syndrome d'Asperger,V,categorie,G,definition,Class,"","",description_clinique,section Description clinique (OMS),définition ClaML du chapitre F — description clinique officielle,"Trouble de validité nosologique incertaine, caractérisé par une altération qualitative des interactions sociales réciproques, semblable à celle observée dans l'autisme, associée à un répertoire d'intérêts et d'activités restreint, stéréotypé et répétitif. Il se différencie de l'autisme essentiellement par le fait qu'il ne s'accompagne pas d'un déficit ou trouble du langage, ou du développement cognitif. Les sujets présentant ce trouble sont habituellement très malhabiles. Les anomalies persistent souvent à l'adolescence et à l'âge adulte. Le trouble s'accompagne parfois d'épisodes psychotiques au début de l'âge adulte.",false,"",false,"",false,"",v3
les_deux,F90,Troubles hyperkinétiques,V,categorie,G,definition,Class,"","",description_clinique,section Description clinique (OMS),définition ClaML du chapitre F — description clinique officielle,"Groupe de troubles caractérisés par un début précoce (habituellement au cours des cinq premières années de la vie), un manque de persévérance dans les activités qui exigent une participation cognitive et une tendance à passer d'une activité à l'autre sans en finir aucune, associés à une activité globale désorganisée, incoordonnée et excessive. Les troubles peuvent s'accompagner d'autres anomalies. Les enfants hyperkinétiques sont souvent imprudents et impulsifs, sujets aux accidents, et ont souvent des problèmes avec la discipline à cause d'un manque de respect des règles, résultat d'une absence de réflexion plus que d'une opposition délibérée. Leurs relations avec les adultes sont souvent marquées par une absence d'inhibition sociale, de réserve et de retenue. Ils sont mal acceptés par les autres enfants et peuvent devenir socialement isolés. Ces troubles s'accompagnent souvent d'une altération des fonctions cognitives et d'un retard spécifique du développement de la motricité et du langage. Ils peuvent entrainer un comportement dyssocial ou une perte de l'estime de soi.",false,"",false,"",false,"",v3
ANS_2025,F91,Troubles des conduites,V,categorie,"",definition,Class,"","",description_clinique,section Description clinique (OMS),définition ClaML du chapitre F — description clinique officielle,"Le diagnostic repose sur la présence de conduites du type suivant: manifestations excessives de bagarres et de tyrannie, cruauté envers des personnes ou des animaux, destruction des biens d'autrui, conduites incendiaires, vols, mensonges répétés, école buissonnière et fugues, crises de colère et désobéissance anormalement fréquentes et graves. La présence de manifestations nettes de l'un des groupes de conduites précédents est suffisante pour le diagnostic, alors que la survenue d'actes dyssociaux isolés ne l'est pas.",false,"",false,"",false,"",v3
les_deux,F91,Troubles des conduites,V,categorie,G,definition,Class,"","",description_clinique,section Description clinique (OMS),définition ClaML du chapitre F — description clinique officielle,"Troubles caractérisés par un ensemble de conduites dyssociales, agressives ou provocatrices, répétitives et persistantes, dans lesquelles sont bafouées les règles sociales correspondant à l'âge de l'enfant. Ces troubles dépassent ainsi largement le cadre des « mauvaises blagues » ou « mauvais tours » des enfants et les attitudes habituelles de rébellion de l'adolescent. Par ailleurs, ils impliquent la notion d'un mode de fonctionnement persistant (pendant au moins six mois). Les caractéristiques d'un trouble des conduites peuvent être symptomatiques d'une autre affection psychiatrique; dans cette éventualité, ce dernier diagnostic doit être codé.",true,"Troubles caractérisés par un ensemble de conduites dyssociales, agressives ou provocatrices, répétitives et persistantes, dans lesquelles sont bafouées les règles sociales correspondant à l'âge de l'enfant. Ces troubles dépassent ainsi largement le cadre des ""mauvaises blagues"" ou ""mauvais tours"" des enfants et les attitudes habituelles de rébellion de l'adolescent. Ils impliquent, par ailleurs, la notion d'un mode de fonctionnement persistant (pendant au moins six mois). Les caractéristiques d'un trouble des conduites peuvent être symptomatiques d'une autre affection psychiatrique; dans cette éventualité, ce dernier diagnostic doit être codé. <P>Le diagnostic repose sur la présence de conduites du type suivant : manifestations excessives de bagarres et de tyrannie, cruauté envers des personnes ou des animaux, destruction des biens d'autrui, conduites incendiaires, vols, mensonges répétés, école buissonnière et fugues, crises de colère et désobéissance anormalement fréquentes et graves. La présence de manifestations nettes de l'un des groupes de conduites précédents est suffisante pour le diagnostic, alors que la survenue d'actes dyssociaux isolés ne l'est pas.",false,"",false,"",v3
les_deux,F91.0,Trouble des conduites limité au milieu familial,V,categorie,G,definition,Class,"","",description_clinique,section Description clinique (OMS),définition ClaML du chapitre F — description clinique officielle,"Trouble des conduites caractérisé par la présence d'un comportement dyssocial ou agressif (non limité à un comportement oppositionnel, provocateur ou perturbateur), se manifestant exclusivement, ou presque exclusivement, à la maison et dans les relations avec les membres de la famille nucléaire ou les personnes habitant sous le même toit. Pour un diagnostic positif, le trouble doit répondre, par ailleurs, aux critères généraux cités sous F91.-; la présence d'une perturbation, même sévère, des relations parents–enfants n'est pas en elle-même suffisante pour ce diagnostic.",false,"",false,"",false,"",v3
les_deux,F91.1,"Trouble des conduites, type mal socialisé",V,categorie,G,definition,Class,"","",description_clinique,section Description clinique (OMS),définition ClaML du chapitre F — description clinique officielle,"Trouble caractérisé par la présence d'un comportement dyssocial ou agressif persistant, répondant aux critères généraux cités en F91.-- non limité à un comportement oppositionnel, provocateur ou perturbateur, associé à une altération significative et globale des relations avec les autres enfants.",true,"Trouble caractérisé par la présence d'un comportement dyssocial ou agressif persistant (répondant aux critères généraux cités en F91.- et non limité à un comportement oppositionnel, provocateur ou perturbateur), associé à une altération significative et globale des relations avec les autres enfants.",false,"",false,"",v3
les_deux,F91.2,"Trouble des conduites, type socialisé",V,categorie,G,definition,Class,"","",description_clinique,section Description clinique (OMS),définition ClaML du chapitre F — description clinique officielle,"Trouble caractérisé par la présence d'un comportement dyssocial ou agressif, répondant aux critères généraux cités en F91.-- non limité à un comportement oppositionnel, provocateur ou perturbateur, se manifestant chez des enfants habituellement bien intégrés dans leur groupe d'âge.",true,"Trouble caractérisé par la présence d'un comportement dyssocial ou agressif (répondant aux critères généraux cités en F91.- et non limité à un comportement oppositionnel, provocateur ou perturbateur), se manifestant chez des enfants habituellement bien intégrés dans leur groupe d'âge.",false,"",false,"",v3
les_deux,F91.3,Trouble oppositionnel avec provocation,V,categorie,G,definition,Class,"","",description_clinique,section Description clinique (OMS),définition ClaML du chapitre F — description clinique officielle,"Trouble des conduites se manifestant habituellement chez de jeunes enfants, caractérisé essentiellement par un comportement provocateur, désobéissant ou perturbateur et non accompagné de comportements délictueux ou de conduites agressives ou dyssociales graves. Pour qu'un diagnostic positif puisse être porté, le trouble doit répondre aux critères généraux cités en F91.-; les « mauvaises blagues » ou « mauvais tours » et les perturbations même sévères observées chez des enfants ne justifient pas en eux-mêmes ce diagnostic. Cette catégorie doit être utilisée avec prudence, en particulier chez les enfants plus âgés, étant donné que les troubles des conduites présentant une signification clinique s'accompagnent habituellement de comportements dyssociaux ou agressifs dépassant le cadre d'un comportement provocateur, désobéissant ou perturbateur.",true,"Trouble des conduites, se manifestant habituellement chez de jeunes enfants, caractérisé essentiellement par un comportement provocateur, désobéissant ou perturbateur et non accompagné de comportements délictueux ou de conduites agressives ou dyssociales graves. Pour qu'un diagnostic positif puisse être porté, le trouble doit répondre aux critères généraux cités en F91.-; les ""mauvaises blagues"" ou ""mauvais tours"", et les perturbations même sévères, observées chez des enfants, ne justifient pas, en eux-mêmes, ce diagnostic. Cette catégorie doit être utilisée avec prudence, en particulier chez les enfants plus âgés, étant donné que les troubles des conduites présentant une signification clinique s'accompagnent habituellement de comportements dyssociaux ou agressifs dépassant le cadre d'un comportement provocateur, désobéissant ou perturbateur.",false,"",false,"",v3
les_deux,F92,Troubles mixtes des conduites et troubles émotionnels,V,categorie,G,definition,Class,"","",description_clinique,section Description clinique (OMS),définition ClaML du chapitre F — description clinique officielle,"Groupe de troubles caractérisés par la présence d'un comportement agressif, dyssocial ou provocateur, associé à des signes patents et marqués de dépression, d'anxiété ou d'autres troubles émotionnels. Pour un diagnostic positif, le trouble doit répondre à la fois aux critères d'un trouble des conduites de l'enfant (F91.-) et d'un trouble émotionnel de l'enfant (F93.-) ou d'un trouble névrotique de l'adulte (F40-F48) ou d'un trouble de l'humeur (F30-F39).",false,"",false,"",false,"",v3
les_deux,F92.0,Troubles des conduites avec dépression,V,categorie,G,definition,Class,"","",description_clinique,section Description clinique (OMS),définition ClaML du chapitre F — description clinique officielle,"Trouble caractérisé par la présence d'un trouble des conduites (F91.-), associé à une humeur dépressive marquée et persistante (F32.-), se traduisant par des symptômes tels que tristesse (l'enfant se sent très malheureux), perte d'intérêt et de plaisir pour les activités usuelles, sentiment de culpabilité et perte d'espoir. Le trouble peut s'accompagner d'une perturbation du sommeil ou de l'appétit.",false,"",false,"",false,"",v3
les_deux,F92.8,Autres troubles mixtes des conduites et troubles émotionnels,V,categorie,G,definition,Class,"","",description_clinique,section Description clinique (OMS),définition ClaML du chapitre F — description clinique officielle,"Groupe de troubles catactérisés par la présence d'un trouble des conduites (F91.-), associé à des perturbations émotionnelles persistantes et marquées, par exemple une anxiété, des obsessions ou des compulsions, une dépersonnalisation ou une déréalisation, des phobies ou une hypocondrie.",false,"",false,"",false,"",v3
les_deux,F93,Troubles émotionnels apparaissant spécifiquement dans l'enfance,V,categorie,G,definition,Class,"","",description_clinique,section Description clinique (OMS),définition ClaML du chapitre F — description clinique officielle,Exacerbation de tendances normales du développement plus que des phénomènes qualitativement anormaux en eux-mêmes. C'est essentiellement sur le caractère approprié au développement que repose la différenciation entre troubles émotionnels apparaissant spécifiquement dans l'enfance et troubles névrotiques (F40-F48).,false,"",false,"",false,"",v3
les_deux,F93.0,Angoisse de séparation de l'enfance,V,categorie,G,definition,Class,"","",description_clinique,section Description clinique (OMS),définition ClaML du chapitre F — description clinique officielle,"Trouble dans lequel l'anxiété est focalisée sur une crainte concernant la séparation, survenant pour la première fois au cours des premières années de l'enfance. Il se distingue de l'angoisse de séparation normale par son intensité, à l'évidence excessive, ou par sa persistance au-delà de la petite enfance, et par son association à une perturbation significative du fonctionnement social.",false,"",false,"",false,"",v3
les_deux,F93.1,Trouble anxieux phobique de l'enfance,V,categorie,G,definition,Class,"","",description_clinique,section Description clinique (OMS),définition ClaML du chapitre F — description clinique officielle,"Trouble caractérisé par la présence de craintes de l'enfance, hautement spécifiques d'une phase de développement, et survenant (à un certain degré) chez la plupart des enfants, mais dont l'intensité est anormale. Les autres craintes qui surviennent dans l'enfance, mais qui ne font pas partie du développement psychosocial normal (par exemple une agoraphobie), doivent être classées dans la catégorie appropriée de la section F40-F48.",false,"",false,"",false,"",v3
les_deux,F93.2,Anxiété sociale de l'enfance,V,categorie,G,definition,Class,"","",description_clinique,section Description clinique (OMS),définition ClaML du chapitre F — description clinique officielle,"Trouble caractérisé par une attitude de réserve vis-à-vis des étrangers et par une crainte ou une peur concernant les situations sociales nouvelles, inhabituelles ou inquiétantes. Cette catégorie ne doit être utilisée que lorsque de telles craintes apparaissent dans la petite enfance, sont à l'évidence excessives et s'accompagnent d'une perturbation du fonctionnement social.",false,"",false,"",false,"",v3
les_deux,F93.3,Rivalité dans la fratrie,V,categorie,G,definition,Class,"","",description_clinique,section Description clinique (OMS),définition ClaML du chapitre F — description clinique officielle,La plupart des jeunes enfants sont perturbés par la naissance d'un frère ou d'une sœur. On ne doit faire le diagnostic de rivalité dans la fratrie que lorsque la réaction émotionnelle est à l'évidence excessive ou trop prolongée et s'accompagne d'une perturbation du fonctionnement social.,true,La plupart des jeunes enfants sont perturbés par la naissance d'un frère ou d'une soeur. On ne doit faire le diagnostic de rivalité dans la fratrie que lorsque la réaction émotionnelle est à l'évidence excessive ou trop prolongée et s'accompagne d'une perturbation du fonctionnement social.,false,"",false,"",v3
les_deux,F94,Troubles du fonctionnement social apparaissant spécifiquement durant l'enfance et l'adolescence,V,categorie,G,definition,Class,"","",description_clinique,section Description clinique (OMS),définition ClaML du chapitre F — description clinique officielle,"Groupe relativement hétérogène de troubles caractérisés par la présence d'une perturbation du fonctionnement social survenant durant l'enfance, mais qui ne présentent pas les caractéristiques d'une difficulté ou d'une altération sociale, apparemment constitutionnelle, envahissant tous les domaines du fonctionnement (à l'encontre de troubles envahissants du développement). Dans de nombreux cas, des perturbations ou des carences de l'environnement jouent probablement un rôle étiologique primordial.",false,"",false,"",false,"",v3
les_deux,F94.0,Mutisme électif,V,categorie,G,definition,Class,"","",description_clinique,section Description clinique (OMS),définition ClaML du chapitre F — description clinique officielle,"Trouble caractérisé par un refus, lié à des facteurs émotionnels, de parler dans certaines situations déterminées. L'enfant est capable de parler dans certaines situations, mais refuse de parler dans d'autres situations déterminées. Le trouble s'accompagne habituellement d'une accentuation nette de certains traits de personnalité, par exemple d'une anxiété sociale, d'un retrait social, d'une hypersensibilité ou d'une opposition.",false,"",false,"",false,"",v3
les_deux,F94.1,Trouble réactionnel de l'attachement de l'enfance,V,categorie,G,definition,Class,"","",description_clinique,section Description clinique (OMS),définition ClaML du chapitre F — description clinique officielle,"Trouble apparaissant au cours des cinq premières années de la vie, caractérisé par la présence d'anomalies persistantes du mode de relations sociales de l'enfant, associées à des perturbations émotionnelles et se manifestant à l'occasion de changements dans l'environnement (par exemple par une inquiétude et une hypervigilance, une réduction des interactions sociales avec les autres enfants, une autoagressivité ou une hétéroagressivité, une tristesse, et, dans certains cas, un retard de croissance). La survenue du syndrome est probablement liée directement à une carence évidente, à des abus ou à des mauvais traitements de la part des parents.",true,"Trouble apparaissant au cours des cinq premières années de la vie, caractérisé par la présence d'anomalies persistantes du mode de relations sociales de l'enfant, associées à des perturbations émotionnelles, et se manifestant à l'occasion de changements dans l'environnement (par exemple par une inquiétude et une hypervigilance, une réduction des interactions sociales avec les autres enfants, une auto- ou une hétéro-agressivité, une tristesse, et, dans certains cas, un retard de croissance). La survenue du syndrome est probablement liée directement à une carence évidente, à des abus ou à des mauvais traitements de la part des parents.",false,"",false,"",v3
les_deux,F94.2,Trouble de l'attachement de l'enfance avec désinhibition,V,categorie,G,definition,Class,"","",description_clinique,section Description clinique (OMS),définition ClaML du chapitre F — description clinique officielle,"Trouble caractérisé par un mode particulier de fonctionnement social anormal, apparaissant durant les cinq premières années de la vie, persistant habituellement en dépit de modifications importantes de l'environnement. Exemples: conduites d'attachement généralisé et non sélectif, demandes d'affection et sociabilité non discriminatives, interactions peu différenciées avec les autres enfants. Des perturbations émotionnelles et d'autres troubles du comportement peuvent enfin être associés, variables selon les circonstances.",false,"",false,"",false,"",v3
les_deux,F95,Tics,V,categorie,G,definition,Class,"","",description_clinique,section Description clinique (OMS),définition ClaML du chapitre F — description clinique officielle,"Syndromes caractérisés par la présence au premier plan d'un tic. Un tic est un mouvement moteur ou une vocalisation involontaire, rapide, récurrent et non rythmique (impliquant habituellement des groupes musculaires déterminés), survenant brusquement et sans but apparent. Les tics sont habituellement ressentis comme étant irrépressibles, mais peuvent en général être supprimés durant une période de temps variable. Ils sont souvent exacerbés par le stress et disparaissent durant le sommeil. Les tics moteurs simples banals comportent le clignement des yeux, les mouvements brusques du cou, les haussements d'épaules et les grimaces. Les tics vocaux simples banals comportent le râclement de gorge, « l'aboiement », le reniflement et le sifflement. Les tics moteurs complexes banals concernent le fait de se frapper, de sauter et de sautiller. Les tics vocaux complexes banals comprennent la répétition de mots particuliers, avec parfois emploi de mots socialement réprouvés, souvent obscènes (coprolalie) et la répétition de ses propres sons ou mots (palilalie).",true,"Syndromes, caractérisés par la présence, au premier plan, d'un tic. Un tic est un mouvement moteur ou une vocalisation involontaire, rapide, récurrent et non rythmique (impliquant habituellement des groupes musculaires déterminés), survenant brusquement et sans but apparent. Les tics sont habituellement ressentis comme étant irrépressibles, mais peuvent en général être supprimés durant une période de temps variable. Ils sont souvent exacerbés par le stress et disparaissent durant le sommeil. Les tics moteurs simples banals comportent le clignement des yeux, les mouvements brusques du cou, les haussements d'épaules et les grimaces. Les tics vocaux simples banals comportent le râclement de gorge, ""l'aboiement"", le reniflement et le sifflement. Les tics moteurs complexes banals concernent le fait de se frapper, de sauter et de sautiller. Les tics vocaux complexes banals comprennent la répétition de mots particuliers, avec parfois emploi de mots socialement réprouvés, souvent obscènes (coprolalie) et la répétition de ses propres sons ou mots (palilalie).",false,"",false,"",v3
les_deux,F95.0,Tic transitoire,V,categorie,G,definition,Class,"","",description_clinique,section Description clinique (OMS),définition ClaML du chapitre F — description clinique officielle,"Tic répondant aux critères généraux d'un tic, mais ne persistant pas plus de douze mois. Il s'agit habituellement d'un clignement des yeux, de mimiques faciales, ou de mouvements brusques de la tête.",false,"",false,"",false,"",v3
les_deux,F95.1,Tic moteur ou vocal chronique,V,categorie,G,definition,Class,"","",description_clinique,section Description clinique (OMS),définition ClaML du chapitre F — description clinique officielle,"Trouble répondant aux critères d'un tic, caractérisé par la présence soit de tics moteurs soit de tics vocaux, mais pas des deux à la fois. Il peut s'agir d'un tic isolé ou, plus fréquemment, de tics multiples, persistant pendant plus d'un an.",false,"",false,"",false,"",v3
les_deux,F95.2,Forme associant tics vocaux et tics moteurs [syndrome de Gilles de la Tourette],V,categorie,G,definition,Class,"","",description_clinique,section Description clinique (OMS),définition ClaML du chapitre F — description clinique officielle,"Trouble caractérisé à un moment quelconque au cours de la maladie, mais pas nécessairement de façon simultanée, par des tics moteurs multiples et par un ou plusieurs tics vocaux. Le trouble s'aggrave habituellement durant l'adolescence et persiste souvent à l'âge adulte. Les tics vocaux sont souvent multiples, avec des vocalisations, des râclements de gorge et des grognements explosifs et répétés et parfois une émission de mots ou de phrases obscènes, associés, dans certains cas, à une échopraxie gestuelle pouvant également être obscène (copropraxie).",false,"",false,"",false,"",v3
les_deux,F98,Autres troubles du comportement et troubles émotionnels apparaissant habituellement durant l'enfance et l'adolescence,V,categorie,G,definition,Class,"","",description_clinique,section Description clinique (OMS),définition ClaML du chapitre F — description clinique officielle,"Groupe hétérogène de troubles qui ont en commun la caractéristique d'un début dans l'enfance, mais qui diffèrent par ailleurs sur de nombreux points. Certains constituent des syndromes nettement définis, alors que d'autres ne sont que de simples associations de symptômes; ces derniers doivent toutefois être répertoriés, d'une part en raison de leur fréquence et de leur association avec une altération du fonctionnement psychosocial, d'autre part parce qu'ils ne peuvent pas être inclus dans d'autres syndromes.",false,"",false,"",false,"",v3
les_deux,F98.0,Énurésie non organique,V,categorie,G,definition,Class,"","",description_clinique,section Description clinique (OMS),définition ClaML du chapitre F — description clinique officielle,"Trouble caractérisé par une miction involontaire, diurne et nocturne, anormale compte tenu de l'âge mental de l'enfant et qui n'est pas lié à un trouble du contrôle vésical d'origine neurologique, à des crises épileptiques ou à une anomalie organique de l'arbre urinaire. L'énurésie peut exister de façon continue depuis la naissance ou être précédée d'une période de contrôle de la fonction vésicale. Elle peut s'accompagner d'un trouble plus global des émotions ou du comportement.",false,"",false,"",false,"",v3
les_deux,F98.1,Encoprésie non organique,V,categorie,G,definition,Class,"","",description_clinique,section Description clinique (OMS),définition ClaML du chapitre F — description clinique officielle,"Trouble caractérisé par une émission fécale répétée, involontaire ou volontaire, habituellement de consistance normale ou quasinormale, dans des lieux non appropriés à cet usage, compte-tenu du contexte socioculturel du sujet. Il peut s'agir de la persistance anormale de l'incontinence infantile physiologique, de la perte du contrôle sphinctérien survenant après une période de continence fécale, ou encore d'une émission fécale délibérée dans des lieux non appropriés en dépit d'un contrôle sphinctérien normal. L'encoprésie peut constituer un trouble isolé, monosymptomatique, ou faire partie d'un autre trouble, en particulier un trouble émotionnel (F93.-) ou un trouble des conduites (F91.-).",true,"Trouble caractérisé par une émission fécale répétée, involontaire ou volontaire, habituellement de consistance normale ou quasi-normale, dans des lieux non appropriés à cet usage, compte-tenu du contexte socio-culturel du sujet. Il peut s'agir de la persistance anormale de l'incontinence infantile physiologique, ou de la perte du contrôle sphinctérien survenant après une période de continence fécale, ou encore d'une émission fécale délibérée dans des lieux non appropriés en dépit d'un contrôle sphinctérien normal. L'encoprésie peut constituer un trouble isolé, mono-symptomatique, ou faire partie d'un autre trouble, en particulier un trouble émotionnel (F93.-) ou un trouble des conduites (F91.-).",false,"",false,"",v3
les_deux,F98.2,Trouble de l'alimentation du nourrisson et de l'enfant,V,categorie,G,definition,Class,"","",description_clinique,section Description clinique (OMS),définition ClaML du chapitre F — description clinique officielle,"Trouble de l'alimentation caractérisé par des manifestations variées, habituellement spécifique de la première et de la deuxième enfance. Il implique en général un refus alimentaire et des caprices alimentaires excessifs, alors que la nourriture est appropriée, que l'entourage est adéquat et qu'il n'y a pas de maladie organique. Le trouble peut s'accompagner d'une rumination – régurgitation répétée de nourriture non accompagnée de nausées ou d'une maladie gastro-intestinale.",true,"Trouble de l'alimentation caractérisé par des manifestations variées, habituellement spécifique de la première et de la deuxième enfance. Il implique en général un refus alimentaire et des caprices alimentaires excessifs, alors que la nourriture est appropriée, que l'entourage est adéquat, et qu'il n'y a pas de maladie organique. Le trouble peut s'accompagner d'une rumination (d'une régurgitation répétée de nourriture non accompagnée de nausées ou d'une maladie gastro-intestinale).",false,"",false,"",v3
les_deux,F98.3,Pica du nourrisson et de l'enfant,V,categorie,G,definition,Class,"","",description_clinique,section Description clinique (OMS),définition ClaML du chapitre F — description clinique officielle,"Trouble caractérisé par la consommation persistante de substances non nutritives (par exemple de la terre, des bouts de peinture, etc.). Il peut faire partie d'un trouble psychiatrique plus global, tel un autisme, ou constituer un comportement psychopathologique relativement isolé. C'est seulement dans ce dernier cas que l'on fait le diagnostic de pica. Ce comportement s'observe surtout chez des enfants présentant un retard mental; dans ce dernier cas, le retard mental doit constituer le diagnostic principal (F70-F79).",false,"",false,"",false,"",v3
les_deux,F98.4,Mouvements stéréotypés,V,categorie,G,definition,Class,"","",description_clinique,section Description clinique (OMS),définition ClaML du chapitre F — description clinique officielle,"Trouble caractérisé par des mouvements intentionnels, répétitifs, stéréotypés, dépourvus de finalité et souvent rythmés, non lié à un trouble psychiatrique ou neurologique identifié. Lorsque ces mouvements surviennent dans le cadre d'un autre trouble, seul ce dernier doit être noté. Ces mouvements peuvent ne pas avoir de composante automutilatrice; ils comprennent: un balancement du corps, un balancement de la tête, le fait de s'arracher les cheveux, de se tordre les cheveux, de claquer des doigts et de battre des mains. Les comportements stéréotypés automutilateurs comprennent: le fait de se cogner la tête, de se gifler, de se mettre le doigt dans l'œil, de se mordre les mains, les lèvres ou d'autres parties du corps. L'ensemble de ces mouvements stéréotypés surviennent le plus souvent chez des enfants présentant un retard mental (dans ce cas, les deux diagnostics doivent être notés). Quand le fait de s'enfoncer le doigt dans l'œil survient chez un enfant présentant un déficit visuel, les deux diagnostics doivent être notés: le premier dans cette catégorie et le deuxième à l'aide du code somatique approprié.",true,"Trouble caractérisé par des mouvements intentionnels, répétitifs, stéréotypés, dépourvus de finalité (et souvent rythmés), non lié à un trouble psychiatrique ou neurologique identifié. Lorsque ces mouvements surviennent dans le cadre d'un autre trouble, seul ce dernier doit être noté. Ces mouvements peuvent ne pas avoir de composante automutilatrice; ils comprennent : un balancement du corps, un balancement de la tête, le fait de s'arracher les cheveux, de se tordre les cheveux, de claquer des doigts et de battre des mains. Les comportements stéréotypés auto-mutilateurs comprennent : le fait de se cogner la tête, de se gifler, de se mettre le doigt dans l'oeil, de se mordre les mains, les lèvres ou d'autres parties du corps. L'ensemble de ces mouvements stéréotypés surviennent le plus souvent chez des enfants présentant un retard mental (dans ce cas, les deux diagnostics doivent être notés). Quand le fait de s'enfoncer le doigt dans l'oeil survient chez un enfant présentant un déficit visuel, les deux diagnostics doivent être notés : le premier dans cette catégorie et le deuxième à l'aide du code somatique approprié.",false,"",false,"",v3
les_deux,F98.5,Bégaiement,V,categorie,G,definition,Class,"","",description_clinique,section Description clinique (OMS),définition ClaML du chapitre F — description clinique officielle,"Le bégaiement est caractérisé par des répétitions ou des prolongations fréquentes de sons, de syllabes ou de mots, ou par des hésitations ou des pauses fréquentes perturbant la fluence verbale. On ne parlera de trouble que si l'intensité de la perturbation gêne de façon marquée la fluence verbale.",false,"",false,"",false,"",v3
les_deux,F98.6,Bredouillement [langage précipité],V,categorie,G,definition,Class,"","",description_clinique,section Description clinique (OMS),définition ClaML du chapitre F — description clinique officielle,"Le langage précipité est caractérisé par un débit verbal anormalement rapide et un rythme irrégulier, mais sans répétitions ou hésitations, suffisamment intense pour entraver l'intelligibilité. Le langage est irrégulier et mal rythmé, consistant en des émissions verbales rapides et saccadées, habituellement avec des formes syntaxiques erronées.",true,"Le langage précipité est caractérisé par un débit verbal anormalement rapide et un rythme irrégulier, mais sans répétitions ou hésitations, suffisamment intense pour entraver l'intelligibilité. Le langage est irrégulier et mal rythmé, consistant en des émissions verbales rapides et saccadées avec, habituellement, des formes syntaxiques erronées.",false,"",false,"",v3
ANS_2025,S05F10_4.0,"","",modificateur,"",definition,"modificateur S05F10_4 .0 → F10.0, F11.0, F12.0, F13.0…","","",description_clinique,section Description clinique (OMS),définition ClaML du chapitre F — description clinique officielle ; factorisée — se rend sur les codes concrets du modificateur,Les subdivisions suivantes peuvent être utilisées comme cinquième caractère pour préciser le tableau clinique: 0sans complication 1avec traumatismes ou autres blessures physiques 2avec d’autres complications médicales 3avec délirium 4avec distorsion des perceptions 5avec coma 6avec convulsions 7intoxication pathologique,false,"",false,"",false,"",v3
les_deux,S05F10_4.0,"","",modificateur,G,definition,"modificateur S05F10_4 .0 → F10.0, F11.0, F12.0, F13.0…","","",description_clinique,section Description clinique (OMS),définition ClaML du chapitre F — description clinique officielle ; factorisée — se rend sur les codes concrets du modificateur ; note OFS de F10.0 retrouvée ici par contrôle plein texte (v3) ; note OFS de F11.0 retrouvée ici par contrôle plein texte (v3) ; note OFS de F12.0 retrouvée ici par contrôle plein texte (v3) ; note OFS de F13.0 retrouvée ici par contrôle plein texte (v3) ; note OFS de F14.0 retrouvée ici par contrôle plein texte (v3) ; note OFS de F15.0 retrouvée ici par contrôle plein texte (v3) ; note OFS de F16.0 retrouvée ici par contrôle plein texte (v3) ; note OFS de F17.0 retrouvée ici par contrôle plein texte (v3) ; note OFS de F18.0 retrouvée ici par contrôle plein texte (v3) ; note OFS de F19.0 retrouvée ici par contrôle plein texte (v3),"État consécutif à la prise d'une substance psychoactive et entraînant des perturbations de la conscience, des facultés cognitives, de la perception, de l'affect ou du comportement ou d'autres fonctions et réponses psychophysiologiques. Les perturbations sont directement liées aux effets pharmacologiques aigus de la substance consommée et disparaissent avec le temps avec guérison complète, sauf dans les cas ayant entraîné des lésions organiques ou d'autres complications. Parmi les complications, on peut citer: les traumatismes, les fausses routes avec inhalation de vomissements, le délirium, le coma, les convulsions et d'autres complications médicales. La nature de ces complications dépend de la catégorie pharmacologique de la substance consommée et de son mode d'administration.",true,"Etat consécutif à la prise d'une substance psycho-active et entraînant des perturbations de la conscience, des facultés cognitives, de la perception, de l'affect ou du comportement, ou d'autres fonctions et réponses psychophysiologiques. Les perturbations sont directement liées aux effets pharmacologiques aigus de la substance consommée, et disparaissent avec le temps, avec guérison complète, sauf dans les cas ayant entraîné des lésions organiques ou d'autres complications. Parmi les complications, on peut citer : les traumatismes, les fausses routes avec inhalation de vomissements, le delirium, le coma, les convulsions et d'autres complications médicales. La nature de ces complications dépend de la catégorie pharmacologique de la substance consommée et de son mode d'administration.",false,trouvé_sur=S05F10_4.0 (note OFS F19.0),false,"",v3
les_deux,S05F10_4.1,"","",modificateur,G,definition,"modificateur S05F10_4 .1 → F10.1, F11.1, F12.1, F13.1…","","",description_clinique,section Description clinique (OMS),définition ClaML du chapitre F — description clinique officielle ; factorisée — se rend sur les codes concrets du modificateur ; note OFS de F10.1 retrouvée ici par contrôle plein texte (v3) ; note OFS de F11.1 retrouvée ici par contrôle plein texte (v3) ; note OFS de F12.1 retrouvée ici par contrôle plein texte (v3) ; note OFS de F13.1 retrouvée ici par contrôle plein texte (v3) ; note OFS de F14.1 retrouvée ici par contrôle plein texte (v3) ; note OFS de F15.1 retrouvée ici par contrôle plein texte (v3) ; note OFS de F16.1 retrouvée ici par contrôle plein texte (v3) ; note OFS de F17.1 retrouvée ici par contrôle plein texte (v3) ; note OFS de F18.1 retrouvée ici par contrôle plein texte (v3) ; note OFS de F19.1 retrouvée ici par contrôle plein texte (v3),Mode de consommation d'une substance psychoactive qui est préjudiciable à la santé. Les complications peuvent être physiques (par exemple: hépatite consécutive à des injections de substances psychoactives par le sujet lui-même) ou psychiques (par exemple: épisodes dépressifs secondaires à une forte consommation d'alcool).,true,Mode de consommation d'une substance psycho-active qui est préjudiciable à la santé. Les complications peuvent être physiques (par exemple hépatite consécutive à des injections de substances psycho-actives par le sujet lui-même) ou psychiques (par exemple épisodes dépressifs secondaires à une forte consommation d'alcool).,false,trouvé_sur=S05F10_4.1 (note OFS F19.1),false,"",v3
ANS_2025,S05F10_4.2,"","",modificateur,"",definition,"modificateur S05F10_4 .2 → F10.2, F11.2, F12.2, F13.2…","","",description_clinique,section Description clinique (OMS),définition ClaML du chapitre F — description clinique officielle ; factorisée — se rend sur les codes concrets du modificateur,"Le syndrome de dépendance peut concerner une substance psychoactive spécifique (par exemple: le tabac, l'alcool ou le diazépam), une catégorie de substances (par exemple: les substances opiacées), ou un ensemble plus vaste de substances psychoactives pharmacologiquement différentes.",false,"",false,"",false,"",v3
ANS_2025,S05F10_4.2,"","",modificateur,"",definition,"modificateur S05F10_4 .2 → F10.2, F11.2, F12.2, F13.2…","","",description_clinique,section Description clinique (OMS),définition ClaML du chapitre F — description clinique officielle ; factorisée — se rend sur les codes concrets du modificateur,"Les subdivisions suivantes peuvent être utilisées comme cinquième et sixième caractères pour spécifier le tableau clinique: 0actuellement abstinent 00actuellement abstinent en rémission récente 01actuellement abstinent en rémission partielle 02actuellement abstinent en rémission complète 1actuellement abstinent mais dans un environnement protégé 2suit actuellement un régime de maintenance ou de substitution, sous surveillance médicale 3actuellement abstinent mais prend des médicaments aversifs ou bloquants 4utilise actuellement la drogue [dépendance active] 40dépendance active sans signe physique 41dépendance active avec signe physique 5utilisation continue 6utilisation épisodique (dipsomanie)",false,"",false,"",false,"",v3
les_deux,S05F10_4.2,"","",modificateur,G,definition,"modificateur S05F10_4 .2 → F10.2, F11.2, F12.2, F13.2…","","",description_clinique,section Description clinique (OMS),définition ClaML du chapitre F — description clinique officielle ; factorisée — se rend sur les codes concrets du modificateur ; note OFS de F10.2 retrouvée ici par contrôle plein texte (v3) ; note OFS de F11.2 retrouvée ici par contrôle plein texte (v3) ; note OFS de F12.2 retrouvée ici par contrôle plein texte (v3) ; note OFS de F13.2 retrouvée ici par contrôle plein texte (v3) ; note OFS de F14.2 retrouvée ici par contrôle plein texte (v3) ; note OFS de F15.2 retrouvée ici par contrôle plein texte (v3) ; note OFS de F16.2 retrouvée ici par contrôle plein texte (v3) ; note OFS de F17.2 retrouvée ici par contrôle plein texte (v3) ; note OFS de F18.2 retrouvée ici par contrôle plein texte (v3) ; note OFS de F19.2 retrouvée ici par contrôle plein texte (v3),"Ensemble de phénomènes comportementaux, cognitifs et physiologiques survenant à la suite d'une consommation répétée d'une substance psychoactive, typiquement associés à un désir puissant de prendre la drogue, à une difficulté à contrôler la consommation, à une poursuite de la consommation malgré des conséquences nocives, à un désinvestissement progressif des autres activités et obligations au profit de la consommation de cette drogue, à une tolérance accrue et, parfois, à un syndrome de sevrage physique.",true,"Ensemble de phénomènes comportementaux, cognitifs et physiologiques survenant à la suite d'une consommation répétée d'une substance psycho-active, typiquement associés à un désir puissant de prendre la drogue, à une difficulté à contrôler la consommation, à une poursuite de la consommation malgré des conséquences nocives, à un désinvestissement progressif des autres activités et obligations au profit de la consommation de cette drogue, à une tolérance accrue, et, parfois, à un syndrome de sevrage physique.<P>Le syndrome de dépendance peut concerner une substance psycho-active spécifique (par exemple le tabac, l'alcool ou le diazépam), une catégorie de substances (par exemple les substances opiacées), ou un ensemble plus vaste de substances psycho-actives pharmacologiquement différentes. ⧉ Ensemble de phénomènes comportementaux, cognitifs et physiologiques survenant à la suite d'une consommation répétée d'une substance psycho-active, typiquement associés à un désir puissant de prendre la drogue, à une difficulté à contrôler la consommation, à une poursuite de la consommation malgré des conséquences nocives, à un désinvestissement progressif des autres activités et obligations au profit de la consommation de cette drogue, à une tolérance accrue, et, parfois, à un syndrome de sevrage physique. Le syndrome de dépendance peut concerner une substance psycho-active spécifique (par exemple le tabac, l'alcool ou le diazépam), une catégorie de substances (par exemple les substances opiacées), ou un ensemble plus vaste de substances psycho-actives pharmacologiquement différentes.",false,trouvé_sur=S05F10_4.2 (note OFS F19.2),false,"",v3
ANS_2025,S05F10_4.3,"","",modificateur,"",definition,"modificateur S05F10_4 .3 → F10.3, F11.3, F12.3, F13.3…","","",description_clinique,section Description clinique (OMS),définition ClaML du chapitre F — description clinique officielle ; factorisée — se rend sur les codes concrets du modificateur,Les subdivisions suivantes peuvent être utilisées comme cinquième caractère pour spécifier la présence de complications: 0sans complication 1avec convulsions,false,"",false,"",false,"",v3
les_deux,S05F10_4.3,"","",modificateur,G,definition,"modificateur S05F10_4 .3 → F10.3, F11.3, F12.3, F13.3…","","",description_clinique,section Description clinique (OMS),définition ClaML du chapitre F — description clinique officielle ; factorisée — se rend sur les codes concrets du modificateur ; note OFS de F10.3 retrouvée ici par contrôle plein texte (v3) ; note OFS de F11.3 retrouvée ici par contrôle plein texte (v3) ; note OFS de F12.3 retrouvée ici par contrôle plein texte (v3) ; note OFS de F13.3 retrouvée ici par contrôle plein texte (v3) ; note OFS de F14.3 retrouvée ici par contrôle plein texte (v3) ; note OFS de F15.3 retrouvée ici par contrôle plein texte (v3) ; note OFS de F16.3 retrouvée ici par contrôle plein texte (v3) ; note OFS de F17.3 retrouvée ici par contrôle plein texte (v3) ; note OFS de F18.3 retrouvée ici par contrôle plein texte (v3) ; note OFS de F19.3 retrouvée ici par contrôle plein texte (v3),Ensemble de symptômes qui se regroupent de diverses manières et dont la gravité est variable; ils surviennent lors d'un sevrage complet ou partiel d'une substance psychoactive consommée de façon prolongée. La survenue et l'évolution du syndrome de sevrage sont limitées dans le temps et dépendent de la catégorie et de la dose de la substance psychoactive consommée immédiatement avant l'arrêt ou la réduction de la consommation. Le syndrome de sevrage peut se compliquer de convulsions.,true,Ensemble de symptômes qui se regroupent de diverses manières et dont la gravité est variable; ils surviennent lors d'un sevrage complet ou partiel d'une substance psycho-active consommée de façon prolongée. La survenue et l'évolution du syndrome de sevrage sont limitées dans le temps et dépendent de la catégorie et de la dose de la substance psycho-active consommée immédiatement avant l'arrêt ou la réduction de la consommation. Le syndrome de sevrage peut se compliquer de convulsions.,false,trouvé_sur=S05F10_4.3 (note OFS F19.3),false,"",v3
ANS_2025,S05F10_4.4,"","",modificateur,"",definition,"modificateur S05F10_4 .4 → F10.4, F11.4, F12.4, F13.4…","","",description_clinique,section Description clinique (OMS),définition ClaML du chapitre F — description clinique officielle ; factorisée — se rend sur les codes concrets du modificateur,Les subdivisions suivantes peuvent être utilisées comme cinquième caractère pour spécifier la présence de complications: 0sans convulsion 1avec convulsions,false,"",false,"",false,"",v3
les_deux,S05F10_4.4,"","",modificateur,G,definition,"modificateur S05F10_4 .4 → F10.4, F11.4, F12.4, F13.4…","","",description_clinique,section Description clinique (OMS),définition ClaML du chapitre F — description clinique officielle ; factorisée — se rend sur les codes concrets du modificateur ; note OFS de F10.4 retrouvée ici par contrôle plein texte (v3) ; note OFS de F11.4 retrouvée ici par contrôle plein texte (v3) ; note OFS de F12.4 retrouvée ici par contrôle plein texte (v3) ; note OFS de F13.4 retrouvée ici par contrôle plein texte (v3) ; note OFS de F14.4 retrouvée ici par contrôle plein texte (v3) ; note OFS de F15.4 retrouvée ici par contrôle plein texte (v3) ; note OFS de F16.4 retrouvée ici par contrôle plein texte (v3) ; note OFS de F17.4 retrouvée ici par contrôle plein texte (v3) ; note OFS de F18.4 retrouvée ici par contrôle plein texte (v3) ; note OFS de F19.4 retrouvée ici par contrôle plein texte (v3),"État dans lequel le syndrome de sevrage décrit sous le quatrième caractère.3 se complique d'un délirium (voir les critères de F05.-). Cet état peut également comporter des convulsions. Lorsque des facteurs organiques jouent également un rôle dans cette étiologie, l'état doit être classé en F05.8.",true,"Etat dans lequel le syndrome de sevrage décrit sous le quatrième chiffre .3 se complique d'un delirium (voir les critères de F05.-). Cet état peut également comporter des convulsions. Lorsque des facteurs organiques jouent également un rôle dans cette étiologie, l'état doit être classé en F05.8.",false,trouvé_sur=S05F10_4.4 (note OFS F19.4),false,"",v3
ANS_2025,S05F10_4.5,"","",modificateur,"",definition,"modificateur S05F10_4 .5 → F10.5, F11.5, F12.5, F13.5…","","",description_clinique,section Description clinique (OMS),définition ClaML du chapitre F — description clinique officielle ; factorisée — se rend sur les codes concrets du modificateur,"Les fonctions élémentaires ne sont habituellement pas touchées, mais il peut exister un certain degré d'obnubilation de la conscience, n'atteignant toutefois jamais le caractère d'une confusion grave.",false,"",false,"",false,"",v3
ANS_2025,S05F10_4.5,"","",modificateur,"",definition,"modificateur S05F10_4 .5 → F10.5, F11.5, F12.5, F13.5…","","",description_clinique,section Description clinique (OMS),définition ClaML du chapitre F — description clinique officielle ; factorisée — se rend sur les codes concrets du modificateur,Les subdivisions suivantes peuvent être utilisées comme cinquième caractère pour spécifier la présence de complications: 0d’allure schizophrénique 1avec idées délirantes au premier plan 2avec hallucinations au premier plan 3avec symptômes polymorphes au premier plan 4avec symptômes dépressifs au premier plan 5avec symptômes maniaques au premier plan 6mixte,false,"",false,"",false,"",v3
les_deux,S05F10_4.5,"","",modificateur,G,definition,"modificateur S05F10_4 .5 → F10.5, F11.5, F12.5, F13.5…","","",description_clinique,section Description clinique (OMS),définition ClaML du chapitre F — description clinique officielle ; factorisée — se rend sur les codes concrets du modificateur ; note OFS de F10.5 retrouvée ici par contrôle plein texte (v3) ; note OFS de F11.5 retrouvée ici par contrôle plein texte (v3) ; note OFS de F12.5 retrouvée ici par contrôle plein texte (v3) ; note OFS de F13.5 retrouvée ici par contrôle plein texte (v3) ; note OFS de F14.5 retrouvée ici par contrôle plein texte (v3) ; note OFS de F15.5 retrouvée ici par contrôle plein texte (v3) ; note OFS de F16.5 retrouvée ici par contrôle plein texte (v3) ; note OFS de F17.5 retrouvée ici par contrôle plein texte (v3) ; note OFS de F18.5 retrouvée ici par contrôle plein texte (v3) ; note OFS de F19.5 retrouvée ici par contrôle plein texte (v3),"Ensemble de phénomènes psychotiques survenant durant ou immédiatement après la consommation d'une substance psychoactive, qui ne peuvent être entièrement expliqués par une intoxication aigüe et qui n'entrent pas dans le cadre d'un syndrome de sevrage. Ce trouble se caractérise par la présence d'hallucinations (typiquement auditives, mais souvent également polysensorielles), d'une distorsion des perceptions, d'idées délirantes (souvent de type paranoïaque ou persécutoire), de perturbations psychomotrices (agitation ou stupeur) et d'un affect anormal, pouvant aller d'une peur intense à l'extase.",true,"Ensemble de phénomènes psychotiques survenant durant ou immédiatement après la consommation d'une substance psycho-active, qui ne peuvent être entièrement expliqués par une intoxication aiguë et qui n'entrent pas dans le cadre d'un syndrome de sevrage. Ce trouble se caractérise par la présence d'hallucinations (typiquement auditives, mais souvent également polysensorielles), d'une distorsion des perceptions, d'idées délirantes (souvent de type paranoïaque ou persécutoire), de perturbations psychomotrices (agitation ou stupeur), et d'un affect anormal, pouvant aller d'une peur intense à l'extase. Les fonctions élémentaires ne sont habituellement pas touchées, mais il peut exister un certain degré d'obnubilation de la conscience, n'atteignant toutefois jamais le caractère d'une confusion grave.",false,trouvé_sur=S05F10_4.5 (note OFS F19.5),false,"",v3
les_deux,S05F10_4.6,"","",modificateur,G,definition,"modificateur S05F10_4 .6 → F10.6, F11.6, F12.6, F13.6…","","",description_clinique,section Description clinique (OMS),définition ClaML du chapitre F — description clinique officielle ; factorisée — se rend sur les codes concrets du modificateur ; note OFS de F10.6 retrouvée ici par contrôle plein texte (v3) ; note OFS de F11.6 retrouvée ici par contrôle plein texte (v3) ; note OFS de F12.6 retrouvée ici par contrôle plein texte (v3) ; note OFS de F13.6 retrouvée ici par contrôle plein texte (v3) ; note OFS de F14.6 retrouvée ici par contrôle plein texte (v3) ; note OFS de F15.6 retrouvée ici par contrôle plein texte (v3) ; note OFS de F16.6 retrouvée ici par contrôle plein texte (v3) ; note OFS de F17.6 retrouvée ici par contrôle plein texte (v3) ; note OFS de F18.6 retrouvée ici par contrôle plein texte (v3) ; note OFS de F19.6 retrouvée ici par contrôle plein texte (v3),"Syndrome dominé par la présence de troubles chroniques de la mémoire (faits récents et anciens). La mémoire immédiate est habituellement préservée et la mémoire récente est plus sévèrement perturbée que la mémoire des faits anciens. Il y a habituellement des perturbations manifestes de la perception du temps et de la chronologie des événements, ainsi que des difficultés à apprendre des matières nouvelles. Le syndrome peut comporter une fabulation intense. Les autres fonctions cognitives sont d'habitude relativement préservées et les troubles mnésiques sont sans commune mesure avec les autres perturbations.",true,"Syndrome dominé par la présence de troubles chroniques de la mémoire (faits récents et anciens). La mémoire immédiate est habituellement préservée et la mémoire récente est plus sévèrement perturbée que la mémoire des faits anciens. Il y a habituellement des perturbations manifestes de la perception du temps et de la chronologie des événements, ainsi que des difficultés à apprendre des matières nouvelles. Le syndrome peut comporter une fabulation intense. Les autres fonctions cognitives sont d'habitude relativement préservées et les troubles mnésiques sont sans commune mesure avec les autres perturbations.",false,trouvé_sur=S05F10_4.6 (note OFS F19.6),false,"",v3
ANS_2025,S05F10_4.7,"","",modificateur,"",definition,"modificateur S05F10_4 .7 → F10.7, F11.7, F12.7, F13.7…","","",description_clinique,section Description clinique (OMS),définition ClaML du chapitre F — description clinique officielle ; factorisée — se rend sur les codes concrets du modificateur,"État dans lequel les modifications, induites par les substances psychoactives, des cognitions, des affects, de la personnalité ou du comportement persistent au-delà de la période où l'on estime que la substance psychoactive a des effets directs. La survenue de la perturbation doit être directement liée à la consommation de la substance. Les cas où le début du trouble est retardé par rapport à un (des) épisode(s) d'abus d'une substance psychoactive ne doivent être notés ici que s'il existe des arguments clairs et précis permettant d'attribuer le trouble aux effets résiduels de la substance. Les flashbacks peuvent être différenciés d'un état psychotique, en partie parce qu'ils sont épisodiques et souvent de courte durée, et en partie parce qu'ils reproduisent des expériences antérieures liées à l'alcool ou à d'autres substances psychoactives.",false,"",false,"",false,"",v3
ANS_2025,S05F10_4.7,"","",modificateur,"",definition,"modificateur S05F10_4 .7 → F10.7, F11.7, F12.7, F13.7…","","",description_clinique,section Description clinique (OMS),définition ClaML du chapitre F — description clinique officielle ; factorisée — se rend sur les codes concrets du modificateur,Les subdivisions suivantes peuvent être utilisées comme cinquième caractère pour spécifier le tableau clinique: 0flashbacks 1trouble de la personnalité ou du comportement 2trouble thymique résiduel 3démence 4autre déficit cognitif persistant 5trouble psychotique à début tardif,false,"",false,"",false,"",v3
OFS_2006,(E00-E90),"",IV,chapitre,E,"",NOTE,"",operante,instruction_codage,à trancher ligne à ligne : descente chapitre → feuilles,convention de classement (source E) — bruit probable en fiche (leçon ANT-01) ; opérante (enseigne l'emploi des codes) — reclassée depuis convention,"Toutes les tumeurs sont classées dans le Chapitre II, qu'il soit ou non fait mention d'activité fonctionnelle. On peut utiliser, au besoin, les codes de ce chapitre (E05.8, E07.0, E16.-, E20.-, E21.-, E22.-, E23.-, E24.-, E25.-, E26.-, E27.-, E28.-, E29.-, E30.-, E31.-, E34.-) comme code supplémentaire pour indiquer l'activité fonctionnelle d'une tumeur ou d'un tissu endocrinien ectopique, et l'hyperfonctionnement ou l'hypofonctionnement de glandes endocrines associé à une tumeur et à d'autres états classés ailleurs.",false,"",true,absent,false,"",v3
OFS_2006,(O95-O99),"",XV,bloc,E,"",NOTE,"",operante,instruction_codage,fiche de bloc (bibliothèque catégories) + héritage borné vers les feuilles,convention de classement (source E) — bruit probable en fiche (leçon ANT-01) ; opérante (enseigne l'emploi des codes) — reclassée depuis convention,"Pour l'utilisation des catégories O95, O96, O97, se référer aux règles et instructions du Volume 2 pour le codage de la mortalité.",false,"",true,absent,false,"",v3
OFS_2006,A09,Autres gastroentérites et colites d'origine infectieuse et non précisée,I,categorie,E,"",NOTE,"",operante,instruction_codage,section Notes de la CIM-10,convention de classement (source E) — bruit probable en fiche (leçon ANT-01) ; opérante (enseigne l'emploi des codes) — reclassée depuis convention,"Dans les pays où les affections énumérées en A09 sans précision supplémentaire peuvent être présumées d'origine non infectieuse, les classer en K52.9.",false,"",true,absent,false,"",v3
les_deux,B22.7,Maladie par VIH à l'origine de maladies multiples classées ailleurs,I,categorie,E,note,Class,"","",instruction_codage,section Notes de la CIM-10,règle d'emploi (kind note ANS) — à confirmer ; classes divergentes OFS(convention_classement) / ANS(instruction_codage) — rapprochées par code (v3),"Pour l'utilisation de cette catégorie, se référer aux règles et instructions du volume 2 concernant la morbidité ou la mortalité.",false,"",false,"",false,"",v3
ANS_2025,B90-B94,Séquelles de maladies infectieuses et parasitaires,I,bloc,"",note,Class,"","",instruction_codage,fiche de bloc (bibliothèque catégories) + héritage borné vers les feuilles,règle d'emploi (kind note ANS) — à confirmer ; note de bloc/chapitre — destination bornée (v3),Ces codes ne doivent pas être utilisés pour signaler les infections chroniques. Coder ces infections avec les codes appropriés de maladies infectieuses évolutives.,false,"",false,"",false,"",v3
ANS_2025,C00.8,Tumeur maligne à localisations contiguës de la lèvre,II,categorie,"",coding-hint,Class,"","",instruction_codage,section Notes de la CIM-10,coding-hint ClaML,[Voir note 5 au début de ce chapitre],false,"",false,"",false,"",v3
ANS_2025,C02.8,Tumeur maligne à localisations contiguës de la langue,II,categorie,"",coding-hint,Class,"","",instruction_codage,section Notes de la CIM-10,coding-hint ClaML,[Voir note 5 au début de ce chapitre],false,"",false,"",false,"",v3
ANS_2025,C02.8,Tumeur maligne à localisations contiguës de la langue,II,categorie,"",coding-hint,Class,"","",instruction_codage,section Notes de la CIM-10,coding-hint ClaML,Tumeur maligne de la langue dont le point de départ ne peut être classé à aucune des catégories C01-C02.4,false,"",false,"",false,"",v3
ANS_2025,C04.8,Tumeur maligne à localisations contiguës du plancher de la bouche,II,categorie,"",coding-hint,Class,"","",instruction_codage,section Notes de la CIM-10,coding-hint ClaML,[Voir note 5 au début de ce chapitre],false,"",false,"",false,"",v3
ANS_2025,C05.8,Tumeur maligne à localisations contiguës du palais,II,categorie,"",coding-hint,Class,"","",instruction_codage,section Notes de la CIM-10,coding-hint ClaML,[Voir note 5 au début de ce chapitre],false,"",false,"",false,"",v3
ANS_2025,C06.8,"Tumeur maligne à localisations contiguës de la bouche, parties autres et non précisées",II,categorie,"",coding-hint,Class,"","",instruction_codage,section Notes de la CIM-10,coding-hint ClaML,[Voir note 5 au début de ce chapitre],false,"",false,"",false,"",v3
ANS_2025,C08.8,Tumeur maligne à localisations contiguës des glandes salivaires principales,II,categorie,"",coding-hint,Class,"","",instruction_codage,section Notes de la CIM-10,coding-hint ClaML,[Voir note 5 au début de ce chapitre],false,"",false,"",false,"",v3
ANS_2025,C08.8,Tumeur maligne à localisations contiguës des glandes salivaires principales,II,categorie,"",coding-hint,Class,"","",instruction_codage,section Notes de la CIM-10,coding-hint ClaML,Tumeur maligne des glandes salivaires principales dont le point de départ ne peut être classé à aucune des catégories C07-C08.1,false,"",false,"",false,"",v3
ANS_2025,C09.8,Tumeur maligne à localisations contiguës de l'amygdale,II,categorie,"",coding-hint,Class,"","",instruction_codage,section Notes de la CIM-10,coding-hint ClaML,[Voir note 5 au début de ce chapitre],false,"",false,"",false,"",v3
ANS_2025,C10.8,Tumeur maligne à localisations contiguës de l'oropharynx,II,categorie,"",coding-hint,Class,"","",instruction_codage,section Notes de la CIM-10,coding-hint ClaML,[Voir note 5 au début de ce chapitre],false,"",false,"",false,"",v3
ANS_2025,C10.8,Tumeur maligne à localisations contiguës de l'oropharynx,II,categorie,"",coding-hint,Class,"","",instruction_codage,section Notes de la CIM-10,coding-hint ClaML,Carrefour pharyngolaryngé de l'oropharynx,false,"",false,"",false,"",v3
ANS_2025,C11.8,Tumeur maligne à localisations contiguës de rhinopharynx,II,categorie,"",coding-hint,Class,"","",instruction_codage,section Notes de la CIM-10,coding-hint ClaML,[Voir note 5 au début de ce chapitre],false,"",false,"",false,"",v3
ANS_2025,C13.8,Tumeur maligne à localisations contiguës de l'hypopharynx,II,categorie,"",coding-hint,Class,"","",instruction_codage,section Notes de la CIM-10,coding-hint ClaML,[Voir note 5 au début de ce chapitre],false,"",false,"",false,"",v3
ANS_2025,C14.8,"Tumeur maligne à localisations contiguës de la lèvre, de la cavité buccale et du pharynx",II,categorie,"",coding-hint,Class,"","",instruction_codage,section Notes de la CIM-10,coding-hint ClaML,[Voir note 5 au début de ce chapitre],false,"",false,"",false,"",v3
ANS_2025,C14.8,"Tumeur maligne à localisations contiguës de la lèvre, de la cavité buccale et du pharynx",II,categorie,"",coding-hint,Class,"","",instruction_codage,section Notes de la CIM-10,coding-hint ClaML,"Tumeur maligne de la lèvre, de la cavité buccale et du pharynx dont le point de départ ne peut être classé à aucune des catégories C00-C14.2",false,"",false,"",false,"",v3
ANS_2025,C15,Tumeur maligne de l'oesophage,II,categorie,"",note,Class,"","",instruction_codage,section Notes de la CIM-10,règle d'emploi (kind note ANS) — à confirmer,.0–.2 selon description anatomique,false,"",false,"",false,"",v3
ANS_2025,C15,Tumeur maligne de l'oesophage,II,categorie,"",note,Class,"","",instruction_codage,section Notes de la CIM-10,règle d'emploi (kind note ANS) — à confirmer,".3–.5 selon le tiers supérieur, moyen, inférieur.",false,"",false,"",false,"",v3
ANS_2025,C15,Tumeur maligne de l'oesophage,II,categorie,"",note,Class,"","",instruction_codage,section Notes de la CIM-10,règle d'emploi (kind note ANS) — à confirmer,"On a renoncé volontairement au principe de l'exclusion mutuelle des catégories car ces deux types de classification sont utilisés, mais les divisions anatomiques en résultant ne sont pas identiques.",false,"",false,"",false,"",v3
les_deux,C15,Tumeur maligne de l'oesophage,II,categorie,E,note,Class,"","",instruction_codage,section Notes de la CIM-10,règle d'emploi (kind note ANS) — à confirmer ; classes divergentes OFS(convention_classement) / ANS(instruction_codage) — rapprochées par code (v3),On utilisera au choix l'une des subdivisions suivantes:,true,"On utilisera au choix l'une des subdivisions suivantes:<P>.0-.2 selon description anatomique;<P>.3-.5 selon le tiers supérieur, moyen, inférieur.<P>On a renoncé volontairement au principe de l'exclusion mutuelle des catégories car ces deux types de classification sont utilisés mais les divisions anatomiques en résultant ne sont pas identiques.",false,"",false,"",v3
ANS_2025,C15.8,Tumeur maligne à localisations contiguës de l'oesophage,II,categorie,"",coding-hint,Class,"","",instruction_codage,section Notes de la CIM-10,coding-hint ClaML,[Voir note 5 au début de ce chapitre],false,"",false,"",false,"",v3
ANS_2025,C16.8,Tumeur maligne à localisations contiguës de l'estomac,II,categorie,"",coding-hint,Class,"","",instruction_codage,section Notes de la CIM-10,coding-hint ClaML,[Voir note 5 au début de ce chapitre],false,"",false,"",false,"",v3
ANS_2025,C17.8,Tumeur maligne à localisations contiguës de l'intestin grêle,II,categorie,"",coding-hint,Class,"","",instruction_codage,section Notes de la CIM-10,coding-hint ClaML,[Voir note 5 en tête du chapitre II],false,"",false,"",false,"",v3
ANS_2025,C18.8,Tumeur maligne à localisations contiguës du côlon,II,categorie,"",coding-hint,Class,"","",instruction_codage,section Notes de la CIM-10,coding-hint ClaML,[Voir note 5 en tête du chapitre II],false,"",false,"",false,"",v3
ANS_2025,C21.8,"Tumeur maligne à localisations contiguës du rectum, de l'anus et du canal anal",II,categorie,"",text,Class,"",operante,instruction_codage,section Notes de la CIM-10,kind text ANS — au critère opérant ; opérante (enseigne l'emploi des codes) — reclassée depuis convention,[Voir note 5 en tête du chapitre II],false,"",false,"",false,"",v3
ANS_2025,C24.8,Tumeur maligne à localisations contiguës des voies biliaires,II,categorie,"",coding-hint,Class,"","",instruction_codage,section Notes de la CIM-10,coding-hint ClaML,[Voir note 5 en tête du chapitre II],false,"",false,"",false,"",v3
ANS_2025,C24.8,Tumeur maligne à localisations contiguës des voies biliaires,II,categorie,"",coding-hint,Class,"","",instruction_codage,section Notes de la CIM-10,coding-hint ClaML,Tumeur maligne affectant à la fois les canaux biliaires intrahépatiques et extrahépatiques,false,"",false,"",false,"",v3
ANS_2025,C24.8,Tumeur maligne à localisations contiguës des voies biliaires,II,categorie,"",coding-hint,Class,"","",instruction_codage,section Notes de la CIM-10,coding-hint ClaML,Tumeur maligne des voies biliaires dont le point de départ ne peut être classé à aucune des catégories C22.0-C24.1,false,"",false,"",false,"",v3
ANS_2025,C25.8,Tumeur maligne à localisations contiguës du pancréas,II,categorie,"",coding-hint,Class,"","",instruction_codage,section Notes de la CIM-10,coding-hint ClaML,[Voir note 5 en tête du chapitre II],false,"",false,"",false,"",v3
ANS_2025,C26.8,Tumeur maligne à localisations contiguës de l'appareil digestif,II,categorie,"",coding-hint,Class,"","",instruction_codage,section Notes de la CIM-10,coding-hint ClaML,[Voir note 5 en tête du chapitre II],false,"",false,"",false,"",v3
ANS_2025,C26.8,Tumeur maligne à localisations contiguës de l'appareil digestif,II,categorie,"",coding-hint,Class,"","",instruction_codage,section Notes de la CIM-10,coding-hint ClaML,Tumeurs maligne des organes digestifs dont le point de départ ne peut être classé à aucune des catégories C15-C26.1,false,"",false,"",false,"",v3
ANS_2025,C31.8,Tumeur maligne à localisations contiguës des sinus de la face,II,categorie,"",coding-hint,Class,"","",instruction_codage,section Notes de la CIM-10,coding-hint ClaML,[Voir note 5 en tête du chapitre II],false,"",false,"",false,"",v3
ANS_2025,C32.8,Tumeur maligne à localisations contiguës du larynx,II,categorie,"",coding-hint,Class,"","",instruction_codage,section Notes de la CIM-10,coding-hint ClaML,[Voir note 5 en tête du chapitre II],false,"",false,"",false,"",v3
ANS_2025,C34.8,Tumeur maligne à localisations contiguës des bronches et du poumon,II,categorie,"",coding-hint,Class,"","",instruction_codage,section Notes de la CIM-10,coding-hint ClaML,[Voir note 5 en tête du chapitre II],false,"",false,"",false,"",v3
ANS_2025,C38.8,"Tumeur maligne à localisations contiguës du coeur, du médiastin et de la plèvre",II,categorie,"",coding-hint,Class,"","",instruction_codage,section Notes de la CIM-10,coding-hint ClaML,[Voir note 5 en tête du chapitre II],false,"",false,"",false,"",v3
ANS_2025,C39.8,Tumeur maligne à localisations contiguës des organes respiratoires et intrathoraciques,II,categorie,"",coding-hint,Class,"","",instruction_codage,section Notes de la CIM-10,coding-hint ClaML,[Voir note 5 en tête du chapitre II],false,"",false,"",false,"",v3
ANS_2025,C39.8,Tumeur maligne à localisations contiguës des organes respiratoires et intrathoraciques,II,categorie,"",coding-hint,Class,"","",instruction_codage,section Notes de la CIM-10,coding-hint ClaML,Tumeur maligne des organes respiratoires et intrathoraciques dont le point de départ ne peut être classé à aucune des catégories C30-C39.0,false,"",false,"",false,"",v3
ANS_2025,C40.8,Tumeur maligne à localisations contiguës des os et du cartilage articulaire des membres,II,categorie,"",coding-hint,Class,"","",instruction_codage,section Notes de la CIM-10,coding-hint ClaML,[Voir note 5 en tête du chapitre II],false,"",false,"",false,"",v3
ANS_2025,C41.8,Tumeur maligne à localisations contiguës des os et du cartilage articulaire,II,categorie,"",coding-hint,Class,"","",instruction_codage,section Notes de la CIM-10,coding-hint ClaML,[Voir note 5 en tête du chapitre II],false,"",false,"",false,"",v3
ANS_2025,C41.8,Tumeur maligne à localisations contiguës des os et du cartilage articulaire,II,categorie,"",coding-hint,Class,"","",instruction_codage,section Notes de la CIM-10,coding-hint ClaML,Tumeur maligne de l'os et du cartilage articulaire dont le point de départ ne peut être classé à aucune des catégories C40-C41.4,false,"",false,"",false,"",v3
ANS_2025,C43.8,Lésion à localisations contiguës d'un mélanome malin de la peau,II,categorie,"",coding-hint,Class,"","",instruction_codage,section Notes de la CIM-10,coding-hint ClaML,[Voir note 5 en tête du chapitre II],false,"",false,"",false,"",v3
ANS_2025,C44.8,Tumeur maligne à localisations contiguës de la peau,II,categorie,"",coding-hint,Class,"","",instruction_codage,section Notes de la CIM-10,coding-hint ClaML,[Voir note 5 en tête du chapitre II],false,"",false,"",false,"",v3
ANS_2025,C47.8,Tumeur maligne à localisations contiguës des nerfs périphériques et du système nerveux autonome,II,categorie,"",coding-hint,Class,"","",instruction_codage,section Notes de la CIM-10,coding-hint ClaML,[Voir note 5 en tête du chapitre II],false,"",false,"",false,"",v3
ANS_2025,C48.8,Tumeur maligne à localisations contiguës du rétropéritoine et du péritoine,II,categorie,"",coding-hint,Class,"","",instruction_codage,section Notes de la CIM-10,coding-hint ClaML,[Voir note 5 en tête du chapitre II],false,"",false,"",false,"",v3
ANS_2025,C49.8,Tumeur maligne à localisations contiguës du tissu conjonctif et des autres tissus mous,II,categorie,"",coding-hint,Class,"","",instruction_codage,section Notes de la CIM-10,coding-hint ClaML,[Voir note 5 en tête du chapitre II],false,"",false,"",false,"",v3
ANS_2025,C49.8,Tumeur maligne à localisations contiguës du tissu conjonctif et des autres tissus mous,II,categorie,"",coding-hint,Class,"","",instruction_codage,section Notes de la CIM-10,coding-hint ClaML,Tumeur maligne du tissu conjonctif et des autres tissus mous dont le point de départ ne peut être classé à aucune des catégories C47-C49.6,false,"",false,"",false,"",v3
ANS_2025,C50.8,Tumeur maligne à localisations contiguës du sein,II,categorie,"",coding-hint,Class,"","",instruction_codage,section Notes de la CIM-10,coding-hint ClaML,[Voir note 5 en tête du chapitre II],false,"",false,"",false,"",v3
ANS_2025,C51.8,Tumeur maligne à localisations contiguës de la vulve,II,categorie,"",coding-hint,Class,"","",instruction_codage,section Notes de la CIM-10,coding-hint ClaML,[Voir note 5 en tête du chapitre II],false,"",false,"",false,"",v3
ANS_2025,C53.8,Tumeur maligne à localisations contiguës du col de l'utérus,II,categorie,"",coding-hint,Class,"","",instruction_codage,section Notes de la CIM-10,coding-hint ClaML,[Voir note 5 en tête du chapitre II],false,"",false,"",false,"",v3
ANS_2025,C54.8,Tumeur maligne à localisations contiguës du corps de l'utérus,II,categorie,"",coding-hint,Class,"","",instruction_codage,section Notes de la CIM-10,coding-hint ClaML,[Voir note 5 en tête du chapitre II],false,"",false,"",false,"",v3
ANS_2025,C57.8,Tumeur maligne à localisations contiguës des organes génitaux de la femme,II,categorie,"",coding-hint,Class,"","",instruction_codage,section Notes de la CIM-10,coding-hint ClaML,[Voir note 5 en tête du chapitre II],false,"",false,"",false,"",v3
ANS_2025,C57.8,Tumeur maligne à localisations contiguës des organes génitaux de la femme,II,categorie,"",coding-hint,Class,"","",instruction_codage,section Notes de la CIM-10,coding-hint ClaML,Salpingoovarienne,false,"",false,"",false,"",v3
ANS_2025,C57.8,Tumeur maligne à localisations contiguës des organes génitaux de la femme,II,categorie,"",coding-hint,Class,"","",instruction_codage,section Notes de la CIM-10,coding-hint ClaML,Utéroovarienne,false,"",false,"",false,"",v3
ANS_2025,C57.8,Tumeur maligne à localisations contiguës des organes génitaux de la femme,II,categorie,"",coding-hint,Class,"","",instruction_codage,section Notes de la CIM-10,coding-hint ClaML,"Tumeur maligne des organes génitaux de la femme dont le point de départ ne peut être classé à aucune des catégories C51-C57.7, C58",false,"",false,"",false,"",v3
ANS_2025,C60.8,Tumeur maligne à localisations contiguës de la verge,II,categorie,"",coding-hint,Class,"","",instruction_codage,section Notes de la CIM-10,coding-hint ClaML,[Voir note 5 en tête du chapitre II],false,"",false,"",false,"",v3
ANS_2025,C63.8,Tumeur maligne à localisations contiguës des organes génitaux de l'homme,II,categorie,"",coding-hint,Class,"","",instruction_codage,section Notes de la CIM-10,coding-hint ClaML,[Voir note 5 en tête du chapitre II],false,"",false,"",false,"",v3
ANS_2025,C63.8,Tumeur maligne à localisations contiguës des organes génitaux de l'homme,II,categorie,"",coding-hint,Class,"","",instruction_codage,section Notes de la CIM-10,coding-hint ClaML,Tumeur maligne des organes génitaux de l'homme dont le point de départ ne peut être classé à aucune des catégories C60-C63.7,false,"",false,"",false,"",v3
ANS_2025,C67.8,Tumeur maligne à localisations contiguës de la vessie,II,categorie,"",coding-hint,Class,"","",instruction_codage,section Notes de la CIM-10,coding-hint ClaML,[Voir note 5 en tête du chapitre II],false,"",false,"",false,"",v3
ANS_2025,C68.8,Tumeur maligne à localisations contiguës des organes urinaires,II,categorie,"",coding-hint,Class,"","",instruction_codage,section Notes de la CIM-10,coding-hint ClaML,[Voir note 5 en tête du chapitre II],false,"",false,"",false,"",v3
ANS_2025,C68.8,Tumeur maligne à localisations contiguës des organes urinaires,II,categorie,"",coding-hint,Class,"","",instruction_codage,section Notes de la CIM-10,coding-hint ClaML,Tumeur maligne des organes urinaires dont le point de départ ne peut être classé à aucune des catégories C64-C68.1,false,"",false,"",false,"",v3
ANS_2025,C69.8,Tumeur maligne à localisations contiguës de l'oeil et de ses annexes,II,categorie,"",coding-hint,Class,"","",instruction_codage,section Notes de la CIM-10,coding-hint ClaML,[Voir note 5 en tête du chapitre II],false,"",false,"",false,"",v3
ANS_2025,C71.8,Tumeur maligne à localisations contiguës de l'encéphale,II,categorie,"",coding-hint,Class,"","",instruction_codage,section Notes de la CIM-10,coding-hint ClaML,[Voir note 5 en tête du chapitre II],false,"",false,"",false,"",v3
ANS_2025,C72.8,Tumeur maligne à localisations contiguës de l'encéphale et d'autres parties du système nerveux central,II,categorie,"",coding-hint,Class,"","",instruction_codage,section Notes de la CIM-10,coding-hint ClaML,[Voir note 5 en tête du chapitre II],false,"",false,"",false,"",v3
ANS_2025,C72.8,Tumeur maligne à localisations contiguës de l'encéphale et d'autres parties du système nerveux central,II,categorie,"",coding-hint,Class,"","",instruction_codage,section Notes de la CIM-10,coding-hint ClaML,Tumeur maligne de l'encéphale et d'autres parties du système nerveux central dont le point de départ ne peut être classé à aucune des catégories C70-C72.5,false,"",false,"",false,"",v3
les_deux,C75.8,"Tumeur maligne de plusieurs glandes endocrines, sans précision",II,categorie,E,note,Class,"","",instruction_codage,section Notes de la CIM-10,règle d'emploi (kind note ANS) — à confirmer ; classes divergentes OFS(convention_classement) / ANS(instruction_codage) — rapprochées par code (v3),Les sièges d'atteintes multiples connus doivent être codés séparément.,false,"",false,"",false,"",v3
ANS_2025,C76.8,Tumeur maligne à localisations contiguës de sièges autres et mal définis,II,categorie,"",coding-hint,Class,"","",instruction_codage,section Notes de la CIM-10,coding-hint ClaML,[Voir note 5 en tête du chapitre II],false,"",false,"",false,"",v3
les_deux,C84.5,Autres lymphomes à cellules T/NK matures,II,categorie,E,note,Class,"","",instruction_codage,section Notes de la CIM-10,règle d'emploi (kind note ANS) — à confirmer ; classes divergentes OFS(convention_classement) / ANS(instruction_codage) — rapprochées par code (v3),"Si une atteinte des cellules T est mentionnée à propos d'un lymphome précis, il convient de le coder selon la description la plus précise.",false,"",false,"",false,"",v3
les_deux,C85.1,"Lymphomes à cellules B, sans précision",II,categorie,E,note,Class,"","",instruction_codage,section Notes de la CIM-10,règle d'emploi (kind note ANS) — à confirmer ; classes divergentes OFS(convention_classement) / ANS(instruction_codage) — rapprochées par code (v3),"Si une atteinte des cellules B est mentionnée à propos d'un lymphome précis, il convient de le coder selon la description la plus précise.",false,"",false,"",false,"",v3
ANS_2025,C91.0,Leucémie lymphoblastique aigüe [LLA],II,categorie,"",note,Class,"","",instruction_codage,section Notes de la CIM-10,règle d'emploi (kind note ANS) — à confirmer,Ce code ne devrait être employé que pour les leucémies à cellules précurseurs B et T.,false,"",false,"",false,"",v3
ANS_2025,C92.3,Sarcome myéloïde,II,categorie,"",note,Class,"","",instruction_codage,section Notes de la CIM-10,règle d'emploi (kind note ANS) — à confirmer,Tumeur à cellules myéloïdes immatures,false,"",false,"",false,"",v3
ANS_2025,C92.8,Leucémie myéloïde aigüe avec dysplasie de plusieurs lignées cellulaires,II,categorie,"",note,Class,"","",instruction_codage,section Notes de la CIM-10,règle d'emploi (kind note ANS) — à confirmer,Leucémie myéloïde aigüe avec dysplasie de l’hématopoïèse restante et/ou antécédent de maladie myélodysplasique,false,"",false,"",false,"",v3
les_deux,C97,Tumeurs malignes de sièges multiples indépendants (primitifs),II,categorie,E,note,Class,"","",instruction_codage,section Notes de la CIM-10,règle d'emploi (kind note ANS) — à confirmer ; classes divergentes OFS(convention_classement) / ANS(instruction_codage) — rapprochées par code (v3),"Pour utiliser cette catégorie, se référer aux règles et instructions du volume 2 concernant le codage de la mortalité.",true,"Pour l'utilisation de cette catégorie, se référer aux règles et instructions du Volume 2 concernant le codage de la mortalité.",false,"",false,"",v3
ANS_2025,D45,Polyglobulie essentielle,II,categorie,"",note,Class,"","",instruction_codage,section Notes de la CIM-10,règle d'emploi (kind note ANS) — à confirmer,"La polyglobulie primitive a été reclassée avec un code d'affection maligne dans la CIM–O 3e édition. Le code D45 continuera à être utilisé, même s'il est placé dans le chapitre des tumeurs à évolution imprévisible ou inconnue. La modification de son classement sera examinée lors de la révision de la CIM–11.",false,"",false,"",false,"",v3
ANS_2025,D46.0,"Anémie réfractaire sans sidéroblastes en couronne, ainsi précisée",II,categorie,"",note,Class,"","",instruction_codage,section Notes de la CIM-10,règle d'emploi (kind note ANS) — à confirmer,"Sans excès de blastes, sans sidéroblastes",false,"",false,"",false,"",v3
ANS_2025,E40-E46,Malnutrition,IV,bloc,"",note,Class,"","",instruction_codage,fiche de bloc (bibliothèque catégories) + héritage borné vers les feuilles,règle d'emploi (kind note ANS) — à confirmer ; note de bloc/chapitre — destination bornée (v3),"Si un poids est inférieur à la valeur moyenne de la population de référence, il existe une forte présomption: – de malnutrition grave si une valeur observée se situe à trois écarts types ou plus en dessous de la valeur moyenne de la population de référence; – de malnutrition modérée pour une valeur observée située entre deux et moins de trois écarts types; – de malnutrition légère pour une valeur située entre un et moins de deux écarts types.",false,"",false,"",false,"",v3
les_deux,E40-E46,Malnutrition,IV,bloc,E,note,Class,"","",instruction_codage,fiche de bloc (bibliothèque catégories) + héritage borné vers les feuilles,règle d'emploi (kind note ANS) — à confirmer ; classes divergentes OFS(convention_classement) / ANS(instruction_codage) — rapprochées par code (v3) ; note de bloc/chapitre — destination bornée (v3),"Le degré de malnutrition se mesure généralement en termes de poids, exprimé en écarts types par rapport à la moyenne de la population de référence. Lorsqu'on dispose d'une ou plusieurs mesures antérieures, l'absence de gain pondéral chez l'enfant ou la perte de poids chez l'enfant ou chez l'adulte est en général évocateur de malnutrition. Quand on ne dispose que d'une mesure, le diagnostic est basé sur des présomptions et n'est pas certain sans autres signes cliniques ou biologiques. Dans les cas exceptionnels où l'on ne dispose d'aucune mesure de poids, il faut se fier aux signes cliniques.",true,"Le degré de malnutrition se mesure généralement en termes de poids, exprimé en écarts types par rapport à la moyenne de la population de référence. Lorsqu'on dispose d'une ou plusieurs mesures antérieures, l'absence de gain pondéral chez l'enfant, ou la perte de poids chez l'enfant ou chez l'adulte, est en général évocateur de malnutrition. Quand on ne dispose que d'une mesure, le diagnostic est basé sur des présomptions et n'est pas certain sans autres signes cliniques ou biologiques. Dans les cas exceptionnels où l'on ne dispose d'aucune mesure de poids, il faut se fier aux signes cliniques.<P>Si un poids est inférieur à la valeur moyenne de la population de référence, il existe une forte présomption : de malnutrition grave si une valeur observée se situe à trois écarts types ou plus en dessous de la valeur moyenne de la population de référence; de malnutrition modérée pour une valeur observée située entre deux et moins de trois écarts types; et de malnutrition légère pour une valeur située entre un et moins de deux écarts types.",false,"",false,"",v3
ANS_2025,E64,Séquelles de malnutrition et autres carences nutritionnelles,IV,categorie,"",note,Class,"","",instruction_codage,section Notes de la CIM-10,règle d'emploi (kind note ANS) — à confirmer,Cette catégorie ne doit pas être utilisée pour signaler la malnutrition chronique ou les carences nutritionnelles. Coder celles-ci comme une malnutrition ou des carences nutritionnelles actuelles.,false,"",false,"",false,"",v3
ANS_2025,E68,Séquelles d'excès d'apport,IV,categorie,"",note,Class,"","",instruction_codage,section Notes de la CIM-10,règle d'emploi (kind note ANS) — à confirmer,La catégorie E68 ne doit pas être utilisée pour signaler les excès d'apport chroniques. Coder ceux-ci comme des excès d'apport actuels.,false,"",false,"",false,"",v3
ANS_2025,F10-F19,Troubles mentaux et du comportement liés à l'utilisation de substances psychoactives,V,bloc,"",coding-hint,Class,"","",instruction_codage,fiche de bloc (bibliothèque catégories) + héritage borné vers les feuilles,coding-hint ClaML ; note de bloc/chapitre — destination bornée (v3),"L'identification de la substance psychoactive doit se faire à partir de toutes les sources d'information possibles. Ces dernières comportent: les informations fournies par le sujet lui-même, les analyses de sang, d'urine etc., les symptômes physiques et psychologiques caractéristiques, les signes et comportements cliniques, les drogues trouvées chez le patient, les renseignements de tierces personnes bien informées. De nombreux sujets consomment plusieurs catégories de substances psychoactives différentes. Le diagnostic principal se fera, si possible, en fonction de la substance toxique (ou de la catégorie de substances toxiques) qui est responsable du tableau clinique ou qui en détermine les caractéristiques essentielles. Des diagnostics supplémentaires doivent être codés quand d'autres substances psychoactives ont été consommées en quantité suffisante pour provoquer une intoxication (quatrième caractère.0), des conséquences nocives (quatrième caractère.1), une dépendance (quatrième caractère.2) ou d'autres troubles (quatrième caractère.3–.9).",false,"",false,"",false,"",v3
ANS_2025,F10-F19,Troubles mentaux et du comportement liés à l'utilisation de substances psychoactives,V,bloc,"",coding-hint,Class,"","",instruction_codage,fiche de bloc (bibliothèque catégories) + héritage borné vers les feuilles,coding-hint ClaML ; note de bloc/chapitre — destination bornée (v3),"Le diagnostic de troubles liés à l'utilisation de substances multiples (F19) doit être réservé à des cas où le choix des substances psychoactives se fait de façon chaotique et sans discrimination, ou dans lesquels il n'est pas possible de différencier les effets provenant des unes ou des autres.",false,"",false,"",false,"",v3
les_deux,F10-F19,Troubles mentaux et du comportement liés à l'utilisation de substances psychoactives,V,bloc,G,coding-hint,Class,"","",instruction_codage,fiche de bloc (bibliothèque catégories) + héritage borné vers les feuilles,coding-hint ClaML ; classes divergentes OFS(description_clinique) / ANS(instruction_codage) — rapprochées par code (v3) ; note de bloc/chapitre — destination bornée (v3),"Ce groupe comprend de nombreux troubles variés, de gravité et de symptomatologie diverses, mais qui sont tous liés à l'utilisation d'une ou de plusieurs substances psychoactives prescrites ou non par un médecin. Le troisième caractère du code identifie la substance impliquée alors que le quatrième caractère sert à spécifier les tableaux cliniques; les quatrièmes caractères doivent être utilisés, selon les besoins, pour chacune des substances indiquées; il convient toutefois de noter que les quatrièmes caractères du code ne sont pas tous applicables à chaque substance.",true,"Ce groupe comprend de nombreux troubles variés, de gravité et de symptomatologie diverses, mais qui sont tous liés à l'utilisation d'une ou de plusieurs substances psycho-actives, prescrites ou non par un médecin. Le troisième caractère du code identifie la substance impliquée, alors que le quatrième caractère sert à spécifier les tableaux cliniques; les quatrièmes caractères doivent être utilisés, selon les besoins, pour chacune des substances indiquées; il convient toutefois de noter que les quatrièmes caractères du code ne sont pas tous applicables à chaque substance.<P>L'identification de la substance psycho-active doit se faire à partir de toutes les sources d'information possibles. Ces dernières comportent : les informations fournies par le sujet lui-même, les analyses de sang, d'urine, etc., les symptômes physiques et psychologiques caractéristiques, les signes et comportements cliniques, les drogues trouvées chez le patient, les renseignements de tierces personnes bien informées. De nombreux sujets consomment plusieurs catégories de substances psycho-actives différentes. Le diagnostic principal se fera, si possible, en fonction de la substance toxique (ou de la catégorie de substances toxiques) qui est responsable du tableau clinique ou qui en détermine les caractéristiques essentielles. Des diagnostics supplémentaires doivent être codés quand d'autres substances psycho-actives ont été consommées en quantité suffisante pour provoquer une intoxication (quatrième chiffre .0), des conséquences nocives (quatrième chiffre .1), une dépendance (quatrième chiffre .2) ou d'autres troubles (quatrième chiffre .3-.9). <P>Le diagnostic de troubles liés à l'utilisation de substances multiples (F19) doit être réservé à des cas où le choix des substances psycho-actives se fait de façon chaotique et sans discrimination, ou dans lesquels il n'est pas possible de différencier les effets provenant des unes ou des autres.",false,"",false,"",v3
les_deux,F20-F29,"Schizophrénie, trouble schizotypique et troubles délirants",V,bloc,G,coding-hint,Class,"","",instruction_codage,fiche de bloc (bibliothèque catégories) + héritage borné vers les feuilles,coding-hint ClaML ; classes divergentes OFS(description_clinique) / ANS(instruction_codage) — rapprochées par code (v3) ; note de bloc/chapitre — destination bornée (v3),"Ce groupe réunit la schizophrénie, catégorie la plus importante de ce groupe de troubles, le trouble schizotypique, les troubles délirants persistants et un groupe assez large de troubles psychotiques aigus et transitoires. Les troubles schizoaffectifs ont été maintenus ici, bien que leur nature reste controversée.",true,"Ce groupe réunit la schizophrénie, catégorie la plus importante de ce groupe de troubles, le trouble schizotypique, les troubles délirants persistants, et un groupe assez large de troubles psychotiques aigus et transitoires. Les troubles schizo-affectifs ont été maintenus ici, bien que leur nature reste controversée.",false,"",false,"",v3
les_deux,F30-F39,Troubles de l'humeur [affectifs],V,bloc,G,coding-hint,Class,"","",instruction_codage,fiche de bloc (bibliothèque catégories) + héritage borné vers les feuilles,coding-hint ClaML ; classes divergentes OFS(description_clinique) / ANS(instruction_codage) — rapprochées par code (v3) ; note de bloc/chapitre — destination bornée (v3),"Ce groupe réunit les troubles dans lesquels la perturbation fondamentale est un changement des affects ou de l'humeur dans le sens d'une dépression (avec ou sans anxiété associée) ou d'une élation. Le changement de l'humeur est habituellement accompagné d'une modification du niveau global d'activité, et la plupart des autres symptômes sont soit secondaires à ces changements de l'humeur et de l'activité, soit facilement compréhensibles dans leur contexte. La plupart de ces troubles ont tendance à être récurrents et la survenue des épisodes individuels peut souvent être mise en relation avec des situations ou des événements stressants.",false,"",false,"",false,"",v3
les_deux,F60-F69,Troubles de la personnalité et du comportement chez l'adulte,V,bloc,G,coding-hint,Class,"","",instruction_codage,fiche de bloc (bibliothèque catégories) + héritage borné vers les feuilles,coding-hint ClaML ; classes divergentes OFS(description_clinique) / ANS(instruction_codage) — rapprochées par code (v3) ; note de bloc/chapitre — destination bornée (v3),"Ce groupe comprend divers états et types de comportement cliniquement significatifs qui ont tendance à persister et qui sont l'expression de la manière caractéristique de vivre de l'individu et de sa façon d'établir des rapports avec lui-même et avec autrui. Certains de ces états et types de comportement apparaissent précocement au cours du développement individuel sous l'influence conjointe de facteurs constitutionnels et sociaux, tandis que d'autres sont acquis plus tard dans la vie. Les troubles spécifiques de la personnalité (F60.-), les troubles mixtes et autres troubles de la personnalité (F61.-) et les modifications durables de la personnalité (F62.-) représentent des modalités de comportement profondément enracinées et durables, consistant en des réactions inflexibles à des situations personnelles et sociales de nature très variée. Ces troubles représentent des déviations soit extrêmes soit significatives des perceptions, des pensées, des sensations et particulièrement des relations avec autrui par rapport à celles d'un individu moyen d'une culture donnée. De tels types de comportement sont généralement stables et englobent de multiples domaines du comportement et du fonctionnement psychologique. Ils sont souvent, mais pas toujours, associés à une souffrance subjective et à une altération du fonctionnement social d'intensité variable.",false,"",false,"",false,"",v3
les_deux,F66,Problèmes psychologiques et comportementaux associés au développement sexuel et à son orientation,V,categorie,E,note,Class,"","",instruction_codage,section Notes de la CIM-10,règle d'emploi (kind note ANS) — à confirmer ; classes divergentes OFS(convention_classement) / ANS(instruction_codage) — rapprochées par code (v3),"L'orientation sexuelle n'est pas, en elle-même, à considérer comme un trouble.",false,"",false,"",false,"",v3
ANS_2025,G09,Séquelles d'affections inflammatoires du système nerveux central,VI,categorie,"",note,Class,"","",instruction_codage,section Notes de la CIM-10,règle d'emploi (kind note ANS) — à confirmer,Cette catégorie ne doit pas être utilisée pour signaler les maladies inflammatoires chroniques du système nerveux central. Coder ces affections comme des maladies inflammatoires du système nerveux central évolutives.,false,"",false,"",false,"",v3
les_deux,G09,Séquelles d'affections inflammatoires du système nerveux central,VI,categorie,E,note,Class,"","",instruction_codage,section Notes de la CIM-10,règle d'emploi (kind note ANS) — à confirmer ; classes divergentes OFS(convention_classement) / ANS(instruction_codage) — rapprochées par code (v3),"La catégorie G09 doit être utilisée pour définir des affections classées à l'origine en G00-G08 (c'est-à-dire à l'exclusion de celles marquées d'un astérisque (*)) comme causes de séquelles, ces dernières pouvant être classées ailleurs. Le terme « séquelles » comprend des états précisés comme tels ou comme effets tardifs, ou présents une année ou plus après le début de l'affection causale. Pour l'utilisation de cette catégorie, se référer aux règles et instructions du volume 2 concernant la morbidité et la mortalité.",true,"Cette rubrique doit être utilisée pour définir des affections classées à l'origine en G00, G01, G02, G03, G04, G05, G06, G07, G08 (c'est-à-dire à l'exclusion de celles marquées d'un astérisque (*)) comme causes de séquelles, ces dernières pouvant être classées ailleurs. Le terme ""séquelles"" comprend des états précisés comme tels ou comme effets tardifs, ou présents une année ou plus après le début de l'affection causale. Pour l'utilisation de cette catégorie, se référer aux règles et instructions du Volume 2 concernant la morbidité et la mortalité.",false,"",false,"",v3
les_deux,G11.1,Ataxie cérébelleuse à début précoce,VI,categorie,E,note,Class,"","",instruction_codage,section Notes de la CIM-10,règle d'emploi (kind note ANS) — à confirmer ; classes divergentes OFS(convention_classement) / ANS(instruction_codage) — rapprochées par code (v3),Début habituellement avant l'âge de 20 ans,false,"",false,"",false,"",v3
les_deux,G11.2,Ataxie cérébelleuse tardive,VI,categorie,E,note,Class,"","",instruction_codage,section Notes de la CIM-10,règle d'emploi (kind note ANS) — à confirmer ; classes divergentes OFS(convention_classement) / ANS(instruction_codage) — rapprochées par code (v3),Début habituellement après l'âge de 20 ans,false,"",false,"",false,"",v3
les_deux,G30.0,Maladie d'Alzheimer à début précoce,VI,categorie,E,note,Class,"","",instruction_codage,section Notes de la CIM-10,règle d'emploi (kind note ANS) — à confirmer ; classes divergentes OFS(convention_classement) / ANS(instruction_codage) — rapprochées par code (v3),Début habituellement avant l'âge de 65 ans,false,"",false,"",false,"",v3
les_deux,G30.1,Maladie d'Alzheimer à début tardif,VI,categorie,E,note,Class,"","",instruction_codage,section Notes de la CIM-10,règle d'emploi (kind note ANS) — à confirmer ; classes divergentes OFS(convention_classement) / ANS(instruction_codage) — rapprochées par code (v3),Début habituellement après l'âge de 65 ans,false,"",false,"",false,"",v3
les_deux,H54,Déficience visuelle incluant la cécité (binoculaire ou monoculaire),VII,categorie,N,note,Class,"","",instruction_codage,section Notes de la CIM-10,règle d'emploi (kind note ANS) — à confirmer ; classes divergentes OFS(definition) / ANS(instruction_codage) — rapprochées par code (v3),"Pour la définition de la catégorie des atteintes visuelles, se reporter au tableau ci-après.",true,"Pour la définition de la catégorie des atteintes visuelles, se reporter au tableau.",false,"",false,"",v3
ANS_2025,H54.9,Déficience visuelle non précisée (binoculaire),VII,categorie,"",text,Class,"",operante,instruction_codage,section Notes de la CIM-10,kind text ANS — au critère opérant ; opérante (enseigne l'emploi des codes) — reclassée depuis convention,Déficience visuelle de catégorie 9,false,"",false,"",false,"",v3
ANS_2025,H54.9,Déficience visuelle non précisée (binoculaire),VII,categorie,"",note,Class,"","",instruction_codage,section Notes de la CIM-10,règle d'emploi (kind note ANS) — à confirmer,Le tableau ci-dessous présente une classification de la sévérité de la déficience visuelle issue de la résolution du Conseil international d’ophtalmologie (2002) et des recommandations de la consultation de l’OMS sur le « développement de normes pour caractériser la fonction visuelle et la perte de vision » (WHO/PBL/03.91; 2003).,false,"",false,"",false,"",v3
ANS_2025,H54.9,Déficience visuelle non précisée (binoculaire),VII,categorie,"",note,Class,"","",instruction_codage,section Notes de la CIM-10,règle d'emploi (kind note ANS) — à confirmer,"Pour caractériser une déficience visuelle avec les codes H54.0 à H54.3, l’acuité visuelle doit être mesurée les deux yeux ouverts avec la correction portée si elle existe. Pour caractériser une déficience visuelle avec les codes H54.4 à H54.6, l’acuité visuelle doit être mesurée œil par œil avec la correction portée si elle existe.",false,"",false,"",false,"",v3
ANS_2025,H54.9,Déficience visuelle non précisée (binoculaire),VII,categorie,"",note,Class,"","",instruction_codage,section Notes de la CIM-10,règle d'emploi (kind note ANS) — à confirmer,"Si l’atteinte du champ visuel est prise en considération, les patients avec un champ visuel restant du meilleur œil inférieur à 10° de rayon autour du point de fixation central doivent être classés dans la catégorie 3. Pour la cécité monoculaire (H54.4), ce degré de perte du champ visuel doit s’appliquer à l’œil atteint.",false,"",false,"",false,"",v3
ANS_2025,H54.9,Déficience visuelle non précisée (binoculaire),VII,categorie,"",footnote,Class,"",operante,instruction_codage,section Notes de la CIM-10,kind footnote ANS — éditorial ; opérante (enseigne l'emploi des codes) — reclassée depuis convention,* Ou compte les doigts (CLD) à 1 mètre,false,"",false,"",false,"",v3
ANS_2025,H54.9,Déficience visuelle non précisée (binoculaire),VII,categorie,"",coding-hint,Class,"","",instruction_codage,section Notes de la CIM-10,coding-hint ClaML,"Catégorie de déficience visuelle Acuité visuelle de loin corrigée Inférieure à: Égale ou supérieure à: Déficience visuelle légère ou absente 0 6/18 3/10 (0,3) 20/70 Déficience visuelle modérée 1 6/18 6/60 3/10 (0,3) 1/10 (0,1) 20/70 20/200 Déficience visuelle sévère 2 6/60 3/60 1/10 (0,1) 1/20 (0,05) 20/200 20/400 Cécité 3 3/60 1/60* 1/20 (0,05) 1/50 (0,02) 20/400 5/300 (20/1200) Cécité 4 1/60* Perception de la lumière 1/50 (0,02) 5/300 Cécité 5 Pas de perception de la lumineuse 9 Indéterminée ou non précisé",false,"",false,"",false,"",v3
les_deux,I20-I25,Cardiopathies ischémiques,IX,bloc,N,note,Class,"","",instruction_codage,fiche de bloc (bibliothèque catégories) + héritage borné vers les feuilles,règle d'emploi (kind note ANS) — à confirmer ; note de bloc/chapitre — destination bornée (v3) ; verdict RF 2026-09-14 (doré) : rendue,"Pour la morbidité, le laps de temps dont il est fait mention en I21-I22 et I24-I25 est l'intervalle entre le début de l'épisode ischémique et l'admission pour soins. Pour la mortalité, le laps de temps est l'intervalle entre le début de cet épisode et la mort.",true,"Utiliser, au besoin, un code supplémentaire pour identifier l'existence d'hypertension.",false,"",false,"",v3
ANS_2025,I21,Infarctus aigu du myocarde,IX,categorie,"",note,Class,"","",instruction_codage,section Notes de la CIM-10,règle d'emploi (kind note ANS) — à confirmer,Les subdivisions suivantes doivent être utilisées comme caractère supplémentaire après le quatrième caractère pour distinguer le moment de la prise en charge:,false,"",false,"",false,"",v3
ANS_2025,I22,Infarctus du myocarde à répétition,IX,categorie,"",note,Class,"","",instruction_codage,section Notes de la CIM-10,règle d'emploi (kind note ANS) — à confirmer,"Pour le codage de la morbidité, cette catégorie doit être utilisée pour les infarctus de tous sites, survenant pendant 4 semaines (28 jours) à partir du précédent infarctus.",false,"",false,"",false,"",v3
ANS_2025,I69,Séquelles de maladies cérébrovasculaires,IX,categorie,"",note,Class,"","",instruction_codage,section Notes de la CIM-10,règle d'emploi (kind note ANS) — à confirmer,Cette catégorie ne doit pas être utilisée pour signaler les maladies cérébrovasculaires chroniques. Coder ces affections avec les catégories I60-I67.,false,"",false,"",false,"",v3
les_deux,I69,Séquelles de maladies cérébrovasculaires,IX,categorie,E,note,Class,"","",instruction_codage,section Notes de la CIM-10,règle d'emploi (kind note ANS) — à confirmer ; classes divergentes OFS(convention_classement) / ANS(instruction_codage) — rapprochées par code (v3),"La catégorie I69 doit être utilisée pour les états antérieurs classés en I60–I67.1 et I67.4–I67.9 en tant que cause de séquelles, elles-mêmes étant codées ailleurs. Les séquelles comprennent les maladies précisées comme telles ou comme conséquences tardives ou existant un an ou plus après le début de la maladie.",true,"Cette catégorie doit être utilisée pour les états classés en I60.-, I61.-, I62.-, I63.-, I64, I65.-, I66.-, I67.- en tant que cause de séquelles, elles-mêmes étant codées ailleurs. Les séquelles comprennent les maladies précisées comme telles ou comme conséquences tardives ou existantes un an ou plus après le début de la maladie.",false,"",false,"",v3
ANS_2025,IV,"Maladies endocriniennes, nutritionnelles et métaboliques",IV,chapitre,"",note,Class,"","",instruction_codage,à trancher ligne à ligne : descente chapitre → feuilles,règle d'emploi (kind note ANS) — à confirmer ; note de bloc/chapitre — destination bornée (v3),"Toutes les tumeurs sont classées dans le Chapitre II, qu'il soit ou non fait mention d'activité fonctionnelle. On peut utiliser, au besoin, les codes de ce chapitre (E05.8) (E07.0) (E16-E31) (E34.-) comme code supplémentaire pour indiquer l'activité fonctionnelle d'une tumeur ou d'un tissu endocrinien ectopique, et l'hyperfonctionnement ou l'hypofonctionnement de glandes endocrines associé à une tumeur et à d'autres états classés ailleurs.",false,"",false,"",false,"",v3
ANS_2025,J09,"Grippe, à virus grippal zoonotique ou pandémique identifié",X,categorie,"",note,Class,"","",instruction_codage,section Notes de la CIM-10,règle d'emploi (kind note ANS) — à confirmer,"pour l'utilisation de cette catégorie, il faut se référer aux recommandations du programme mondial de lutte contre la grippe de l'OMS (http://www.who.int/influenza/fr/)",false,"",false,"",false,"",v3
ANS_2025,J40,"Bronchite, non précisée aigüe ou chronique",X,categorie,"",note,Class,"","",instruction_codage,section Notes de la CIM-10,règle d'emploi (kind note ANS) — à confirmer,Bronchite: SAI,false,"",false,"",false,"",v3
ANS_2025,J40,"Bronchite, non précisée aigüe ou chronique",X,categorie,"",note,Class,"","",instruction_codage,section Notes de la CIM-10,règle d'emploi (kind note ANS) — à confirmer,Bronchite: avec trachéite SAI,false,"",false,"",false,"",v3
ANS_2025,J40,"Bronchite, non précisée aigüe ou chronique",X,categorie,"",note,Class,"","",instruction_codage,section Notes de la CIM-10,règle d'emploi (kind note ANS) — à confirmer,Bronchite: catarrhale,false,"",false,"",false,"",v3
ANS_2025,J40,"Bronchite, non précisée aigüe ou chronique",X,categorie,"",note,Class,"","",instruction_codage,section Notes de la CIM-10,règle d'emploi (kind note ANS) — à confirmer,Trachéobronchite SAI,false,"",false,"",false,"",v3
les_deux,J40,"Bronchite, non précisée aigüe ou chronique",X,categorie,E,note,Class,"","",instruction_codage,section Notes de la CIM-10,règle d'emploi (kind note ANS) — à confirmer ; classes divergentes OFS(convention_classement) / ANS(instruction_codage) — rapprochées par code (v3),"La bronchite, non précisée aigüe ou chronique chez un sujet de moins de 15 ans, peut être présumée aigüe et doit être classée en J20.-.",true,"La bronchite, non précisée comme aiguë ou chronique chez un sujet de moins de 15 ans, peut être présumée aiguë et doit être classée en J20.-.",false,"",false,"",v3
les_deux,K40-K46,Hernies,XI,bloc,E,note,Class,"","",instruction_codage,fiche de bloc (bibliothèque catégories) + héritage borné vers les feuilles,règle d'emploi (kind note ANS) — à confirmer ; classes divergentes OFS(convention_classement) / ANS(instruction_codage) — rapprochées par code (v3) ; note de bloc/chapitre — destination bornée (v3) ; verdict RF 2026-09-14 (doré) : rendue,Hernie avec gangrène et occlusion doit être codée à hernie avec gangrène.,false,"",false,"",false,"",v3
les_deux,L20-L30,Dermatoses et exémas [eczémas],XII,bloc,E,note,Class,"","",instruction_codage,fiche de bloc (bibliothèque catégories) + héritage borné vers les feuilles,règle d'emploi (kind note ANS) — à confirmer ; classes divergentes OFS(convention_classement) / ANS(instruction_codage) — rapprochées par code (v3) ; note de bloc/chapitre — destination bornée (v3) ; verdict RF 2026-09-14 (doré) : rendue,"Dans cette catégorie, les termes dermite et exéma [eczéma] sont utilisés comme synonymes et sont interchangeables.",true,"Dans cette catégorie, les termes dermite et eczéma sont utilisés comme synonymes et sont interchangeables.",false,"",false,"",v3
ANS_2025,L89,Ulcère de décubitus et zone de pression,XII,categorie,"",note,Class,"","",instruction_codage,section Notes de la CIM-10,règle d'emploi (kind note ANS) — à confirmer,"En cas de localisations multiples à différents stades, coder uniquement le stade le plus grave.",false,"",false,"",false,"",v3
ANS_2025,L89.0,Zone de pression et ulcère de décubitus de stade I,XII,categorie,"",text,Class,"",operante,instruction_codage,section Notes de la CIM-10,kind text ANS — au critère opérant ; opérante (enseigne l'emploi des codes) — reclassée depuis convention,Ulcère de décubitus [pression] limité à un érythème,false,"",false,"",false,"",v3
ANS_2025,L89.0,Zone de pression et ulcère de décubitus de stade I,XII,categorie,"",note,Class,"","",instruction_codage,section Notes de la CIM-10,règle d'emploi (kind note ANS) — à confirmer,"L'ulcère apparait comme une zone délimitée de rougeur persistante (érythème) sur les peaux claires; sur les peaux plus sombres l'ulcère pourra apparaitre de teinte persistante rouge, bleue ou violette, sans perte de substance cutanée.",false,"",false,"",false,"",v3
ANS_2025,M00,Arthrites à bactéries pyogènes,XIII,categorie,"",coding-hint,Class,"","",instruction_codage,section Notes de la CIM-10,coding-hint ClaML,[Voir codage de la localisation au début de ce chapitre],false,"",false,"",false,"",v3
ANS_2025,M00-M03,Arthropathies infectieuses,XIII,bloc,"",note,Class,"","",instruction_codage,fiche de bloc (bibliothèque catégories) + héritage borné vers les feuilles,règle d'emploi (kind note ANS) — à confirmer ; note de bloc/chapitre — destination bornée (v3),Une distinction est faite entre les étiologies suivantes:,false,"",false,"",false,"",v3
ANS_2025,M00-M03,Arthropathies infectieuses,XIII,bloc,"",note,Class,"","",instruction_codage,fiche de bloc (bibliothèque catégories) + héritage borné vers les feuilles,règle d'emploi (kind note ANS) — à confirmer ; note de bloc/chapitre — destination bornée (v3),"a) arthrite infectieuse directe, dans laquelle des organismes envahissent le tissu synovial et où un antigène microbien est présent dans l'articulation;",false,"",false,"",false,"",v3
ANS_2025,M00-M03,Arthropathies infectieuses,XIII,bloc,"",note,Class,"","",instruction_codage,fiche de bloc (bibliothèque catégories) + héritage borné vers les feuilles,règle d'emploi (kind note ANS) — à confirmer ; note de bloc/chapitre — destination bornée (v3),b) arthrite infectieuse indirecte qui peut être de deux types:,false,"",false,"",false,"",v3
ANS_2025,M00-M03,Arthropathies infectieuses,XIII,bloc,"",note,Class,"","",instruction_codage,fiche de bloc (bibliothèque catégories) + héritage borné vers les feuilles,règle d'emploi (kind note ANS) — à confirmer ; note de bloc/chapitre — destination bornée (v3),- arthropathie réactionnelle dans laquelle l'infection microbienne générale est identifiée mais sans identification d'organismes ni d'antigènes dans l'articulation;,false,"",false,"",false,"",v3
ANS_2025,M00-M03,Arthropathies infectieuses,XIII,bloc,"",note,Class,"","",instruction_codage,fiche de bloc (bibliothèque catégories) + héritage borné vers les feuilles,règle d'emploi (kind note ANS) — à confirmer ; note de bloc/chapitre — destination bornée (v3),- arthropathie postinfectieuse dans laquelle l'antigène microbien est présent mais la découverte de l'agent microbien est inconstante et la multiplication de celui-ci ne peut être mise en évidence.,false,"",false,"",false,"",v3
les_deux,M00-M03,Arthropathies infectieuses,XIII,bloc,G,note,Class,"","",instruction_codage,fiche de bloc (bibliothèque catégories) + héritage borné vers les feuilles,règle d'emploi (kind note ANS) — à confirmer ; classes divergentes OFS(definition) / ANS(instruction_codage) — rapprochées par code (v3) ; note de bloc/chapitre — destination bornée (v3),Cette section comprend les arthropathies dues à des agents microbiens.,true,"Cette section comprend les arthropathies dues à des agents microbiens.<P>Une distinction est faite entre les étiologies suivantes:<P>a) arthrite infectieuse directe, dans laquelle des organismes envahissent le tissu synovial et où un antigène microbien est présent dans l'articulation;<P>b) arthrite infectieuse indirecte qui peut être de deux types: arthropathie réactionnelle dans laquelle l'infection microbienne générale est identifiée mais sans identification d'organismes ni d'antigènes dans l'articulation et arthropathie post-infectieuse dans laquelle l'antigène microbien est présent mais la découverte de l'agent microbien est inconstante et la multiplication de celui-ci ne peut être mise en évidence.",false,"",false,"",v3
ANS_2025,M00-M25,Arthropathies,XIII,bloc,"",text,Class,"",operante,instruction_codage,fiche de bloc (bibliothèque catégories) + héritage borné vers les feuilles,kind text ANS — au critère opérant ; opérante (enseigne l'emploi des codes) — reclassée depuis convention,Affections touchant principalement les articulations périphériques (membres),false,"",false,"",false,"",v3
ANS_2025,M01,Arthrites infectieuses directes au cours de maladies infectieuses et parasitaires classées ailleurs,XIII,categorie,"",coding-hint,Class,"","",instruction_codage,section Notes de la CIM-10,coding-hint ClaML,[Voir codage de la localisation au début de ce chapitre],false,"",false,"",false,"",v3
ANS_2025,M02,Arthropathies réactionnelles,XIII,categorie,"",coding-hint,Class,"","",instruction_codage,section Notes de la CIM-10,coding-hint ClaML,[Voir codage de la localisation au début de ce chapitre],false,"",false,"",false,"",v3
ANS_2025,M03,Arthropathies postinfectieuses et réactionnelles au cours de maladies classées ailleurs,XIII,categorie,"",coding-hint,Class,"","",instruction_codage,section Notes de la CIM-10,coding-hint ClaML,[Voir codage de la localisation au début de ce chapitre],false,"",false,"",false,"",v3
ANS_2025,M05,Polyarthrite rhumatoïde séropositive,XIII,categorie,"",coding-hint,Class,"","",instruction_codage,section Notes de la CIM-10,coding-hint ClaML,[Voir codage de la localisation au début de ce chapitre],false,"",false,"",false,"",v3
ANS_2025,M06,Autres polyarthrites rhumatoïdes,XIII,categorie,"",coding-hint,Class,"","",instruction_codage,section Notes de la CIM-10,coding-hint ClaML,[Voir codage de la localisation au début de ce chapitre],false,"",false,"",false,"",v3
ANS_2025,M07,Arthropathies psoriasiques et entéropathiques,XIII,categorie,"",coding-hint,Class,"","",instruction_codage,section Notes de la CIM-10,coding-hint ClaML,[Voir codage de la localisation au début de ce chapitre],false,"",false,"",false,"",v3
ANS_2025,M08,Polyarthrites juvéniles,XIII,categorie,"",coding-hint,Class,"","",instruction_codage,section Notes de la CIM-10,coding-hint ClaML,[Voir codage de la localisation au début de ce chapitre],false,"",false,"",false,"",v3
ANS_2025,M09,Polyarthrite juvénile au cours de maladies classées ailleurs,XIII,categorie,"",coding-hint,Class,"","",instruction_codage,section Notes de la CIM-10,coding-hint ClaML,[Voir codage de la localisation au début de ce chapitre],false,"",false,"",false,"",v3
ANS_2025,M10,Goutte,XIII,categorie,"",coding-hint,Class,"","",instruction_codage,section Notes de la CIM-10,coding-hint ClaML,[Voir codage de la localisation au début de ce chapitre],false,"",false,"",false,"",v3
ANS_2025,M11,Autres arthropathies dues à des microcristaux,XIII,categorie,"",coding-hint,Class,"","",instruction_codage,section Notes de la CIM-10,coding-hint ClaML,[Voir codage de la localisation au début de ce chapitre],false,"",false,"",false,"",v3
ANS_2025,M12,Autres arthropathies spécifiques,XIII,categorie,"",coding-hint,Class,"","",instruction_codage,section Notes de la CIM-10,coding-hint ClaML,[Voir codage de la localisation au début de ce chapitre],false,"",false,"",false,"",v3
ANS_2025,M13,Autres arthrites,XIII,categorie,"",coding-hint,Class,"","",instruction_codage,section Notes de la CIM-10,coding-hint ClaML,[Voir codage de la localisation au début de ce chapitre],false,"",false,"",false,"",v3
les_deux,M15-M19,Arthroses,XIII,bloc,E,note,Class,"","",instruction_codage,fiche de bloc (bibliothèque catégories) + héritage borné vers les feuilles,règle d'emploi (kind note ANS) — à confirmer ; classes divergentes OFS(convention_classement) / ANS(instruction_codage) — rapprochées par code (v3) ; note de bloc/chapitre — destination bornée (v3) ; verdict RF 2026-09-14 (doré) : rendue,"Dans cette section, le terme « ostéoarthrite » est utilisé comme synonyme d'arthrose ou d'ostéoarthrose. Le terme « primaire » est utilisé dans son sens clinique habituel, c'est-à-dire sans identification d'une affection causale.",true,"Dans cette section, le terme ostéo-arthrite est utilisé comme synonyme d'arthrose ou d'ostéoarthrose. Le terme ""primaire"" est utilisé dans son sens clinique habituel c'est-à-dire sans identification d'une cause sous-jacente ou déterminante.",false,"",false,"",v3
ANS_2025,M19,Autres arthroses,XIII,categorie,"",coding-hint,Class,"","",instruction_codage,section Notes de la CIM-10,coding-hint ClaML,[Voir codage de la localisation au début de ce chapitre],false,"",false,"",false,"",v3
ANS_2025,M21,Autres déformations des membres,XIII,categorie,"",coding-hint,Class,"","",instruction_codage,section Notes de la CIM-10,coding-hint ClaML,[Voir codage de la localisation au début de ce chapitre],false,"",false,"",false,"",v3
ANS_2025,M24,Autres affections articulaires spécifiques,XIII,categorie,"",coding-hint,Class,"","",instruction_codage,section Notes de la CIM-10,coding-hint ClaML,[Voir codage de la localisation au début de ce chapitre],false,"",false,"",false,"",v3
ANS_2025,M25,"Autres affections articulaires, non classées ailleurs",XIII,categorie,"",coding-hint,Class,"","",instruction_codage,section Notes de la CIM-10,coding-hint ClaML,[Voir codage de la localisation au début de ce chapitre],false,"",false,"",false,"",v3
ANS_2025,M40,Cyphose et lordose,XIII,categorie,"",coding-hint,Class,"","",instruction_codage,section Notes de la CIM-10,coding-hint ClaML,[Voir codage de la localisation avant M40],false,"",false,"",false,"",v3
ANS_2025,M41,Scoliose,XIII,categorie,"",coding-hint,Class,"","",instruction_codage,section Notes de la CIM-10,coding-hint ClaML,[Voir codage de la localisation avant M40],false,"",false,"",false,"",v3
ANS_2025,M42,Ostéochondrite vertébrale,XIII,categorie,"",coding-hint,Class,"","",instruction_codage,section Notes de la CIM-10,coding-hint ClaML,[Voir codage de la localisation avant M40],false,"",false,"",false,"",v3
ANS_2025,M43,Autres dorsopathies avec déformation,XIII,categorie,"",coding-hint,Class,"","",instruction_codage,section Notes de la CIM-10,coding-hint ClaML,[Voir codage de la localisation avant M40],false,"",false,"",false,"",v3
ANS_2025,M45,Spondylarthrite ankylosante,XIII,categorie,"",coding-hint,Class,"","",instruction_codage,section Notes de la CIM-10,coding-hint ClaML,[Voir codage de la localisation avant M40],false,"",false,"",false,"",v3
ANS_2025,M45,Spondylarthrite ankylosante,XIII,categorie,"",coding-hint,Class,"","",instruction_codage,section Notes de la CIM-10,coding-hint ClaML,Atteinte vertébrale au cours de la polyarthrite rhumatoïde,false,"",false,"",false,"",v3
ANS_2025,M45,Spondylarthrite ankylosante,XIII,categorie,"",coding-hint,Class,"","",instruction_codage,section Notes de la CIM-10,coding-hint ClaML,Pelvispondylite rhumatismale,false,"",false,"",false,"",v3
ANS_2025,M46,Autres spondylopathies inflammatoires,XIII,categorie,"",coding-hint,Class,"","",instruction_codage,section Notes de la CIM-10,coding-hint ClaML,[Voir codage de la localisation avant M40],false,"",false,"",false,"",v3
ANS_2025,M47,Spondylarthrose,XIII,categorie,"",text,Class,"",operante,instruction_codage,section Notes de la CIM-10,kind text ANS — au critère opérant ; opérante (enseigne l'emploi des codes) — reclassée depuis convention,[Voir codage de la localisation avant M40],false,"",false,"",false,"",v3
ANS_2025,M48,Autres spondylopathies,XIII,categorie,"",coding-hint,Class,"","",instruction_codage,section Notes de la CIM-10,coding-hint ClaML,[Voir codage de la localisation avant M40],false,"",false,"",false,"",v3
ANS_2025,M49,Spondylopathies au cours de maladies classées ailleurs,XIII,categorie,"",coding-hint,Class,"","",instruction_codage,section Notes de la CIM-10,coding-hint ClaML,[Voir codage de la localisation avant M40],false,"",false,"",false,"",v3
ANS_2025,M53,"Autres dorsopathies, non classées ailleurs",XIII,categorie,"",coding-hint,Class,"","",instruction_codage,section Notes de la CIM-10,coding-hint ClaML,[Voir codage de la localisation avant M40],false,"",false,"",false,"",v3
ANS_2025,M54,Dorsalgies,XIII,categorie,"",coding-hint,Class,"","",instruction_codage,section Notes de la CIM-10,coding-hint ClaML,[Voir codage de la localisation avant M40],false,"",false,"",false,"",v3
ANS_2025,M60,Myosite,XIII,categorie,"",coding-hint,Class,"","",instruction_codage,section Notes de la CIM-10,coding-hint ClaML,[Voir codage de la localisation au début de ce chapitre],false,"",false,"",false,"",v3
ANS_2025,M61,Calcification et ossification de muscles,XIII,categorie,"",coding-hint,Class,"","",instruction_codage,section Notes de la CIM-10,coding-hint ClaML,[Voir note sur le codage de la localisation en tête du chapitre XIII],false,"",false,"",false,"",v3
ANS_2025,M62,Autres atteintes musculaires,XIII,categorie,"",coding-hint,Class,"","",instruction_codage,section Notes de la CIM-10,coding-hint ClaML,[Voir codage de la localisation au début de ce chapitre],false,"",false,"",false,"",v3
ANS_2025,M65,Synovite et ténosynovite,XIII,categorie,"",coding-hint,Class,"","",instruction_codage,section Notes de la CIM-10,coding-hint ClaML,[Voir codage de la localisation au début de ce chapitre],false,"",false,"",false,"",v3
ANS_2025,M66,Déchirure spontanée de la synoviale et du tendon,XIII,categorie,"",text,Class,"",operante,instruction_codage,section Notes de la CIM-10,kind text ANS — au critère opérant ; opérante (enseigne l'emploi des codes) — reclassée depuis convention,[Voir codage de la localisation au debut de ce chapitre],false,"",false,"",false,"",v3
ANS_2025,M70,Affections des tissus mous par sollicitation excessive de l'articulation,XIII,categorie,"",text,Class,"",operante,instruction_codage,section Notes de la CIM-10,kind text ANS — au critère opérant ; opérante (enseigne l'emploi des codes) — reclassée depuis convention,[Voir codage de la localisation au début de ce chapitre],false,"",false,"",false,"",v3
ANS_2025,M71,Autres bursopathies,XIII,categorie,"",coding-hint,Class,"","",instruction_codage,section Notes de la CIM-10,coding-hint ClaML,[Voir codage de la localisation au début de ce chapitre],false,"",false,"",false,"",v3
ANS_2025,M72,Affections fibroblastiques,XIII,categorie,"",coding-hint,Class,"","",instruction_codage,section Notes de la CIM-10,coding-hint ClaML,[Voir codage de la localisation au début de ce chapitre],false,"",false,"",false,"",v3
ANS_2025,M73,Affections des tissus mous au cours de maladies classées ailleurs,XIII,categorie,"",coding-hint,Class,"","",instruction_codage,section Notes de la CIM-10,coding-hint ClaML,[Voir codage de la localisation au début de ce chapitre],false,"",false,"",false,"",v3
ANS_2025,M76,"Enthésopathies du membre inférieur, sauf le pied",XIII,categorie,"",note,Class,"","",instruction_codage,section Notes de la CIM-10,règle d'emploi (kind note ANS) — à confirmer,"Les termes « bursite », « capsulite » et « tendinite » ne sont pas vraiment employés de façon spécifique; on a tendance à les utiliser indifféremment pour des affections diverses des insertions ligamentaires ou musculaires périphériques. La plupart de ces affections ont été groupées sous le terme générique d'« enthésopathies ».",false,"",false,"",false,"",v3
les_deux,M76,"Enthésopathies du membre inférieur, sauf le pied",XIII,categorie,E,text,Class,"",operante,instruction_codage,section Notes de la CIM-10,kind text ANS — au critère opérant ; opérante (enseigne l'emploi des codes) — reclassée depuis convention,[Voir codage de la localisation au début de ce chapitre],true,"Les termes bursite, capsulite et tendinite ne sont pas vraiment employés de façon spécifique; on a tendance à les utiliser indifféremment pour des affections diverses des insertions ligamentaires ou musculaires périphériques; la plupart de ces affections ont été groupées sous le terme générique d'enthésopathies.",false,"",false,"",v3
ANS_2025,M77,Autres enthésopathies,XIII,categorie,"",coding-hint,Class,"","",instruction_codage,section Notes de la CIM-10,coding-hint ClaML,[Voir codage de la localisation au début de ce chapitre],false,"",false,"",false,"",v3
ANS_2025,M79,"Autres affections des tissus mous, non classées ailleurs",XIII,categorie,"",coding-hint,Class,"","",instruction_codage,section Notes de la CIM-10,coding-hint ClaML,[Voir codage de la localisation au début de ce chapitre],false,"",false,"",false,"",v3
ANS_2025,M80,Ostéoporose avec fracture pathologique,XIII,categorie,"",text,Class,"",operante,instruction_codage,section Notes de la CIM-10,kind text ANS — au critère opérant ; opérante (enseigne l'emploi des codes) — reclassée depuis convention,[Voir codage de la localisation au début de ce chapitre],false,"",false,"",false,"",v3
ANS_2025,M81,Ostéoporose sans fracture pathologique,XIII,categorie,"",coding-hint,Class,"","",instruction_codage,section Notes de la CIM-10,coding-hint ClaML,[Voir codage de la localisation au début de ce chapitre],false,"",false,"",false,"",v3
ANS_2025,M82,Ostéoporose au cours de maladies classées ailleurs,XIII,categorie,"",coding-hint,Class,"","",instruction_codage,section Notes de la CIM-10,coding-hint ClaML,[Voir codage de la localisation au début de ce chapitre],false,"",false,"",false,"",v3
ANS_2025,M83,Ostéomalacie de l'adulte,XIII,categorie,"",coding-hint,Class,"","",instruction_codage,section Notes de la CIM-10,coding-hint ClaML,[Voir codage de la localisation au début de ce chapitre],false,"",false,"",false,"",v3
ANS_2025,M84,Anomalie de la continuité osseuse,XIII,categorie,"",coding-hint,Class,"","",instruction_codage,section Notes de la CIM-10,coding-hint ClaML,[Voir codage de la localisation au début du chapitre],false,"",false,"",false,"",v3
ANS_2025,M85,Autres anomalies de la densité et de la structure osseuses,XIII,categorie,"",coding-hint,Class,"","",instruction_codage,section Notes de la CIM-10,coding-hint ClaML,[Voir codage de la localisation au début de ce chapitre],false,"",false,"",false,"",v3
les_deux,M86,Ostéomyélite,XIII,categorie,N,coding-hint,Class,"","",instruction_codage,section Notes de la CIM-10,coding-hint ClaML,[Voir codage de la localisation au début de ce chapitre],true,"Utiliser, au besoin, un code supplémentaire (B95-B97) pour identifier l'agent infectieux.",false,"",false,"",v3
ANS_2025,M87,Ostéonécrose,XIII,categorie,"",text,Class,"",operante,instruction_codage,section Notes de la CIM-10,kind text ANS — au critère opérant ; opérante (enseigne l'emploi des codes) — reclassée depuis convention,[Voir codage de la localisation au début de ce chapitre],false,"",false,"",false,"",v3
ANS_2025,M88,Maladie osseuse de Paget [ostéite déformante],XIII,categorie,"",coding-hint,Class,"","",instruction_codage,section Notes de la CIM-10,coding-hint ClaML,[Voir codage de la localisation au début de ce chapitre],false,"",false,"",false,"",v3
ANS_2025,M89,Autres maladies osseuses,XIII,categorie,"",coding-hint,Class,"","",instruction_codage,section Notes de la CIM-10,coding-hint ClaML,[Voir codage de la localisation au début de ce chapitre],false,"",false,"",false,"",v3
ANS_2025,M90,Ostéopathie au cours de maladies classées ailleurs,XIII,categorie,"",coding-hint,Class,"","",instruction_codage,section Notes de la CIM-10,coding-hint ClaML,[Voir codage de la localisation au début de ce chapitre],false,"",false,"",false,"",v3
ANS_2025,M94,Autres affections du cartilage,XIII,categorie,"",coding-hint,Class,"","",instruction_codage,section Notes de la CIM-10,coding-hint ClaML,[Voir codage de la localisation au début de ce chapitre],false,"",false,"",false,"",v3
les_deux,M99,"Lésions biomécaniques, non classées ailleurs",XIII,categorie,E,note,Class,"","",instruction_codage,section Notes de la CIM-10,règle d'emploi (kind note ANS) — à confirmer ; classes divergentes OFS(convention_classement) / ANS(instruction_codage) — rapprochées par code (v3),Cette rubrique ne doit pas être utilisée si la maladie peut être classée ailleurs.,false,"",false,"",false,"",v3
ANS_2025,MOD S01B18_1,"","",modificateur,"",text,"modificateur S01B18_1 (B18.0, B18.1…)","",operante,instruction_codage,fiche de bloc (bibliothèque catégories) + héritage borné vers les feuilles,kind text ANS — au critère opérant ; opérante (enseigne l'emploi des codes) — reclassée depuis convention,"Les subdivisions suivantes, données à titre facultatif, peuvent être utilisées comme cinquième caractère supplémentaire avec les souscatégories B18.0-B18.1:",false,"",false,"",false,"",v3
ANS_2025,MOD S04E10_4,"","",modificateur,"",text,"modificateur S04E10_4 (E10, E12, E13…)","",operante,instruction_codage,fiche de bloc (bibliothèque catégories) + héritage borné vers les feuilles,kind text ANS — au critère opérant ; opérante (enseigne l'emploi des codes) — reclassée depuis convention,Les subdivisions suivantes peuvent être utilisées comme quatrième caractère avec les rubriques E10-E14:,false,"",false,"",false,"",v3
ANS_2025,MOD S04E11_5,"","",modificateur,"",text,modificateur S04E11_5 (E11…),"",operante,instruction_codage,fiche de bloc (bibliothèque catégories) + héritage borné vers les feuilles,kind text ANS — au critère opérant ; opérante (enseigne l'emploi des codes) — reclassée depuis convention,Les subdivisions suivantes doivent être utilisées comme cinquième caractère pour préciser le traitement du patient:,false,"",false,"",false,"",v3
ANS_2025,MOD S05F00_5,"","",modificateur,"",text,"modificateur S05F00_5 (F00, F01, F02…)","",operante,instruction_codage,fiche de bloc (bibliothèque catégories) + héritage borné vers les feuilles,kind text ANS — au critère opérant ; opérante (enseigne l'emploi des codes) — reclassée depuis convention,Les subdivisions suivantes peuvent être utilisées comme cinquième caractère avec les catégories F00–F03 pour préciser la présence de symptômes supplémentaires:,false,"",false,"",false,"",v3
ANS_2025,MOD S05F00_6,"","",modificateur,"",text,"modificateur S05F00_6 (F00, F01, F02…)","",operante,instruction_codage,fiche de bloc (bibliothèque catégories) + héritage borné vers les feuilles,kind text ANS — au critère opérant ; opérante (enseigne l'emploi des codes) — reclassée depuis convention,Les subdivisions suivantes peuvent être utilisées comme sixième caractère avec les catégories F00–F03 pour préciser la sévérité de la démence:,false,"",false,"",false,"",v3
ANS_2025,MOD S05F10_4,"","",modificateur,"",text,"modificateur S05F10_4 (F10, F11, F12…)","",operante,instruction_codage,fiche de bloc (bibliothèque catégories) + héritage borné vers les feuilles,kind text ANS — au critère opérant ; opérante (enseigne l'emploi des codes) — reclassée depuis convention,Les subdivisions suivantes peuvent être utilisées comme quatrième caractère avec les rubriques F10-F19:,false,"",false,"",false,"",v3
ANS_2025,MOD S05F20_5,"","",modificateur,"",text,modificateur S05F20_5 (F20…),"",operante,instruction_codage,fiche de bloc (bibliothèque catégories) + héritage borné vers les feuilles,kind text ANS — au critère opérant ; opérante (enseigne l'emploi des codes) — reclassée depuis convention,Les subdivisions suivantes peuvent être utilisées comme cinquième caractère pour spécifier la modalité évolutive:,false,"",false,"",false,"",v3
ANS_2025,MOD S05F23_5,"","",modificateur,"",text,modificateur S05F23_5 (F23…),"",operante,instruction_codage,fiche de bloc (bibliothèque catégories) + héritage borné vers les feuilles,kind text ANS — au critère opérant ; opérante (enseigne l'emploi des codes) — reclassée depuis convention,Les subdivisions suivantes peuvent être utilisées comme cinquième caractère pour préciser la présence ou l’absence d’un facteur de stress aigu associé:,false,"",false,"",false,"",v3
ANS_2025,MOD S05F25_5,"","",modificateur,"",text,modificateur S05F25_5 (F25…),"",operante,instruction_codage,fiche de bloc (bibliothèque catégories) + héritage borné vers les feuilles,kind text ANS — au critère opérant ; opérante (enseigne l'emploi des codes) — reclassée depuis convention,Les subdivisions suivantes peuvent être utilisées comme cinquième caractère pour préciser les soustypes suivants:,false,"",false,"",false,"",v3
ANS_2025,MOD S05F70_4,"","",modificateur,"",text,"modificateur S05F70_4 (F70, F71, F72…)","",operante,instruction_codage,fiche de bloc (bibliothèque catégories) + héritage borné vers les feuilles,kind text ANS — au critère opérant ; opérante (enseigne l'emploi des codes) — reclassée depuis convention,Les subdivisions suivantes peuvent être utilisées comme quatrième caractère pour identifier la gravité de la déficience du comportement:,false,"",false,"",false,"",v3
ANS_2025,MOD S06G82,"","",modificateur,"",text,modificateur S06G82 (G82…),"",operante,instruction_codage,fiche de bloc (bibliothèque catégories) + héritage borné vers les feuilles,kind text ANS — au critère opérant ; opérante (enseigne l'emploi des codes) — reclassée depuis convention,"Les subdivisions suivantes, données à titre facultatif, peuvent être utilisées comme cinquième caractère supplémentaire avec les souscatégories G82.-. Elles décrivent le caractère complet ou incomplet de l’atteinte médullaire selon les grades AIS (ASIA Impairment Scale), associé ou non à une atteinte sensitive:",false,"",false,"",false,"",v3
ANS_2025,MOD S09I21_5,"","",modificateur,"",text,modificateur S09I21_5 (I21…),"",operante,instruction_codage,fiche de bloc (bibliothèque catégories) + héritage borné vers les feuilles,kind text ANS — au critère opérant ; opérante (enseigne l'emploi des codes) — reclassée depuis convention,Les subdivisions suivantes doivent être utilisées comme caractère supplémentaire après le quatrième caractère pour distinguer le moment de la prise en charge:,false,"",false,"",false,"",v3
ANS_2025,MOD S09I22_5,"","",modificateur,"",text,modificateur S09I22_5 (I22…),"",operante,instruction_codage,fiche de bloc (bibliothèque catégories) + héritage borné vers les feuilles,kind text ANS — au critère opérant ; opérante (enseigne l'emploi des codes) — reclassée depuis convention,Les subdivisions suivantes doivent être utilisées comme caractère supplémentaire après le quatrième caractère pour distinguer le moment de la prise en charge:,false,"",false,"",false,"",v3
ANS_2025,MOD S09I70_5,"","",modificateur,"",text,modificateur S09I70_5 (I70.2…),"",operante,instruction_codage,fiche de bloc (bibliothèque catégories) + héritage borné vers les feuilles,kind text ANS — au critère opérant ; opérante (enseigne l'emploi des codes) — reclassée depuis convention,"Les subdivisions suivantes, doivent être utilisées comme caractère supplémentaire pour indiquer la présence ou l’absence de gangrène avec les souscatégories appropriées en I70:",false,"",false,"",false,"",v3
ANS_2025,MOD S10J96_5,"","",modificateur,"",text,modificateur S10J96_5 (J96…),"",operante,instruction_codage,fiche de bloc (bibliothèque catégories) + héritage borné vers les feuilles,kind text ANS — au critère opérant ; opérante (enseigne l'emploi des codes) — reclassée depuis convention,"Les subdivisions suivantes, données à titre facultatif, peuvent être utilisées comme cinquième caractère en J96:",false,"",false,"",false,"",v3
ANS_2025,MOD S11K25_4,"","",modificateur,"",text,"modificateur S11K25_4 (K25, K26, K27…)","",operante,instruction_codage,fiche de bloc (bibliothèque catégories) + héritage borné vers les feuilles,kind text ANS — au critère opérant ; opérante (enseigne l'emploi des codes) — reclassée depuis convention,Les subdivisions suivantes peuvent être utilisées comme quatrième caractère avec les catégories K25-K28:,false,"",false,"",false,"",v3
ANS_2025,MOD S13M00_5,"","",modificateur,"",text,"modificateur S13M00_5 (M00.0, M00.1, M00.2…)","",operante,instruction_codage,fiche de bloc (bibliothèque catégories) + héritage borné vers les feuilles,kind text ANS — au critère opérant ; opérante (enseigne l'emploi des codes) — reclassée depuis convention,"Localisation ostéoarticulaire Les subdivisions suivantes sont données pour indiquer la localisation de l'atteinte et permettre de choisir les catégories appropriées du chapitre XIII. Les extensions locales ou les adaptations pour diverses spécialités peuvent faire appel à un nombre de caractères différents; il est donc conseillé de placer le caractère identifiant la subdivision à un endroit clairement identifiable (par exemple dans une case additionnelle). D'autres subdivisions pour les atteintes du genou, les dorsopathies et les lésions biomécaniques non classées ailleurs sont données en note respectivement en M23, avant M40 et avant M99.",false,"",false,"",false,"",v3
ANS_2025,MOD S13M23_5,"","",modificateur,"",text,"modificateur S13M23_5 (M23, M23.0, M23.1…)","",operante,instruction_codage,fiche de bloc (bibliothèque catégories) + héritage borné vers les feuilles,kind text ANS — au critère opérant ; opérante (enseigne l'emploi des codes) — reclassée depuis convention,Les subdivisions suivantes sont données à titre facultatif pour indiquer la localisation de l'atteinte.,false,"",false,"",false,"",v3
ANS_2025,MOD S13M40_5,"","",modificateur,"",text,"modificateur S13M40_5 (M40.0, M40.1, M40.2…)","",operante,instruction_codage,fiche de bloc (bibliothèque catégories) + héritage borné vers les feuilles,kind text ANS — au critère opérant ; opérante (enseigne l'emploi des codes) — reclassée depuis convention,"Les subdivisions suivantes, données à titre facultatif, peuvent être utilisées pour indiquer la localisation et choisir les catégories appropriées dans la section « Dorsopathies », sauf les catégories M50 et M51.",false,"",false,"",false,"",v3
ANS_2025,MOD S13M99_5,"","",modificateur,"",text,"modificateur S13M99_5 (M99, M99.0, M99.1…)","",operante,instruction_codage,fiche de bloc (bibliothèque catégories) + héritage borné vers les feuilles,kind text ANS — au critère opérant ; opérante (enseigne l'emploi des codes) — reclassée depuis convention,"Les subdivisions suivantes, données à titre facultatif, peuvent être utilisées pour indiquer la localisation des lésions et choisir les souscatégories appropriées en M99.",false,"",false,"",false,"",v3
ANS_2025,MOD S14N00_4,"","",modificateur,"",text,"modificateur S14N00_4 (N00, N01, N02…)","",operante,instruction_codage,fiche de bloc (bibliothèque catégories) + héritage borné vers les feuilles,kind text ANS — au critère opérant ; opérante (enseigne l'emploi des codes) — reclassée depuis convention,Les subdivisions suivantes peuvent être utilisées comme quatrième caractère avec les catégories N00-N07 pour classer les modifications morphologiques. Les subdivisions.0–.8 ne doivent être normalement utilisées que s'il y a eu identification précise (par biopsie rénale ou autopsie). Les catégories à trois caractères concernent les syndromes cliniques.,false,"",false,"",false,"",v3
ANS_2025,MOD S15O03_4,"","",modificateur,"",text,"modificateur S15O03_4 (O03, O04, O05…)","",operante,instruction_codage,fiche de bloc (bibliothèque catégories) + héritage borné vers les feuilles,kind text ANS — au critère opérant ; opérante (enseigne l'emploi des codes) — reclassée depuis convention,Les subdivisions suivantes sont à utiliser comme quatrième caractère avec les catégories O03-O06:,false,"",false,"",false,"",v3
ANS_2025,MOD S15O03_4,"","",modificateur,"",note,"modificateur S15O03_4 (O03, O04, O05…)","","",instruction_codage,section Notes de la CIM-10,règle d'emploi (kind note ANS) — à confirmer ; factorisée — se rend sur les codes concrets du modificateur,« Avortement incomplet » comprend la rétention des produits de conception après un avortement.,false,"",false,"",false,"",v3
ANS_2025,MOD S16P36_5,"","",modificateur,"",text,"modificateur S16P36_5 (P36.0, P36.1, P36.2…)","",operante,instruction_codage,fiche de bloc (bibliothèque catégories) + héritage borné vers les feuilles,kind text ANS — au critère opérant ; opérante (enseigne l'emploi des codes) — reclassée depuis convention,Les subdivisions suivantes doivent être utilisées comme caractère supplémentaire en cinquième position pour distinguer le type d’infection:,false,"",false,"",false,"",v3
ANS_2025,MOD S18R83_4,"","",modificateur,"",text,"modificateur S18R83_4 (R83, R84, R85…)","",operante,instruction_codage,fiche de bloc (bibliothèque catégories) + héritage borné vers les feuilles,kind text ANS — au critère opérant ; opérante (enseigne l'emploi des codes) — reclassée depuis convention,Les subdivisions suivantes peuvent être utilisées comme quatrième caractère avec les catégories R83-R89:,false,"",false,"",false,"",v3
ANS_2025,MOD S19S02_5,"","",modificateur,"",text,modificateur S19S02_5 (S02…),"",operante,instruction_codage,fiche de bloc (bibliothèque catégories) + héritage borné vers les feuilles,kind text ANS — au critère opérant ; opérante (enseigne l'emploi des codes) — reclassée depuis convention,Les subdivisions suivantes doivent être utilisées comme cinquième caractère pour identifier les fractures et les plaies ouvertes. Une fracture non précisée fermée ou ouverte doit être classée comme fermée.,false,"",false,"",false,"",v3
les_deux,MOD S19S06_5,"","",modificateur,G,text,modificateur S19S06_5 (S06…),"",operante,instruction_codage,fiche de bloc (bibliothèque catégories) + héritage borné vers les feuilles,kind text ANS — au critère opérant ; opérante (enseigne l'emploi des codes) — reclassée depuis convention ; note OFS de S26 retrouvée ici par contrôle plein texte (v3) ; note OFS de S27 retrouvée ici par contrôle plein texte (v3) ; note OFS de S36 retrouvée ici par contrôle plein texte (v3) ; note OFS de S37 retrouvée ici par contrôle plein texte (v3),"Les subdivisions suivantes, données à titre facultatif, peuvent être utilisées comme caractère supplémentaire lorsqu'il n’est pas possible ou désiré d’utiliser le codage multiple pour identifier les lésions traumatiques intracrâniennes et les plaies ouvertes:",true,"Les subdivisions suivantes, données à titre facultatif, peuvent être utilisées comme caractère supplémentaire lorsqu'il n'est pas possible ou désiré d'utiliser le codage multiple : 0 Sans plaie ouverte de la cavité thoracique; 1 Avec plaie ouverte de la cavité thoracique. ⧉ Les subdivisions suivantes, données à titre facultatif, peuvent être utilisées comme caractère supplémentaire lorsqu'il n'est pas possible ou désiré d'utiliser le codage multiple : 0 Sans plaie pénétrante de la cavité abdominale; 1 Avec plaie pénétrante de la cavité abdominale. ⧉ Les subdivisions suivantes, données à titre facultatif, peuvent être utilisées comme caractère supplémentaire lorsqu'il n'est pas possible ou désiré d'utiliser le codage multiple : 0 Sans plaie pénétrante de la cavité pelvienne; 1 Avec plaie pénétrante de la cavité pelvienne.",false,trouvé_sur=MOD S19S06_5 (note OFS S37),false,"",v3
ANS_2025,MOD S19S12_5,"","",modificateur,"",text,modificateur S19S12_5 (S12…),"",operante,instruction_codage,fiche de bloc (bibliothèque catégories) + héritage borné vers les feuilles,kind text ANS — au critère opérant ; opérante (enseigne l'emploi des codes) — reclassée depuis convention,Les subdivisions suivantes doivent être utilisées comme cinquième caractère pour identifier les fractures et les plaies ouvertes. Une fracture non précisée fermée ou ouverte doit être classée comme fermée.,false,"",false,"",false,"",v3
ANS_2025,MOD S19S22_5,"","",modificateur,"",text,modificateur S19S22_5 (S22…),"",operante,instruction_codage,fiche de bloc (bibliothèque catégories) + héritage borné vers les feuilles,kind text ANS — au critère opérant ; opérante (enseigne l'emploi des codes) — reclassée depuis convention,Les subdivisions suivantes doivent être utilisées comme cinquième caractère pour identifier les fractures et les plaies ouvertes. Une fracture non précisée fermée ou ouverte doit être classée comme fermée.,false,"",false,"",false,"",v3
ANS_2025,MOD S19S26_5,"","",modificateur,"",text,modificateur S19S26_5 (S26…),"",operante,instruction_codage,fiche de bloc (bibliothèque catégories) + héritage borné vers les feuilles,kind text ANS — au critère opérant ; opérante (enseigne l'emploi des codes) — reclassée depuis convention,"Les subdivisions suivantes, données à titre facultatif, peuvent être utilisées comme caractère supplémentaire lorsqu'il n’est pas possible ou désiré d’utiliser le codage multiple:",false,"",false,"",false,"",v3
ANS_2025,MOD S19S27_5,"","",modificateur,"",text,modificateur S19S27_5 (S27…),"",operante,instruction_codage,fiche de bloc (bibliothèque catégories) + héritage borné vers les feuilles,kind text ANS — au critère opérant ; opérante (enseigne l'emploi des codes) — reclassée depuis convention,"Les subdivisions suivantes, données à titre facultatif, peuvent être utilisées comme caractère supplémentaire lorsqu'il n’est pas possible ou désiré d’utiliser le codage multiple:",false,"",false,"",false,"",v3
ANS_2025,MOD S19S32_5,"","",modificateur,"",text,modificateur S19S32_5 (S32…),"",operante,instruction_codage,fiche de bloc (bibliothèque catégories) + héritage borné vers les feuilles,kind text ANS — au critère opérant ; opérante (enseigne l'emploi des codes) — reclassée depuis convention,Les subdivisions suivantes doivent être utilisées comme cinquième caractère pour identifier les fractures et les plaies ouvertes. Une fracture non précisée fermée ou ouverte doit être classée comme fermée.,false,"",false,"",false,"",v3
ANS_2025,MOD S19S36_5,"","",modificateur,"",text,modificateur S19S36_5 (S36…),"",operante,instruction_codage,fiche de bloc (bibliothèque catégories) + héritage borné vers les feuilles,kind text ANS — au critère opérant ; opérante (enseigne l'emploi des codes) — reclassée depuis convention,"Les subdivisions suivantes, données à titre facultatif, peuvent être utilisées comme caractère supplémentaire lorsqu'il n’est pas possible ou désiré d’utiliser le codage multiple:",false,"",false,"",false,"",v3
ANS_2025,MOD S19S37_5,"","",modificateur,"",text,modificateur S19S37_5 (S37…),"",operante,instruction_codage,fiche de bloc (bibliothèque catégories) + héritage borné vers les feuilles,kind text ANS — au critère opérant ; opérante (enseigne l'emploi des codes) — reclassée depuis convention,"Les subdivisions suivantes, données à titre facultatif, peuvent être utilisées comme caractère supplémentaire lorsqu'il n’est pas possible ou désiré d’utiliser le codage multiple:",false,"",false,"",false,"",v3
ANS_2025,MOD S19S42_5,"","",modificateur,"",text,modificateur S19S42_5 (S42…),"",operante,instruction_codage,fiche de bloc (bibliothèque catégories) + héritage borné vers les feuilles,kind text ANS — au critère opérant ; opérante (enseigne l'emploi des codes) — reclassée depuis convention,Les subdivisions suivantes doivent être utilisées comme cinquième caractère pour identifier les fractures et les plaies ouvertes. Une fracture non précisée fermée ou ouverte doit être classée comme fermée.,false,"",false,"",false,"",v3
ANS_2025,MOD S19S52_5,"","",modificateur,"",text,modificateur S19S52_5 (S52…),"",operante,instruction_codage,fiche de bloc (bibliothèque catégories) + héritage borné vers les feuilles,kind text ANS — au critère opérant ; opérante (enseigne l'emploi des codes) — reclassée depuis convention,Les subdivisions suivantes doivent être utilisées comme cinquième caractère pour identifier les fractures et les plaies ouvertes. Une fracture non précisée fermée ou ouverte doit être classée comme fermée.,false,"",false,"",false,"",v3
ANS_2025,MOD S19S62_5,"","",modificateur,"",text,modificateur S19S62_5 (S62…),"",operante,instruction_codage,fiche de bloc (bibliothèque catégories) + héritage borné vers les feuilles,kind text ANS — au critère opérant ; opérante (enseigne l'emploi des codes) — reclassée depuis convention,Les subdivisions suivantes doivent être utilisées comme cinquième caractère pour identifier les fractures et les plaies ouvertes. Une fracture non précisée fermée ou ouverte doit être classée comme fermée.,false,"",false,"",false,"",v3
ANS_2025,MOD S19S72_5,"","",modificateur,"",text,modificateur S19S72_5 (S72…),"",operante,instruction_codage,fiche de bloc (bibliothèque catégories) + héritage borné vers les feuilles,kind text ANS — au critère opérant ; opérante (enseigne l'emploi des codes) — reclassée depuis convention,Les subdivisions suivantes doivent être utilisées comme cinquième caractère pour identifier les fractures et les plaies ouvertes. Une fracture non précisée fermée ou ouverte doit être classée comme fermée.,false,"",false,"",false,"",v3
ANS_2025,MOD S19S82_5,"","",modificateur,"",text,modificateur S19S82_5 (S82…),"",operante,instruction_codage,fiche de bloc (bibliothèque catégories) + héritage borné vers les feuilles,kind text ANS — au critère opérant ; opérante (enseigne l'emploi des codes) — reclassée depuis convention,Les subdivisions suivantes doivent être utilisées comme cinquième caractère pour identifier les fractures et les plaies ouvertes. Une fracture non précisée fermée ou ouverte doit être classée comme fermée.,false,"",false,"",false,"",v3
ANS_2025,MOD S19S92_5,"","",modificateur,"",text,modificateur S19S92_5 (S92…),"",operante,instruction_codage,fiche de bloc (bibliothèque catégories) + héritage borné vers les feuilles,kind text ANS — au critère opérant ; opérante (enseigne l'emploi des codes) — reclassée depuis convention,Les subdivisions suivantes doivent être utilisées comme cinquième caractère pour identifier les fractures et les plaies ouvertes. Une fracture non précisée fermée ou ouverte doit être classée comme fermée.,false,"",false,"",false,"",v3
ANS_2025,MOD S19T02_5,"","",modificateur,"",text,modificateur S19T02_5 (T02…),"",operante,instruction_codage,fiche de bloc (bibliothèque catégories) + héritage borné vers les feuilles,kind text ANS — au critère opérant ; opérante (enseigne l'emploi des codes) — reclassée depuis convention,Les subdivisions suivantes doivent être utilisées comme cinquième caractère pour identifier les fractures et les plaies ouvertes. Une fracture non précisée fermée ou ouverte doit être classée comme fermée.,false,"",false,"",false,"",v3
ANS_2025,MOD S19T08_5,"","",modificateur,"",text,modificateur S19T08_5 (T08…),"",operante,instruction_codage,fiche de bloc (bibliothèque catégories) + héritage borné vers les feuilles,kind text ANS — au critère opérant ; opérante (enseigne l'emploi des codes) — reclassée depuis convention,Les subdivisions suivantes doivent être utilisées comme caractère supplémentaire en cinquième position pour identifier les fractures et les plaies ouvertes. Une fracture non précisée fermée ou ouverte doit être classée comme fermée.,false,"",false,"",false,"",v3
ANS_2025,MOD S19T10_5,"","",modificateur,"",text,modificateur S19T10_5 (T10…),"",operante,instruction_codage,fiche de bloc (bibliothèque catégories) + héritage borné vers les feuilles,kind text ANS — au critère opérant ; opérante (enseigne l'emploi des codes) — reclassée depuis convention,Les subdivisions suivantes doivent être utilisées comme caractère supplémentaire en cinquième position pour identifier les fractures et les plaies ouvertes. Une fracture non précisée fermée ou ouverte doit être classée comme fermée.,false,"",false,"",false,"",v3
ANS_2025,MOD S19T12_5,"","",modificateur,"",text,modificateur S19T12_5 (T12…),"",operante,instruction_codage,fiche de bloc (bibliothèque catégories) + héritage borné vers les feuilles,kind text ANS — au critère opérant ; opérante (enseigne l'emploi des codes) — reclassée depuis convention,Les subdivisions suivantes doivent être utilisées comme caractère supplémentaire en cinquième position pour identifier les fractures et les plaies ouvertes. Une fracture non précisée fermée ou ouverte doit être classée comme fermée.,false,"",false,"",false,"",v3
ANS_2025,MOD S19T14_5,"","",modificateur,"",text,modificateur S19T14_5 (T14.2…),"",operante,instruction_codage,fiche de bloc (bibliothèque catégories) + héritage borné vers les feuilles,kind text ANS — au critère opérant ; opérante (enseigne l'emploi des codes) — reclassée depuis convention,Les subdivisions suivantes doivent être utilisées comme cinquième caractère pour identifier les fractures et les plaies ouvertes. Une fracture non précisée fermée ou ouverte doit être classée comme fermée.,false,"",false,"",false,"",v3
ANS_2025,MOD S20V01T_5,"","",modificateur,"",text,modificateur S20V01T_5 (…),"",operante,instruction_codage,fiche de bloc (bibliothèque catégories) + héritage borné vers les feuilles,kind text ANS — au critère opérant ; opérante (enseigne l'emploi des codes) — reclassée depuis convention,"Code d'activité Les classes suivantes sont données pour être utilisées, au besoin, comme caractère supplémentaire à ajouter aux codes des catégories V01-Y34 pour indiquer l'activité de la personne blessée au moment de l'évènement. Cette classification supplémentaire ne doit pas être confondue avec les divisions conseillées pour indiquer le lieu où se sont produits les évènements classés en W00-Y34, ni être utilisées à leur place.",false,"",false,"",false,"",v3
ANS_2025,MOD S20W00_4,"","",modificateur,"",text,modificateur S20W00_4 (…),"",operante,instruction_codage,fiche de bloc (bibliothèque catégories) + héritage borné vers les feuilles,kind text ANS — au critère opérant ; opérante (enseigne l'emploi des codes) — reclassée depuis convention,Code du lieu de l'événement Les classes suivantes sont données pour être utilisées comme caractères supplémentaires à ajouter aux codes des catégories W00-Y34 pour indiquer le lieu de l'évènement dû à une cause externe:,false,"",false,"",false,"",v3
ANS_2025,MOD S21Z37_5,"","",modificateur,"",text,"modificateur S21Z37_5 (Z37, Z37.1, Z37.3…)","",operante,instruction_codage,fiche de bloc (bibliothèque catégories) + héritage borné vers les feuilles,kind text ANS — au critère opérant ; opérante (enseigne l'emploi des codes) — reclassée depuis convention,Les subdivisions suivantes doivent être utilisées comme cinquième caractère pour préciser les circonstances de la naissance avec les souscatégories appropriées:,false,"",false,"",false,"",v3
ANS_2025,MOD S22U82_5,"","",modificateur,"",text,modificateur S22U82_5 (U82…),"",operante,instruction_codage,fiche de bloc (bibliothèque catégories) + héritage borné vers les feuilles,kind text ANS — au critère opérant ; opérante (enseigne l'emploi des codes) — reclassée depuis convention,Les subdivisions suivantes doivent être utilisées comme caractère supplémentaire en sixième position pour indiquer si la situation de résistance concerne un germe responsable d'une infection en cours ou une situation de portage sain:,false,"",false,"",false,"",v3
ANS_2025,MOD S22U83_5,"","",modificateur,"",text,modificateur S22U83_5 (U83…),"",operante,instruction_codage,fiche de bloc (bibliothèque catégories) + héritage borné vers les feuilles,kind text ANS — au critère opérant ; opérante (enseigne l'emploi des codes) — reclassée depuis convention,Les subdivisions suivantes doivent être utilisées comme caractère supplémentaire en sixième position pour indiquer si la situation de résitance concerne un germe responsable d'une infection en cours ou une situation de portage sain:,false,"",false,"",false,"",v3
les_deux,O08,"Complications consécutives à un avortement, une grossesse extra-utérine et molaire",XV,categorie,E,note,Class,"","",instruction_codage,section Notes de la CIM-10,règle d'emploi (kind note ANS) — à confirmer ; classes divergentes OFS(convention_classement) / ANS(instruction_codage) — rapprochées par code (v3),Cette rubrique est utilisée quand il convient de coder les causes de morbidité. Se référer aux règles et instructions du volume 2 pour le codage de la morbidité.,false,"",false,"",false,"",v3
les_deux,O20-O29,Autres affections maternelles liées principalement à la grossesse,XV,bloc,E,note,Class,"","",instruction_codage,fiche de bloc (bibliothèque catégories) + héritage borné vers les feuilles,règle d'emploi (kind note ANS) — à confirmer ; classes divergentes OFS(convention_classement) / ANS(instruction_codage) — rapprochées par code (v3) ; note de bloc/chapitre — destination bornée (v3) ; verdict RF 2026-09-14 (doré) : rendue,Les catégories O24.- et O25 comprennent les états mentionnés même si ces derniers surviennent pendant l'accouchement ou la puerpéralité.,false,"",false,"",false,"",v3
ANS_2025,O72,Hémorragie du postpartum,XV,categorie,"",note,Class,"","",instruction_codage,section Notes de la CIM-10,règle d'emploi (kind note ANS) — à confirmer,"L’hémorragie sévère du postpartum est définie par la perte d’au moins 1000mL de sang après un accouchement par voie basse ou après une césarienne (cf. Recommandations de la CNGOF). L’HPP sévère peut être: immédiate et survenir lors de la délivrance, immédiate et survenir avant 24h du postpartum, ou tardive et survenir au-delà des 24h jusqu’à 42 jours du postpartum.",false,"",false,"",false,"",v3
les_deux,O80-O84,Accouchement,XV,bloc,E,note,Class,"","",instruction_codage,fiche de bloc (bibliothèque catégories) + héritage borné vers les feuilles,règle d'emploi (kind note ANS) — à confirmer ; classes divergentes OFS(convention_classement) / ANS(instruction_codage) — rapprochées par code (v3) ; note de bloc/chapitre — destination bornée (v3),Se référer aux règles et instructions du volume 2 pour le codage de la mortalité et de la morbidité.,true,Les catégories (O80-O84) sont données pour le codage de la morbidité et ne doivent être utilisées pour le codage de la cause principale que si aucune autre condition du Chapitre XV n'est mentionnée. Se référer aux règles et instructions du Volume 2 pour le codage de la morbidité.,false,"",false,"",v3
les_deux,O85-O92,Complications principalement liées à la puerpéralité,XV,bloc,E,note,Class,"","",instruction_codage,fiche de bloc (bibliothèque catégories) + héritage borné vers les feuilles,règle d'emploi (kind note ANS) — à confirmer ; classes divergentes OFS(convention_classement) / ANS(instruction_codage) — rapprochées par code (v3) ; note de bloc/chapitre — destination bornée (v3),"Les catégories O88.-, O91.- et O92.- comprennent les états mentionnés même si ceux-ci surviennent pendant la grossesse et l'accouchement.",false,"",false,"",false,"",v3
ANS_2025,O94,"Séquelles de complications de la grossesse, de l’accouchement et de la puerpéralité",XV,categorie,"",note,Class,"","",instruction_codage,section Notes de la CIM-10,règle d'emploi (kind note ANS) — à confirmer,"La catégorie O94 ne peut être utilisée que pour le codage de la morbidité pour indiquer des affections classées à l’origine en O00–O75 et O85–O92 comme causes de séquelles, elles-mêmes classées ailleurs. Les séquelles comprennent les affections indiquées comme telles ou leurs effets tardifs, ou celles présentes un an ou plus après le début de la maladie causale.",false,"",false,"",false,"",v3
ANS_2025,O94,"Séquelles de complications de la grossesse, de l’accouchement et de la puerpéralité",XV,categorie,"",note,Class,"","",instruction_codage,section Notes de la CIM-10,règle d'emploi (kind note ANS) — à confirmer,"Elle ne doit pas être utilisée pour signaler les complications chroniques de la grossesse, de l'accouchement ou de la puerpéralité. Coder ces affections en O00-O75 et O85-O92.",false,"",false,"",false,"",v3
ANS_2025,O94-O99,"Autres problèmes obstétricaux, non classés ailleurs",XV,bloc,"",note,Class,"","",instruction_codage,fiche de bloc (bibliothèque catégories) + héritage borné vers les feuilles,règle d'emploi (kind note ANS) — à confirmer ; note de bloc/chapitre — destination bornée (v3),"Pour l'utilisation des catégories O95-O97, se référer aux règles et instructions du volume 2 pour le codage de la mortalité.",false,"",false,"",false,"",v3
les_deux,O96,"Mort d'origine obstétricale, survenant plus de 42 jours mais moins d'un an après l'accouchement",XV,categorie,N,note,Class,"","",instruction_codage,section Notes de la CIM-10,règle d'emploi (kind note ANS) — à confirmer,"Cette catégorie doit être utilisée pour le codage de la mort d'origine obstétricale (affections classées dans les catégories O00-O75, O85-O92 et O98-O99) survenant plus de 42 jours et moins d'un an après l'accouchement.",true,"Utiliser, au besoin, un code supplémentaire pour identifier la cause obstétricale.",false,"",false,"",v3
ANS_2025,O97,Mort de séquelles relevant d'une cause obstétricale,XV,categorie,"",note,Class,"","",instruction_codage,section Notes de la CIM-10,règle d'emploi (kind note ANS) — à confirmer,"Cette catégorie doit être utilisée pour coder la mort due à des séquelles de cause obstétricale (affections classées dans les catégories O00-O75, O85-O92 et O98-O99) survenant un an ou plus après l'accouchement. Le terme séquelles inclut les affections précisées comme telles ou les effets tardifs ou présents un an ou plus après l'accouchement.",false,"",false,"",false,"",v3
les_deux,O99,"Autres maladies de la mère classées ailleurs, mais compliquant la grossesse, l'accouchement et la puerpéralité",XV,categorie,E,note,Class,"","",instruction_codage,section Notes de la CIM-10,règle d'emploi (kind note ANS) — à confirmer ; classes divergentes OFS(convention_classement) / ANS(instruction_codage) — rapprochées par code (v3),"Cette catégorie comprend des états compliquant la grossesse ou aggravés par elle, ou lorsqu'il s'agit de la raison principale de soins obstétricaux pour lesquels l'Index alphabétique n'indique pas une rubrique spécifique au chapitre XV.",true,"Cette catégorie comprend des états compliquant la grossesse ou aggravés par elle, ou lorsqu'il s'agit de la raison principale de soins obstétricaux pour lesquels l'Index alphabétique n'indique pas une rubrique spécifique au chapitre XV.<P>Utiliser, au besoin, un code supplémentaire pour identifier une affection spécifique.",false,"",false,"",v3
ANS_2025,P05.0,Faible poids pour l'âge gestationnel,XVI,categorie,"",text,Class,"",operante,instruction_codage,section Notes de la CIM-10,kind text ANS — au critère opérant ; opérante (enseigne l'emploi des codes) — reclassée depuis convention,"Se rapporte en général à un poids inférieur, mais avec taille supérieure, au 10e percentile pour l'âge gestationnel.",false,"",false,"",false,"",v3
ANS_2025,P05.1,Petite taille pour l'âge gestationnel,XVI,categorie,"",text,Class,"",operante,instruction_codage,section Notes de la CIM-10,kind text ANS — au critère opérant ; opérante (enseigne l'emploi des codes) — reclassée depuis convention,Se rapporte en général à un poids et une taille inférieurs au 10e percentile pour l'âge gestationnel.,false,"",false,"",false,"",v3
les_deux,P07,"Anomalies liées à une brièveté de la gestation et un poids insuffisant à la naissance, non classées ailleurs",XVI,categorie,E,note,Class,"","",instruction_codage,section Notes de la CIM-10,règle d'emploi (kind note ANS) — à confirmer ; classes divergentes OFS(convention_classement) / ANS(instruction_codage) — rapprochées par code (v3),"Quand le poids de naissance et l'âge gestationnel sont tous deux connus, la priorité de codage doit alors être accordée au poids de naissance.",true,"Quand le poids de naissance et l'âge gestationnel sont tous deux connus, la priorité doit alors être accordée au poids de naissance.",false,"",false,"",v3
ANS_2025,P07.3,Autres enfants nés avant terme,XVI,categorie,"",text,Class,"",operante,instruction_codage,section Notes de la CIM-10,kind text ANS — au critère opérant ; opérante (enseigne l'emploi des codes) — reclassée depuis convention,28 semaines révolues ou plus mais moins de 37 semaines révolues (196 jours révolus mais moins de 259 jours révolus) de gestation.,false,"",false,"",false,"",v3
les_deux,P08,Anomalies liées à une gestation prolongée et un poids élevé à la naissance,XVI,categorie,E,note,Class,"","",instruction_codage,section Notes de la CIM-10,règle d'emploi (kind note ANS) — à confirmer ; classes divergentes OFS(convention_classement) / ANS(instruction_codage) — rapprochées par code (v3),"Quand le poids de naissance et l'âge gestationnel sont tous deux connus, la priorité doit alors être accordée au poids de naissance.",false,"",false,"",false,"",v3
ANS_2025,P08.1,Autres enfants gros pour l'âge gestationnel,XVI,categorie,"",text,Class,"",operante,instruction_codage,section Notes de la CIM-10,kind text ANS — au critère opérant ; opérante (enseigne l'emploi des codes) — reclassée depuis convention,"Autre fœtus ou nouveau-né de poids supérieur ou de taille supérieure pour l'âge gestationnel, quelle que soit la durée de la gestation.",false,"",false,"",false,"",v3
ANS_2025,P08.2,"Enfant né après terme, qui n'est pas gros pour l'âge gestationnel",XVI,categorie,"",text,Class,"",operante,instruction_codage,section Notes de la CIM-10,kind text ANS — au critère opérant ; opérante (enseigne l'emploi des codes) — reclassée depuis convention,"Fœtus ou nouveau-né dont la durée de gestation est de 42 semaines révolues ou plus (294 jours ou plus), ni gros ni grand pour l'âge gestationnel.",false,"",false,"",false,"",v3
les_deux,P21,Asphyxie obstétricale,XVI,categorie,E,note,Class,"","",instruction_codage,section Notes de la CIM-10,règle d'emploi (kind note ANS) — à confirmer ; classes divergentes OFS(convention_classement) / ANS(instruction_codage) — rapprochées par code (v3),Cette catégorie ne peut pas être utilisée pour un indice d'Apgar bas sans mention d'asphyxie ou d'autres problèmes respiratoires.,true,Cette catégorie ne peut être utilisée pour un indice d'Apgar bas sans mention d'asphyxie ou d'autres problèmes respiratoires.,false,"",false,"",v3
ANS_2025,P36,Infection bactérienne du nouveau-né,XVI,categorie,"",note,Class,"","",instruction_codage,section Notes de la CIM-10,règle d'emploi (kind note ANS) — à confirmer,Les subdivisions suivantes doivent être utilisées comme caractère supplémentaire en cinquième position pour distinguer le type d'infection:,false,"",false,"",false,"",v3
les_deux,R03.0,"Constatation d'une élévation de la tension artérielle, sans diagnostic d'hypertension",XVIII,categorie,E,note,Class,"","",instruction_codage,section Notes de la CIM-10,règle d'emploi (kind note ANS) — à confirmer ; classes divergentes OFS(convention_classement) / ANS(instruction_codage) — rapprochées par code (v3),"Cette catégorie doit être utilisée pour enregistrer soit un épisode hypertensif chez un malade pour lequel aucun diagnostic formel d'hypertension n'a été porté, soit une découverte fortuite isolée.",false,"",false,"",false,"",v3
ANS_2025,R65,Syndrome de réponse inflammatoire systémique [SRIS],XVIII,categorie,"",note,Class,"","",instruction_codage,section Notes de la CIM-10,règle d'emploi (kind note ANS) — à confirmer,Pour la morbidité cette catégorie ne doit jamais être utilisée pour le codage de la cause principale. Cette catégorie est à utiliser lors du codage multiple pour identifier cet état quelle qu'en soit la cause. Un code d'un autre chapitre doit être porté en premier pour indiquer la cause ou l'affection causale.,false,"",false,"",false,"",v3
ANS_2025,R65,Syndrome de réponse inflammatoire systémique [SRIS],XVIII,categorie,"",note,Class,"","",instruction_codage,section Notes de la CIM-10,règle d'emploi (kind note ANS) — à confirmer,"Pour la mortalité, voir les instructions du volume 2.",false,"",false,"",false,"",v3
ANS_2025,R84,Résultats anormaux de prélèvements effectués sur l'appareil respiratoire et le thorax,XVIII,categorie,"",coding-hint,Class,"","",instruction_codage,section Notes de la CIM-10,coding-hint ClaML,Résultats anormaux de: expectoration,false,"",false,"",false,"",v3
ANS_2025,R84,Résultats anormaux de prélèvements effectués sur l'appareil respiratoire et le thorax,XVIII,categorie,"",coding-hint,Class,"","",instruction_codage,section Notes de la CIM-10,coding-hint ClaML,Résultats anormaux de: lavage bronchique,false,"",false,"",false,"",v3
ANS_2025,R84,Résultats anormaux de prélèvements effectués sur l'appareil respiratoire et le thorax,XVIII,categorie,"",coding-hint,Class,"","",instruction_codage,section Notes de la CIM-10,coding-hint ClaML,Résultats anormaux de: liquide pleural,false,"",false,"",false,"",v3
ANS_2025,R84,Résultats anormaux de prélèvements effectués sur l'appareil respiratoire et le thorax,XVIII,categorie,"",coding-hint,Class,"","",instruction_codage,section Notes de la CIM-10,coding-hint ClaML,Résultats anormaux de: prélèvements de gorge,false,"",false,"",false,"",v3
ANS_2025,R84,Résultats anormaux de prélèvements effectués sur l'appareil respiratoire et le thorax,XVIII,categorie,"",coding-hint,Class,"","",instruction_codage,section Notes de la CIM-10,coding-hint ClaML,Résultats anormaux de: sécrétions nasales,false,"",false,"",false,"",v3
ANS_2025,R85,Résultats anormaux de prélèvements effectués sur l'appareil digestif et la cavité abdominale,XVIII,categorie,"",coding-hint,Class,"","",instruction_codage,section Notes de la CIM-10,coding-hint ClaML,Résultats anormaux de: liquide péritonéal,false,"",false,"",false,"",v3
ANS_2025,R85,Résultats anormaux de prélèvements effectués sur l'appareil digestif et la cavité abdominale,XVIII,categorie,"",coding-hint,Class,"","",instruction_codage,section Notes de la CIM-10,coding-hint ClaML,Résultats anormaux de: salive,false,"",false,"",false,"",v3
ANS_2025,R86,Résultats anormaux de prélèvements effectués sur les organes génitaux de l'homme,XVIII,categorie,"",coding-hint,Class,"","",instruction_codage,section Notes de la CIM-10,coding-hint ClaML,Résultats anormaux de: sécrétions prostatiques,false,"",false,"",false,"",v3
ANS_2025,R86,Résultats anormaux de prélèvements effectués sur les organes génitaux de l'homme,XVIII,categorie,"",coding-hint,Class,"","",instruction_codage,section Notes de la CIM-10,coding-hint ClaML,"Résultats anormaux de: sperme, liquide séminal",false,"",false,"",false,"",v3
ANS_2025,R86,Résultats anormaux de prélèvements effectués sur les organes génitaux de l'homme,XVIII,categorie,"",coding-hint,Class,"","",instruction_codage,section Notes de la CIM-10,coding-hint ClaML,Spermatozoïdes anormaux,false,"",false,"",false,"",v3
ANS_2025,R87,Résultats anormaux de prélèvements effectués sur les organes génitaux de la femme,XVIII,categorie,"",coding-hint,Class,"","",instruction_codage,section Notes de la CIM-10,coding-hint ClaML,Résultats anormaux de sécrétions et frottis de: col de l'utérus,false,"",false,"",false,"",v3
ANS_2025,R87,Résultats anormaux de prélèvements effectués sur les organes génitaux de la femme,XVIII,categorie,"",coding-hint,Class,"","",instruction_codage,section Notes de la CIM-10,coding-hint ClaML,Résultats anormaux de sécrétions et frottis de: vagin,false,"",false,"",false,"",v3
ANS_2025,R87,Résultats anormaux de prélèvements effectués sur les organes génitaux de la femme,XVIII,categorie,"",coding-hint,Class,"","",instruction_codage,section Notes de la CIM-10,coding-hint ClaML,Résultats anormaux de sécrétions et frottis de: vulve,false,"",false,"",false,"",v3
ANS_2025,R89,"Résultats anormaux de prélèvements effectués sur d'autres organes, appareils et tissus",XVIII,categorie,"",coding-hint,Class,"","",instruction_codage,section Notes de la CIM-10,coding-hint ClaML,Résultats anormaux de: écoulement du mamelon,false,"",false,"",false,"",v3
ANS_2025,R89,"Résultats anormaux de prélèvements effectués sur d'autres organes, appareils et tissus",XVIII,categorie,"",coding-hint,Class,"","",instruction_codage,section Notes de la CIM-10,coding-hint ClaML,Résultats anormaux de: liquide synovial,false,"",false,"",false,"",v3
ANS_2025,R89,"Résultats anormaux de prélèvements effectués sur d'autres organes, appareils et tissus",XVIII,categorie,"",coding-hint,Class,"","",instruction_codage,section Notes de la CIM-10,coding-hint ClaML,Résultats anormaux de: sécrétions au niveau d'une plaie,false,"",false,"",false,"",v3
les_deux,S02,Fracture du crâne et des os de la face,XIX,categorie,E/G,note,Class,"","",instruction_codage,section Notes de la CIM-10,règle d'emploi (kind note ANS) — à confirmer ; classes divergentes OFS(convention_classement/definition) / ANS(instruction_codage) — rapprochées par code (v3),"Pour coder une cause principale de fracture du crâne et des os de la face associée à une lésion traumatique intracrânienne, se référer aux règles et instructions du volume 2 concernant le codage de la morbidité ou de la mortalité.",false,"",false,"",false,"",v3
ANS_2025,S05F10_4.6,"","",modificateur,"",coding-hint,"modificateur S05F10_4 .6 → F10.6, F11.6, F12.6, F13.6…","","",instruction_codage,section Notes de la CIM-10,coding-hint ClaML ; factorisée — se rend sur les codes concrets du modificateur,"Utiliser, au besoin, des codes supplémentaires (E51.2) (G32.8) en cas d’association avec une encéphalopathie de Wernicke.",false,"",false,"",false,"",v3
les_deux,S06,Lésion traumatique intracrânienne,XIX,categorie,E/G,note,Class,"","",instruction_codage,section Notes de la CIM-10,règle d'emploi (kind note ANS) — à confirmer ; classes divergentes OFS(convention_classement/definition) / ANS(instruction_codage) — rapprochées par code (v3),"Pour coder une cause principale de lésion traumatique intracrânienne associée à des fractures, se référer aux règles et instructions du volume 2 concernant le codage de la morbidité ou de la mortalité.",false,"",false,"",false,"",v3
ANS_2025,T76,Effets non précisés de causes externes,XIX,categorie,"",note,Class,"","",instruction_codage,section Notes de la CIM-10,règle d'emploi (kind note ANS) — à confirmer,"Cette catégorie doit être utilisée pour le codage de la mortalité afin d'identifier les effets non précisés de causes externes, quand la cause externe ne précise pas le type de lésion traumatique.",false,"",false,"",false,"",v3
ANS_2025,T76,Effets non précisés de causes externes,XIX,categorie,"",coding-hint,Class,"","",instruction_codage,section Notes de la CIM-10,coding-hint ClaML,Effets non précisés (d')(de): agression par moyens non précisés,false,"",false,"",false,"",v3
ANS_2025,T76,Effets non précisés de causes externes,XIX,categorie,"",coding-hint,Class,"","",instruction_codage,section Notes de la CIM-10,coding-hint ClaML,Effets non précisés (d')(de): lésion auto-infligée (suicide) par moyens non précisés,false,"",false,"",false,"",v3
les_deux,T78,"Effets indésirables, non classés ailleurs",XIX,categorie,E,note,Class,"","",instruction_codage,section Notes de la CIM-10,règle d'emploi (kind note ANS) — à confirmer ; classes divergentes OFS(convention_classement) / ANS(instruction_codage) — rapprochées par code (v3),"Cette catégorie doit être utilisée comme code principal afin d'identifier les effets indésirables de causes inconnues, indéterminées ou mal définies, non classés ailleurs. Elle peut être utilisée comme code supplémentaire pour le codage des causes multiples afin d'identifier les effets indésirables d'états classés ailleurs.",false,"",false,"",false,"",v3
ANS_2025,U00-U49,Classement provisoire d’affections nouvelles d’étiologie incertaine,"",bloc,"",coding-hint,Class,"","",instruction_codage,fiche de bloc (bibliothèque catégories) + héritage borné vers les feuilles,coding-hint ClaML ; note de bloc/chapitre — destination bornée (v3),"Depuis le 1er Janvier 2019, la maladie due au virus Zika est classée en A92.5.",false,"",false,"",false,"",v3
ANS_2025,U00-U49,Classement provisoire d’affections nouvelles d’étiologie incertaine,"",bloc,"",note,Class,"","",instruction_codage,fiche de bloc (bibliothèque catégories) + héritage borné vers les feuilles,règle d'emploi (kind note ANS) — à confirmer ; note de bloc/chapitre — destination bornée (v3),"Les codes U00-U49 sont utilisés par l’OMS pour une attribution provisoire à de nouvelles maladies d’étiologie incertaine. Dans les situations urgentes, les codes ne sont pas toujours accessibles dans les systèmes électroniques. La spécification de la catégorie U07, de la façon dont elle est construite ci-dessous, fait en sorte que cette catégorie et ses souscatégories sont disponibles dans tous les systèmes électroniques à tout moment et qu’ils peuvent être utilisés, sans délai, selon les instructions de l’OMS.",false,"",false,"",false,"",v3
ANS_2025,U08.9,"Antécédents personnels de COVID-19, sans précision",XXII,categorie,"",note,Class,"","",instruction_codage,section Notes de la CIM-10,règle d'emploi (kind note ANS) — à confirmer,"Ce code est utilisé pour enregistrer un épisode antérieur de COVID-19, confirmé ou probable, qui influence l’état de santé d’une personne qui ne présente plus la maladie. Ce code ne doit pas être utilisé comme cause initiale de décès.",false,"",false,"",false,"",v3
ANS_2025,U09.9,"Affection post-COVID-19, sans précision",XXII,categorie,"",note,Class,"","",instruction_codage,section Notes de la CIM-10,règle d'emploi (kind note ANS) — à confirmer,Ce code sert à établir un lien avec une infection COVID-19.,false,"",false,"",false,"",v3
ANS_2025,U09.9,"Affection post-COVID-19, sans précision",XXII,categorie,"",note,Class,"","",instruction_codage,section Notes de la CIM-10,règle d'emploi (kind note ANS) — à confirmer,Ce code ne doit pas être utilisé pour les cas présentant encore l’infection COVID-19.,false,"",false,"",false,"",v3
ANS_2025,U11.9,"Nécessité d’une vaccination contre la COVID-19, sans précision",XXII,categorie,"",note,Class,"","",instruction_codage,section Notes de la CIM-10,règle d'emploi (kind note ANS) — à confirmer,Ce code ne doit pas être utilisé pour les comparaisons internationales ou pour les statistiques primaires de mortalité. Ce code sera utilisé pour identifier une personne malade ou non qui a recours à un service de santé dans le but spécifique de recevoir un vaccin contre la COVID-19.,false,"",false,"",false,"",v3
ANS_2025,U11.9,"Nécessité d’une vaccination contre la COVID-19, sans précision",XXII,categorie,"",note,Class,"","",instruction_codage,section Notes de la CIM-10,règle d'emploi (kind note ANS) — à confirmer,Vaccination prophylactique anti-COVID-19.,false,"",false,"",false,"",v3
ANS_2025,U12.9,"Vaccins contre la COVID-19 ayant provoqué des effets indésirables au cours de leur usage thérapeutique, sans précision",XXII,categorie,"",note,Class,"","",instruction_codage,section Notes de la CIM-10,règle d'emploi (kind note ANS) — à confirmer,"Ce code doit être utilisé comme un code de cause externe (c-à-d comme une souscatégorie de Y59 Vaccins et substances biologiques, autres et sans précision). En plus de cela, un code d'un autre chapitre de la classification devrait être utilisé pour indiquer la nature de l'effet indésirable.",false,"",false,"",false,"",v3
ANS_2025,U12.9,"Vaccins contre la COVID-19 ayant provoqué des effets indésirables au cours de leur usage thérapeutique, sans précision",XXII,categorie,"",note,Class,"","",instruction_codage,section Notes de la CIM-10,règle d'emploi (kind note ANS) — à confirmer,Administration à usage thérapeutique correcte d’un vaccin anti-COVID-19 prophylactique comme cause de tout effet indésirable.,false,"",false,"",false,"",v3
ANS_2025,V01-V99,Accidents de transport,XX,bloc,"",introduction,Class,"",operante,instruction_codage,fiche de bloc (bibliothèque catégories) + héritage borné vers les feuilles,kind introduction ANS — éditorial ; opérante (enseigne l'emploi des codes) — reclassée depuis convention,"Instructions pour le classement et le codage des accidents de transport 1.Lorsqu'il n'est pas précisé s'il s'agit d'un accident de la circulation ou non, on présume: qu'il s'agit d'un accident de la circulation lorsqu'il relève des catégories V10-V82 et V87. qu'il ne s'agit pas d'un accident de la circulation lorsqu'il relève des catégories V83-V86. Pour ces catégories, la victime est un piéton ou l'occupant d'un véhicule conçu essentiellement pour être utilisé hors d'une route. 2.Lorsque sont signalés des accidents intéressant plus d'un mode de transport, il faut suivre l'ordre de priorité suivant: aéronef ou engin spatial (V95-V97) bateau (V90-V94) autres moyens de transport (V01-V89, V98-V99) 3.Lorsque la description de l'accident de transport ne précise pas si la victime était l'occupant d'un véhicule mais où celle-ci est décrite comme: blessée écrasée heurtée renversée trainée tuée par tout véhicule y compris animal monté automobile autobus bicyclette bulldozer camion camionnette fourgonnette motocyclette pick-up tracteur train tramway tricyle à moteur van véhicule à traction animale véhicule à usage récréatif classer la victime comme piéton (catégories V01-V09). 4.Lorsque la description de l'accident de transport ne donne pas d'indication sur la victime, par exemple: accident chute collision naufrage SAI de aéronef autobus automobile bateau bicyclette camion camionnette embarcation engin spatial fourgonnette motocyclette pick-up tracteur tramway tricyle à moteur véhicule à usage récréatif classer la victime comme occupant ou conducteur du véhicule mentionné. Si plusieurs véhicules sont mentionnés, ne pas présumer du moyen de locomotion de la victime sauf s'il s'agit de plusieurs véhicules identiques. Classer dans les catégories appropriées V87-V88, V90-V94, V95-V97 selon l'ordre de priorité indiqué dans la note 2 ci-dessus. 5.Lorsqu'un accident de transport tel que: perte de maîtrise par suite (d') (de): • assoupissement du conducteur • crevaison ou éclatement d'un pneu • défaillance mécanique • excès de vitesse • inattention du conducteur d'un véhicule (à moteur) (sans moteur) virage manqué a entraîné une collision, classer l'accident comme collision. Pour un accident autre qu'une collision, classer comme accident sans collision d'après le type de véhicule en cause. 6.Lorsqu'un accident de transport impliquant un véhicule en mouvement, tel que: chute d'objet sur, ou dans chute, saut ou projection accidentelle, du haut début d'incendie explosion d'une pièce heurt par un objet lancé à l'intérieur ou contre intoxication accidentelle par gaz d'échappement projection d'un objet sur rupture d'une pièce traumatisme par projection contre une partie, un objet se trouvant à l'intérieur (de)(un) véhicule en mouvement a entraîné une collision, classer l'accident comme collision. Pour un accident autre qu'une collision, classer comme accident sans collision d'après le type de véhicule en cause. 7.Les accidents de transport terrestre décrits comme: collision (sur la voie publique) (due à une perte de maîtrise) d'un véhicule avec: • arbre • autre objet fixe, mobile ou en mouvement • barrière de séparation routière • butée (d'un pont) (d'un pont autoroutier) • éboulis • mur de soutènement d'une tranchée routière • objet lancé devant un véhicule à moteur • parapet ou clôture • pierre tombée • poteau de signalisation • refuge • signal routier (provisoire) sont inclus dans les catégories V17.-, V27.-, V37.-, V47.-, V57.-, V67.-, et V77.- capotage (sans collision) sont inclus dans les catégories V18.-, V28.-, V38.-, V48.-, V58.-, V68.- et V78.- collision avec un animal (en troupeau) (non gardé) sont inclus dans les catégories V10.-, V20.-, V30.-, V40.-, V50.-, V60.- et V70.- collision avec un véhicule à traction animale ou un animal monté sont inclus dans les catégories V16.-, V26.-, V36.-, V46.-, V56.-, V66.- et V76.-",false,"",false,"",false,"",v3
les_deux,V01-V99,Accidents de transport,XX,bloc,G,note,Class,"","",instruction_codage,fiche de bloc (bibliothèque catégories) + héritage borné vers les feuilles,règle d'emploi (kind note ANS) — à confirmer ; classes divergentes OFS(definition) / ANS(instruction_codage) — rapprochées par code (v3) ; note de bloc/chapitre — destination bornée (v3),Cette section comprend 12 groupes. Ceux se référant aux accidents de transport terrestre (V01-V89) reflètent le moyen de transport adopté par la victime et sont subdivisés de façon à identifier le rôle de la victime ou le type de l'accident. Le véhicule occupé par le blessé est identifié par les deux premiers caractères puisqu'il est considéré comme le facteur le plus important à identifier à des fins de prévention.,true,Cette section comprend 12 groupes. Ceux se référant aux accidents de transport terrestre de V01 à V89 au chapitre XX reflètent le moyen de transport adopté par la victime et sont subdivisés de façon à identifier le rôle de la victime ou le type de l'accident. Le véhicule occupé par le blessé est identifié par les deux premiers caractères puisqu'il est considéré comme le facteur le plus important à identifier à des fins de prévention.,false,"",false,"",v3
les_deux,X,Maladies de l'appareil respiratoire,X,chapitre,E,note,Class,"","",instruction_codage,à trancher ligne à ligne : descente chapitre → feuilles,règle d'emploi (kind note ANS) — à confirmer ; note de bloc/chapitre — destination bornée (v3) ; note OFS de (J00-J99) retrouvée ici par contrôle plein texte (v3) ; verdict RF 2026-09-14 (doré) : rendue,"Lorsqu'une maladie est décrite comme ayant plus d'une localisation et n'est pas spécifiquement codée, elle est classée à la localisation la plus basse (par exemple: trachéobronchite à bronchite en J40).",true,"Lorsqu'une maladie est décrite comme ayant plus d'une localisation et n'est pas spécifiquement codée, elle est classée à la localisation la plus basse (par exemple : trachéobronchite à bronchite en J40).",false,trouvé_sur=X (note OFS (J00-J99)),false,"",v3
ANS_2025,X40-X49,Intoxication accidentelle par des substances nocives et exposition à ces substances,XX,bloc,"",note,Class,"","",instruction_codage,fiche de bloc (bibliothèque catégories) + héritage borné vers les feuilles,règle d'emploi (kind note ANS) — à confirmer ; note de bloc/chapitre — destination bornée (v3),"Se reporter à la Table des médicaments et substances chimiques de l'Index alphabétique pour la liste des médicaments et autres substances chimiques classées dans les catégories à trois caractères. S'il est prouvé que l'action de l'alcool est associée aux substances mentionnées ci-dessous, on peut l'indiquer au moyen de codes supplémentaires (Y90-Y91).",false,"",false,"",false,"",v3
ANS_2025,XIX,"Lésions traumatiques, empoisonnements et certaines autres conséquences de causes externes",XIX,chapitre,"",introduction,Class,"",operante,instruction_codage,à trancher ligne à ligne : descente chapitre → feuilles,kind introduction ANS — éditorial ; opérante (enseigne l'emploi des codes) — reclassée depuis convention,"Le chapitre utilise la section S pour le codage de différents types de traumatismes localisés à une seule région du corps et la section T pour le codage des traumatismes ayant des localisations multiples ou de siège non précisé, ainsi que les empoisonnements et certaines autres conséquences de causes externes. Dans les titres désignant des lésions traumatiques multiples, le mot « avec » indique l'association des deux localisations mentionnées et le mot « et » indique que l'on a affaire à l'une ou l'autre des deux localisations ou aux deux à la fois. Le principe du codage multiple des lésions traumatiques sera appliqué chaque fois que cela est possible. On a prévu des catégories de combinaisons pour les traumatismes multiples lorsque la nature de chacun d'eux n'est pas indiquée de façon précise ou pour la mise en tableaux des causes principales quand il est plus commode de n'enregistrer qu'une seule cause. En dehors de ces cas, les divers composants des lésions traumatiques seront codés séparément. Se référer également aux règles et instructions du Volume 2 concernant le codage de la morbidité ou de la mortalité. La section S ainsi que T00-T14 et T90-T98 comprennent les types de lésions traumatiques suivants au niveau du troisième caractère: Lésion traumatique superficielle comprenant: abrasion contusion, y compris ecchymose et hématome lésion traumatique par corps étranger superficiel (écharde) sans plaie ouverte importante phlyctène (non due à la chaleur) piqûre d'insecte (non venimeux) Plaie ouverte comprenant: coupure lacération morsure d'animal plaie perforante: SAI avec corps étranger (pénétrant) Fracture comprenant: fracture fermée: avec déplacement épiphysaire avec enfoncement avec luxation avec saillie comminutive en bois vert en fissure engrenée linéaire simple spiroïde fracture ouverte: avec corps étranger exposée infectée par perforation par projectile avec ou sans retard de guérison",false,"",false,"",false,"",v3
ANS_2025,XV,"Grossesse, accouchement et puerpéralité",XV,chapitre,"",note,Class,"","",instruction_codage,à trancher ligne à ligne : descente chapitre → feuilles,règle d'emploi (kind note ANS) — à confirmer ; note de bloc/chapitre — destination bornée (v3),"Les codes de ce chapitre doivent être utilisés pour décrire les affections en lien avec la grossesse ou aggravées par elle, l'accouchement ou la puerpéralité (causes maternelles ou causes obstétricales).",false,"",false,"",false,"",v3
ANS_2025,XVIII,"Symptômes, signes et résultats anormaux d'examens cliniques et de laboratoire, non classés ailleurs",XVIII,chapitre,"",text,Class,"",operante,instruction_codage,à trancher ligne à ligne : descente chapitre → feuilles,kind text ANS — au critère opérant ; opérante (enseigne l'emploi des codes) — reclassée depuis convention,"Les affections et les signes ou symptômes classés dans les catégories R00-R99 se rapportent: (a)aux cas pour lesquels aucun diagnostic plus précis n'a pu être porté, même après examen de tous les faits s'y rapportant; (b)aux signes ou symptômes existants lors de la première consultation, qui se sont avérés être transitoires et dont les causes n'ont pu être déterminées; (c)aux diagnostics provisoires chez un malade qui n'est pas revenu pour d'autres investigations ou soins; (d)aux cas de malades dirigés ailleurs pour examens complémentaires ou traitement avant que le diagnostic ne soit établi; (e)aux cas dans lesquels un diagnostic plus précis n'a pu être établi pour toute autre raison; (f)à certains symptômes pour lesquels des renseignements supplémentaires sont fournis, symptômes qui par eux-mêmes représentent des problèmes importants de soins médicaux.",false,"",false,"",false,"",v3
les_deux,XX,Causes externes de morbidité et de mortalité,XX,chapitre,G,text,Class,"",operante,instruction_codage,à trancher ligne à ligne : descente chapitre → feuilles,kind text ANS — au critère opérant ; opérante (enseigne l'emploi des codes) — reclassée depuis convention ; note OFS de (V01-Y98) retrouvée ici par contrôle plein texte (v3),"Le présent chapitre, qui, dans les révisions précédentes de la CIM, constituait une classification supplémentaire, permet la classification de toutes les causes externes responsables de lésions traumatiques, d'intoxications et d'autres effets indésirables. Ses rubriques seront utilisées en association avec les rubriques d'autres chapitres de la classification indiquant la nature de la lésion. Le plus souvent, une rubrique du chapitre XIX « Lésions traumatiques, empoisonnements et certaines autres conséquences de causes externes (S00-T98) » indiquera la lésion. Pour la mise en tableaux des causes de décès, on utilisera de préférence un double classement, chapitre XIX et chapitre XX, mais, si cette mise en tableaux doit être effectuée selon un code unique, on utilisera de préférence le code du chapitre XX. D'autres affections pouvant être imputées à des causes externes sont classées dans les chapitres I à XVIII. Dans ce cas, les rubriques du chapitre XX seront utilisées uniquement à titre d'information complémentaire pour l'analyse des affections multiples. Les rubriques pour les séquelles de causes externes de morbidité et de mortalité sont classées en Y85-Y89.",true,"Le présent chapitre, qui, dans les révisions précédentes de la CIM, constituait une classification supplémentaire, permet la classification de toutes les causes externes responsables de lésions traumatiques, d'intoxications et d'autres effets indésirables. Ses rubriques seront utilisées en association avec les rubriques d'autres chapitres de la Classification indiquant la nature de la lésion. Le plus souvent, une rubrique du Chapitre XIX, Lésions traumatiques, empoisonnements et certaines autres conséquences de causes externes (S00-T98), indiquera la lésion. Pour la mise en tableaux des causes de décès, on utilisera de préférence un double classement, Chapitre XIX et Chapitre XX, mais, si cette mise en tableaux doit être effectuée selon un code unique, on utilisera de préférence le code du Chapitre XX. D'autres affections pouvant être imputées à des causes externes sont classées dans les Chapitres I à XVIII. Dans ce cas, les rubriques du Chapitre XX seront utilisées uniquement à titre d'information complémentaire pour l'analyse des affections multiples. <P>Les rubriques pour les séquelles de causes externes de morbidité et de mortalité sont classées en Y85-Y89.",false,trouvé_sur=XX (note OFS (V01-Y98)),false,"",v3
ANS_2025,XXI,Facteurs influant sur l'état de santé et motifs de recours aux services de santé,XXI,chapitre,"",coding-hint,Class,"","",instruction_codage,à trancher ligne à ligne : descente chapitre → feuilles,coding-hint ClaML ; note de bloc/chapitre — destination bornée (v3),"Les catégories Z00-Z99 sont destinées à l'enregistrement des motifs de recours aux services de santé, autres que maladie, traumatisme ou cause externe classés dans les catégories A00-Y89, ce qui peut se produire dans deux cas principaux:",false,"",false,"",false,"",v3
ANS_2025,XXI,Facteurs influant sur l'état de santé et motifs de recours aux services de santé,XXI,chapitre,"",coding-hint,Class,"","",instruction_codage,à trancher ligne à ligne : descente chapitre → feuilles,coding-hint ClaML ; note de bloc/chapitre — destination bornée (v3),"a) quand un sujet, malade ou non, entre en contact avec les services de santé pour une raison précise, par exemple, pour recevoir des soins ou des services de niveau limité pour une affection en cours, pour être donneur d'un organe ou d'un tissu, recevoir une vaccination ou discuter d'un problème qui ne représente pas en soi une maladie ou un traumatisme;",false,"",false,"",false,"",v3
ANS_2025,XXI,Facteurs influant sur l'état de santé et motifs de recours aux services de santé,XXI,chapitre,"",coding-hint,Class,"","",instruction_codage,à trancher ligne à ligne : descente chapitre → feuilles,coding-hint ClaML ; note de bloc/chapitre — destination bornée (v3),"b) quand existent des circonstances ou des problèmes qui influencent l'état de santé d'un sujet, sans constituer en eux-mêmes une maladie ou un traumatisme. De tels facteurs peuvent être retrouvés au cours d'enquêtes de population, alors que le sujet est ou non malade, ou être enregistrés comme facteur supplémentaire dont il faudra se souvenir quand le sujet reçoit des soins pour maladie ou traumatisme.",false,"",false,"",false,"",v3
les_deux,XXI,Facteurs influant sur l'état de santé et motifs de recours aux services de santé,XXI,chapitre,E,note,Class,"","",instruction_codage,à trancher ligne à ligne : descente chapitre → feuilles,règle d'emploi (kind note ANS) — à confirmer ; note de bloc/chapitre — destination bornée (v3) ; note OFS de (Z00-Z99) retrouvée ici par contrôle plein texte (v3),Ce chapitre ne doit pas être utilisé pour les comparaisons internationales ou pour le codage de la cause initiale de mortalité.,true,Ce chapitre ne doit pas être utilisé pour les comparaisons internationales ou pour le codage de la cause initiale de mortalité.,false,trouvé_sur=XXI (note OFS (Z00-Z99)),false,"",v3
ANS_2025,Y10-Y34,Evénements dont l'intention n'est pas déterminée,XX,bloc,"",note,Class,"","",instruction_codage,fiche de bloc (bibliothèque catégories) + héritage borné vers les feuilles,règle d'emploi (kind note ANS) — à confirmer ; note de bloc/chapitre — destination bornée (v3),"Cette section concerne les événements au sujet desquels les renseignements dont on dispose ne permettent pas aux autorités médicales ou légales de savoir s'il s'agit d'un accident, d'une lésion auto-infligée ou d'une agression. Elle comprend les lésions auto-infligées, mais pas les intoxications, quand il n'est pas précisé si elles sont accidentelles ou s'il y a eu intention de nuire (X40-X49). Suivre les dispositions légales en la matière si elles sont disponibles.",false,"",false,"",false,"",v3
les_deux,Y36,Faits de guerre,XX,categorie,E,note,Class,"","",instruction_codage,section Notes de la CIM-10,règle d'emploi (kind note ANS) — à confirmer ; classes divergentes OFS(convention_classement) / ANS(instruction_codage) — rapprochées par code (v3),Les blessures par faits de guerre survenus après l'arrêt des hostilités sont classées en Y36.8.,true,Les blessures par fait de guerre survenus après l'arrêt des hostilités sont classées en Y36.8,false,"",false,"",v3
les_deux,Y40-Y59,Médicaments et substances biologiques ayant provoqué des effets indésirables au cours de leur usage thérapeutique,XX,bloc,E,note,Class,"","",instruction_codage,fiche de bloc (bibliothèque catégories) + héritage borné vers les feuilles,règle d'emploi (kind note ANS) — à confirmer ; classes divergentes OFS(convention_classement) / ANS(instruction_codage) — rapprochées par code (v3) ; note de bloc/chapitre — destination bornée (v3),Se reporter à la Table des médicaments et substances chimiques de l'Index alphabétique pour la liste des médicaments spécifiques classés dans les subdivisions à quatre caractères.,false,"",false,"",false,"",v3
les_deux,Y90-Y98,Facteurs supplémentaires se rapportant aux causes de morbidité et de mortalité classées ailleurs,XX,bloc,E,note,Class,"","",instruction_codage,fiche de bloc (bibliothèque catégories) + héritage borné vers les feuilles,règle d'emploi (kind note ANS) — à confirmer ; classes divergentes OFS(convention_classement) / ANS(instruction_codage) — rapprochées par code (v3) ; note de bloc/chapitre — destination bornée (v3),"Ces catégories peuvent servir, au besoin, à apporter des renseignements supplémentaires sur les causes de morbidité et de mortalité. Elles ne doivent pas être utilisées comme code de la cause initiale de mortalité ou de morbidité.",false,"",false,"",false,"",v3
les_deux,Z00-Z13,Sujets en contact avec les services de santé pour des examens divers,XXI,bloc,E,note,Class,"","",instruction_codage,fiche de bloc (bibliothèque catégories) + héritage borné vers les feuilles,règle d'emploi (kind note ANS) — à confirmer ; classes divergentes OFS(convention_classement) / ANS(instruction_codage) — rapprochées par code (v3) ; note de bloc/chapitre — destination bornée (v3),Les résultats anormaux non spécifiques découverts au moment de ces examens sont classés dans les catégories R70-R94.,true,"Les résultats anormaux non spécifiques découverts au moment de ces examens sont classés dans les catégories (R70-R79), (R80-R82), (R83-R89), (R90-R94).",false,"",false,"",v3
les_deux,Z37,Résultat de l'accouchement,XXI,categorie,E,note,Class,"","",instruction_codage,section Notes de la CIM-10,règle d'emploi (kind note ANS) — à confirmer ; classes divergentes OFS(convention_classement) / ANS(instruction_codage) — rapprochées par code (v3),Cette catégorie sera utilisée comme code additionnel pour identifier le résultat de l'accouchement sur le dossier de la mère.,false,"",false,"",false,"",v3
les_deux,Z40-Z54,Sujets ayant recours aux services de santé pour des actes médicaux et des soins spécifiques,XXI,bloc,E,note,Class,"","",instruction_codage,fiche de bloc (bibliothèque catégories) + héritage borné vers les feuilles,règle d'emploi (kind note ANS) — à confirmer ; classes divergentes OFS(convention_classement) / ANS(instruction_codage) — rapprochées par code (v3) ; note de bloc/chapitre — destination bornée (v3),"Les catégories Z40-Z54 seront utilisées pour indiquer la raison de la prise en charge. Elles peuvent être utilisées pour des malades ayant déjà été traités pour une affection ou une lésion traumatique, mais nécessitant des examens de contrôle ou des soins prophylactiques, des soins de convalescence ou des soins médicaux pour consolider le traitement, soigner un état persistant, s'assurer qu'il n'y a pas eu de rechute ou pour la prévenir.",true,"Les catégories (Z40-Z54) seront utilisées pour indiquer la raison de la prise en charge. Elles peuvent être utilisées pour des malades ayant déjà été traités pour une affection ou une lésion traumatique, mais nécessitant des examens de contrôle ou des soins prophylactiques, des soins de convalescence ou des soins médicaux pour consolider le traitement, soigner un état persistant, s'assurer qu'il n'y a pas de rechute ou pour la prévenir.",false,"",false,"",v3
les_deux,G81,Hémiplégie,VI,categorie,E,note,Class,categorie_pas_code_principal,"",instruction_codage,section Notes de la CIM-10,règle de position (jamais en codage principal) ; classes divergentes OFS(convention_classement) / ANS(instruction_codage) — rapprochées par code (v3),Cette catégorie ne doit être utilisée comme cause principale de codage que lorsque l'hémiplégie (complète) (incomplète) est mentionnée sans autre précision ou est définie comme ancienne ou de longue durée mais de cause non précisée. Cette catégorie peut être aussi utilisée en codage multiple pour identifier les types d'hémiplégie résultant d'une cause quelle qu'elle soit.,false,"",false,"",false,"",v3
les_deux,G82,Paraplégie et tétraplégie,VI,categorie,E,note,Class,categorie_pas_code_principal,"",instruction_codage,section Notes de la CIM-10,règle de position (jamais en codage principal) ; classes divergentes OFS(convention_classement) / ANS(instruction_codage) — rapprochées par code (v3),Cette catégorie ne doit être utilisée comme cause principale de codage que lorsque les affections ci-dessous sont mentionnées sans autre précision ou sont définies comme anciennes ou de longue durée mais de cause non précisée. Cette catégorie peut être aussi utilisée en codage multiple pour identifier les types de paraplégie et tétraplégie résultant d'une cause quelle qu'elle soit.,false,"",false,"",false,"",v3
les_deux,G83,Autres syndromes paralytiques,VI,categorie,E,note,Class,categorie_pas_code_principal,"",instruction_codage,section Notes de la CIM-10,règle de position (jamais en codage principal) ; classes divergentes OFS(convention_classement) / ANS(instruction_codage) — rapprochées par code (v3),Cette catégorie ne doit être utilisée comme cause principale de codage que lorsque les affections ci-dessous sont mentionnées sans autre précision ou sont définies comme anciennes ou de longue durée mais de cause non précisée. Cette catégorie peut être aussi utilisée en codage multiple pour identifier les états résultant d'une cause quelle qu'elle soit.,false,"",false,"",false,"",v3
les_deux,T31,Brulures classées selon l'étendue de la surface du corps atteinte,XIX,categorie,E,note,Class,categorie_pas_code_principal,"",instruction_codage,section Notes de la CIM-10,règle de position (jamais en codage principal),"Cette catégorie n'est utilisée comme code principal que lorsque le siège de la brulure n'est pas précisé. On peut aussi l'utiliser, au besoin, comme code supplémentaire avec les catégories T20-T25,T29 lorsque le siège est précisé.",true,"Cette catégorie n'est utilisée comme code principal que lorsque le siège de la brûlure n'est pas précisé. On peut aussi l'utiliser, au besoin, comme code supplémentaire avec les catégories T20-T29 lorsque le siège est précisé.",false,"",false,"",v3
les_deux,T32,Corrosions classées selon l'étendue de la surface du corps atteinte,XIX,categorie,E,note,Class,categorie_pas_code_principal,"",instruction_codage,section Notes de la CIM-10,règle de position (jamais en codage principal),"Cette catégorie n'est utilisée comme code principal que lorsque le siège de la corrosion n'est pas précisé. On peut aussi l'utiliser, au besoin, comme code supplémentaire avec les catégories T20-T25,T29 lorsque le siège est précisé.",true,"Cette catégorie n'est utilisée comme code principal que lorsque le siège de la corrosion n'est pas précisé. On peut aussi l'utiliser, au besoin, comme code supplémentaire avec les catégories T20-T29 lorsque le siège est précisé.",false,"",false,"",v3
les_deux,B90-B94,Séquelles de maladies infectieuses et parasitaires,I,bloc,E,note,Class,categories_bloc_regle_emploi,"",instruction_codage,section Notes de la CIM-10,règle d'emploi des catégories du bloc ; attachée à un chapitre/bloc — héritage vers les catégories à trancher,"Les catégories B90-B94 doivent être utilisées pour définir des affections figurant en A00-B89 qui sont la cause de séquelles, elles-mêmes classées ailleurs. Les séquelles comprennent les états précisés comme tels; elles comprennent également les effets tardifs de maladies classées dans les catégories ci-dessus, s'il est prouvé que la maladie elle-même n'est plus présente. Pour l'utilisation de cette catégorie, se référer aux règles et instructions du volume 2 concernant le codage de la morbidité ou de la mortalité.",true,"Ces catégories doivent être utilisées pour définir des affections figurant en A00-B89 qui sont la cause de séquelles, elles-mêmes classées ailleurs. Les séquelles comprennent les états précisés comme tels; elles comprennent également les effets tardifs de maladies classées dans les catégories ci-dessus, s'il est prouvé que la maladie elle-même n'est plus présente. Pour l'utilisation de cette catégorie, se référer aux règles et instructions du Volume 2 concernant le codage de la morbidité ou de la mortalité.",false,"",false,"",v3
les_deux,B95-B98,"Agents d'infections bactériennes, virales et autres",I,bloc,E,note,Class,categories_bloc_regle_emploi,"",instruction_codage,section Notes de la CIM-10,règle d'emploi des catégories du bloc ; attachée à un chapitre/bloc — héritage vers les catégories à trancher ; note OFS de (B95-B97) retrouvée ici par contrôle plein texte (v3),"Ces catégories ne doivent jamais être utilisées pour le codage de la cause principale. Elles sont proposées pour servir, au besoin, de code supplémentaire si l'on désire identifier l'(les) agent(s) responsable(s) des maladies classées ailleurs.",true,"Ces catégories ne doivent jamais être utilisées pour le codage de la cause principale. Elles sont proposées pour servir, au besoin, de code supplémentaire si l'on désire identifier l'(les) agent(s) responsable(s) des maladies classées ailleurs.",false,trouvé_sur=B95-B98 (note OFS (B95-B97)),false,"",v3
ANS_2025,T90-T98,"Séquelles de lésions traumatiques, d'empoisonnements et d'autres conséquences de causes externes",XIX,bloc,"",note,Class,categories_bloc_regle_emploi,"",instruction_codage,section Notes de la CIM-10,règle d'emploi des catégories du bloc ; attachée à un chapitre/bloc — héritage vers les catégories à trancher,Ces catégories ne doivent pas être utilisées pour signaler les intoxications et les expositions nocives chroniques. Les coder comme des intoxications et des expositions nocives en cours.,false,"",false,"",false,"",v3
les_deux,T90-T98,"Séquelles de lésions traumatiques, d'empoisonnements et d'autres conséquences de causes externes",XIX,bloc,E,note,Class,categories_bloc_regle_emploi,"",instruction_codage,section Notes de la CIM-10,règle d'emploi des catégories du bloc ; attachée à un chapitre/bloc — héritage vers les catégories à trancher,"Les catégories T90–T98 doivent être utilisées pour indiquer des états classés en S00-S99 et T00-T88, comme la cause d'effets tardifs qui sont eux-mêmes classés ailleurs. Les « séquelles » comprennent celles qui sont précisées comme telles ou comme effets tardifs, et celles présentes au moins une année après la lésion traumatique aigüe.",true,"Ces catégories doivent être utilisées pour indiquer des états classés au chapitre XIX sauf (T90-T98), comme la cause d'effets tardifs, qui sont eux-mêmes classés ailleurs. Les ""séquelles"" comprennent celles qui sont précisées comme telles, ou comme effets tardifs, et celles présentes au moins une année après la lésion traumatique aiguë.",false,"",false,"",v3
ANS_2025,U82-U85,Résistance aux médicaments antimicrobiens et antinéoplasiques,XXII,bloc,"",note,Class,categories_bloc_regle_emploi,"",instruction_codage,section Notes de la CIM-10,règle d'emploi des catégories du bloc ; attachée à un chapitre/bloc — héritage vers les catégories à trancher,"Ces catégories ne doivent jamais être utilisées pour coder la cause initiale. Elles sont fournies comme codes supplémentaires pour identifier, si besoin, des propriétés de résistance, de non réponse ou réfractaires de médicaments antimicrobiens et antinéoplasiques.",false,"",false,"",false,"",v3
ANS_2025,Y85-Y89,Séquelles de causes externes de morbidité et de mortalité,XX,bloc,"",note,Class,categories_bloc_regle_emploi,"",instruction_codage,section Notes de la CIM-10,règle d'emploi des catégories du bloc ; attachée à un chapitre/bloc — héritage vers les catégories à trancher,Ces catégories ne doivent pas être utilisées pour signaler les intoxications et les expositions nocives chroniques. Les coder comme des intoxications et expositions nocives en cours.,false,"",false,"",false,"",v3
les_deux,Y85-Y89,Séquelles de causes externes de morbidité et de mortalité,XX,bloc,E,note,Class,categories_bloc_regle_emploi,"",instruction_codage,section Notes de la CIM-10,règle d'emploi des catégories du bloc ; classes divergentes OFS(convention_classement) / ANS(instruction_codage) — rapprochées par code (v3) ; attachée à un chapitre/bloc — héritage vers les catégories à trancher,"Les catégories Y85-Y89 doivent servir à indiquer les circonstances qui sont la cause du décès, de la déficience ou de l'incapacité résultant de séquelles ou ""effets tardifs"", qui sont classés ailleurs. Ces séquelles comprennent des états signalés comme tels ou se présentant comme des ""effets tardifs"" au moins un an après l'événement initial.",false,"",false,"",false,"",v3
OFS_2006,I01,"Rhumatisme articulaire aigu, avec atteinte cardiaque",IX,categorie,N,"",NOTE,exclusion_conditionnelle,"",instruction_codage,section Notes de la CIM-10,condition d'application d'une exclusion,"Cette exclusion est applicable à moins qu'un processus rhumatismal ne soit aussi présent ou d'une recrudescence de l'activité de ce processus. Si, au moment du décès, il existe un doute quant à l'activité rhumatismale, se référer aux règles et instructions du Volume 2 concernant la mortalité.",false,"",true,absent,false,"",v3
ANS_2025,A40,Sepsis à streptocoques,I,categorie,"",coding-hint,Class,utiliser_code_supplementaire,"",instruction_codage,section Notes de la CIM-10,instruction transversale « code supplémentaire » — à trancher en bloc,"Utiliser, au besoin, un code supplémentaire (R57.2) pour identifier le choc septique.",false,"",false,"",false,"",v3
ANS_2025,A41,Autres sepsis,I,categorie,"",coding-hint,Class,utiliser_code_supplementaire,"",instruction_codage,section Notes de la CIM-10,instruction transversale « code supplémentaire » — à trancher en bloc,"Utiliser, au besoin, un code supplémentaire (R57.2) pour identifier le choc septique.",false,"",false,"",false,"",v3
les_deux,A50.4,Syphilis congénitale nerveuse tardive [neurosyphilis juvénile],I,categorie,N,coding-hint,Class,utiliser_code_supplementaire,"",instruction_codage,section Notes de la CIM-10,instruction transversale « code supplémentaire » — à trancher en bloc,"Utiliser, au besoin, un code supplémentaire pour identifier un trouble mental associé.",false,"",false,"",false,"",v3
ANS_2025,B15-B19,Hépatite virale,I,bloc,"",coding-hint,Class,utiliser_code_supplementaire,"",instruction_codage,section Notes de la CIM-10,instruction transversale « code supplémentaire » — à trancher en bloc ; attachée à un chapitre/bloc — héritage vers les catégories à trancher,"Utiliser, au besoin, un code supplémentaire de cause externe (Chapitre XX) pour identifier le médicament en cas d'hépatite posttransfusionnelle.",false,"",false,"",false,"",v3
ANS_2025,B33.4,Syndrome (cardio)pulmonaire à virus Hanta [hantavirus] [SPH] [SCPH] ,I,categorie,"",coding-hint,Class,utiliser_code_supplementaire,"",instruction_codage,section Notes de la CIM-10,instruction transversale « code supplémentaire » — à trancher en bloc,"Utiliser, au besoin, un code supplémentaire (N17.9) pour identifier la défaillance rénale associée au SPH dû aux virus Andes, Bayou et Black Creek Canal.",false,"",false,"",false,"",v3
ANS_2025,C00-C97,Tumeurs malignes,II,bloc,"",coding-hint,Class,utiliser_code_supplementaire,"",instruction_codage,section Notes de la CIM-10,instruction transversale « code supplémentaire » — à trancher en bloc ; attachée à un chapitre/bloc — héritage vers les catégories à trancher,"Utiliser, au besoin, un code supplémentaire (U85) pour identifier des propriétés de résistance, de non-réponse ou réfractaires d’une tumeur aux médicaments antinéoplasiques.",false,"",false,"",false,"",v3
ANS_2025,C88.4,Lymphome de la zone marginale à cellules B des tissus lymphoïdes associés aux muqueuses [lymphome MALT],II,categorie,"",coding-hint,Class,utiliser_code_supplementaire,"",instruction_codage,section Notes de la CIM-10,instruction transversale « code supplémentaire » — à trancher en bloc,"Utiliser, au besoin, un code supplémentaire (C83.3) pour indiquer l’évolution vers un lymphome (diffus à grandes cellules) de haute malignité.",false,"",false,"",false,"",v3
les_deux,D52.1,Anémie par carence en acide folique due à des médicaments,III,categorie,N,coding-hint,Class,utiliser_code_supplementaire,"",instruction_codage,section Notes de la CIM-10,instruction transversale « code supplémentaire » — à trancher en bloc,"Utiliser, au besoin, un code supplémentaire de cause externe (Chapitre XX) pour identifier le médicament.",false,"",false,"",false,"",v3
les_deux,D59.0,"Anémie hémolytique auto-immune, due à des médicaments",III,categorie,N,coding-hint,Class,utiliser_code_supplementaire,"",instruction_codage,section Notes de la CIM-10,instruction transversale « code supplémentaire » — à trancher en bloc,"Utiliser, au besoin, un code supplémentaire de cause externe (Chapitre XX) pour identifier le médicament.",false,"",false,"",false,"",v3
les_deux,D59.2,"Anémie hémolytique non auto-immune, due à des médicaments",III,categorie,N,coding-hint,Class,utiliser_code_supplementaire,"",instruction_codage,section Notes de la CIM-10,instruction transversale « code supplémentaire » — à trancher en bloc,"Utiliser, au besoin, un code supplémentaire de cause externe (Chapitre XX) pour identifier le médicament.",false,"",false,"",false,"",v3
les_deux,D59.4,Autres anémies hémolytiques non auto-immunes,III,categorie,N,coding-hint,Class,utiliser_code_supplementaire,"",instruction_codage,section Notes de la CIM-10,instruction transversale « code supplémentaire » — à trancher en bloc,"Utiliser, au besoin, un code supplémentaire de cause externe (Chapitre XX) pour identifier la cause.",false,"",false,"",false,"",v3
les_deux,D59.6,Hémoglobinurie due à une hémolyse relevant d'autres causes externes,III,categorie,N,coding-hint,Class,utiliser_code_supplementaire,"",instruction_codage,section Notes de la CIM-10,instruction transversale « code supplémentaire » — à trancher en bloc,"Utiliser, au besoin, un code supplémentaire de cause externe (Chapitre XX) pour identifier la cause.",false,"",false,"",false,"",v3
les_deux,D61.1,Aplasie médullaire médicamenteuse,III,categorie,N,coding-hint,Class,utiliser_code_supplementaire,"",instruction_codage,section Notes de la CIM-10,instruction transversale « code supplémentaire » — à trancher en bloc,"Utiliser, au besoin, un code supplémentaire de cause externe (Chapitre XX) pour identifier le médicament.",false,"",false,"",false,"",v3
les_deux,D61.2,Aplasie médullaire due à d'autres agents externes,III,categorie,N,coding-hint,Class,utiliser_code_supplementaire,"",instruction_codage,section Notes de la CIM-10,instruction transversale « code supplémentaire » — à trancher en bloc,"Utiliser, au besoin, un code supplémentaire de cause externe (Chapitre XX) pour identifier la cause.",false,"",false,"",false,"",v3
les_deux,D64.1,"Anémie sidéroblastique secondaire, due à une maladie",III,categorie,N,coding-hint,Class,utiliser_code_supplementaire,"",instruction_codage,section Notes de la CIM-10,instruction transversale « code supplémentaire » — à trancher en bloc,"Utiliser, au besoin, un code supplémentaire pour identifier la maladie.",false,"",false,"",false,"",v3
les_deux,D64.2,"Anémie sidéroblastique secondaire, due à des médicaments et des toxines",III,categorie,N,coding-hint,Class,utiliser_code_supplementaire,"",instruction_codage,section Notes de la CIM-10,instruction transversale « code supplémentaire » — à trancher en bloc,"Utiliser, au besoin, un code supplémentaire de cause externe (Chapitre XX) pour identifier la cause.",false,"",false,"",false,"",v3
les_deux,D68.3,Troubles hémorragiques dus à des anticoagulants circulants,III,categorie,N,coding-hint,Class,utiliser_code_supplementaire,"",instruction_codage,section Notes de la CIM-10,instruction transversale « code supplémentaire » — à trancher en bloc,"Utiliser, au besoin, un code supplémentaire de cause externe (Chapitre XX) pour identifier l'anticoagulant administré.",false,"",false,"",false,"",v3
les_deux,D69.5,Thrombopénie secondaire,III,categorie,N,coding-hint,Class,utiliser_code_supplementaire,"",instruction_codage,section Notes de la CIM-10,instruction transversale « code supplémentaire » — à trancher en bloc,"Utiliser, au besoin, un code supplémentaire de cause externe (Chapitre XX) pour identifier la cause.",false,"",false,"",false,"",v3
les_deux,D70,Agranulocytose,III,categorie,N,coding-hint,Class,utiliser_code_supplementaire,"",instruction_codage,section Notes de la CIM-10,instruction transversale « code supplémentaire » — à trancher en bloc,"Utiliser, au besoin, un code supplémentaire de cause externe (Chapitre XX) pour identifier le médicament.",true,"Utiliser, au besoin, un code supplémentaire de cause externe (Chapitre XX) pour identifier éventuellement le médicament.",false,"",false,"",v3
les_deux,D74.8,Autres méthémoglobinémies,III,categorie,N,coding-hint,Class,utiliser_code_supplementaire,"",instruction_codage,section Notes de la CIM-10,instruction transversale « code supplémentaire » — à trancher en bloc,"Utiliser, au besoin, un code supplémentaire de cause externe (Chapitre XX) pour identifier la cause.",false,"",false,"",false,"",v3
ANS_2025,D76.2,Syndrome hémophagocytaire associé à une infection,III,categorie,"",coding-hint,Class,utiliser_code_supplementaire,"",instruction_codage,section Notes de la CIM-10,instruction transversale « code supplémentaire » — à trancher en bloc,"Utiliser, au besoin, un code supplémentaire pour identifier l'agent infectieux ou la maladie.",false,"",false,"",false,"",v3
ANS_2025,D89.3,Syndrome de restauration immunitaire,III,categorie,"",coding-hint,Class,utiliser_code_supplementaire,"",instruction_codage,section Notes de la CIM-10,instruction transversale « code supplémentaire » — à trancher en bloc,"Utiliser, au besoin, un code supplémentaire de cause externe (Chapitre XX) pour identifier le médicament.",false,"",false,"",false,"",v3
les_deux,E00,Syndrome d'insuffisance thyroïdienne congénitale,IV,categorie,N,coding-hint,Class,utiliser_code_supplementaire,"",instruction_codage,section Notes de la CIM-10,instruction transversale « code supplémentaire » — à trancher en bloc,"Utiliser, au besoin, un code supplémentaire (F70-F79) pour identifier le retard mental associé.",false,"",false,"",false,"",v3
les_deux,E03.2,Hypothyroïdie due à des médicaments et à d'autres produits exogènes,IV,categorie,N,coding-hint,Class,utiliser_code_supplementaire,"",instruction_codage,section Notes de la CIM-10,instruction transversale « code supplémentaire » — à trancher en bloc,"Utiliser, au besoin, un code supplémentaire de cause externe (Chapitre XX) pour identifier la cause.",false,"",false,"",false,"",v3
les_deux,E05.8,Autres thyréotoxicoses,IV,categorie,N,coding-hint,Class,utiliser_code_supplementaire,"",instruction_codage,section Notes de la CIM-10,instruction transversale « code supplémentaire » — à trancher en bloc,"Utiliser, au besoin, un code supplémentaire de cause externe (Chapitre XX) pour identifier la cause.",false,"",false,"",false,"",v3
les_deux,E06.0,Thyroïdite aigüe,IV,categorie,N,coding-hint,Class,utiliser_code_supplementaire,"",instruction_codage,section Notes de la CIM-10,instruction transversale « code supplémentaire » — à trancher en bloc,"Utiliser, au besoin, un code supplémentaire (B95-B98) pour identifier l'agent infectieux.",true,"Utiliser, au besoin, un code supplémentaire (B95-B97) pour identifier l'agent infectieux.",false,"",false,"",v3
les_deux,E06.4,Thyroïdite médicamenteuse,IV,categorie,N,coding-hint,Class,utiliser_code_supplementaire,"",instruction_codage,section Notes de la CIM-10,instruction transversale « code supplémentaire » — à trancher en bloc,"Utiliser, au besoin, un code supplémentaire de cause externe (Chapitre XX) pour identifier le médicament.",false,"",false,"",false,"",v3
les_deux,E10-E14,Diabète sucré,IV,bloc,N,coding-hint,Class,utiliser_code_supplementaire,"",instruction_codage,section Notes de la CIM-10,instruction transversale « code supplémentaire » — à trancher en bloc ; attachée à un chapitre/bloc — héritage vers les catégories à trancher,"Utiliser, au besoin, un code supplémentaire de cause externe (ChapitreXX) pour identifier le médicament éventuellement en cause.",true,"Utiliser, au besoin, un code supplémentaire de cause externe (Chapitre XX) pour identifier éventuellement le médicament.",false,"",false,"",v3
les_deux,E15,Coma hypoglycémique non diabétique,IV,categorie,N,coding-hint,Class,utiliser_code_supplementaire,"",instruction_codage,section Notes de la CIM-10,instruction transversale « code supplémentaire » — à trancher en bloc,"Utiliser, au besoin, un code supplémentaire de cause externe (Chapitre XX) pour identifier le médicament éventuellement en cause.",true,"Utiliser, au besoin, un code supplémentaire de cause externe (Chapitre XX) pour identifier éventuellement le médicament.",false,"",false,"",v3
les_deux,E16.0,"Hypoglycémie médicamenteuse, sans coma",IV,categorie,N,coding-hint,Class,utiliser_code_supplementaire,"",instruction_codage,section Notes de la CIM-10,instruction transversale « code supplémentaire » — à trancher en bloc,"Utiliser, au besoin, un code supplémentaire de cause externe (Chapitre XX) pour identifier le médicament éventuellement en cause.",true,"Utiliser, au besoin, un code supplémentaire de cause externe (Chapitre XX) pour identifier le médicament.",false,"",false,"",v3
les_deux,E22.1,Hyperprolactinémie,IV,categorie,N,coding-hint,Class,utiliser_code_supplementaire,"",instruction_codage,section Notes de la CIM-10,instruction transversale « code supplémentaire » — à trancher en bloc,"Utiliser, au besoin, un code supplémentaire de cause externe (Chapitre XX) pour identifier le médicament éventuellement en cause.",true,"Utiliser, au besoin, un code supplémentaire de cause externe (Chapitre XX) pour identifier éventuellement le médicament.",false,"",false,"",v3
les_deux,E23.1,Hypopituitarisme médicamenteux,IV,categorie,N,coding-hint,Class,utiliser_code_supplementaire,"",instruction_codage,section Notes de la CIM-10,instruction transversale « code supplémentaire » — à trancher en bloc,"Utiliser, au besoin, un code supplémentaire de cause externe (Chapitre XX) pour identifier le médicament en cause.",true,"Utiliser, au besoin, un code supplémentaire de cause externe (Chapitre XX) pour identifier le médicament.",false,"",false,"",v3
les_deux,E24.2,Syndrome de Cushing médicamenteux,IV,categorie,N,coding-hint,Class,utiliser_code_supplementaire,"",instruction_codage,section Notes de la CIM-10,instruction transversale « code supplémentaire » — à trancher en bloc,"Utiliser, au besoin, un code supplémentaire de cause externe (Chapitre XX) pour identifier le médicament.",false,"",false,"",false,"",v3
les_deux,E25.8,Autres anomalies génitosurrénaliennes,IV,categorie,N,coding-hint,Class,utiliser_code_supplementaire,"",instruction_codage,section Notes de la CIM-10,instruction transversale « code supplémentaire » — à trancher en bloc,"Utiliser, au besoin, un code supplémentaire de cause externe (Chapitre XX) pour identifier le médicament éventuellement en cause.",true,"Utiliser, au besoin, un code supplémentaire de cause externe (Chapitre XX) pour identifier éventuellement le médicament.",false,"",false,"",v3
les_deux,E27.3,Insuffisance corticosurrénale médicamenteuse,IV,categorie,N,coding-hint,Class,utiliser_code_supplementaire,"",instruction_codage,section Notes de la CIM-10,instruction transversale « code supplémentaire » — à trancher en bloc,"Utiliser, au besoin, un code supplémentaire de cause externe (Chapitre XX) pour identifier le médicament en cause.",true,"Utiliser, au besoin, un code supplémentaire de cause externe (Chapitre XX) pour identifier le médicament.",false,"",false,"",v3
les_deux,E28.0,Hyperœstrogénie,IV,categorie,N,coding-hint,Class,utiliser_code_supplementaire,"",instruction_codage,section Notes de la CIM-10,instruction transversale « code supplémentaire » — à trancher en bloc,"Utiliser, au besoin, un code supplémentaire de cause externe (Chapitre XX) pour identifier le médicament éventuellement en cause.",true,"Utiliser, au besoin, un code supplémentaire de cause externe (Chapitre XX) pour identifier éventuellement le médicament.",false,"",false,"",v3
les_deux,E28.1,Hyperandrogénie,IV,categorie,N,coding-hint,Class,utiliser_code_supplementaire,"",instruction_codage,section Notes de la CIM-10,instruction transversale « code supplémentaire » — à trancher en bloc,"Utiliser, au besoin, un code supplémentaire de cause externe (Chapitre XX) pour identifier le médicament éventuellement en cause.",true,"Utiliser, au besoin, un code supplémentaire de cause externe (Chapitre XX) pour identifier éventuellement le médicament.",false,"",false,"",v3
les_deux,E29.1,Hypofonction testiculaire,IV,categorie,N,coding-hint,Class,utiliser_code_supplementaire,"",instruction_codage,section Notes de la CIM-10,instruction transversale « code supplémentaire » — à trancher en bloc,"Utiliser, au besoin, un code supplémentaire de cause externe (Chapitre XX) pour identifier le médicament éventuellement en cause.",true,"Utiliser, au besoin, un code supplémentaire de cause externe (Chapitre XX) pour identifier éventuellement le médicament.",false,"",false,"",v3
les_deux,E34.0,Syndrome carcinoïde,IV,categorie,N,note,Class,utiliser_code_supplementaire,"",instruction_codage,section Notes de la CIM-10,instruction transversale « code supplémentaire » — à trancher en bloc,"Peut être utilisé, au besoin, comme code supplémentaire pour identifier l'activité fonctionnelle associée à une tumeur carcinoïde.",true,"Peut être utilisé, au besoin, comme code supplémentairepour identifier l'activité fonctionnelle associée à une tumeur carcinoïde.",false,"",false,"",v3
les_deux,E61,Carences en autres éléments nutritionnels,IV,categorie,N,coding-hint,Class,utiliser_code_supplementaire,"",instruction_codage,section Notes de la CIM-10,instruction transversale « code supplémentaire » — à trancher en bloc,"Utiliser, au besoin, un code supplémentaire de cause externe (Chapitre XX) pour identifier le médicament éventuellement en cause.",true,"Utiliser, au besoin, un code supplémentaire de cause externe (Chapitre XX) pour identifier éventuellement le médicament.",false,"",false,"",v3
ANS_2025,E64.3,Séquelles de rachitisme,IV,categorie,"",note,Class,utiliser_code_supplementaire,"",instruction_codage,section Notes de la CIM-10,instruction transversale « code supplémentaire » — à trancher en bloc,"Utiliser, au besoin, un code supplémentaire (M40.1) (M41.5) pour identifier la déformation rachidienne.",false,"",false,"",false,"",v3
les_deux,E66.1,Obésité médicamenteuse,IV,categorie,N,coding-hint,Class,utiliser_code_supplementaire,"",instruction_codage,section Notes de la CIM-10,instruction transversale « code supplémentaire » — à trancher en bloc,"Utiliser, au besoin, un code supplémentaire de cause externe (Chapitre XX) pour identifier le médicament.",false,"",false,"",false,"",v3
les_deux,E80.2,Autres porphyries,IV,categorie,N,coding-hint,Class,utiliser_code_supplementaire,"",instruction_codage,section Notes de la CIM-10,instruction transversale « code supplémentaire » — à trancher en bloc,"Utiliser, au besoin, un code supplémentaire de cause externe (Chapitre XX) pour identifier la cause.",false,"",false,"",false,"",v3
les_deux,E88,Autres anomalies métaboliques,IV,categorie,N,coding-hint,Class,utiliser_code_supplementaire,"",instruction_codage,section Notes de la CIM-10,instruction transversale « code supplémentaire » — à trancher en bloc,"Utiliser, au besoin, un code supplémentaire de cause externe (Chapitre XX) pour identifier le médicament éventuellement en cause.",true,"Utiliser, au besoin, un code supplémentaire de cause externe (Chapitre XX) pour identifier éventuellement le médicament.",false,"",false,"",v3
ANS_2025,F00-F09,"Troubles mentaux organiques, y compris les troubles symptomatiques",V,bloc,"",coding-hint,Class,utiliser_code_supplementaire,"",instruction_codage,section Notes de la CIM-10,instruction transversale « code supplémentaire » — à trancher en bloc ; attachée à un chapitre/bloc — héritage vers les catégories à trancher,"Utiliser, au besoin, un code supplémentaire pour identifier la maladie causale.",false,"",false,"",false,"",v3
ANS_2025,F03,"Démence, sans précision",V,categorie,"",coding-hint,Class,utiliser_code_supplementaire,"",instruction_codage,section Notes de la CIM-10,instruction transversale « code supplémentaire » — à trancher en bloc,"Utiliser, au besoin, un code supplémentaire pour identifier un delirium ou un état confusionnel associé à la démence.",false,"",false,"",false,"",v3
les_deux,F05.1,Délirium surajouté à une démence,V,categorie,N,coding-hint,Class,utiliser_code_supplementaire,"",instruction_codage,section Notes de la CIM-10,instruction transversale « code supplémentaire » — à trancher en bloc ; classes divergentes OFS(definition) / ANS(instruction_codage) — rapprochées par code (v3),"Utiliser, au besoin, un code supplémentaire pour identifier le type de démence.",true,"Affections répondant aux critères cités plus haut mais survenant au cours d'une démence (F00, F01, F02, F03).",false,"",false,"",v3
les_deux,F48.0,Neurasthénie,V,categorie,N,coding-hint,Class,utiliser_code_supplementaire,"",instruction_codage,section Notes de la CIM-10,instruction transversale « code supplémentaire » — à trancher en bloc,"Utiliser, au besoin, un code supplémentaire pour identifier une maladie somatique antérieure.",false,"",false,"",false,"",v3
ANS_2025,F50.5,Vomissements associés à d'autres perturbations psychologiques,V,categorie,"",coding-hint,Class,utiliser_code_supplementaire,"",instruction_codage,section Notes de la CIM-10,instruction transversale « code supplémentaire » — à trancher en bloc,"Utiliser, au besoin, un code supplémentaire (O21.-) pour identifier des vomissements incoercibles au cours de la grossesse.",false,"",false,"",false,"",v3
les_deux,F54,Facteurs psychologiques et comportementaux associés à des maladies ou des troubles classés ailleurs,V,categorie,N,coding-hint,Class,utiliser_code_supplementaire,"",instruction_codage,section Notes de la CIM-10,instruction transversale « code supplémentaire » — à trancher en bloc,"Utiliser, au besoin, un code supplémentaire, pour identifier un trouble physique associé.",false,"",false,"",false,"",v3
ANS_2025,F70-F79,Retard mental,V,bloc,"",coding-hint,Class,utiliser_code_supplementaire,"",instruction_codage,section Notes de la CIM-10,instruction transversale « code supplémentaire » — à trancher en bloc ; attachée à un chapitre/bloc — héritage vers les catégories à trancher,"Utiliser, au besoin, un code supplémentaire pour noter les affections associées, par exemple un autisme, un autre trouble du développement, une épilepsie, un trouble des conduites ou un désavantage physique grave.",false,"",false,"",false,"",v3
les_deux,F84,Troubles envahissants du développement,V,categorie,N,coding-hint,Class,utiliser_code_supplementaire,"",instruction_codage,section Notes de la CIM-10,instruction transversale « code supplémentaire » — à trancher en bloc,"Utiliser, au besoin, un code supplémentaire pour identifier toute affection médicale associée, de même que le retard mental.",false,"",false,"",false,"",v3
les_deux,F84.1,Autisme atypique,V,categorie,N,coding-hint,Class,utiliser_code_supplementaire,"",instruction_codage,section Notes de la CIM-10,instruction transversale « code supplémentaire » — à trancher en bloc,"Utiliser, au besoin un code supplémentaire pour identifier le retard mental (F70-F79).",false,"",false,"",false,"",v3
les_deux,F84.3,Autre trouble désintégratif de l'enfance,V,categorie,N,coding-hint,Class,utiliser_code_supplementaire,"",instruction_codage,section Notes de la CIM-10,instruction transversale « code supplémentaire » — à trancher en bloc,"Utiliser, au besoin, un code supplémentaire pour identifier une éventuelle affection neurologique associée.",false,"",false,"",false,"",v3
les_deux,F94.1,Trouble réactionnel de l'attachement de l'enfance,V,categorie,N,coding-hint,Class,utiliser_code_supplementaire,"",instruction_codage,section Notes de la CIM-10,instruction transversale « code supplémentaire » — à trancher en bloc,"Utiliser, au besoin, un code supplémentaire, pour identifer un retard de développement ou de croissance associé.",false,"",false,"",false,"",v3
les_deux,F98.1,Encoprésie non organique,V,categorie,N,coding-hint,Class,utiliser_code_supplementaire,"",instruction_codage,section Notes de la CIM-10,instruction transversale « code supplémentaire » — à trancher en bloc ; note OFS de O21.8 retrouvée ici par contrôle plein texte (v3),"Utiliser, au besoin, un code supplémentaire, pour identifier la cause d'une constipation associée.",true,"Utiliser, au besoin, un code supplémentaire pour identifier la cause.",false,trouvé_sur=F98.1 (note OFS O21.8),false,"",v3
les_deux,G04.0,Encéphalite aigüe disséminée,VI,categorie,N,coding-hint,Class,utiliser_code_supplementaire,"",instruction_codage,section Notes de la CIM-10,instruction transversale « code supplémentaire » — à trancher en bloc,"Utiliser, au besoin, un code supplémentaire de cause externe (Chapitre XX) pour identifier le vaccin.",false,"",false,"",false,"",v3
ANS_2025,G04.8,"Autres encéphalites, myélites et encéphalomyélites",VI,categorie,"",coding-hint,Class,utiliser_code_supplementaire,"",instruction_codage,section Notes de la CIM-10,instruction transversale « code supplémentaire » — à trancher en bloc,"Utiliser, au besoin, un code supplémentaire pour identifier toute crise d’épilepsie associée (G40.–).",false,"",false,"",false,"",v3
les_deux,G06,Abcès et granulome intracrâniens et intrarachidiens,VI,categorie,N,coding-hint,Class,utiliser_code_supplementaire,"",instruction_codage,section Notes de la CIM-10,instruction transversale « code supplémentaire » — à trancher en bloc,"Utiliser, au besoin, un code supplémentaire (B95-B98) pour identifier l'agent infectieux.",true,"Utiliser, au besoin, un code supplémentaire (B95-B97) pour identifier l'agent infectieux.",false,"",false,"",v3
les_deux,G21.0,Syndrome malin des neuroleptiques,VI,categorie,N,coding-hint,Class,utiliser_code_supplementaire,"",instruction_codage,section Notes de la CIM-10,instruction transversale « code supplémentaire » — à trancher en bloc,"Utiliser, au besoin, un code supplémentaire de cause externe (Chapitre XX) pour identifier le médicament.",false,"",false,"",false,"",v3
les_deux,G21.1,Autres syndromes parkinsoniens secondaires dus à des médicaments,VI,categorie,N,coding-hint,Class,utiliser_code_supplementaire,"",instruction_codage,section Notes de la CIM-10,instruction transversale « code supplémentaire » — à trancher en bloc,"Utiliser, au besoin, un code supplémentaire de cause externe (Chapitre XX) pour identifier le médicament.",false,"",false,"",false,"",v3
les_deux,G21.2,Syndrome parkinsonien secondaire dû à d'autres agents externes,VI,categorie,N,coding-hint,Class,utiliser_code_supplementaire,"",instruction_codage,section Notes de la CIM-10,instruction transversale « code supplémentaire » — à trancher en bloc,"Utiliser, au besoin, un code supplémentaire de cause externe (Chapitre XX) pour identifier l'agent externe.",false,"",false,"",false,"",v3
les_deux,G24.0,Dystonie médicamenteuse,VI,categorie,N,coding-hint,Class,utiliser_code_supplementaire,"",instruction_codage,section Notes de la CIM-10,instruction transversale « code supplémentaire » — à trancher en bloc,"Utiliser, au besoin, un code supplémentaire de cause externe (Chapitre XX) pour identifier le médicament.",false,"",false,"",false,"",v3
les_deux,G25.1,Tremblement dû à des médicaments,VI,categorie,N,coding-hint,Class,utiliser_code_supplementaire,"",instruction_codage,section Notes de la CIM-10,instruction transversale « code supplémentaire » — à trancher en bloc,"Utiliser, au besoin, un code supplémentaire de cause externe (Chapitre XX) pour identifier le médicament.",false,"",false,"",false,"",v3
les_deux,G25.3,Myoclonie,VI,categorie,N,coding-hint,Class,utiliser_code_supplementaire,"",instruction_codage,section Notes de la CIM-10,instruction transversale « code supplémentaire » — à trancher en bloc,"Utiliser, au besoin, un code supplémentaire de cause externe (Chapitre XX) pour identifier le médicament éventuellement en cause.",true,"Utiliser, au besoin, un code supplémentaire de cause externe (Chapitre XX) pour  identifier éventuellement le médicament.",false,"",false,"",v3
les_deux,G25.4,Chorée médicamenteuse,VI,categorie,N,coding-hint,Class,utiliser_code_supplementaire,"",instruction_codage,section Notes de la CIM-10,instruction transversale « code supplémentaire » — à trancher en bloc,"Utiliser, au besoin, un code supplémentaire de cause externe (Chapitre XX) pour identifier le médicament en cause.",true,"Utiliser, au besoin, un code supplémentaire de cause externe (Chapitre XX) pour identifier le médicament.",false,"",false,"",v3
les_deux,G25.6,Tics médicamenteux et autres tics d'origine organique,VI,categorie,N,coding-hint,Class,utiliser_code_supplementaire,"",instruction_codage,section Notes de la CIM-10,instruction transversale « code supplémentaire » — à trancher en bloc,"Utiliser, au besoin, un code supplémentaire de cause externe (Chapitre XX) pour identifier le médicament éventuellement en cause.",true,"Utiliser, au besoin, un code supplémentaire de cause externe (Chapitre XX) pour identifier éventuellement le médicament.",false,"",false,"",v3
ANS_2025,G25.8,Autres syndromes précisés extrapyramidaux et troubles de la motricité,VI,categorie,"",coding-hint,Class,utiliser_code_supplementaire,"",instruction_codage,section Notes de la CIM-10,instruction transversale « code supplémentaire » — à trancher en bloc,"Utiliser, au besoin, un code supplémentaire de cause externe (Chapitre XX) pour identifier le médicament éventuellement en cause",false,"",false,"",false,"",v3
les_deux,G40.5,Syndromes épileptiques particuliers,VI,categorie,N,coding-hint,Class,utiliser_code_supplementaire,"",instruction_codage,section Notes de la CIM-10,instruction transversale « code supplémentaire » — à trancher en bloc,"Utiliser, au besoin, un code supplémentaire de cause externe (Chapitre XX) pour identifier le médicament éventuellement en cause.",true,"Utiliser, au besoin, un code supplémentaire de cause externe (Chapitre XX) pour  identifier éventuellement le médicament.",false,"",false,"",v3
les_deux,G43,Migraine,VI,categorie,N,coding-hint,Class,utiliser_code_supplementaire,"",instruction_codage,section Notes de la CIM-10,instruction transversale « code supplémentaire » — à trancher en bloc,"Utiliser, au besoin, un code supplémentaire de cause externe (Chapitre XX) pour identifier le médicament éventuellement en cause.",true,"Utiliser, au besoin, un code supplémentaire de cause externe (Chapitre XX) pour  identifier éventuellement le médicament.",false,"",false,"",v3
les_deux,G44.4,"Céphalée médicamenteuse, non classée ailleurs",VI,categorie,N,coding-hint,Class,utiliser_code_supplementaire,"",instruction_codage,section Notes de la CIM-10,instruction transversale « code supplémentaire » — à trancher en bloc,"Utiliser, au besoin, un code supplémentaire de cause externe (Chapitre XX) pour identifier le médicament.",false,"",false,"",false,"",v3
les_deux,G61.1,Neuropathie sérique,VI,categorie,N,coding-hint,Class,utiliser_code_supplementaire,"",instruction_codage,section Notes de la CIM-10,instruction transversale « code supplémentaire » — à trancher en bloc,"Utiliser, au besoin, un code supplémentaire de cause externe (Chapitre XX) pour identifier la cause.",false,"",false,"",false,"",v3
les_deux,G62.0,Polynévrite médicamenteuse,VI,categorie,N,coding-hint,Class,utiliser_code_supplementaire,"",instruction_codage,section Notes de la CIM-10,instruction transversale « code supplémentaire » — à trancher en bloc,"Utiliser, au besoin, un code supplémentaire de cause externe (Chapitre XX) pour identifier le médicament.",false,"",false,"",false,"",v3
les_deux,G62.2,Polynévrite due à d'autres agents toxiques,VI,categorie,N,coding-hint,Class,utiliser_code_supplementaire,"",instruction_codage,section Notes de la CIM-10,instruction transversale « code supplémentaire » — à trancher en bloc,"Utiliser, au besoin, un code supplémentaire de cause externe (Chapitre XX) pour identifier l'agent toxique.",false,"",false,"",false,"",v3
les_deux,G62.8,Autres polynévrites précisées,VI,categorie,N,coding-hint,Class,utiliser_code_supplementaire,"",instruction_codage,section Notes de la CIM-10,instruction transversale « code supplémentaire » — à trancher en bloc,"Utiliser, au besoin, un code supplémentaire de cause externe (Chapitre XX) pour identifier la cause.",false,"",false,"",false,"",v3
les_deux,G70.0,Myasthénie,VI,categorie,N,coding-hint,Class,utiliser_code_supplementaire,"",instruction_codage,section Notes de la CIM-10,instruction transversale « code supplémentaire » — à trancher en bloc,"Utiliser, au besoin, un code supplémentaire de cause externe (Chapitre XX) pour identifier le médicament éventuellement en cause.",true,"Utiliser, au besoin, un code supplémentaire de cause externe (Chapitre XX) pour identifier éventuellement le médicament.",false,"",false,"",v3
les_deux,G70.1,Affections neuromusculaires toxiques,VI,categorie,N,coding-hint,Class,utiliser_code_supplementaire,"",instruction_codage,section Notes de la CIM-10,instruction transversale « code supplémentaire » — à trancher en bloc,"Utiliser, au besoin, un code supplémentaire de cause externe (Chapitre XX) pour identifier l'agent toxique.",false,"",false,"",false,"",v3
les_deux,G71.1,Affections myotoniques,VI,categorie,N,coding-hint,Class,utiliser_code_supplementaire,"",instruction_codage,section Notes de la CIM-10,instruction transversale « code supplémentaire » — à trancher en bloc,"Utiliser, au besoin, un code supplémentaire de cause externe (Chapitre XX) pour identifier le médicament éventuellement en cause.",true,"Utiliser, au besoin, un code supplémentaire de cause externe (Chapitre XX) pour identifier éventuellement le médicament.",false,"",false,"",v3
les_deux,G72.0,Myopathie médicamenteuse,VI,categorie,N,coding-hint,Class,utiliser_code_supplementaire,"",instruction_codage,section Notes de la CIM-10,instruction transversale « code supplémentaire » — à trancher en bloc,"Utiliser, au besoin, un code supplémentaire de cause externe (Chapitre XX) pour identifier le médicament.",false,"",false,"",false,"",v3
les_deux,G72.2,Myopathie due à d'autres agents toxiques,VI,categorie,N,coding-hint,Class,utiliser_code_supplementaire,"",instruction_codage,section Notes de la CIM-10,instruction transversale « code supplémentaire » — à trancher en bloc,"Utiliser, au besoin, un code supplémentaire de cause externe (Chapitre XX) pour identifier l'agent toxique.",false,"",false,"",false,"",v3
les_deux,G92,Encéphalopathie toxique,VI,categorie,N,coding-hint,Class,utiliser_code_supplementaire,"",instruction_codage,section Notes de la CIM-10,instruction transversale « code supplémentaire » — à trancher en bloc,"Utiliser, au besoin, un code supplémentaire de cause externe (Chapitre XX) pour identifier l'agent toxique.",false,"",false,"",false,"",v3
les_deux,G93.7,Syndrome de Reye,VI,categorie,N,coding-hint,Class,utiliser_code_supplementaire,"",instruction_codage,section Notes de la CIM-10,instruction transversale « code supplémentaire » — à trancher en bloc,"Utiliser, au besoin, un code supplémentaire de cause externe (Chapitre XX) pour identifier la cause.",false,"",false,"",false,"",v3
les_deux,G93.8,Autres affections précisées du cerveau,VI,categorie,N,coding-hint,Class,utiliser_code_supplementaire,"",instruction_codage,section Notes de la CIM-10,instruction transversale « code supplémentaire » — à trancher en bloc,"Utiliser, au besoin, un code supplémentaire de cause externe (Chapitre XX) pour identifier la cause.",false,"",false,"",false,"",v3
les_deux,G95.8,Autres affections précisées de la moelle épinière,VI,categorie,N,coding-hint,Class,utiliser_code_supplementaire,"",instruction_codage,section Notes de la CIM-10,instruction transversale « code supplémentaire » — à trancher en bloc,"Utiliser, au besoin, un code supplémentaire de cause externe (Chapitre XX) pour identifier l'agent externe.",false,"",false,"",false,"",v3
les_deux,H18.0,Pigmentation et dépôts cornéens,VII,categorie,N,coding-hint,Class,utiliser_code_supplementaire,"",instruction_codage,section Notes de la CIM-10,instruction transversale « code supplémentaire » — à trancher en bloc,"Utiliser, au besoin, un code supplémentaire de cause externe (Chapitre XX) pour identifier le médicament éventuellement en cause.",true,"Utiliser, au besoin, un code supplémentaire de cause externe (Chapitre XX) pour identifier éventuellement le médicament.",false,"",false,"",v3
les_deux,H26.1,Cataracte traumatique,VII,categorie,N,coding-hint,Class,utiliser_code_supplementaire,"",instruction_codage,section Notes de la CIM-10,instruction transversale « code supplémentaire » — à trancher en bloc,"Utiliser, au besoin, un code supplémentaire de cause externe (Chapitre XX) pour identifier la cause.",false,"",false,"",false,"",v3
les_deux,H26.3,Cataracte médicamenteuse,VII,categorie,N,coding-hint,Class,utiliser_code_supplementaire,"",instruction_codage,section Notes de la CIM-10,instruction transversale « code supplémentaire » — à trancher en bloc,"Utiliser, au besoin, un code supplémentaire de cause externe (Chapitre XX) pour identifier le médicament éventuellement en cause.",true,"Utiliser, au besoin, un code supplémentaire de cause externe (Chapitre XX) pour identifier le médicament.",false,"",false,"",v3
les_deux,H35.3,Dégénérescence de la macula et du pôle postérieur,VII,categorie,N,coding-hint,Class,utiliser_code_supplementaire,"",instruction_codage,section Notes de la CIM-10,instruction transversale « code supplémentaire » — à trancher en bloc,"Utiliser, au besoin, un code supplémentaire de cause externe (Chapitre XX) pour identifier le médicament éventuellement en cause.",true,"Utiliser, au besoin, un code supplémentaire de cause externe (Chapitre XX) pour identifier éventuellement le médicament.",false,"",false,"",v3
les_deux,H40.3,Glaucome secondaire à un traumatisme oculaire,VII,categorie,N,coding-hint,Class,utiliser_code_supplementaire,"",instruction_codage,section Notes de la CIM-10,instruction transversale « code supplémentaire » — à trancher en bloc,"Utiliser, au besoin, un code supplémentaire, pour identifier la cause.",false,"",false,"",false,"",v3
les_deux,H40.4,Glaucome secondaire à une inflammation de l'œil,VII,categorie,N,coding-hint,Class,utiliser_code_supplementaire,"",instruction_codage,section Notes de la CIM-10,instruction transversale « code supplémentaire » — à trancher en bloc,"Utiliser, au besoin, un code supplémentaire, pour identifier la cause.",false,"",false,"",false,"",v3
les_deux,H40.5,Glaucome secondaire à d'autres affections oculaires,VII,categorie,N,coding-hint,Class,utiliser_code_supplementaire,"",instruction_codage,section Notes de la CIM-10,instruction transversale « code supplémentaire » — à trancher en bloc,"Utiliser, au besoin, un code supplémentaire, pour identifier la cause.",false,"",false,"",false,"",v3
les_deux,H40.6,Glaucome médicamenteux,VII,categorie,N,coding-hint,Class,utiliser_code_supplementaire,"",instruction_codage,section Notes de la CIM-10,instruction transversale « code supplémentaire » — à trancher en bloc,"Utiliser, au besoin, un code supplémentaire de cause externe (Chapitre XX) pour identifier le médicament.",false,"",false,"",false,"",v3
ANS_2025,H65,Otite moyenne non suppurée,VIII,categorie,"",coding-hint,Class,utiliser_code_supplementaire,"",instruction_codage,section Notes de la CIM-10,instruction transversale « code supplémentaire » — à trancher en bloc,"Utiliser, au besoin, un code supplémentaire pour identifier la perforation du tympan (H72.–).",false,"",false,"",false,"",v3
ANS_2025,H66,Otite moyenne suppurée et sans précision,VIII,categorie,"",coding-hint,Class,utiliser_code_supplementaire,"",instruction_codage,section Notes de la CIM-10,instruction transversale « code supplémentaire » — à trancher en bloc,"Utiliser, au besoin, un code supplémentaire pour identifier la perforation du tympan (H72.–).",false,"",false,"",false,"",v3
les_deux,H91.0,Perte de l'audition par ototoxicité,VIII,categorie,N,coding-hint,Class,utiliser_code_supplementaire,"",instruction_codage,section Notes de la CIM-10,instruction transversale « code supplémentaire » — à trancher en bloc,"Utiliser, au besoin, un code supplémentaire de cause externe (Chapitre XX) pour identifier l'agent toxique.",false,"",false,"",false,"",v3
ANS_2025,I,Certaines maladies infectieuses et parasitaires,I,chapitre,"",coding-hint,Class,utiliser_code_supplementaire,"",instruction_codage,section Notes de la CIM-10,instruction transversale « code supplémentaire » — à trancher en bloc ; attachée à un chapitre/bloc — héritage vers les catégories à trancher,"Utiliser, au besoin, un code supplémentaire (U82–U84) pour identifier une résistance de l’agent infectieux aux médicaments antimicrobiens.",false,"",false,"",false,"",v3
les_deux,I20-I25,Cardiopathies ischémiques,IX,bloc,E,coding-hint,Class,utiliser_code_supplementaire,"",instruction_codage,section Notes de la CIM-10,instruction transversale « code supplémentaire » — à trancher en bloc ; classes divergentes OFS(convention_classement) / ANS(instruction_codage) — rapprochées par code (v3) ; attachée à un chapitre/bloc — héritage vers les catégories à trancher ; verdict RF 2026-09-14 (doré) : rendue,"Utiliser, au besoin, un code supplémentaire pour identifier l'existence d'hypertension.",true,"Pour la morbidité, le laps de temps dont il est fait mention en I21, I22, I23, I24, I25 est l'intervalle entre le début de l'épisode ischémique et l'admission pour soins. Pour la mortalité, le laps de temps est l'intervalle entre le début de cet épisode et la mort.",false,"",false,"",v3
ANS_2025,I27.2,Autres hypertensions pulmonaires secondaires,IX,categorie,"",coding-hint,Class,utiliser_code_supplementaire,"",instruction_codage,section Notes de la CIM-10,instruction transversale « code supplémentaire » — à trancher en bloc,"Utiliser, au besoin, un code supplémentaire pour identifier l'affection causale.",false,"",false,"",false,"",v3
les_deux,I30.1,Péricardite infectieuse,IX,categorie,N,coding-hint,Class,utiliser_code_supplementaire,"",instruction_codage,section Notes de la CIM-10,instruction transversale « code supplémentaire » — à trancher en bloc,"Utiliser, au besoin, un code supplémentaire (B95-B98) pour identifier l'agent infectieux.",true,"Utiliser, au besoin, un code supplémentaire (B95-B97) pour identifier l'agent infectieux.",false,"",false,"",v3
les_deux,I33.0,Endocardite infectieuse aigüe et subaigüe,IX,categorie,N,coding-hint,Class,utiliser_code_supplementaire,"",instruction_codage,section Notes de la CIM-10,instruction transversale « code supplémentaire » — à trancher en bloc,"Utiliser, au besoin, un code supplémentaire (B95-B98), pour identifier l'agent infectieux.",true,"Utiliser, au besoin, un code supplémentaire (B95-B97) pour identifier l'agent infectieux.",false,"",false,"",v3
les_deux,I40.0,Myocardite infectieuse,IX,categorie,N,coding-hint,Class,utiliser_code_supplementaire,"",instruction_codage,section Notes de la CIM-10,instruction transversale « code supplémentaire » — à trancher en bloc,"Utiliser, au besoin, un code supplémentaire (B95-B98) pour identifier l'agent infectieux.",true,"Utiliser, au besoin, un code supplémentaire (B95-B97) pour identifier l'agent infectieux.",false,"",false,"",v3
les_deux,I42.7,Myocardiopathie due à des médicaments et d'autres causes externes,IX,categorie,N,coding-hint,Class,utiliser_code_supplementaire,"",instruction_codage,section Notes de la CIM-10,instruction transversale « code supplémentaire » — à trancher en bloc,"Utiliser, au besoin, un code supplémentaire de cause externe (Chapitre XX) pour identifier la cause.",false,"",false,"",false,"",v3
les_deux,I60-I69,Maladies cérébrovasculaires,IX,bloc,N,coding-hint,Class,utiliser_code_supplementaire,"",instruction_codage,section Notes de la CIM-10,instruction transversale « code supplémentaire » — à trancher en bloc ; attachée à un chapitre/bloc — héritage vers les catégories à trancher,"Utiliser, au besoin, un code supplémentaire pour identifier l'existence d'hypertension.",false,"",false,"",false,"",v3
les_deux,I80,Phlébite et thrombophlébite,IX,categorie,N,coding-hint,Class,utiliser_code_supplementaire,"",instruction_codage,section Notes de la CIM-10,instruction transversale « code supplémentaire » — à trancher en bloc,"Utiliser, au besoin, un code supplémentaire de cause externe (Chapitre XX) pour identifier le médicament éventuellement en cause.",true,"Utiliser, au besoin, un code supplémentaire de cause externe (Chapitre XX) pour identifier éventuellement le médicament.",false,"",false,"",v3
les_deux,I95.2,Hypotension médicamenteuse,IX,categorie,N,coding-hint,Class,utiliser_code_supplementaire,"",instruction_codage,section Notes de la CIM-10,instruction transversale « code supplémentaire » — à trancher en bloc,"Utiliser, au besoin, un code supplémentaire de cause externe (Chapitre XX) pour identifier le médicament.",false,"",false,"",false,"",v3
les_deux,J01,Sinusite aigüe,X,categorie,N,coding-hint,Class,utiliser_code_supplementaire,"",instruction_codage,section Notes de la CIM-10,instruction transversale « code supplémentaire » — à trancher en bloc,"Utiliser, au besoin, un code supplémentaire (B95-B98) pour identifier l'agent infectieux.",true,"Utiliser, au besoin, un code supplémentaire (B95­B97) pour identifier l'agent infectieux.",false,"",false,"",v3
les_deux,J02.8,Pharyngite aigüe due à d'autres microorganismes précisés,X,categorie,N,coding-hint,Class,utiliser_code_supplementaire,"",instruction_codage,section Notes de la CIM-10,instruction transversale « code supplémentaire » — à trancher en bloc,"Utiliser, au besoin, un code supplémentaire (B95-B98) pour identifier l'agent infectieux.",true,"Utiliser, au besoin, un code supplémentaire (B95-B97) pour identifier l'agent infectieux.",false,"",false,"",v3
les_deux,J03.8,Amygdalite aigüe due à d'autres microorganismes précisés,X,categorie,N,coding-hint,Class,utiliser_code_supplementaire,"",instruction_codage,section Notes de la CIM-10,instruction transversale « code supplémentaire » — à trancher en bloc,"Utiliser, au besoin, un code supplémentaire (B95-B98) pour identifier l'agent infectieux.",true,"Utiliser, au besoin, un code supplémentaire (B95-B97) pour identifier l'agent infectieux.",false,"",false,"",v3
les_deux,J04,Laryngite et trachéite aigües,X,categorie,N,coding-hint,Class,utiliser_code_supplementaire,"",instruction_codage,section Notes de la CIM-10,instruction transversale « code supplémentaire » — à trancher en bloc,"Utiliser, au besoin, un code supplémentaire (B95-B98) pour identifier l'agent infectieux.",true,"Utiliser, au besoin, un code supplémentaire (B95-B97) pour identifier l'agent infectieux.",false,"",false,"",v3
les_deux,J05,Laryngite obstructive aigüe [croup] et épiglottite aigüe,X,categorie,N,coding-hint,Class,utiliser_code_supplementaire,"",instruction_codage,section Notes de la CIM-10,instruction transversale « code supplémentaire » — à trancher en bloc,"Utiliser, au besoin, un code supplémentaire (B95-B98) pour identifier l'agent infectieux.",true,"Utiliser, au besoin, un code supplémentaire (B95-B97) pour identifier l'agent infectieux.",false,"",false,"",v3
ANS_2025,J09,"Grippe, à virus grippal zoonotique ou pandémique identifié",X,categorie,"",coding-hint,Class,utiliser_code_supplementaire,"",instruction_codage,section Notes de la CIM-10,instruction transversale « code supplémentaire » — à trancher en bloc,"Utiliser, au besoin, un code supplémentaire pour identifier la pneumopathie ou d’autres manifestations.",false,"",false,"",false,"",v3
les_deux,J32,Sinusite chronique,X,categorie,N,coding-hint,Class,utiliser_code_supplementaire,"",instruction_codage,section Notes de la CIM-10,instruction transversale « code supplémentaire » — à trancher en bloc,"Utiliser, au besoin, un code supplémentaire (B95-B98) pour identifier l'agent infectieux.",true,"Utiliser, au besoin, un code supplémentaire (B95-B97) pour identifier l'agent infectieux.",false,"",false,"",v3
les_deux,J36,Angine phlegmoneuse,X,categorie,N,coding-hint,Class,utiliser_code_supplementaire,"",instruction_codage,section Notes de la CIM-10,instruction transversale « code supplémentaire » — à trancher en bloc,"Utiliser, au besoin, un code supplémentaire (B95-B98) pour identifier l'agent infectieux.",true,"Utiliser, au besoin, un code supplémentaire (B95-B97) pour identifier l'agent infectieux.",false,"",false,"",v3
les_deux,J37,Laryngite et laryngotrachéite chroniques,X,categorie,N,coding-hint,Class,utiliser_code_supplementaire,"",instruction_codage,section Notes de la CIM-10,instruction transversale « code supplémentaire » — à trancher en bloc,"Utiliser, au besoin, un code supplémentaire (B95-B98) pour identifier l'agent infectieux.",true,"Utiliser, au besoin, un code supplémentaire (B95-B97) pour identifier l'agent infectieux.",false,"",false,"",v3
les_deux,J68,"Affections respiratoires dues à l'inhalation d'agents chimiques, d'émanations, de fumées et de gaz",X,categorie,N,coding-hint,Class,utiliser_code_supplementaire,"",instruction_codage,section Notes de la CIM-10,instruction transversale « code supplémentaire » — à trancher en bloc,"Utiliser, au besoin, un code supplémentaire de cause externe (Chapitre XX) pour identifier la cause.",false,"",false,"",false,"",v3
les_deux,J69,Pneumopathie due à des substances solides et liquides,X,categorie,N,coding-hint,Class,utiliser_code_supplementaire,"",instruction_codage,section Notes de la CIM-10,instruction transversale « code supplémentaire » — à trancher en bloc,"Utiliser, au besoin, un code supplémentaire de cause externe (Chapitre XX) pour identifier la cause.",false,"",false,"",false,"",v3
les_deux,J70,Affections respiratoires dues à d'autres agents externes,X,categorie,N,coding-hint,Class,utiliser_code_supplementaire,"",instruction_codage,section Notes de la CIM-10,instruction transversale « code supplémentaire » — à trancher en bloc,"Utiliser, au besoin, un code supplémentaire de cause externe (Chapitre XX) pour identifier la cause.",false,"",false,"",false,"",v3
les_deux,J86,Pyothorax,X,categorie,N,coding-hint,Class,utiliser_code_supplementaire,"",instruction_codage,section Notes de la CIM-10,instruction transversale « code supplémentaire » — à trancher en bloc,"Utiliser, au besoin, un code supplémentaire (B95-B98) pour identifier l'agent infectieux.",true,"Utiliser, au besoin, un code supplémentaire (B95-B97) pour identifier l'agent infectieux.",false,"",false,"",v3
les_deux,K03.8,Autres maladies précisées des tissus dentaires durs,XI,categorie,N,coding-hint,Class,utiliser_code_supplementaire,"",instruction_codage,section Notes de la CIM-10,instruction transversale « code supplémentaire » — à trancher en bloc,"Utiliser, au besoin, un code supplémentaire de cause externe (Chapitre XX) pour identifier éventuellement l'irradiation.",false,"",false,"",false,"",v3
les_deux,K06.2,"Lésions gingivales et de la crête alvéolaire édentée, associées à un traumatisme",XI,categorie,N,coding-hint,Class,utiliser_code_supplementaire,"",instruction_codage,section Notes de la CIM-10,instruction transversale « code supplémentaire » — à trancher en bloc,"Utiliser, au besoin, un code supplémentaire de cause externe (Chapitre XX) pour identifier la cause.",false,"",false,"",false,"",v3
les_deux,K10.2,Affections inflammatoires des mâchoires,XI,categorie,N,coding-hint,Class,utiliser_code_supplementaire,"",instruction_codage,section Notes de la CIM-10,instruction transversale « code supplémentaire » — à trancher en bloc,"Utiliser, au besoin, un code supplémentaire de cause externe (Chapitre XX) pour identifier l'irradiation ou pour identifier le médicament si dû à un médicament.",true,"Utiliser, au besoin, un code supplémentaire de cause externe (Chapitre XX) pour identifier éventuellement l'irradiation.",false,"",false,"",v3
ANS_2025,K12.3,Mucite buccale (ulcéreuse),XI,categorie,"",coding-hint,Class,utiliser_code_supplementaire,"",instruction_codage,section Notes de la CIM-10,instruction transversale « code supplémentaire » — à trancher en bloc,"Utiliser, au besoin, un code supplémentaire de cause externe (Chapitre XX) pour identifier la cause.",false,"",false,"",false,"",v3
les_deux,K20,Œsophagite,XI,categorie,N,coding-hint,Class,utiliser_code_supplementaire,"",instruction_codage,section Notes de la CIM-10,instruction transversale « code supplémentaire » — à trancher en bloc,"Utiliser, au besoin, un code supplémentaire de cause externe (Chapitre XX) pour identifier la cause.",false,"",false,"",false,"",v3
les_deux,K22.1,Ulcère de l'œsophage,XI,categorie,N,coding-hint,Class,utiliser_code_supplementaire,"",instruction_codage,section Notes de la CIM-10,instruction transversale « code supplémentaire » — à trancher en bloc,"Utiliser, au besoin, un code supplémentaire de cause externe (Chapitre XX) pour identifier la cause.",false,"",false,"",false,"",v3
les_deux,K25,Ulcère de l'estomac,XI,categorie,N,coding-hint,Class,utiliser_code_supplementaire,"",instruction_codage,section Notes de la CIM-10,instruction transversale « code supplémentaire » — à trancher en bloc,"Utiliser, au besoin, un code supplémentaire de cause externe (Chapitre XX) pour identifier éventuellement le médicament.",false,"",false,"",false,"",v3
les_deux,K26,Ulcère du duodénum,XI,categorie,N,coding-hint,Class,utiliser_code_supplementaire,"",instruction_codage,section Notes de la CIM-10,instruction transversale « code supplémentaire » — à trancher en bloc,"Utiliser, au besoin, un code supplémentaire de cause externe (Chapitre XX) pour identifier le médicament éventuellement en cause.",true,"Utiliser, au besoin, un code supplémentaire de cause externe (Chapitre XX) pour identifier éventuellement le médicament.",false,"",false,"",v3
les_deux,K52.1,Gastroentérite et colite toxiques,XI,categorie,N,coding-hint,Class,utiliser_code_supplementaire,"",instruction_codage,section Notes de la CIM-10,instruction transversale « code supplémentaire » — à trancher en bloc,"Utiliser, au besoin, un code supplémentaire de cause externe (Chapitre XX) pour identifier le médicament éventuellement en cause ou l'agent toxique.",true,"Utiliser, au besoin, un code supplémentaire de cause externe (Chapitre XX) pour identifier l'agent toxique.",false,"",false,"",v3
les_deux,K59.3,"Mégacôlon, non classé ailleurs",XI,categorie,N,coding-hint,Class,utiliser_code_supplementaire,"",instruction_codage,section Notes de la CIM-10,instruction transversale « code supplémentaire » — à trancher en bloc,"Utiliser, au besoin, un code supplémentaire de cause externe (Chapitre XX) pour identifier l'agent toxique.",false,"",false,"",false,"",v3
les_deux,K65.0,Péritonite aigüe,XI,categorie,N,coding-hint,Class,utiliser_code_supplementaire,"",instruction_codage,section Notes de la CIM-10,instruction transversale « code supplémentaire » — à trancher en bloc,"Utiliser, au besoin, un code supplémentaire (B95-B98) pour identifier l'agent infectieux.",true,"Utiliser, au besoin, un code supplémentaire (B95-B97) pour identifier l'agent infectieux.",false,"",false,"",v3
les_deux,K71,Maladie toxique du foie,XI,categorie,N,coding-hint,Class,utiliser_code_supplementaire,"",instruction_codage,section Notes de la CIM-10,instruction transversale « code supplémentaire » — à trancher en bloc,"Utiliser, au besoin, un code supplémentaire de cause externe (Chapitre XX) pour identifier l'agent toxique.",false,"",false,"",false,"",v3
ANS_2025,K85.3,Pancréatite aigüe médicamenteuse,XI,categorie,"",coding-hint,Class,utiliser_code_supplementaire,"",instruction_codage,section Notes de la CIM-10,instruction transversale « code supplémentaire » — à trancher en bloc,"Utiliser, au besoin, un code supplémentaire de cause externe (Chapitre XX) pour identifier le médicament.",false,"",false,"",false,"",v3
les_deux,L00-L08,Infections de la peau et du tissu cellulaire souscutané,XII,bloc,N,coding-hint,Class,utiliser_code_supplementaire,"",instruction_codage,section Notes de la CIM-10,instruction transversale « code supplémentaire » — à trancher en bloc ; attachée à un chapitre/bloc — héritage vers les catégories à trancher,"Utiliser, au besoin, un code supplémentaire (B95-B98) pour identifier l'agent infectieux.",true,"Utiliser, au besoin, un code supplémentaire (B95-B97) pour identifier l'agent infectieux.",false,"",false,"",v3
les_deux,L10.5,Pemphigus médicamenteux,XII,categorie,N,coding-hint,Class,utiliser_code_supplementaire,"",instruction_codage,section Notes de la CIM-10,instruction transversale « code supplémentaire » — à trancher en bloc,"Utiliser, au besoin, un code supplémentaire de cause externe (Chapitre XX) pour identifier le médicament.",false,"",false,"",false,"",v3
les_deux,L23.3,Dermite allergique de contact due à des médicaments en contact avec la peau,XII,categorie,N,coding-hint,Class,utiliser_code_supplementaire,"",instruction_codage,section Notes de la CIM-10,instruction transversale « code supplémentaire » — à trancher en bloc,"Utiliser, au besoin, un code supplémentaire de cause externe (Chapitre XX) pour identifier le médicament.",false,"",false,"",false,"",v3
les_deux,L24.4,Dermite irritante de contact due à des médicaments en contact avec la peau,XII,categorie,N,coding-hint,Class,utiliser_code_supplementaire,"",instruction_codage,section Notes de la CIM-10,instruction transversale « code supplémentaire » — à trancher en bloc,"Utiliser, au besoin, un code supplémentaire de cause externe (Chapitre XX) pour identifier le médicament.",false,"",false,"",false,"",v3
les_deux,L25.1,"Dermite de contact, sans précision, due à des médicaments en contact avec la peau",XII,categorie,N,coding-hint,Class,utiliser_code_supplementaire,"",instruction_codage,section Notes de la CIM-10,instruction transversale « code supplémentaire » — à trancher en bloc,"Utiliser, au besoin, un code supplémentaire de cause externe (Chapitre XX) pour identifier le médicament.",false,"",false,"",false,"",v3
les_deux,L27.0,Éruption généralisée due à des médicaments,XII,categorie,N,coding-hint,Class,utiliser_code_supplementaire,"",instruction_codage,section Notes de la CIM-10,instruction transversale « code supplémentaire » — à trancher en bloc,"Utiliser, au besoin, un code supplémentaire de cause externe (Chapitre XX) pour identifier le médicament.",false,"",false,"",false,"",v3
les_deux,L27.1,Éruption localisée due à des médicaments,XII,categorie,N,coding-hint,Class,utiliser_code_supplementaire,"",instruction_codage,section Notes de la CIM-10,instruction transversale « code supplémentaire » — à trancher en bloc,"Utiliser, au besoin, un code supplémentaire de cause externe (Chapitre XX) pour identifier le médicament.",false,"",false,"",false,"",v3
les_deux,L43.2,Réaction lichénoïde médicamenteuse,XII,categorie,N,coding-hint,Class,utiliser_code_supplementaire,"",instruction_codage,section Notes de la CIM-10,instruction transversale « code supplémentaire » — à trancher en bloc,"Utiliser, au besoin, un code supplémentaire de cause externe (Chapitre XX) pour identifier le médicament.",false,"",false,"",false,"",v3
les_deux,L53.0,Érythème toxique,XII,categorie,N,coding-hint,Class,utiliser_code_supplementaire,"",instruction_codage,section Notes de la CIM-10,instruction transversale « code supplémentaire » — à trancher en bloc,"Utiliser, au besoin, un code supplémentaire de cause externe (Chapitre XX) pour identifier l'agent externe.",false,"",false,"",false,"",v3
les_deux,L56.0,Réaction phototoxique à un médicament,XII,categorie,N,coding-hint,Class,utiliser_code_supplementaire,"",instruction_codage,section Notes de la CIM-10,instruction transversale « code supplémentaire » — à trancher en bloc,"Utiliser, au besoin, un code supplémentaire de cause externe (Chapitre XX) pour identifier le médicament.",false,"",false,"",false,"",v3
les_deux,L56.1,Réaction photoallergique à un médicament,XII,categorie,N,coding-hint,Class,utiliser_code_supplementaire,"",instruction_codage,section Notes de la CIM-10,instruction transversale « code supplémentaire » — à trancher en bloc,"Utiliser, au besoin, un code supplémentaire de cause externe (Chapitre XX) pour identifier le médicament.",false,"",false,"",false,"",v3
les_deux,L64.0,Alopécie androgénique médicamenteuse,XII,categorie,N,coding-hint,Class,utiliser_code_supplementaire,"",instruction_codage,section Notes de la CIM-10,instruction transversale « code supplémentaire » — à trancher en bloc,"Utiliser, au besoin, un code supplémentaire de cause externe (Chapitre XX) pour identifier le médicament.",false,"",false,"",false,"",v3
les_deux,L65,Autres formes non cicatricielles de raréfaction du système pileux,XII,categorie,N,coding-hint,Class,utiliser_code_supplementaire,"",instruction_codage,section Notes de la CIM-10,instruction transversale « code supplémentaire » — à trancher en bloc,"Utiliser, au besoin, un code supplémentaire de cause externe (Chapitre XX) pour identifier le médicament éventuellement en cause.",true,"Utiliser, au besoin, un code supplémentaire de cause externe (Chapitre XX) pour identifier éventuellement le médicament.",false,"",false,"",v3
les_deux,L68.0,Hirsutisme,XII,categorie,N,coding-hint,Class,utiliser_code_supplementaire,"",instruction_codage,section Notes de la CIM-10,instruction transversale « code supplémentaire » — à trancher en bloc,"Utiliser, au besoin, un code supplémentaire de cause externe (Chapitre XX) pour identifier le médicament éventuellement en cause.",true,"Utiliser, au besoin, un code supplémentaire de cause externe (Chapitre XX) pour identifier éventuellement le médicament.",false,"",false,"",v3
les_deux,L68.1,Hypertrichose lanugineuse acquise,XII,categorie,N,coding-hint,Class,utiliser_code_supplementaire,"",instruction_codage,section Notes de la CIM-10,instruction transversale « code supplémentaire » — à trancher en bloc,"Utiliser, au besoin, un code supplémentaire de cause externe (Chapitre XX) pour identifier le médicament éventuellement en cause.",true,"Utiliser, au besoin, un code supplémentaire de cause externe (Chapitre XX) pour identifier éventuellement le médicament.",false,"",false,"",v3
les_deux,L71.0,Dermite périorale,XII,categorie,N,coding-hint,Class,utiliser_code_supplementaire,"",instruction_codage,section Notes de la CIM-10,instruction transversale « code supplémentaire » — à trancher en bloc,"Utiliser, au besoin, un code supplémentaire de cause externe (Chapitre XX) pour identifier le médicament éventuellement en cause.",true,"Utiliser, au besoin, un code supplémentaire de cause externe (Chapitre XX) pour identifier éventuellement le médicament.",false,"",false,"",v3
les_deux,L93,Lupus érythémateux,XII,categorie,N,coding-hint,Class,utiliser_code_supplementaire,"",instruction_codage,section Notes de la CIM-10,instruction transversale « code supplémentaire » — à trancher en bloc,"Utiliser, au besoin, un code supplémentaire de cause externe (Chapitre XX) pour identifier le médicament éventuellement en cause.",true,"Utiliser, au besoin, un code supplémentaire de cause externe (Chapitre XX) pour identifier éventuellement le médicament.",false,"",false,"",v3
les_deux,M00.8,Arthrite et polyarthrite dues à d'autres bactéries précisées,XIII,categorie,N,coding-hint,Class,utiliser_code_supplementaire,"",instruction_codage,section Notes de la CIM-10,instruction transversale « code supplémentaire » — à trancher en bloc,"Utiliser, au besoin, un code supplémentaire (B95–B96) pour identifier l'agent bactérien.",false,"",false,"",false,"",v3
les_deux,M10.2,Goutte médicamenteuse,XIII,categorie,N,coding-hint,Class,utiliser_code_supplementaire,"",instruction_codage,section Notes de la CIM-10,instruction transversale « code supplémentaire » — à trancher en bloc,"Utiliser, au besoin, un code supplémentaire de cause externe (Chapitre XX) pour identifier le médicament.",false,"",false,"",false,"",v3
ANS_2025,M10.3,Goutte due à une altération de la fonction rénale,XIII,categorie,"",coding-hint,Class,utiliser_code_supplementaire,"",instruction_codage,section Notes de la CIM-10,instruction transversale « code supplémentaire » — à trancher en bloc,"Utiliser, au besoin, un code supplémentaire pour identifier l’altération de la fonction rénale (N17–N19).",false,"",false,"",false,"",v3
les_deux,M32.0,Lupus érythémateux disséminé médicamenteux,XIII,categorie,N,coding-hint,Class,utiliser_code_supplementaire,"",instruction_codage,section Notes de la CIM-10,instruction transversale « code supplémentaire » — à trancher en bloc,"Utiliser, au besoin, un code supplémentaire de cause externe (Chapitre XX) pour identifier le médicament.",false,"",false,"",false,"",v3
les_deux,M34.2,Sclérodermie systémique due à des médicaments et des produits chimiques,XIII,categorie,N,coding-hint,Class,utiliser_code_supplementaire,"",instruction_codage,section Notes de la CIM-10,instruction transversale « code supplémentaire » — à trancher en bloc,"Utiliser, au besoin, un code supplémentaire de cause externe (Chapitre XX) pour identifier la cause.",false,"",false,"",false,"",v3
les_deux,M46.3,Infection (pyogène) d'un disque intervertébral,XIII,categorie,N,coding-hint,Class,utiliser_code_supplementaire,"",instruction_codage,section Notes de la CIM-10,instruction transversale « code supplémentaire » — à trancher en bloc,"Utiliser, au besoin, un code supplémentaire (B95–B98) pour identifier l'agent infectieux.",true,"Utiliser, au besoin, un code supplémentaire de cause externe (B95-B97) pour identifier l'agent infectieux.",false,"",false,"",v3
les_deux,M60.0,Myosite infectieuse,XIII,categorie,N,coding-hint,Class,utiliser_code_supplementaire,"",instruction_codage,section Notes de la CIM-10,instruction transversale « code supplémentaire » — à trancher en bloc,"Utiliser, au besoin, un code supplémentaire (B95-B98) pour identifier l'agent infectieux.",true,"Utiliser, au besoin, un code supplémentaire de cause externe (B95-B97) pour identifier l'agent infectieux.",false,"",false,"",v3
les_deux,M65.0,Abcès de la gaine du tendon,XIII,categorie,N,coding-hint,Class,utiliser_code_supplementaire,"",instruction_codage,section Notes de la CIM-10,instruction transversale « code supplémentaire » — à trancher en bloc,"Utiliser, au besoin, un code supplémentaire (B95-B96) pour identifier l'agent bactérien.",true,"Utiliser, au besoin, un code supplémentaire de cause externe (B95, B96) pour identifier l'agent bactérien.",false,"",false,"",v3
ANS_2025,M72.6,Fasciite nécrosante,XIII,categorie,"",coding-hint,Class,utiliser_code_supplementaire,"",instruction_codage,section Notes de la CIM-10,instruction transversale « code supplémentaire » — à trancher en bloc,"Utiliser, au besoin, un code supplémentaire pour identifier l’agent bactérien.",false,"",false,"",false,"",v3
les_deux,M80.4,Ostéoporose médicamenteuse avec fracture pathologique,XIII,categorie,N,coding-hint,Class,utiliser_code_supplementaire,"",instruction_codage,section Notes de la CIM-10,instruction transversale « code supplémentaire » — à trancher en bloc,"Utiliser, au besoin, un code supplémentaire de cause externe (Chapitre XX) pour identifier le médicament.",false,"",false,"",false,"",v3
les_deux,M81.4,Ostéoporose médicamenteuse,XIII,categorie,N,coding-hint,Class,utiliser_code_supplementaire,"",instruction_codage,section Notes de la CIM-10,instruction transversale « code supplémentaire » — à trancher en bloc,"Utiliser, au besoin, un code supplémentaire de cause externe (Chapitre XX) pour identifier le médicament.",false,"",false,"",false,"",v3
les_deux,M83.5,Autres ostéomalacies médicamenteuses de l'adulte,XIII,categorie,N,coding-hint,Class,utiliser_code_supplementaire,"",instruction_codage,section Notes de la CIM-10,instruction transversale « code supplémentaire » — à trancher en bloc,"Utiliser, au besoin, un code supplémentaire de cause externe (Chapitre XX) pour identifier le médicament.",false,"",false,"",false,"",v3
ANS_2025,M86,Ostéomyélite,XIII,categorie,"",coding-hint,Class,utiliser_code_supplementaire,"",instruction_codage,section Notes de la CIM-10,instruction transversale « code supplémentaire » — à trancher en bloc,"Utiliser, au besoin, un code supplémentaire (B95-B98) pour identifier l'agent infectieux.",false,"",false,"",false,"",v3
les_deux,M87.1,Ostéonécrose médicamenteuse,XIII,categorie,N,coding-hint,Class,utiliser_code_supplementaire,"",instruction_codage,section Notes de la CIM-10,instruction transversale « code supplémentaire » — à trancher en bloc,"Utiliser, au besoin, un code supplémentaire de cause externe (Chapitre XX) pour identifier le médicament.",false,"",false,"",false,"",v3
les_deux,M89.6,Ostéopathie consécutive à une poliomyélite,XIII,categorie,N,coding-hint,Class,utiliser_code_supplementaire,"",instruction_codage,section Notes de la CIM-10,instruction transversale « code supplémentaire » — à trancher en bloc,"Utiliser, au besoin, un code supplémentaire (B91) pour identifier l'antécédent de poliomyélite.",false,"",false,"",false,"",v3
ANS_2025,N00-N08,Glomérulopathies,XIV,bloc,"",coding-hint,Class,utiliser_code_supplementaire,"",instruction_codage,section Notes de la CIM-10,instruction transversale « code supplémentaire » — à trancher en bloc ; attachée à un chapitre/bloc — héritage vers les catégories à trancher,"Utiliser, au besoin, un code supplémentaire pour identifier la maladie rénale chronique associée (N18.–).",false,"",false,"",false,"",v3
les_deux,N00-N08,Glomérulopathies,XIV,bloc,N,coding-hint,Class,utiliser_code_supplementaire,"",instruction_codage,section Notes de la CIM-10,instruction transversale « code supplémentaire » — à trancher en bloc ; attachée à un chapitre/bloc — héritage vers les catégories à trancher,"Utiliser, au besoin, un code supplémentaire pour identifier la cause externe (Chapitre XX) ou la présence d'une insuffisance rénale aigüe (N17.–) ou sans précision (N19.–).",true,"Utiliser, au besoin, un code supplémentaire pour identifier la cause externe (Chapitre XX) ou la présence d'une insuffisance rénale (N17-N19).",false,"",false,"",v3
les_deux,N10,Néphrite tubulo-interstitielle aigüe,XIV,categorie,N,coding-hint,Class,utiliser_code_supplementaire,"",instruction_codage,section Notes de la CIM-10,instruction transversale « code supplémentaire » — à trancher en bloc,"Utiliser, au besoin, un code supplémentaire (B95-B98) pour identifier l'agent infectieux.",true,"Utiliser, au besoin, un code supplémentaire (B95-B97) pour identifier l'agent infectieux.",false,"",false,"",v3
ANS_2025,N10-N16,Maladies rénales tubulo-interstitielles,XIV,bloc,"",coding-hint,Class,utiliser_code_supplementaire,"",instruction_codage,section Notes de la CIM-10,instruction transversale « code supplémentaire » — à trancher en bloc ; attachée à un chapitre/bloc — héritage vers les catégories à trancher,"Utiliser, au besoin, un code supplémentaire pour identifier la maladie rénale chronique associée (N18.–).",false,"",false,"",false,"",v3
les_deux,N11,Néphrite tubulo-interstitielle chronique,XIV,categorie,N,coding-hint,Class,utiliser_code_supplementaire,"",instruction_codage,section Notes de la CIM-10,instruction transversale « code supplémentaire » — à trancher en bloc,"Utiliser, au besoin, un code supplémentaire (B95-B98) pour identifier l'agent infectieux.",true,"Utiliser, au besoin, un code supplémentaire (B95-B97) pour identifier l'agent infectieux.",false,"",false,"",v3
ANS_2025,N13.5,"Coudure et rétrécissement urétéral, sans hydronéphrose",XIV,categorie,"",coding-hint,Class,utiliser_code_supplementaire,"",instruction_codage,section Notes de la CIM-10,instruction transversale « code supplémentaire » — à trancher en bloc,"Utiliser, au besoin, un code supplémentaire pour identifier la maladie associée",false,"",false,"",false,"",v3
les_deux,N13.6,Pyonéphrose,XIV,categorie,N,coding-hint,Class,utiliser_code_supplementaire,"",instruction_codage,section Notes de la CIM-10,instruction transversale « code supplémentaire » — à trancher en bloc,"Utiliser, au besoin, un code supplémentaire (B95-B98) pour identifier l'agent infectieux.",true,"Utiliser, au besoin, un code supplémentaire (B95-B97) pour identifier l'agent infectieux.",false,"",false,"",v3
les_deux,N14,Atteintes tubulo-interstitielles et tubulaires dues à des médicaments et des métaux lourds,XIV,categorie,N,coding-hint,Class,utiliser_code_supplementaire,"",instruction_codage,section Notes de la CIM-10,instruction transversale « code supplémentaire » — à trancher en bloc,"Utiliser, au besoin, un code supplémentaire de cause externe (Chapitre XX) pour identifier l'agent toxique.",false,"",false,"",false,"",v3
les_deux,N17-N19,Insuffisance rénale,XIV,bloc,N,coding-hint,Class,utiliser_code_supplementaire,"",instruction_codage,section Notes de la CIM-10,instruction transversale « code supplémentaire » — à trancher en bloc ; attachée à un chapitre/bloc — héritage vers les catégories à trancher,"Utiliser, au besoin, un code supplémentaire de cause externe (Chapitre XX) pour identifier l'agent externe.",false,"",false,"",false,"",v3
ANS_2025,N18,Maladie rénale chronique,XIV,categorie,"",coding-hint,Class,utiliser_code_supplementaire,"",instruction_codage,section Notes de la CIM-10,instruction transversale « code supplémentaire » — à trancher en bloc,"Utiliser, au besoin, un code supplémentaire pour identifier l'affection causale.",false,"",false,"",false,"",v3
ANS_2025,N18,Maladie rénale chronique,XIV,categorie,"",coding-hint,Class,utiliser_code_supplementaire,"",instruction_codage,section Notes de la CIM-10,instruction transversale « code supplémentaire » — à trancher en bloc,"Utiliser, au besoin, un code supplémentaire pour identifier la présence d'une hypertension.",false,"",false,"",false,"",v3
les_deux,N30,Cystite,XIV,categorie,N,coding-hint,Class,utiliser_code_supplementaire,"",instruction_codage,section Notes de la CIM-10,instruction transversale « code supplémentaire » — à trancher en bloc,"Utiliser, au besoin, un code supplémentaire (B95-B98) pour identifier l'agent infectieux ou un code de cause externe (Chapitre XX) pour identifier l'agent responsable.",true,"Utiliser, au besoin, un code supplémentaire (B95-B97) pour identifier l'agent infectieux ou un code de cause externe (Chapitre XX) pour identifier l'agent responsable.",false,"",false,"",v3
les_deux,N34,Urétrite et syndrome urétral,XIV,categorie,N,coding-hint,Class,utiliser_code_supplementaire,"",instruction_codage,section Notes de la CIM-10,instruction transversale « code supplémentaire » — à trancher en bloc,"Utiliser, au besoin, un code supplémentaire (B95-B98) pour identifier l'agent infectieux.",true,"Utiliser, au besoin, un code supplémentaire (B95-B97) pour identifier l'agent infectieux.",false,"",false,"",v3
les_deux,N39.0,"Infection des voies urinaires, siège non précisé",XIV,categorie,N,coding-hint,Class,utiliser_code_supplementaire,"",instruction_codage,section Notes de la CIM-10,instruction transversale « code supplémentaire » — à trancher en bloc,"Utiliser, au besoin, un code supplémentaire (B95-B98) pour identifier l'agent infectieux.",true,"Utiliser, au besoin, un code supplémentaire (B95-B97) pour identifier l'agent infectieux.",false,"",false,"",v3
ANS_2025,N39.3,Incontinence urinaire d'effort,XIV,categorie,"",coding-hint,Class,utiliser_code_supplementaire,"",instruction_codage,section Notes de la CIM-10,instruction transversale « code supplémentaire » — à trancher en bloc,"Utiliser, au besoin, un code supplémentaire (N32.8) pour identifier l’hyperactivité de la vessie ou du muscle détrusor.",false,"",false,"",false,"",v3
ANS_2025,N39.4,Autres formes d'incontinence urinaire précisées,XIV,categorie,"",coding-hint,Class,utiliser_code_supplementaire,"",instruction_codage,section Notes de la CIM-10,instruction transversale « code supplémentaire » — à trancher en bloc,"Utiliser, au besoin, un code supplémentaire (N32.8) pour identifier l’hyperactivité de la vessie ou du muscle détrusor.",false,"",false,"",false,"",v3
les_deux,N41,Affections inflammatoires de la prostate,XIV,categorie,N,coding-hint,Class,utiliser_code_supplementaire,"",instruction_codage,section Notes de la CIM-10,instruction transversale « code supplémentaire » — à trancher en bloc,"Utiliser, au besoin, un code supplémentaire (B95-B98) pour identifier l'agent infectieux.",true,"Utiliser, au besoin, un code supplémentaire (B95-B97) pour identifier l'agent infectieux.",false,"",false,"",v3
les_deux,N43.1,Hydrocèle infectée,XIV,categorie,N,coding-hint,Class,utiliser_code_supplementaire,"",instruction_codage,section Notes de la CIM-10,instruction transversale « code supplémentaire » — à trancher en bloc,"Utiliser, au besoin, un code supplémentaire (B95-B98) pour identifier l'agent infectieux.",true,"Utiliser, au besoin, un code supplémentaire (B95-B97) pour identifier l'agent infectieux.",false,"",false,"",v3
les_deux,N45,Orchite et épididymite,XIV,categorie,N,coding-hint,Class,utiliser_code_supplementaire,"",instruction_codage,section Notes de la CIM-10,instruction transversale « code supplémentaire » — à trancher en bloc,"Utiliser, au besoin, un code supplémentaire (B95-B98) pour identifier l'agent infectieux.",true,"Utiliser, au besoin, un code supplémentaire (B95-B97) pour identifier l'agent infectieux.",false,"",false,"",v3
les_deux,N48.1,Balanoposthite,XIV,categorie,N,coding-hint,Class,utiliser_code_supplementaire,"",instruction_codage,section Notes de la CIM-10,instruction transversale « code supplémentaire » — à trancher en bloc,"Utiliser, au besoin, un code supplémentaire (B95-B98) pour identifier l'agent infectieux.",true,"Utiliser, au besoin, un code supplémentaire (B95-B97) pour identifier l'agent infectieux.",false,"",false,"",v3
les_deux,N48.2,Autres affections inflammatoires de la verge,XIV,categorie,N,coding-hint,Class,utiliser_code_supplementaire,"",instruction_codage,section Notes de la CIM-10,instruction transversale « code supplémentaire » — à trancher en bloc,"Utiliser, au besoin, un code supplémentaire (B95-B98) pour identifier l'agent infectieux.",true,"Utiliser, au besoin, un code supplémentaire (B95-B97) pour identifier l'agent infectieux.",false,"",false,"",v3
les_deux,N48.4,Impuissance d'origine organique,XIV,categorie,N,coding-hint,Class,utiliser_code_supplementaire,"",instruction_codage,section Notes de la CIM-10,instruction transversale « code supplémentaire » — à trancher en bloc,"Utiliser, au besoin, un code supplémentaire pour identifier la cause.",false,"",false,"",false,"",v3
les_deux,N49,"Affections inflammatoires des organes génitaux de l'homme, non classées ailleurs",XIV,categorie,N,coding-hint,Class,utiliser_code_supplementaire,"",instruction_codage,section Notes de la CIM-10,instruction transversale « code supplémentaire » — à trancher en bloc,"Utiliser, au besoin, un code supplémentaire (B95-B98) pour identifier l'agent infectieux.",true,"Utiliser, au besoin, un code supplémentaire (B95-B97) pour identifier l'agent infectieux.",false,"",false,"",v3
les_deux,N70,Salpingite et ovarite,XIV,categorie,N,coding-hint,Class,utiliser_code_supplementaire,"",instruction_codage,section Notes de la CIM-10,instruction transversale « code supplémentaire » — à trancher en bloc,"Utiliser, au besoin, un code supplémentaire (B95-B98) pour identifier l'agent infectieux.",true,"Utiliser, au besoin, un code supplémentaire (B95-B97) pour identifier l'agent infectieux.",false,"",false,"",v3
les_deux,N71,"Affections inflammatoires de l'utérus, à l'exclusion du col",XIV,categorie,N,coding-hint,Class,utiliser_code_supplementaire,"",instruction_codage,section Notes de la CIM-10,instruction transversale « code supplémentaire » — à trancher en bloc,"Utiliser, au besoin, un code supplémentaire (B95-B98) pour identifier l'agent infectieux.",true,"Utiliser, au besoin, un code supplémentaire (B95-B97) pour identifier l'agent infectieux.",false,"",false,"",v3
les_deux,N72,Affections inflammatoires du col de l'utérus,XIV,categorie,N,coding-hint,Class,utiliser_code_supplementaire,"",instruction_codage,section Notes de la CIM-10,instruction transversale « code supplémentaire » — à trancher en bloc,"Utiliser, au besoin, un code supplémentaire (B95-B98) pour identifier l'agent infectieux.",true,"Utiliser, au besoin, un code supplémentaire (B95-B97) pour identifier l'agent infectieux.",false,"",false,"",v3
les_deux,N73,Autres affections inflammatoires pelviennes de la femme,XIV,categorie,N,coding-hint,Class,utiliser_code_supplementaire,"",instruction_codage,section Notes de la CIM-10,instruction transversale « code supplémentaire » — à trancher en bloc,"Utiliser, au besoin, un code supplémentaire (B95-B98) pour identifier l'agent infectieux.",true,"Utiliser, au besoin, un code supplémentaire (B95-B97) pour identifier l'agent infectieux.",false,"",false,"",v3
les_deux,N76,Autres inflammations du vagin et de la vulve,XIV,categorie,N,coding-hint,Class,utiliser_code_supplementaire,"",instruction_codage,section Notes de la CIM-10,instruction transversale « code supplémentaire » — à trancher en bloc,"Utiliser, au besoin, un code supplémentaire (B95-B98) pour identifier l'agent infectieux.",true,"Utiliser, au besoin, un code supplémentaire (B95-B97) pour identifier l'agent infectieux.",false,"",false,"",v3
les_deux,O00,Grossesse extra-utérine,XV,categorie,N,coding-hint,Class,utiliser_code_supplementaire,"",instruction_codage,section Notes de la CIM-10,instruction transversale « code supplémentaire » — à trancher en bloc,"Utiliser, au besoin, un code supplémentaire de la catégorie O08.- pour identifier toute complication.",false,"",false,"",false,"",v3
les_deux,O01,Môle hydatiforme,XV,categorie,N,coding-hint,Class,utiliser_code_supplementaire,"",instruction_codage,section Notes de la CIM-10,instruction transversale « code supplémentaire » — à trancher en bloc,"Utiliser, au besoin, un code supplémentaire de la catégorie O08.- pour identifier toute complication.",false,"",false,"",false,"",v3
les_deux,O02,Autres produits anormaux de la conception,XV,categorie,N,coding-hint,Class,utiliser_code_supplementaire,"",instruction_codage,section Notes de la CIM-10,instruction transversale « code supplémentaire » — à trancher en bloc,"Utiliser, au besoin, un code supplémentaire de la catégorie O08.- pour identifier toute complication.",false,"",false,"",false,"",v3
ANS_2025,O08.0,"Infection de l'appareil génital et des organes pelviens consécutive à un avortement, une grossesse extra-utérine et molaire",XV,categorie,"",coding-hint,Class,utiliser_code_supplementaire,"",instruction_codage,section Notes de la CIM-10,instruction transversale « code supplémentaire » — à trancher en bloc,"Utiliser, au besoin, un code supplémentaire (R57.2) pour identifier le choc septique.",false,"",false,"",false,"",v3
ANS_2025,O21,Vomissements incoercibles au cours de la grossesse,XV,categorie,"",coding-hint,Class,utiliser_code_supplementaire,"",instruction_codage,section Notes de la CIM-10,instruction transversale « code supplémentaire » — à trancher en bloc,"Utiliser, au besoin, un code supplémentaire pour identifier la cause",false,"",false,"",false,"",v3
ANS_2025,O72.0,Hémorragie de la délivrance [troisième période],XV,categorie,"",coding-hint,Class,utiliser_code_supplementaire,"",instruction_codage,section Notes de la CIM-10,instruction transversale « code supplémentaire » — à trancher en bloc,"Utiliser, au besoin, un code supplémentaire pour identifier un placenta adhérent pathologique (O43.2).",false,"",false,"",false,"",v3
ANS_2025,O73.0,Rétention du placenta sans hémorragie,XV,categorie,"",coding-hint,Class,utiliser_code_supplementaire,"",instruction_codage,section Notes de la CIM-10,instruction transversale « code supplémentaire » — à trancher en bloc,"Utiliser, au besoin, un code supplémentaire pour identifier un placenta adhérent pathologique (O43.2).",false,"",false,"",false,"",v3
les_deux,O84,Accouchements multiples,XV,categorie,N,coding-hint,Class,utiliser_code_supplementaire,"",instruction_codage,section Notes de la CIM-10,instruction transversale « code supplémentaire » — à trancher en bloc,"Utiliser, au besoin, un code supplémentaire (O80-O83) pour indiquer la méthode d'accouchement pour chaque fœtus ou nouveau-né.",true,"Utiliser, au besoin, un code supplémentaire (O80, O81, O82, O83) pour indiquer la méthode d'accouchement pour chaque foetus ou nouveau-né.",false,"",false,"",v3
les_deux,O85,Sepsis puerpéral,XV,categorie,N,coding-hint,Class,utiliser_code_supplementaire,"",instruction_codage,section Notes de la CIM-10,instruction transversale « code supplémentaire » — à trancher en bloc,"Utiliser, au besoin, un code supplémentaire (B95-B98) pour identifier l'agent infectieux.",true,"Utiliser, au besoin, un code supplémentaire (B95-B97) pour identifier l'agent infectieux.",false,"",false,"",v3
ANS_2025,O86,Autres infections puerpérales,XV,categorie,"",coding-hint,Class,utiliser_code_supplementaire,"",instruction_codage,section Notes de la CIM-10,instruction transversale « code supplémentaire » — à trancher en bloc,"Utiliser, au besoin, un code supplémentaire (B95-B98) pour identifier l'agent infectieux.",false,"",false,"",false,"",v3
ANS_2025,O96,"Mort d'origine obstétricale, survenant plus de 42 jours mais moins d'un an après l'accouchement",XV,categorie,"",coding-hint,Class,utiliser_code_supplementaire,"",instruction_codage,section Notes de la CIM-10,instruction transversale « code supplémentaire » — à trancher en bloc,"Utiliser, au besoin, un code supplémentaire pour identifier la cause obstétricale (directe) (indirecte).",false,"",false,"",false,"",v3
ANS_2025,O97,Mort de séquelles relevant d'une cause obstétricale,XV,categorie,"",coding-hint,Class,utiliser_code_supplementaire,"",instruction_codage,section Notes de la CIM-10,instruction transversale « code supplémentaire » — à trancher en bloc,"Utiliser, au besoin, un code supplémentaire pour identifier la cause obstétricale (directe) (indirecte).",false,"",false,"",false,"",v3
les_deux,O98,"Maladies infectieuses et parasitaires de la mère classées ailleurs mais compliquant la grossesse, l'accouchement et la puerpéralité",XV,categorie,N,coding-hint,Class,utiliser_code_supplementaire,"",instruction_codage,section Notes de la CIM-10,instruction transversale « code supplémentaire » — à trancher en bloc,"Utiliser, au besoin, un code supplémentaire (Chapitre I) pour identifier l'état spécifique.",false,"",false,"",false,"",v3
ANS_2025,O99,"Autres maladies de la mère classées ailleurs, mais compliquant la grossesse, l'accouchement et la puerpéralité",XV,categorie,"",coding-hint,Class,utiliser_code_supplementaire,"",instruction_codage,section Notes de la CIM-10,instruction transversale « code supplémentaire » — à trancher en bloc,"Utiliser, au besoin, un code supplémentaire pour identifier une affection spécifique.",false,"",false,"",false,"",v3
les_deux,P02.3,Fœtus et nouveau-né affectés par des syndromes de transfusion placentaire,XVI,categorie,N,coding-hint,Class,utiliser_code_supplementaire,"",instruction_codage,section Notes de la CIM-10,instruction transversale « code supplémentaire » — à trancher en bloc,"Utiliser, au besoin, un code supplémentaire pour indiquer les effets provoqués chez le fœtus ou le nouveau-né.",true,"Utiliser, au besoin, un code supplémentaire pour indiquer les effets provoqués chez le foetus ou le nouveau-né.",false,"",false,"",v3
les_deux,P58.4,Ictère du nouveau-né dû à des médicaments ou des toxines transmis par la mère ou administrés au nouveau-né,XVI,categorie,N,coding-hint,Class,utiliser_code_supplementaire,"",instruction_codage,section Notes de la CIM-10,instruction transversale « code supplémentaire » — à trancher en bloc,"Utiliser, au besoin, un code supplémentaire de cause externe (Chapitre XX) pour identifier le médicament éventuellement en cause.",true,"Utiliser, au besoin, un code supplémentaire de cause externe (Chapitre XX) pour identifier éventuellement le médicament.",false,"",false,"",v3
ANS_2025,Q35-Q37,Fente labiale et fente palatine,XVII,bloc,"",coding-hint,Class,utiliser_code_supplementaire,"",instruction_codage,section Notes de la CIM-10,instruction transversale « code supplémentaire » — à trancher en bloc ; attachée à un chapitre/bloc — héritage vers les catégories à trancher,"Utiliser, au besoin, un code supplémentaire (Q30.2) pour identifier les malformations du nez associées.",false,"",false,"",false,"",v3
les_deux,R00.1,"Bradycardie, sans précision",XVIII,categorie,N,coding-hint,Class,utiliser_code_supplementaire,"",instruction_codage,section Notes de la CIM-10,instruction transversale « code supplémentaire » — à trancher en bloc,"Utiliser, au besoin, un code supplémentaire de cause externe (Chapitre XX) pour identifier le médicament éventuellement en cause.",true,"Utiliser, au besoin, un code supplémentaire de cause externe (Chapitre XX) pour identifier éventuellement le médicament.",false,"",false,"",v3
ANS_2025,R50.2,Fièvre due à des médicaments,XVIII,categorie,"",coding-hint,Class,utiliser_code_supplementaire,"",instruction_codage,section Notes de la CIM-10,instruction transversale « code supplémentaire » — à trancher en bloc,"Utiliser, au besoin, un code supplémentaire de cause externe (Chapitre XX) pour identifier le médicament.",false,"",false,"",false,"",v3
les_deux,R78.0,Présence d'alcool dans le sang,XVIII,categorie,N,coding-hint,Class,utiliser_code_supplementaire,"",instruction_codage,section Notes de la CIM-10,instruction transversale « code supplémentaire » — à trancher en bloc,"Utiliser, au besoin, un code supplémentaire de cause externe (Y90.-) précisant le taux d'alcoolémie.",false,"",false,"",false,"",v3
les_deux,T74,Syndromes dus à de mauvais traitements,XIX,categorie,N,coding-hint,Class,utiliser_code_supplementaire,"",instruction_codage,section Notes de la CIM-10,instruction transversale « code supplémentaire » — à trancher en bloc,"Utiliser, au besoin, un code supplémentaire pour identifier le traumatisme récent.",false,"",false,"",false,"",v3
OFS_2006,T79.3,"Infection posttraumatique d'une plaie, non classée ailleurs",XIX,sous_categorie,N,"",NOTE,utiliser_code_supplementaire,"",instruction_codage,section Notes de la CIM-10,instruction transversale « code supplémentaire » — à trancher en bloc,"Utiliser, au besoin, un code supplémentaire (B95-B97) pour identifier l'agent infectieux.",false,"",true,absent,false,"",v3
ANS_2025,T80-T88,"Complications de soins chirurgicaux et médicaux, non classées ailleurs",XIX,bloc,"",coding-hint,Class,utiliser_code_supplementaire,"",instruction_codage,section Notes de la CIM-10,instruction transversale « code supplémentaire » — à trancher en bloc ; attachée à un chapitre/bloc — héritage vers les catégories à trancher,"Utiliser, au besoin, un code supplémentaire (B95-B98) pour identifier l'agent infectieux.",false,"",false,"",false,"",v3
les_deux,T80-T88,"Complications de soins chirurgicaux et médicaux, non classées ailleurs",XIX,bloc,N,coding-hint,Class,utiliser_code_supplementaire,"",instruction_codage,section Notes de la CIM-10,instruction transversale « code supplémentaire » — à trancher en bloc ; attachée à un chapitre/bloc — héritage vers les catégories à trancher,"Utiliser, au besoin, un code supplémentaire de cause externe (Chapitre XX) pour identifier les appareils utilisés et les détails concernant les circonstances.",true,"Utiliser, au besoin, un code supplémentaire de cause externe (Chapitre XX) pour identifier les appareils utilisés et les détails concernant les circonstances.<P>Utiliser, au besoin, un code supplémentaire (B95-B97) pour identifier l'agent infectieux.",false,"",false,"",v3
ANS_2025,T80.2,"Infections consécutives à une injection thérapeutique, une perfusion et une transfusion",XIX,categorie,"",coding-hint,Class,utiliser_code_supplementaire,"",instruction_codage,section Notes de la CIM-10,instruction transversale « code supplémentaire » — à trancher en bloc,"Utiliser, au besoin, un code supplémentaire (R57.2) pour identifier le choc septique.",false,"",false,"",false,"",v3
ANS_2025,T81.4,"Infection après un acte à visée diagnostique et thérapeutique, non classée ailleurs",XIX,categorie,"",coding-hint,Class,utiliser_code_supplementaire,"",instruction_codage,section Notes de la CIM-10,instruction transversale « code supplémentaire » — à trancher en bloc,"Utiliser, au besoin, un code supplémentaire pour identifier d’autres manifestations de l’infection, comme le sepsis ou l’abcès.",false,"",false,"",false,"",v3
ANS_2025,U82,Résistance aux antibiotiques bétalactamines [bétalactames],XXII,categorie,"",coding-hint,Class,utiliser_code_supplementaire,"",instruction_codage,section Notes de la CIM-10,instruction transversale « code supplémentaire » — à trancher en bloc,"Utiliser, au besoin, un code supplémentaire (B95-B98) pour identifier les agents infectieux résistants aux traitements avec des antibiotiques bétalactamines.",false,"",false,"",false,"",v3
ANS_2025,U83,Résistance aux autres antibiotiques,XXII,categorie,"",coding-hint,Class,utiliser_code_supplementaire,"",instruction_codage,section Notes de la CIM-10,instruction transversale « code supplémentaire » — à trancher en bloc,"Utiliser, au besoin, un code supplémentaire (B95-B98) pour identifier les agents infectieux résistants aux autres traitements antibiotiques.",false,"",false,"",false,"",v3
ANS_2025,U84,Résistance aux autres antimicrobiens,XXII,categorie,"",coding-hint,Class,utiliser_code_supplementaire,"",instruction_codage,section Notes de la CIM-10,instruction transversale « code supplémentaire » — à trancher en bloc,"Utiliser, au besoin, un code supplémentaire (B95-B98) pour identifier les agents infectieux résistants aux traitements antimicrobiens.",false,"",false,"",false,"",v3
ANS_2025,Z22.3,Sujet porteur d'autres maladies bactériennes précisées,XXI,categorie,"",coding-hint,Class,utiliser_code_supplementaire,"",instruction_codage,section Notes de la CIM-10,instruction transversale « code supplémentaire » — à trancher en bloc,"Utiliser, au besoin, un code supplémentaire (U82–U83) pour identifier une résistance de l’agent infectieux aux médicaments antimicrobiens.",false,"",false,"",false,"",v3
