code,libelle_externe,libelle_ofs_ans,source_externe,source_ofs_ans,type_externe,type_ofs_ans,type_divergence,lid_ofs
M89.4,Pachydermopériostose,Pachydermopériostose,ORPHANET,OWL_ANS,inclusion,synonyme,true,
G37.0,Maladie de Schilder,Maladie de Schilder,ORPHANET,OWL_ANS,synonyme,synonyme,false,
E74.0,Maladie de Pompe,Maladie de Pompe,ORPHANET,OWL_ANS,inclusion,synonyme,true,
A48.1,Légionellose,"Légionellose
",ORPHANET,OWL_ANS,inclusion,inclusion,false,
F84.3,Démence infantile,Démence infantile,ORPHANET,OWL_ANS,synonyme,synonyme,false,
B74.8,Dirofilariose,"Dirofilariose
",ORPHANET,OWL_ANS,inclusion,inclusion,false,
G47.8,Syndrome de Kleine-Levin,"Syndrome de Kleine–Levin
",ORPHANET,OWL_ANS,inclusion,inclusion,false,
E31.0,Syndrome de Schmidt,"Syndrome de Schmidt
",ORPHANET,OWL_ANS,inclusion,inclusion,false,
A07.8,Sarcosporidiose,Sarcosporidiose,ORPHANET,OWL_ANS,inclusion,synonyme,true,
Q82.5,Naevus verruqueux,naevus verruqueux,ORPHANET,OFS,inclusion,synonyme,true,
G40.4,Syndrome de Lennox-Gastaut,Syndrome de Lennox–Gastaut,ORPHANET,OWL_ANS,inclusion,synonyme,true,
Q05.1,Myéloméningocèle,myéloméningocèle,ORPHANET,OFS,inclusion,inclusion,false,
K13.0,Chéilite glandulaire,Cheilite glandulaire,ORPHANET,OWL_ANS,inclusion,synonyme,true,
G12.2,Sclérose latérale amyotrophique,Sclérose latérale amyotrophique,ORPHANET,OWL_ANS,inclusion,synonyme,true,
P02.2,Insuffisance placentaire,Insuffisance placentaire,ORPHANET,OWL_ANS,inclusion,synonyme,true,
A75.3,Fièvre fluviale du Japon,Fièvre fluviale du Japon,ORPHANET,OWL_ANS,synonyme,synonyme,false,
Q77.6,Syndrome d'Ellis-Van Creveld,"Syndrome d'Ellis–van Creveld
",ORPHANET,OWL_ANS,inclusion,inclusion,false,
C96.2,Mastocytose systémique agressive,Mastocytose systémique agressive,ORPHANET,OWL_ANS,inclusion,synonyme,true,
G71.0,Dystrophie musculaire oculo-pharyngée,dystrophie musculaire oculo-pharyngée,ORPHANET,OFS,inclusion,synonyme,true,
M31.1,Purpura thrombotique thrombocytopénique,"Purpura thrombotique thrombocytopénique
",ORPHANET,OWL_ANS,inclusion,inclusion,false,
E83.5,Hypercalcémie hypocalciurique familiale,Hypercalcémie hypocalciurique familiale,ORPHANET,OWL_ANS,inclusion,synonyme,true,
Q04.3,Hydranencéphalie,Hydranencéphalie,ORPHANET,OWL_ANS,inclusion,synonyme,true,
E75.5,Maladie de Wolman,Maladie de Wolman,ORPHANET,OWL_ANS,inclusion,synonyme,true,
Q99.2,Syndrome de l'X fragile,"Syndrome de l'X fragile
",ORPHANET,OWL_ANS,synonyme,inclusion,true,
E74.0,Maladie de Forbes,Maladie de Forbes,ORPHANET,OWL_ANS,inclusion,synonyme,true,
B60.8,Microsporidiose,"Microsporidiose
",ORPHANET,OWL_ANS,inclusion,inclusion,false,
E78.6,Maladie de Tangier,Maladie de Tangier,ORPHANET,OWL_ANS,inclusion,synonyme,true,
G61.0,Syndrome de Miller Fisher,Syndrome de Miller–Fisher,ORPHANET,OWL_ANS,inclusion,synonyme,true,
D67,Hémophilie B,Hémophilie B,ORPHANET,OWL_ANS,synonyme,synonyme,false,
G71.1,Paramyotonie congénitale,Paramyotonie congénitale,ORPHANET,OWL_ANS,inclusion,synonyme,true,
L88,Pyodermite phagédénique,"Pyodermite phagédénique
",ORPHANET,OWL_ANS,synonyme,inclusion,true,
Q79.4,Syndrome d'Obrinsky,"Syndrome d'Obrinsky
",ORPHANET,OWL_ANS,inclusion,inclusion,false,
Q87.1,Syndrome de Seckel,Syndrome de Seckel,ORPHANET,OWL_ANS,inclusion,synonyme,true,
D74.0,Méthémoglobinémie héréditaire,Méthémoglobinémie héréditaire,ORPHANET,OWL_ANS,inclusion,synonyme,true,
C83.8,Granulomatose lymphomatoïde,Granulomatose lymphomatoïde,ORPHANET,OWL_ANS,inclusion,synonyme,true,
D89.1,Cryoglobulinémie mixte,Cryoglobulinémie mixte,ORPHANET,OWL_ANS,inclusion,synonyme,true,
E78.6,Abêtalipoprotéinémie,Abêtalipoprotéinémie,ORPHANET,OWL_ANS,inclusion,synonyme,true,
G23.1,Paralysie supranucléaire progressive,"Paralysie supranucléaire progressive
",ORPHANET,OWL_ANS,synonyme,inclusion,true,
E76.0,Syndrome de Hurler,Syndrome de Hurler,ORPHANET,OWL_ANS,inclusion,synonyme,true,
E83.0,Maladie de Wilson,Maladie de Wilson,ORPHANET,OWL_ANS,inclusion,synonyme,true,
Q87.3,Syndrome de Sotos,Syndrome de Sotos,ORPHANET,OWL_ANS,inclusion,synonyme,true,
Q77.4,Hypochondroplasie,Hypochondroplasie,ORPHANET,OWL_ANS,inclusion,synonyme,true,
Q87.1,Syndrome de Dubowitz,Syndrome de Dubowitz,ORPHANET,OWL_ANS,inclusion,synonyme,true,
C92.0,LAM M2,LAM M2,ORPHANET,OWL_ANS,inclusion,synonyme,true,
E74.1,Fructosurie essentielle,Fructosurie essentielle,ORPHANET,OWL_ANS,inclusion,synonyme,true,
E74.0,Maladie de Hers,Maladie de Hers,ORPHANET,OWL_ANS,inclusion,synonyme,true,
D50.1,Syndrome de Plummer-Vinson,Syndrome de Plummer–Vinson,ORPHANET,OWL_ANS,inclusion,synonyme,true,
H35.7,Choriorétinopathie séreuse centrale,Choriorétinopathie séreuse centrale,ORPHANET,OWL_ANS,inclusion,synonyme,true,
E07.1,Syndrome de Pendred,Syndrome de Pendred,ORPHANET,OWL_ANS,inclusion,synonyme,true,
E74.0,Maladie de von Gierke,Maladie de von Gierke,ORPHANET,OWL_ANS,inclusion,synonyme,true,
E74.4,Déficit en pyruvate carboxylase,Déficit en pyruvate carboxylase,ORPHANET,OWL_ANS,inclusion,synonyme,true,
K00.4,Odontodysplasie régionale,Odontodysplasie régionale,ORPHANET,OWL_ANS,inclusion,synonyme,true,
J80,Maladie des membranes hyalines de l'adulte,maladie des membranes hyalines de l'adulte,ORPHANET,OFS,synonyme,synonyme,false,
E34.8,Progéria,Progéria,ORPHANET,OWL_ANS,inclusion,synonyme,true,
E74.4,Déficit en phosphoénolpyruvate carboxykinase,Déficit en phosphoénolpyruvate carboxykinase,ORPHANET,OWL_ANS,inclusion,synonyme,true,
E27.2,Crise surrénalienne,Crise surrénalienne,ORPHANET,OWL_ANS,inclusion,synonyme,true,
C88.3,Lymphome méditerranéen,Lymphome méditerranéen,ORPHANET,OWL_ANS,inclusion,synonyme,true,
A70,Ornithose,Ornithose,ORPHANET,OWL_ANS,inclusion,synonyme,true,
E80.2,Coproporphyrie héréditaire,Coproporphyrie héréditaire,ORPHANET,OWL_ANS,inclusion,synonyme,true,
E77.1,Aspartylglucosaminurie,Aspartylglucosaminurie,ORPHANET,OWL_ANS,inclusion,synonyme,true,
E72.1,Cystathioninurie,Cystathioninurie,ORPHANET,OWL_ANS,inclusion,synonyme,true,
E74.0,Maladie de McArdle,Maladie de McArdle,ORPHANET,OWL_ANS,inclusion,synonyme,true,
E88.0,Déficit en alpha-1-antitrypsine,Déficit en alpha-1-antitrypsine,ORPHANET,OWL_ANS,inclusion,synonyme,true,
K00.5,Dysplasie de la dentine,Dysplasie de la dentine,ORPHANET,OWL_ANS,inclusion,synonyme,true,
G90.5,Dystrophie sympathique réflexe,"Dystrophie sympathique réflexe
",ORPHANET,OWL_ANS,synonyme,inclusion,true,
Q05.5,Myéloméningocèle,myéloméningocèle,ORPHANET,OFS,inclusion,inclusion,false,
D51.1,Syndrome d'Imerslund-Gräsbeck,Syndrome d'Imerslund(–Gräsbeck),ORPHANET,OWL_ANS,inclusion,synonyme,true,
E70.3,Syndrome de Cross,Syndrome de Cross,ORPHANET,OWL_ANS,inclusion,synonyme,true,
E74.0,Maladie de Cori,Maladie de Cori,ORPHANET,OWL_ANS,inclusion,synonyme,true,
Q87.1,Syndrome de Robinow-Silverman-Smith,Syndrome de Robinow–Silverman–Smith,ORPHANET,OWL_ANS,inclusion,synonyme,true,
D70,Neutropénie congénitale,Neutropénie congénitale,ORPHANET,OWL_ANS,synonyme,synonyme,false,
E26.8,Syndrome de Bartter,"Syndrome de Bartter
",ORPHANET,OWL_ANS,inclusion,inclusion,false,
J82,Syndrome de Loffler,Syndrome de Löffler,ORPHANET,OWL_ANS,inclusion,synonyme,true,
K66.2,Maladie d'Ormond,"Maladie d'Ormond
",ORPHANET,OWL_ANS,synonyme,inclusion,true,
Q93.5,Syndrome d'Angelman,"Syndrome d’Angelman
",ORPHANET,OWL_ANS,inclusion,inclusion,false,
E27.2,Crise corticosurrénalienne,Crise corticosurrénalienne,ORPHANET,OWL_ANS,inclusion,synonyme,true,
E80.6,Syndrome de Dubin-Johnson,Syndrome de Dubin–Johnson,ORPHANET,OWL_ANS,inclusion,synonyme,true,
D89.1,Cryoglobulinémie essentielle,Cryoglobulinémie essentielle,ORPHANET,OWL_ANS,inclusion,synonyme,true,
H35.5,Maladie de Stargardt,Maladie de Stargardt,ORPHANET,OWL_ANS,inclusion,synonyme,true,
E72.0,Cystinurie,Cystinurie,ORPHANET,OWL_ANS,inclusion,synonyme,true,
H44.1,Uvéite sympathique,Uvéite sympathique,ORPHANET,OWL_ANS,inclusion,synonyme,true,
K11.8,Maladie de Mikulicz,Maladie de Mikulicz,ORPHANET,OWL_ANS,inclusion,synonyme,true,
C94.0,Erythroleucémie,Érythroleucémie,ORPHANET,OWL_ANS,inclusion,synonyme,true,
K29.6,Gastrite hypertrophique géante,Gastrite hypertrophique géante,ORPHANET,OWL_ANS,inclusion,synonyme,true,
Q68.2,Luxation congénitale du genou,Luxation congénitale du genou,ORPHANET,OWL_ANS,inclusion,synonyme,true,
E23.0,Syndrome de Sheehan,Syndrome de Sheehan,ORPHANET,OWL_ANS,inclusion,synonyme,true,
A83.5,Encéphalite de La Crosse,Encéphalite de La Crosse,ORPHANET,OWL_ANS,inclusion,synonyme,true,
Q61.9,Syndrome de Meckel-Gruber,"Syndrome de Meckel–Gruber
",ORPHANET,OWL_ANS,inclusion,inclusion,false,
Q05.6,Myéloméningocèle,myéloméningocèle,ORPHANET,OFS,inclusion,inclusion,false,
Q52.1,Vagin cloisonné,"Vagin cloisonné
",ORPHANET,OWL_ANS,inclusion,inclusion,false,
Q68.2,Genu recurvatum congénital,Genu recurvatum congénital,ORPHANET,OWL_ANS,inclusion,synonyme,true,
D47.1,Leucémie chronique à neutrophiles,Leucémie chronique à neutrophiles,ORPHANET,OWL_ANS,inclusion,synonyme,true,
Q13.8,Anomalie de Rieger,Anomalie de Rieger,ORPHANET,OWL_ANS,inclusion,synonyme,true,
E71.1,Acidémie isovalérique,Acidémie isovalérique,ORPHANET,OWL_ANS,inclusion,synonyme,true,
Q87.3,Syndrome de Weaver,Syndrome de Weaver,ORPHANET,OWL_ANS,inclusion,synonyme,true,
B87.1,Myiase traumatique,"Myiase traumatique
",ORPHANET,OWL_ANS,inclusion,inclusion,false,
A75.3,Typhus des broussailles,Typhus des broussailles,ORPHANET,OWL_ANS,synonyme,synonyme,false,
C92.0,LAM M0,LAM M0,ORPHANET,OWL_ANS,inclusion,synonyme,true,
Q05.7,Myéloméningocèle,myéloméningocèle,ORPHANET,OFS,inclusion,inclusion,false,
E74.4,Déficit en pyruvate déshydrogénase,Déficit en pyruvate déshydrogénase,ORPHANET,OWL_ANS,inclusion,synonyme,true,
Q84.1,Monilethrix,Monilethrix,ORPHANET,OWL_ANS,inclusion,synonyme,true,
Q04.6,Porencéphalie,Porencéphalie,ORPHANET,OWL_ANS,inclusion,synonyme,true,
C86.6,Lymphome cutané primitif anaplasique à grandes cellules,Lymphome cutané primitif anaplasique à grandes cellules,ORPHANET,OWL_ANS,inclusion,synonyme,true,
E76.0,Syndrome de Hurler-Scheie,Syndrome de Hurler–Scheie,ORPHANET,OWL_ANS,inclusion,synonyme,true,
C91.4,Réticuloendothéliose leucémique,"Réticuloendothéliose leucémique
",ORPHANET,OWL_ANS,inclusion,inclusion,false,
A70,Psittacose,Psittacose,ORPHANET,OWL_ANS,inclusion,synonyme,true,
Q15.0,Buphtalmie,Buphtalmie,ORPHANET,OWL_ANS,synonyme,synonyme,false,
B75,Trichinellose,Trichinellose,ORPHANET,OWL_ANS,synonyme,synonyme,false,
Q87.2,Syndrome de Holt-Oram,Syndrome (de) Holt–Oram,ORPHANET,OWL_ANS,inclusion,synonyme,true,
C90.0,Maladie de Kahler,Maladie de Kahler,ORPHANET,OWL_ANS,synonyme,synonyme,false,
H35.5,Rétinite pigmentaire,Rétinite pigmentaire,ORPHANET,OWL_ANS,inclusion,synonyme,true,
Q25.7,Hypoplasie de l'artère pulmonaire,Hypoplasie de l'artère pulmonaire,ORPHANET,OWL_ANS,inclusion,synonyme,true,
A78,Fièvre du Montana,Fièvre (du) Montana,ORPHANET,OWL_ANS,synonyme,synonyme,false,
E16.4,Syndrome de Zollinger-Ellison,Syndrome de Zollinger–Ellison,ORPHANET,OWL_ANS,inclusion,synonyme,true,
E74.0,Maladie de Tarui,Maladie de Tarui,ORPHANET,OWL_ANS,inclusion,synonyme,true,
Q87.1,Syndrome de Prader-Willi,Syndrome de Prader–Willi,ORPHANET,OWL_ANS,inclusion,synonyme,true,
Q64.4,Kyste de l'ouraque,Kyste de l'ouraque,ORPHANET,OWL_ANS,inclusion,synonyme,true,
G90.6,Causalgie,"Causalgie
",ORPHANET,OWL_ANS,synonyme,inclusion,true,
Q74.0,Dysostose cléidocrânienne,Dysostose cléidocrânienne,ORPHANET,OWL_ANS,inclusion,synonyme,true,
Q93.4,Syndrome du cri du chat,"Syndrome du cri du chat
",ORPHANET,OWL_ANS,inclusion,inclusion,false,
A85.8,Encéphalite léthargique,Encéphalite léthargique,ORPHANET,OWL_ANS,inclusion,synonyme,true,
E80.0,Porphyrie érythropoïétique congénitale,Porphyrie érythropoïétique congénitale,ORPHANET,OWL_ANS,inclusion,synonyme,true,
G12.2,Sclérose latérale primitive,Sclérose latérale primitive,ORPHANET,OWL_ANS,inclusion,synonyme,true,
A69.0,Noma,Noma,ORPHANET,OWL_ANS,synonyme,synonyme,false,
E72.0,Cystinose,Cystinose,ORPHANET,OWL_ANS,inclusion,synonyme,true,
C88.2,Maladie de Franklin,maladie de Franklin,ORPHANET,OFS,inclusion,synonyme,true,
D68.6,Syndrome des antiphospholipides,Syndrome des antiphospholipides,ORPHANET,OWL_ANS,inclusion,synonyme,true,
E75.0,Maladie de Tay-Sachs,Maladie de Tay–Sachs,ORPHANET,OWL_ANS,inclusion,synonyme,true,
D47.0,Mastocytose systémique indolente,Mastocytose systémique indolente,ORPHANET,OWL_ANS,inclusion,synonyme,true,
E70.3,Syndrome de Hermansky-Pudlak,Syndrome de Hermansky–Pudlak,ORPHANET,OWL_ANS,inclusion,synonyme,true,
Q44.7,Syndrome d'Alagille,Syndrome d'Alagille,ORPHANET,OWL_ANS,inclusion,synonyme,true,
C90.0,Myélomatose,Myélomatose,ORPHANET,OWL_ANS,synonyme,synonyme,false,
E79.8,Xanthinurie héréditaire,"Xanthinurie héréditaire
",ORPHANET,OWL_ANS,inclusion,inclusion,false,
C92.3,Chlorome,Chlorome,ORPHANET,OWL_ANS,inclusion,synonyme,true,
A07.3,Isosporose,Isosporose,ORPHANET,OWL_ANS,synonyme,synonyme,false,
A07.8,Sarcocystose,Sarcocystose,ORPHANET,OWL_ANS,inclusion,synonyme,true,
B74.3,Filariose à loa-loa,Filariose à Loa loa,ORPHANET,OWL_ANS,synonyme,synonyme,false,
Q85.8,Syndrome de Sturge-Weber-Dimitri,Syndrome de Sturge–Weber(–Dimitri),ORPHANET,OWL_ANS,inclusion,synonyme,true,
E72.0,Maladie de Hartnup,Maladie de Hartnup,ORPHANET,OWL_ANS,inclusion,synonyme,true,
E72.0,Syndrome de Lowe,Syndrome de Lowe,ORPHANET,OWL_ANS,inclusion,synonyme,true,
Q75.4,Syndrome de Treacher-Collins,Syndrome de Treacher Collins,ORPHANET,OWL_ANS,inclusion,synonyme,true,
E72.3,Hyperlysinémie,Hyperlysinémie,ORPHANET,OWL_ANS,inclusion,synonyme,true,
Q78.4,Syndrome de Maffucci,Syndrome de Maffucci,ORPHANET,OWL_ANS,inclusion,synonyme,true,
G40.4,Epilepsie avec absences myocloniques,Épilepsie avec absences myocloniques,ORPHANET,OWL_ANS,inclusion,synonyme,true,
D50.1,Syndrome de Kelly-Paterson,Syndrome de Kelly–Paterson,ORPHANET,OWL_ANS,inclusion,synonyme,true,
L93.2,Panniculite lupique,Panniculite lupique,ORPHANET,OWL_ANS,inclusion,synonyme,true,
Q87.1,Syndrome de Noonan,Syndrome de Noonan,ORPHANET,OWL_ANS,inclusion,synonyme,true,
C92.0,LAM M1,LAM M1,ORPHANET,OWL_ANS,inclusion,synonyme,true,
G12.2,Maladie de Kennedy,Maladie de Kennedy,ORPHANET,OWL_ANS,inclusion,synonyme,true,
Q87.3,Syndrome de Beckwith-Wiedemann,Syndrome de Beckwith–Wiedemann,ORPHANET,OWL_ANS,inclusion,synonyme,true,
E83.3,Hypophosphatasie,Hypophosphatasie,ORPHANET,OWL_ANS,inclusion,synonyme,true,
Q10.3,Colobome de la paupière,Colobome de la paupière,ORPHANET,OWL_ANS,inclusion,synonyme,true,
E23.0,Syndrome de Kallmann,Syndrome de Kallmann,ORPHANET,OWL_ANS,inclusion,synonyme,true,
E27.1,Maladie d'Addison,Maladie d'Addison,ORPHANET,OWL_ANS,inclusion,synonyme,true,
H31.2,Choroïdérémie,Choroïdérémie,ORPHANET,OWL_ANS,inclusion,synonyme,true,
P22.0,Maladie des membranes hyalines du nouveau-né,"Maladie des membranes hyalines du nouveau-né
",ORPHANET,OWL_ANS,synonyme,inclusion,true,
E72.0,Syndrome de De Toni-Debré-Fanconi,Syndrome de de Toni–Debré–Fanconi,ORPHANET,OWL_ANS,inclusion,synonyme,true,
Q79.8,Syndrome de Poland,Syndrome de Poland,ORPHANET,OWL_ANS,inclusion,synonyme,true,
Q13.8,Syndrome d'Axenfeld-Rieger,Syndrome d'Axenfeld-Rieger,ORPHANET,OWL_ANS,inclusion,synonyme,true,
E74.2,Déficit en galactokinase,Déficit en galactokinase,ORPHANET,OWL_ANS,inclusion,synonyme,true,
F84.3,Syndrome de Heller,Syndrome de Heller,ORPHANET,OWL_ANS,synonyme,synonyme,false,
A44.1,Verruga peruana,"Verruga peruana
",ORPHANET,OWL_ANS,inclusion,inclusion,false,
E72.2,Acidurie argininosuccinique,Acidurie argininosuccinique,ORPHANET,OWL_ANS,inclusion,synonyme,true,
E06.5,Thyroïdite de Riedel,Thyroïdite (de) Riedel,ORPHANET,OWL_ANS,inclusion,synonyme,true,
Q38.0,Syndrome de Van der Woude,Syndrome de Van der Woude,ORPHANET,OWL_ANS,inclusion,synonyme,true,
E85.0,Néphropathie amyloïde familiale,Néphropathie amyloïde familiale,ORPHANET,OWL_ANS,inclusion,synonyme,true,
Q05.9,Myéloméningocèle,myéloméningocèle,ORPHANET,OFS,inclusion,inclusion,false,
Q87.1,Syndrome de Smith-Lemli-Opitz,Syndrome de Smith–Lemli–Opitz,ORPHANET,OWL_ANS,inclusion,synonyme,true,
Q05.8,Myéloméningocèle,myéloméningocèle,ORPHANET,OFS,inclusion,inclusion,false,
J61,Asbestose,"Asbestose
",ORPHANET,OWL_ANS,inclusion,inclusion,false,
E83.5,Hypercalciurie idiopathique,Hypercalciurie idiopathique,ORPHANET,OWL_ANS,inclusion,synonyme,true,
M61.1,Fibrodysplasie ossifiante progressive,"Fibrodysplasie ossifiante progressive
",ORPHANET,OWL_ANS,synonyme,inclusion,true,
J84.1,Fibrose pulmonaire idiopathique,Fibrose pulmonaire idiopathique,ORPHANET,OWL_ANS,inclusion,synonyme,true,
L13.0,Maladie de Duhring-Brocq,"Maladie de Duhring–Brocq
",ORPHANET,OWL_ANS,synonyme,inclusion,true,
Q07.8,Phénomène de Marcus-Gunn,Phénomène de Marcus Gunn,ORPHANET,OWL_ANS,inclusion,synonyme,true,
E72.5,Sarcosinémie,Sarcosinémie,ORPHANET,OWL_ANS,inclusion,synonyme,true,
Q87.1,Syndrome de Cockayne,Syndrome de Cockayne,ORPHANET,OWL_ANS,inclusion,synonyme,true,
I42.3,Fibrose endomyocardique tropicale,Fibrose endomyocardique (tropicale),ORPHANET,OWL_ANS,inclusion,synonyme,true,
C88.3,Maladie des chaînes lourdes alpha,Maladie des chaines lourdes alpha,ORPHANET,OWL_ANS,inclusion,synonyme,true,
A78,Infection à Coxiella burnetii,Infection à Coxiella burnetii,ORPHANET,OWL_ANS,synonyme,synonyme,false,
D68.2,Hypoproconvertinémie,Hypoproconvertinémie,ORPHANET,OWL_ANS,inclusion,synonyme,true,
G71.0,Dystrophie musculaire facio-scapulo-humérale,Dystrophie musculaire facio-scapulo-humérale,ORPHANET,OWL_ANS,inclusion,synonyme,true,
I78.0,Maladie de Rendu-Osler-Weber,"Maladie de Rendu–Osler–Weber
",ORPHANET,OWL_ANS,synonyme,inclusion,true,
D70,Syndrome de Kostmann,Syndrome de Kostmann,ORPHANET,OWL_ANS,inclusion,synonyme,true,
Q05.3,Myéloméningocèle,myéloméningocèle,ORPHANET,OFS,inclusion,inclusion,false,
D66,Hémophilie A,Hémophilie A,ORPHANET,OWL_ANS,synonyme,synonyme,false,
E71.1,Acidémie propionique,Acidémie propionique,ORPHANET,OWL_ANS,inclusion,synonyme,true,
B83.0,Toxocarose,"Toxocarose
",ORPHANET,OWL_ANS,synonyme,inclusion,true,
Q20.5,Inversion ventriculaire,Inversion ventriculaire,ORPHANET,OWL_ANS,synonyme,synonyme,false,
Q85.8,Syndrome de Peutz-Jeghers,Syndrome de Peutz–Jeghers,ORPHANET,OWL_ANS,inclusion,synonyme,true,
Q74.1,Luxation congénitale de la rotule,Luxation congénitale de la rotule,ORPHANET,OWL_ANS,inclusion,synonyme,true,
Q20.1,Syndrome de Taussig-Bing,"Syndrome de Taussig–Bing
",ORPHANET,OWL_ANS,inclusion,inclusion,false,
P83.8,Sclérodermie néonatale,sclérodermie néonatale,ORPHANET,OFS,inclusion,synonyme,true,
E75.2,Maladie de Krabbe,Maladie de Krabbe,ORPHANET,OWL_ANS,inclusion,synonyme,true,
L10.4,Syndrome de Senear-Usher,"Syndrome de Senear–Usher
",ORPHANET,OWL_ANS,inclusion,inclusion,false,
Q78.4,Maladie d'Ollier,Maladie d'Ollier,ORPHANET,OWL_ANS,synonyme,synonyme,false,
D61.0,Anémie de Fanconi,Anémie (de): Fanconi,ORPHANET,OWL_ANS,inclusion,synonyme,true,
C94.4,Myélofibrose aiguë,"Myélofibrose aigüe
",ORPHANET,OWL_ANS,synonyme,inclusion,true,
K29.6,Maladie de Ménétrier,Maladie de Ménétrier,ORPHANET,OWL_ANS,inclusion,synonyme,true,
Q87.8,Syndrome de Zellweger,Syndrome de Zellweger,ORPHANET,OWL_ANS,inclusion,synonyme,true,
Q13.8,Syndrome de Rieger,Syndrome de Rieger,ORPHANET,OWL_ANS,inclusion,synonyme,true,
G40.3,Convulsions néonatales bénignes familiales,convulsions néonatales bénignes (familiales),ORPHANET,OFS,inclusion,synonyme,true,
L13.1,Maladie de Sneddon-Wilkinson,"Maladie de Sneddon–Wilkinson
",ORPHANET,OWL_ANS,synonyme,inclusion,true,
A81.8,Kuru,"Kuru
",ORPHANET,OWL_ANS,inclusion,inclusion,false,
D67,Maladie de Christmas,Maladie de Christmas,ORPHANET,OWL_ANS,synonyme,synonyme,false,
E85.0,Fièvre méditerranéenne familiale,Fièvre méditerranéenne familiale,ORPHANET,OWL_ANS,inclusion,synonyme,true,
E75.2,Maladie de Gaucher,Maladie de Gaucher,ORPHANET,OWL_ANS,inclusion,synonyme,true,
Q79.2,Omphalocèle,"Omphalocèle
",ORPHANET,OWL_ANS,inclusion,inclusion,false,
G11.4,Maladie de Strümpell-Lorrain,"Maladie de Strumpell–Lorrain
",ORPHANET,OWL_ANS,synonyme,inclusion,true,
H53.5,Achromatopsie,Achromatopsie,ORPHANET,OWL_ANS,inclusion,synonyme,true,
A92.5,Infection à virus Zika,Infection à virus Zika,ORPHANET,OWL_ANS,synonyme,synonyme,false,
H53.5,Tritanopie,Tritanopie,ORPHANET,OWL_ANS,inclusion,synonyme,true,
N03.6,Glomérulonéphrite membranoproliférative type 2,"Glomérulonéphrite membranoproliférative, type 2
",ORPHANET,OWL_ANS,synonyme,inclusion,true,
D68.1,Hémophilie C,Hémophilie C,ORPHANET,OWL_ANS,synonyme,synonyme,false,
L51.1,Syndrome de Stevens-Johnson,"Syndrome de Stevens–Johnson
",ORPHANET,OWL_ANS,inclusion,inclusion,false,
M31.7,Micropolyangéite,Micropolyangéite,ORPHANET,OWL_ANS,synonyme,synonyme,false,
Q05.0,Myéloméningocèle,myéloméningocèle,ORPHANET,OFS,inclusion,inclusion,false,
G60.0,Syndrome de Roussy-Lévy,Syndrome de Roussy–Lévy,ORPHANET,OWL_ANS,inclusion,synonyme,true,
E74.1,"Déficit en fructose-1,6-diphosphatase","Déficit en fructose-1,6-diphosphatase",ORPHANET,OWL_ANS,inclusion,synonyme,true,
Q25.3,Sténose aortique supravalvulaire,"Sténose aortique supravalvulaire
",ORPHANET,OWL_ANS,inclusion,inclusion,false,
O01.0,Môle hydatiforme complète,"Môle hydatiforme complète
",ORPHANET,OWL_ANS,synonyme,inclusion,true,
Q05.4,Myéloméningocèle,myéloméningocèle,ORPHANET,OFS,inclusion,inclusion,false,
Q84.1,Aplasie moniliforme,Aplasie moniliforme,ORPHANET,OWL_ANS,inclusion,synonyme,true,
Q84.1,Pili annulati,Pili annulati,ORPHANET,OWL_ANS,inclusion,synonyme,true,
K10.8,Chérubisme,Chérubisme,ORPHANET,OWL_ANS,inclusion,synonyme,true,
J84.1,Syndrome de Hamman-Rich,Syndrome de Hamman–Rich,ORPHANET,OWL_ANS,inclusion,synonyme,true,
Q26.8,Syndrome du cimeterre,Syndrome du cimeterre,ORPHANET,OWL_ANS,inclusion,synonyme,true,
Q04.6,Schizencéphalie,Schizencéphalie,ORPHANET,OWL_ANS,inclusion,synonyme,true,
C22.1,Cholangiocarcinome,"Cholangiocarcinome
",ORPHANET,OWL_ANS,synonyme,inclusion,true,
E76.0,Syndrome de Scheie,Syndrome de Scheie,ORPHANET,OWL_ANS,inclusion,synonyme,true,
A25.0,Sodoku,"Sodoku
",ORPHANET,OWL_ANS,synonyme,inclusion,true,
K00.0,Oligodontie,Oligodontie,ORPHANET,OWL_ANS,inclusion,synonyme,true,
F81.2,Syndrome de Gerstmann,Syndrome de Gerstmann,ORPHANET,OWL_ANS,inclusion,synonyme,true,
E70.2,Alcaptonurie,Alcaptonurie,ORPHANET,OWL_ANS,inclusion,synonyme,true,
Q74.0,Pseudarthrose congénitale de la clavicule,Pseudarthrose congénitale de la clavicule,ORPHANET,OWL_ANS,inclusion,synonyme,true,
Q87.2,Syndrome de Rubinstein-Taybi,Syndrome (de) Rubinstein–Taybi,ORPHANET,OWL_ANS,inclusion,synonyme,true,
Q61.4,Dysplasie rénale multikystique,Dysplasie rénale multikystique,ORPHANET,OWL_ANS,inclusion,synonyme,true,
Q32.1,Atrésie de la trachée,Atrésie de la trachée,ORPHANET,OWL_ANS,inclusion,synonyme,true,
D69.3,Syndrome d'Evans,"Syndrome d'Evans
",ORPHANET,OWL_ANS,inclusion,inclusion,false,
G93.0,Kyste arachnoïdien,Kyste arachnoïdien,ORPHANET,OWL_ANS,inclusion,synonyme,true,
M31.7,Polyartérite microscopique,Polyartérite microscopique,ORPHANET,OWL_ANS,synonyme,synonyme,false,
G71.1,Myotonie chondrodystrophique,Myotonie chondrodystrophique,ORPHANET,OWL_ANS,inclusion,synonyme,true,
E78.6,Déficit en lécithine-cholestérol-acyltransférase,Déficit en lécithine-cholestérol-acyltransférase,ORPHANET,OWL_ANS,inclusion,synonyme,true,
E72.5,Hyperglycinémie non cétosique,Hyperglycinémie non cétosique,ORPHANET,OWL_ANS,inclusion,synonyme,true,
L66.1,Lichen plan folliculaire,"Lichen plan folliculaire
",ORPHANET,OWL_ANS,synonyme,inclusion,true,
E80.6,Syndrome de Rotor,Syndrome de Rotor,ORPHANET,OWL_ANS,inclusion,synonyme,true,
D47.0,Mastocytose systémique associée à une hémopathie clonale non mastocytaire,Mastocytose systémique associée à une hémopathie clonale non mastocytaire,ORPHANET,OWL_ANS,inclusion,synonyme,true,
M85.0,Dysplasie fibreuse monostotique,"Dysplasie fibreuse (monostotique)
",ORPHANET,OWL_ANS,synonyme,inclusion,true,
L93.2,Lupus érythémateux profond,Lupus érythémateux profond,ORPHANET,OWL_ANS,inclusion,synonyme,true,
E75.0,Maladie de Sandhoff,Maladie de Sandhoff,ORPHANET,OWL_ANS,inclusion,synonyme,true,
C90.0,Myélome à plasmocytes,Myélome à plasmocytes,ORPHANET,OWL_ANS,synonyme,synonyme,false,
Q05.2,Myéloméningocèle,myéloméningocèle,ORPHANET,OFS,inclusion,inclusion,false,
E75.2,Leucodystrophie métachromatique,Leucodystrophie métachromatique,ORPHANET,OWL_ANS,inclusion,synonyme,true,
E72.2,Argininémie,Argininémie,ORPHANET,OWL_ANS,inclusion,synonyme,true,
H50.8,Syndrome de Stilling-Turk-Duane,"Syndrome de Stilling–Türk–Duane
",ORPHANET,OWL_ANS,inclusion,inclusion,false,
A75.1,Maladie de Brill-Zinsser,"Maladie de Brill–Zinsser
",ORPHANET,OWL_ANS,synonyme,inclusion,true,
D70,Neutropénie cyclique,Neutropénie cyclique,ORPHANET,OWL_ANS,inclusion,synonyme,true,
C86.6,Papulose lymphomatoïde,Papulose lymphomatoïde,ORPHANET,OWL_ANS,inclusion,synonyme,true,
C93.0,LAM M5,LAM M5,ORPHANET,OWL_ANS,synonyme,synonyme,false,
E77.1,Fucosidose,Fucosidose,ORPHANET,OWL_ANS,inclusion,synonyme,true,
Q87.0,Syndrome de Moebius,syndrome (de) Moebius,ORPHANET,OFS,inclusion,synonyme,true,
C92.3,Sarcome granulocytaire,Sarcome granulocytaire,ORPHANET,OWL_ANS,inclusion,synonyme,true,
F45.2,Peur d'une dysmorphie corporelle,Peur d'une dysmorphie corporelle,INDEX_CIM10_VOL3,OWL_ANS,synonyme,synonyme,false,
Q00.0,Acéphalie,Acéphalie,INDEX_CIM10_VOL3,OWL_ANS,synonyme,synonyme,false,
K90.0,"Sprue, non tropicale",Sprue non tropicale,INDEX_CIM10_VOL3,OWL_ANS,synonyme,synonyme,false,
F21,"Schizophrénie, pseudo-névrotique",schizophrénie pseudo-névrotique,INDEX_CIM10_VOL3,OFS,synonyme,synonyme,false,
A81.8,Kuru,"Kuru
",INDEX_CIM10_VOL3,OWL_ANS,synonyme,inclusion,true,
Q54.0,"Hypospadias, glandulaire",Hypospadias glandulaire,INDEX_CIM10_VOL3,OWL_ANS,synonyme,synonyme,false,
E74.0,"Déficit (en), phosphorylase hépatique",Déficit en phosphorylase hépatique,INDEX_CIM10_VOL3,OWL_ANS,synonyme,synonyme,false,
O41.1,Amniotite,Amniotite,INDEX_CIM10_VOL3,OWL_ANS,synonyme,synonyme,false,
Q87.0,Acrocéphalosyndactylie (apert),acrocéphalosyndactylie [Apert],INDEX_CIM10_VOL3,OFS,synonyme,synonyme,false,
M17.3,"Gonarthrose, post-traumatique (unilatérale)",gonarthrose post-traumatique unilatérale,INDEX_CIM10_VOL3,OFS,synonyme,synonyme,false,
E72.2,"Acidurie, arginino-succinique",acidurie arginino-succinique,INDEX_CIM10_VOL3,OFS,synonyme,synonyme,false,
F51.5,Rêves d'angoisse,"Rêves d'angoisse
",INDEX_CIM10_VOL3,OWL_ANS,synonyme,inclusion,true,
A07.2,Cryptosporidiose,Cryptosporidiose,INDEX_CIM10_VOL3,ORPHANET,synonyme,synonyme,false,
R40.0,Assoupissement,"Assoupissement
",INDEX_CIM10_VOL3,OWL_ANS,synonyme,inclusion,true,
E77.1,Fucosidose,Fucosidose,INDEX_CIM10_VOL3,OWL_ANS,synonyme,synonyme,false,
D61.9,Panmyélophtisie,Panmyélophtisie,INDEX_CIM10_VOL3,OWL_ANS,synonyme,synonyme,false,
H25.0,"Cataracte, sénile, polaire sous-capsulaire (antérieure) (postérieure)",cataracte sénile polaire sous-capsulaire (antérieure) (postérieure),INDEX_CIM10_VOL3,OFS,synonyme,synonyme,false,
B26.8,"Polynévrite, ourlienne",Polynévrite ourlienne,INDEX_CIM10_VOL3,OWL_ANS,synonyme,synonyme,false,
H44.3,Chalcose,Chalcose,INDEX_CIM10_VOL3,OWL_ANS,synonyme,synonyme,false,
H35.2,Vitréo-rétinopathie proliférante,vitréo-rétinopathie proliférante,INDEX_CIM10_VOL3,OFS,synonyme,synonyme,false,
D72.0,Hypersegmentation leucocytaire héréditaire,"Hypersegmentation leucocytaire, héréditaire",INDEX_CIM10_VOL3,OWL_ANS,synonyme,synonyme,false,
D72.8,Lymphocytose (symptomatique),Lymphocytose (symptomatique),INDEX_CIM10_VOL3,OWL_ANS,synonyme,synonyme,false,
A70,Psittacose,Psittacose,INDEX_CIM10_VOL3,OWL_ANS,synonyme,synonyme,false,
Q84.2,"Hypertrichose, congénitale",Hypertrichose congénitale,INDEX_CIM10_VOL3,OWL_ANS,synonyme,synonyme,false,
F98.0,"Enurésie, psychogène",Énurésie psychogène,INDEX_CIM10_VOL3,OWL_ANS,synonyme,synonyme,false,
F50.4,"Hyperphagie, psychogène","Hyperphagie psychogène
",INDEX_CIM10_VOL3,OWL_ANS,synonyme,inclusion,true,
E74.3,"Déficit (en), sucrase",Déficit en sucrase,INDEX_CIM10_VOL3,OWL_ANS,synonyme,synonyme,false,
A18.3,"Ascite, tuberculeuse",Ascite tuberculeuse,INDEX_CIM10_VOL3,OWL_ANS,synonyme,synonyme,false,
E30.0,"Développement, sexuel retardé",Développement sexuel retardé,INDEX_CIM10_VOL3,OWL_ANS,synonyme,synonyme,false,
H50.1,Exotropie (alternante) (monoculaire) (non intermittente),"Exotropie (alternante) (monoculaire) non intermittente
",INDEX_CIM10_VOL3,OWL_ANS,synonyme,inclusion,true,
E52,"Carence (en), nicotinamide",Carence en nicotinamide,INDEX_CIM10_VOL3,OWL_ANS,synonyme,synonyme,false,
A54.3,"Iridocyclite, gonococcique",Iridocyclite gonococcique,INDEX_CIM10_VOL3,OWL_ANS,synonyme,synonyme,false,
F60.2,"Personnalité, psychopathique",Personnalité psychopathique,INDEX_CIM10_VOL3,OWL_ANS,synonyme,synonyme,false,
M89.0,"Atrophie (de), sudeck-leriche",atrophie de Sudeck-Leriche,INDEX_CIM10_VOL3,OFS,synonyme,synonyme,false,
H53.2,"Vision, double","Vision double
",INDEX_CIM10_VOL3,OWL_ANS,synonyme,inclusion,true,
T67.0,Thermoplégie,Thermoplégie,INDEX_CIM10_VOL3,OWL_ANS,synonyme,synonyme,false,
F60.7,"Personnalité, inadéquate",Personnalité inadéquate,INDEX_CIM10_VOL3,OWL_ANS,synonyme,synonyme,false,
L12.1,"Pemphigoïde, muqueux bénin","Pemphigoïde muqueux bénin
",INDEX_CIM10_VOL3,OWL_ANS,synonyme,inclusion,true,
F60.7,"Personnalité, asthénique",Personnalité asthénique,INDEX_CIM10_VOL3,OWL_ANS,synonyme,synonyme,false,
H53.1,Nyctalopie,Nyctalopie,INDEX_CIM10_VOL3,OWL_ANS,synonyme,synonyme,false,
Q55.2,Polyorchidie,Polyorchidie,INDEX_CIM10_VOL3,OWL_ANS,synonyme,synonyme,false,
H53.1,Photophobie,Photophobie,INDEX_CIM10_VOL3,OWL_ANS,synonyme,synonyme,false,
B71.8,Cénurose,"Cénurose
",INDEX_CIM10_VOL3,OWL_ANS,synonyme,inclusion,true,
E87.8,Hypochlorémie,Hypochlorémie,INDEX_CIM10_VOL3,OWL_ANS,synonyme,synonyme,false,
E88.8,Adénolipomatose de launois-bensaude,Adénolipomatose de Launois–Bensaude,INDEX_CIM10_VOL3,OWL_ANS,synonyme,synonyme,false,
M48.1,"Hyperostose, diffuse idiopathique","Hyperostose diffuse idiopathique
",INDEX_CIM10_VOL3,OWL_ANS,synonyme,inclusion,true,
B36.1,Microsporosis nigra,Microsporosis nigra,INDEX_CIM10_VOL3,OWL_ANS,synonyme,synonyme,false,
A36.0,"Diphtérie, amygdalienne",Diphtérie amygdalienne,INDEX_CIM10_VOL3,OWL_ANS,synonyme,synonyme,false,
F20.2,Catatonie (schizophrénique),Catatonie schizophrénique,INDEX_CIM10_VOL3,OWL_ANS,synonyme,synonyme,false,
Q75.0,Craniosynostose,Craniosynostose,INDEX_CIM10_VOL3,ORPHANET,synonyme,synonyme,false,
Q43.1,Aganglionose,Aganglionose,INDEX_CIM10_VOL3,OWL_ANS,synonyme,synonyme,false,
Q80.2,Bébé collodion,"Bébé collodion
",INDEX_CIM10_VOL3,OWL_ANS,synonyme,inclusion,true,
E74.8,"Glycosurie, rénale",Glycosurie rénale,INDEX_CIM10_VOL3,OWL_ANS,synonyme,synonyme,false,
E70.2,Hypertyrosinémie,Hypertyrosinémie,INDEX_CIM10_VOL3,OWL_ANS,synonyme,synonyme,false,
B35.0,Kérion (de celse),Kérion de Celse,INDEX_CIM10_VOL3,ORPHANET,synonyme,inclusion,true,
E72.3,"Acidurie, glutarique",Acidurie glutarique,INDEX_CIM10_VOL3,OWL_ANS,synonyme,synonyme,false,
H93.2,Diplacousie,Diplacousie,INDEX_CIM10_VOL3,OWL_ANS,synonyme,synonyme,false,
Q89.4,Thoracopage,Thoracopage,INDEX_CIM10_VOL3,OWL_ANS,synonyme,synonyme,false,
M17.1,"Gonarthrose, primaire (unilatérale)",Gonarthrose primaire unilatérale,INDEX_CIM10_VOL3,OWL_ANS,synonyme,synonyme,false,
Q04.3,Pachygyrie,Pachygyrie,INDEX_CIM10_VOL3,OWL_ANS,synonyme,synonyme,false,
D74.0,"Méthémoglobinémie, héréditaire",Méthémoglobinémie héréditaire,INDEX_CIM10_VOL3,OWL_ANS,synonyme,synonyme,false,
E71.1,Hypervalinémie,Hypervalinémie,INDEX_CIM10_VOL3,OWL_ANS,synonyme,synonyme,false,
B81.0,Anisakiase,Anisakiase,INDEX_CIM10_VOL3,ORPHANET,synonyme,synonyme,false,
K76.4,"Angiomatose, hépatique","Angiomatose hépatique
",INDEX_CIM10_VOL3,OWL_ANS,synonyme,inclusion,true,
Z59.1,"Manque (de), place",Manque de place,INDEX_CIM10_VOL3,OWL_ANS,synonyme,synonyme,false,
E87.1,"Déficit (en), sodium (na)","Déficit en sodium [Na]
",INDEX_CIM10_VOL3,OWL_ANS,synonyme,inclusion,true,
R19.2,Hyperpéristaltisme,"Hyperpéristaltisme
",INDEX_CIM10_VOL3,OWL_ANS,synonyme,inclusion,true,
P29.3,Obturation retardée du canal artériel,Obturation retardée du canal artériel,INDEX_CIM10_VOL3,OWL_ANS,synonyme,synonyme,false,
Z74.0,Grabataire,grabataire,INDEX_CIM10_VOL3,OFS,synonyme,synonyme,false,
A48.1,Légionellose,"Légionellose
",INDEX_CIM10_VOL3,OWL_ANS,synonyme,inclusion,true,
H16.1,Photokératite,Photokératite,INDEX_CIM10_VOL3,OWL_ANS,synonyme,synonyme,false,
F45.2,Nosophobie,Nosophobie,INDEX_CIM10_VOL3,OWL_ANS,synonyme,synonyme,false,
R82.9,Mélanurie,Mélanurie,INDEX_CIM10_VOL3,OWL_ANS,synonyme,synonyme,false,
G95.1,Hématomyélie,Hématomyélie,INDEX_CIM10_VOL3,OWL_ANS,synonyme,synonyme,false,
Q74.3,"Arthrogrypose, multiple congénitale",Arthrogrypose multiple congénitale,INDEX_CIM10_VOL3,ORPHANET,synonyme,synonyme,false,
R48.8,Acalculie,Acalculie,INDEX_CIM10_VOL3,OWL_ANS,synonyme,synonyme,false,
F60.2,"Personnalité, asociale",Personnalité asociale,INDEX_CIM10_VOL3,OWL_ANS,synonyme,synonyme,false,
Z29.2,Chimioprophylaxie,Chimioprophylaxie,INDEX_CIM10_VOL3,OWL_ANS,synonyme,synonyme,false,
K13.0,Perlèche nca,Perlèche NCA,INDEX_CIM10_VOL3,OWL_ANS,synonyme,synonyme,false,
M77.1,Epicondylite (des joueurs de tennis),Épicondylite des joueurs de tennis,INDEX_CIM10_VOL3,OWL_ANS,synonyme,synonyme,false,
Q75.0,Oxycéphalie,Oxycéphalie,INDEX_CIM10_VOL3,OWL_ANS,synonyme,synonyme,false,
J63.2,Bérylliose,Bérylliose,INDEX_CIM10_VOL3,ORPHANET,synonyme,synonyme,false,
K13.2,Palais du fumeur,Palais du fumeur,INDEX_CIM10_VOL3,OWL_ANS,synonyme,synonyme,false,
Q62.3,"Urétérocèle, congénitale","Urétérocèle congénitale
",INDEX_CIM10_VOL3,OWL_ANS,synonyme,inclusion,true,
E79.8,Xanthinurie héréditaire,"Xanthinurie héréditaire
",INDEX_CIM10_VOL3,OWL_ANS,synonyme,inclusion,true,
E78.6,"Déficit (en), lipoprotéines de haute densité",Déficit en lipoprotéines de haute densité,INDEX_CIM10_VOL3,OWL_ANS,synonyme,synonyme,false,
F10.5,"Paranoïa, alcoolique",Paranoïa alcoolique,INDEX_CIM10_VOL3,OWL_ANS,synonyme,synonyme,false,
F20.1,"Schizophrénie, désorganisée",Schizophrénie désorganisée,INDEX_CIM10_VOL3,OWL_ANS,synonyme,synonyme,false,
H04.6,Dacryocystocèle,Dacryocystocèle,INDEX_CIM10_VOL3,ORPHANET,synonyme,inclusion,true,
I31.3,Chylopéricarde,"Chylopéricarde
",INDEX_CIM10_VOL3,OWL_ANS,synonyme,inclusion,true,
H50.5,Esophorie,Ésophorie,INDEX_CIM10_VOL3,OWL_ANS,synonyme,synonyme,false,
R82.4,Cétonurie,"Cétonurie
",INDEX_CIM10_VOL3,OWL_ANS,synonyme,inclusion,true,
E75.1,"Gangliosidose, gm1",gangliosidose GM1,INDEX_CIM10_VOL3,OFS,synonyme,synonyme,false,
I31.0,Accretio cordis,Accretio cordis,INDEX_CIM10_VOL3,OWL_ANS,synonyme,synonyme,false,
B40.7,"Blastomycose, généralisée","Blastomycose généralisée
",INDEX_CIM10_VOL3,OWL_ANS,synonyme,inclusion,true,
R71,Poïkilocytose,Poïkilocytose,INDEX_CIM10_VOL3,OWL_ANS,synonyme,synonyme,false,
I31.1,Concretio cordis,Concretio cordis,INDEX_CIM10_VOL3,OWL_ANS,synonyme,synonyme,false,
F50.2,Hyperorexia nervosa,Hyperorexia nervosa,INDEX_CIM10_VOL3,OWL_ANS,synonyme,synonyme,false,
F45.8,"Torticolis, psychogène",Torticolis psychogène,INDEX_CIM10_VOL3,OWL_ANS,synonyme,synonyme,false,
F80.8,Zézaiement,"Zézaiement
",INDEX_CIM10_VOL3,OWL_ANS,synonyme,inclusion,true,
R06.5,Ronflement,"Ronflement
",INDEX_CIM10_VOL3,OWL_ANS,synonyme,inclusion,true,
Q01.2,"Encéphalocèle, occipitale",Encéphalocèle occipitale,INDEX_CIM10_VOL3,ORPHANET,synonyme,synonyme,false,
J43.0,Hyperclarté pulmonaire unilatérale,Hyperclarté pulmonaire unilatérale,INDEX_CIM10_VOL3,OWL_ANS,synonyme,synonyme,false,
A52.7,"Episclérite, syphilitique (tardive)",Épisclérite syphilitique tardive,INDEX_CIM10_VOL3,OWL_ANS,synonyme,synonyme,false,
Q24.1,Lévocardie,Lévocardie,INDEX_CIM10_VOL3,ORPHANET,synonyme,synonyme,false,
E72.5,Sarcosinémie,Sarcosinémie,INDEX_CIM10_VOL3,OWL_ANS,synonyme,synonyme,false,
M79.0,Fibromyalgie,fibromyalgie,INDEX_CIM10_VOL3,OFS,synonyme,synonyme,false,
Q33.2,Séquestration pulmonaire (congénitale),Séquestration pulmonaire congénitale,INDEX_CIM10_VOL3,ORPHANET,synonyme,synonyme,false,
K81.0,"Cholécystite, emphysémateuse (aiguë) (sans calcul)",Cholécystite emphysémateuse (aigüe) sans calcul,INDEX_CIM10_VOL3,OWL_ANS,synonyme,synonyme,false,
F60.0,"Personnalité, quérulente",Personnalité quérulente,INDEX_CIM10_VOL3,OWL_ANS,synonyme,synonyme,false,
E72.1,Méthioninémie,Méthioninémie,INDEX_CIM10_VOL3,OWL_ANS,synonyme,synonyme,false,
F21,"Schizophrénie, borderline",Schizophrénie borderline,INDEX_CIM10_VOL3,OWL_ANS,synonyme,synonyme,false,
B48.0,"Blastomycose, chéloïdienne",Blastomycose chéloïdienne,INDEX_CIM10_VOL3,OWL_ANS,synonyme,synonyme,false,
F34.1,"Personnalité, dépressive",Personnalité dépressive,INDEX_CIM10_VOL3,OWL_ANS,synonyme,synonyme,false,
L57.2,Nuque rhomboïdale,"Nuque rhomboïdale
",INDEX_CIM10_VOL3,OWL_ANS,synonyme,inclusion,true,
L57.4,Elastose (sénile),"Élastose sénile
",INDEX_CIM10_VOL3,OWL_ANS,synonyme,inclusion,true,
H33.4,"Vitréo-rétinopathie proliférante, avec décollement de la rétine",vitréo-rétinopathie proliférante avec décollement de la rétine,INDEX_CIM10_VOL3,OFS,synonyme,synonyme,false,
K59.4,"Proctalgie, fugace","Proctalgie fugace
",INDEX_CIM10_VOL3,OWL_ANS,synonyme,inclusion,true,
H25.0,"Cataracte, sénile, punctiforme",Cataracte sénile punctiforme,INDEX_CIM10_VOL3,OWL_ANS,synonyme,synonyme,false,
E53.8,"Carence (en), biotine",Carence en biotine,INDEX_CIM10_VOL3,OWL_ANS,synonyme,synonyme,false,
D72.1,Eosinophilie (allergique) (héréditaire),"Éosinophilie :
 - allergique
 - héréditaire
",INDEX_CIM10_VOL3,OWL_ANS,synonyme,inclusion,true,
E71.3,Adrénoleucodystrophie (addison-schilder),Adrénoleucodystrophie [Addison–Schilder],INDEX_CIM10_VOL3,OWL_ANS,synonyme,synonyme,false,
H44.5,"Glaucome, absolu",Glaucome absolu,INDEX_CIM10_VOL3,OWL_ANS,synonyme,synonyme,false,
L30.2,Dermatophytide,Dermatophytide,INDEX_CIM10_VOL3,OWL_ANS,synonyme,synonyme,false,
K00.1,Paramolaire,Paramolaire,INDEX_CIM10_VOL3,OWL_ANS,synonyme,synonyme,false,
E80.3,"Déficit (en), catalase",Déficit en catalase,INDEX_CIM10_VOL3,ORPHANET,synonyme,synonyme,false,
B08.0,Orf,Orf,INDEX_CIM10_VOL3,OWL_ANS,synonyme,synonyme,false,
A50.5,"Triade (de), hutchinson",Triade de Hutchinson,INDEX_CIM10_VOL3,OWL_ANS,synonyme,synonyme,false,
N47,"Prépuce, adhérent",Prépuce adhérent,INDEX_CIM10_VOL3,OWL_ANS,synonyme,synonyme,false,
R42,"Sensation (de), tête légère",Sensation de tête légère,INDEX_CIM10_VOL3,OWL_ANS,synonyme,synonyme,false,
M40.4,"Lordose (acquise), posturale","Lordose :
 - acquise
 - posturale
",INDEX_CIM10_VOL3,OWL_ANS,synonyme,inclusion,true,
A07.8,Sarcosporidiose,Sarcosporidiose,INDEX_CIM10_VOL3,OWL_ANS,synonyme,synonyme,false,
F65.8,Nécrophilie,Nécrophilie,INDEX_CIM10_VOL3,OWL_ANS,synonyme,synonyme,false,
Q04.2,Holoprosencéphalie,Holoprosencéphalie,INDEX_CIM10_VOL3,ORPHANET,synonyme,synonyme,false,
J38.5,Laryngisme (striduleux),"Laryngisme (striduleux)
",INDEX_CIM10_VOL3,OWL_ANS,synonyme,inclusion,true,
G44.2,"Céphalée (de), tension (épisodique)",Céphalée (de) tension épisodique,INDEX_CIM10_VOL3,OWL_ANS,synonyme,synonyme,false,
J67.6,Cryptostromose,Cryptostromose,INDEX_CIM10_VOL3,OWL_ANS,synonyme,synonyme,false,
L30.2,Eczématide,eczématide,INDEX_CIM10_VOL3,OFS,synonyme,synonyme,false,
R06.2,Wheezing,"Wheezing
",INDEX_CIM10_VOL3,OWL_ANS,synonyme,inclusion,true,
M85.8,Mélorhéostose,Mélorhéostose,INDEX_CIM10_VOL3,ORPHANET,synonyme,inclusion,true,
B35.1,Onychomycose,Onychomycose,INDEX_CIM10_VOL3,OWL_ANS,synonyme,synonyme,false,
F38.0,"Episode, affectif mixte isolé",épisode affectif mixte isolé,INDEX_CIM10_VOL3,OFS,synonyme,synonyme,false,
Q84.5,Pachyonychie (congénitale),Pachyonychie congénitale,INDEX_CIM10_VOL3,ORPHANET,synonyme,inclusion,true,
H11.8,Pseudoptérygion,"Pseudoptérygion
",INDEX_CIM10_VOL3,OWL_ANS,synonyme,inclusion,true,
N85.7,"Hématosalpinx (avec), hématométrie","Hématosalpinx avec hématométrie
",INDEX_CIM10_VOL3,OWL_ANS,synonyme,inclusion,true,
F44.8,"Confusion, psychogène",Confusion psychogène,INDEX_CIM10_VOL3,OWL_ANS,synonyme,synonyme,false,
Q02,Micro-encéphale,micro-encéphale,INDEX_CIM10_VOL3,OFS,synonyme,synonyme,false,
K02.4,Mélanodontoclasie,Mélanodontoclasie,INDEX_CIM10_VOL3,OWL_ANS,synonyme,synonyme,false,
H26.4,"Anneau (de), soemmering",Anneau de Soemmering,INDEX_CIM10_VOL3,OWL_ANS,synonyme,synonyme,false,
Q32.0,"Trachéomalacie, congénitale",Trachéomalacie congénitale,INDEX_CIM10_VOL3,ORPHANET,synonyme,synonyme,false,
J30.1,Pollinose,Pollinose,INDEX_CIM10_VOL3,OWL_ANS,synonyme,synonyme,false,
F60.8,"Personnalité, immature",Personnalité immature,INDEX_CIM10_VOL3,OWL_ANS,synonyme,synonyme,false,
A07.3,Isosporose,Isosporose,INDEX_CIM10_VOL3,OWL_ANS,synonyme,synonyme,false,
I49.1,"Extrasystoles, auriculaires","Extrasystoles auriculaires
",INDEX_CIM10_VOL3,OWL_ANS,synonyme,inclusion,true,
G71.0,"Dystrophie (de), landouzy-déjerine",Dystrophie de Landouzy-Dejerine,INDEX_CIM10_VOL3,ORPHANET,synonyme,inclusion,true,
Z65.3,Litige,Litige,INDEX_CIM10_VOL3,OWL_ANS,synonyme,synonyme,false,
Q78.8,Ostéopoïkilose,ostéopoïkilose,INDEX_CIM10_VOL3,OFS,synonyme,synonyme,false,
D71,Dysphagocytose congénitale,Dysphagocytose congénitale,INDEX_CIM10_VOL3,OWL_ANS,synonyme,synonyme,false,
A06.4,"Amibiase, hépatique","Amibiase hépatique
",INDEX_CIM10_VOL3,OWL_ANS,synonyme,inclusion,true,
E34.8,Progeria,Progéria,INDEX_CIM10_VOL3,OWL_ANS,synonyme,synonyme,false,
E78.1,"Hyperlipoprotéinémie (à), lipoprotéines de, très basse densité (vldl)",Hyperlipoprotéinémie à lipoprotéines de très basse densité [VLDL],INDEX_CIM10_VOL3,OWL_ANS,synonyme,synonyme,false,
M20.1,Oignon,"Oignon
",INDEX_CIM10_VOL3,OWL_ANS,synonyme,inclusion,true,
A69.0,Noma,Noma,INDEX_CIM10_VOL3,OWL_ANS,synonyme,synonyme,false,
Q87.2,Ostéo-onychodysostose,ostéo-onychodysostose,INDEX_CIM10_VOL3,OFS,synonyme,synonyme,false,
H21.4,Séclusion pupillaire,Séclusion pupillaire,INDEX_CIM10_VOL3,OWL_ANS,synonyme,synonyme,false,
K07.2,Supra-alvéolie (antérieure) (postérieure),supra-alvéolie (antérieure) (postérieure),INDEX_CIM10_VOL3,OFS,synonyme,synonyme,false,
E76.2,"Carence (en), bêta-glucoronidiase",carence en bêta-glucoronidiase,INDEX_CIM10_VOL3,OFS,synonyme,synonyme,false,
N48.3,Erection douloureuse,"Érection douloureuse
",INDEX_CIM10_VOL3,OWL_ANS,synonyme,inclusion,true,
Q38.2,Macroglossie (congénitale),Macroglossie congénitale,INDEX_CIM10_VOL3,ORPHANET,synonyme,inclusion,true,
A18.5,"Episclérite, tuberculeuse",Épisclérite tuberculeuse,INDEX_CIM10_VOL3,OWL_ANS,synonyme,synonyme,false,
A18.0,"Mastoïdite, tuberculeuse",Mastoïdite tuberculeuse,INDEX_CIM10_VOL3,OWL_ANS,synonyme,synonyme,false,
L74.2,"Miliaire, tropicale","Miliaire tropicale
",INDEX_CIM10_VOL3,OWL_ANS,synonyme,inclusion,true,
N71.9,Myométrite,myométrite,INDEX_CIM10_VOL3,OFS,synonyme,inclusion,true,
A18.3,"Tuberculose (de), intestin (côlon) (grêle)",Tuberculose (de) intestin (côlon) (grêle),INDEX_CIM10_VOL3,OWL_ANS,synonyme,synonyme,false,
Z59.8,"Logement, isolé",Logement isolé,INDEX_CIM10_VOL3,OWL_ANS,synonyme,synonyme,false,
R73.0,Prédiabète,Prédiabète,INDEX_CIM10_VOL3,OWL_ANS,synonyme,synonyme,false,
Q00.0,Acrânie,Acrânie,INDEX_CIM10_VOL3,OWL_ANS,synonyme,synonyme,false,
M75.0,"Epaule, bloquée",Épaule bloquée,INDEX_CIM10_VOL3,OWL_ANS,synonyme,synonyme,false,
B30.0,"Kératoconjonctivite, épidémique","Kératoconjonctivite épidémique
",INDEX_CIM10_VOL3,OWL_ANS,synonyme,inclusion,true,
E74.2,"Déficit (en), galactokinase",Déficit en galactokinase,INDEX_CIM10_VOL3,OWL_ANS,synonyme,synonyme,false,
H50.0,Esotropie (alternante) (monoculaire) (non intermittente),"Ésotropie (alternante) (monoculaire) non intermittente
",INDEX_CIM10_VOL3,OWL_ANS,synonyme,inclusion,true,
E88.8,Triméthylaminurie,Triméthylaminurie,INDEX_CIM10_VOL3,OWL_ANS,synonyme,synonyme,false,
A65,Béjel,Béjel,INDEX_CIM10_VOL3,OWL_ANS,synonyme,synonyme,false,
Q74.0,Carpocyphose (maladie de madelung),Carpocyphose [maladie de Madelung],INDEX_CIM10_VOL3,OWL_ANS,synonyme,synonyme,false,
F60.7,"Personnalité, passive",Personnalité passive,INDEX_CIM10_VOL3,OWL_ANS,synonyme,synonyme,false,
D75.8,Basophilie,"Basophilie
",INDEX_CIM10_VOL3,OWL_ANS,synonyme,inclusion,true,
R01.0,"Souffle, cardiaque, fonctionnel","Souffle cardiaque fonctionnel
",INDEX_CIM10_VOL3,OWL_ANS,synonyme,inclusion,true,
K46.9,Entérocèle,entérocèle,INDEX_CIM10_VOL3,OFS,synonyme,inclusion,true,
G11.1,"Ataxie (de), spino-cérébelleuse, récessive liée au chromosome x",ataxie (de) spino-cérébelleuse récessive liée au chromosome X,INDEX_CIM10_VOL3,OFS,synonyme,synonyme,false,
A25.0,Sodoku,"Sodoku
",INDEX_CIM10_VOL3,OWL_ANS,synonyme,inclusion,true,
Q74.0,"Dysostose, cléido-crânienne",dysostose cléido-crânienne,INDEX_CIM10_VOL3,OFS,synonyme,synonyme,false,
Q20.4,"Ventricule, unique",Ventricule unique,INDEX_CIM10_VOL3,OWL_ANS,synonyme,synonyme,false,
F20.0,"Schizophrénie, paraphrénique","Schizophrénie paraphrénique
",INDEX_CIM10_VOL3,OWL_ANS,synonyme,inclusion,true,
Q07.8,"Phénomène (de), marcus gunn",Phénomène de Marcus Gunn,INDEX_CIM10_VOL3,OWL_ANS,synonyme,synonyme,false,
Q44.5,"Canal, hépatique surnuméraire",Canal hépatique surnuméraire,INDEX_CIM10_VOL3,OWL_ANS,synonyme,synonyme,false,
Z71.1,Bien-portant inquiet,"""bien-portant inquiet""",INDEX_CIM10_VOL3,OFS,synonyme,synonyme,false,
D81.8,"Déficit (en), carboxylase biotine-dépendante","Déficit en carboxylase biotine-dépendante
",INDEX_CIM10_VOL3,OWL_ANS,synonyme,inclusion,true,
R19.5,"Selles, volumineuses",Selles volumineuses,INDEX_CIM10_VOL3,OWL_ANS,synonyme,synonyme,false,
B48.4,Pénicilliose,Pénicilliose,INDEX_CIM10_VOL3,ORPHANET,synonyme,synonyme,false,
M72.2,"Fasciite, plantaire","Fasciite plantaire
",INDEX_CIM10_VOL3,OWL_ANS,synonyme,inclusion,true,
R63.1,Soif excessive,"Soif excessive
",INDEX_CIM10_VOL3,OWL_ANS,synonyme,inclusion,true,
G47.3,"Apnée (du), sommeil (centrale) (obstructive)","Apnée du sommeil :
 - centrale
 - obstructive
",INDEX_CIM10_VOL3,OWL_ANS,synonyme,inclusion,true,
R68.1,Pleurs (excessifs) du nourrisson,Pleurs excessifs du nourrisson,INDEX_CIM10_VOL3,OWL_ANS,synonyme,synonyme,false,
F45.4,Psychalgie,Psychalgie,INDEX_CIM10_VOL3,OWL_ANS,synonyme,synonyme,false,
A18.1,"Tuberculose (de), rénale",Tuberculose (de) rénale,INDEX_CIM10_VOL3,OWL_ANS,synonyme,synonyme,false,
H60.3,"Otite, externe, hémorragique",Otite externe hémorragique,INDEX_CIM10_VOL3,OWL_ANS,synonyme,synonyme,false,
A66.4,"Framboeside, gommeuse",framboeside gommeuse,INDEX_CIM10_VOL3,OFS,synonyme,synonyme,false,
D59.1,"Hémoglobinurie (à), agglutinines froides",Hémoglobinurie à agglutinines froides,INDEX_CIM10_VOL3,OWL_ANS,synonyme,synonyme,false,
B35.6,"Gale (des), blanchisseurs",Gale des blanchisseurs,INDEX_CIM10_VOL3,OWL_ANS,synonyme,synonyme,false,
A20.8,"Peste, asymptomatique",Peste asymptomatique,INDEX_CIM10_VOL3,OWL_ANS,synonyme,synonyme,false,
F81.0,"Dyslexie, de développement",Dyslexie de développement,INDEX_CIM10_VOL3,OWL_ANS,synonyme,synonyme,false,
M77.1,Tennis elbow,Tennis elbow,INDEX_CIM10_VOL3,OWL_ANS,synonyme,synonyme,false,
H16.4,Pannus (de la cornée),Pannus (de la cornée),INDEX_CIM10_VOL3,OWL_ANS,synonyme,synonyme,false,
F34.0,"Personnalité, cyclothymique",Personnalité cyclothymique,INDEX_CIM10_VOL3,OWL_ANS,synonyme,synonyme,false,
D69.0,"Purpura (de), henoch-schönlein",Purpura de Henoch-Schönlein,INDEX_CIM10_VOL3,ORPHANET,synonyme,inclusion,true,
I47.1,"Tachycardie, paroxystique, jonctionnelle",Tachycardie (paroxystique) jonctionnelle,INDEX_CIM10_VOL3,OWL_ANS,synonyme,synonyme,false,
E06.3,Hashitoxicose (transitoire),Hashitoxicose (transitoire),INDEX_CIM10_VOL3,OWL_ANS,synonyme,synonyme,false,
E70.2,Alcaptonurie,Alcaptonurie,INDEX_CIM10_VOL3,OWL_ANS,synonyme,synonyme,false,
L57.8,"Peau (de), cultivateur",Peau de cultivateur,INDEX_CIM10_VOL3,OWL_ANS,synonyme,synonyme,false,
Z31.4,Spermogramme,Spermogramme,INDEX_CIM10_VOL3,OWL_ANS,synonyme,synonyme,false,
E87.8,Hyperchlorémie,Hyperchlorémie,INDEX_CIM10_VOL3,OWL_ANS,synonyme,synonyme,false,
H47.3,Pseudo-oedème papillaire,pseudo-oedème papillaire,INDEX_CIM10_VOL3,OFS,synonyme,synonyme,false,
H81.0,Hydrolabyrinthe,hydrolabyrinthe,INDEX_CIM10_VOL3,OFS,synonyme,synonyme,false,
K11.8,Sialectasie,Sialectasie,INDEX_CIM10_VOL3,OWL_ANS,synonyme,synonyme,false,
A07.8,Sarcocystose,Sarcocystose,INDEX_CIM10_VOL3,OWL_ANS,synonyme,synonyme,false,
H25.0,Water clefts (fentes),Water clefts (fentes),INDEX_CIM10_VOL3,OWL_ANS,synonyme,synonyme,false,
H16.2,Ophtalmia nodosa,Ophtalmia nodosa,INDEX_CIM10_VOL3,OWL_ANS,synonyme,synonyme,false,
L56.4,"Hydroa, estival",Hydroa estival,INDEX_CIM10_VOL3,ORPHANET,synonyme,inclusion,true,
F34.0,"Personnalité, affective",Personnalité affective,INDEX_CIM10_VOL3,OWL_ANS,synonyme,synonyme,false,
E23.0,Panhypopituitarisme,Panhypopituitarisme,INDEX_CIM10_VOL3,OWL_ANS,synonyme,synonyme,false,
E85.0,"Amylose, rénale, héréditaire",Amylose rénale héréditaire,INDEX_CIM10_VOL3,ORPHANET,synonyme,inclusion,true,
F82,"Dyspraxie, de développement",Dyspraxie de développement,INDEX_CIM10_VOL3,OWL_ANS,synonyme,synonyme,false,
E85.0,"Néphropathie, amyloïde familiale",Néphropathie amyloïde familiale,INDEX_CIM10_VOL3,OWL_ANS,synonyme,synonyme,false,
K65.8,Saponification mésentérique,Saponification mésentérique,INDEX_CIM10_VOL3,OWL_ANS,synonyme,synonyme,false,
R06.8,Soupir,Soupir,INDEX_CIM10_VOL3,OWL_ANS,synonyme,synonyme,false,
B08.0,Vaccinia,Vaccinia,INDEX_CIM10_VOL3,OWL_ANS,synonyme,synonyme,false,
R55,Evanouissement,Évanouissement,INDEX_CIM10_VOL3,OWL_ANS,synonyme,synonyme,false,
K75.1,Pyléphlébite,"Pyléphlébite
",INDEX_CIM10_VOL3,OWL_ANS,synonyme,inclusion,true,
M89.8,"Hyperostose, corticale, infantile",Hyperostose corticale infantile,INDEX_CIM10_VOL3,ORPHANET,synonyme,inclusion,true,
G71.1,Neuromyotonie (isaacs),Neuromyotonie [Isaacs],INDEX_CIM10_VOL3,OWL_ANS,synonyme,synonyme,false,
A07.3,Coccidiose (intestinale),Coccidiose intestinale,INDEX_CIM10_VOL3,OWL_ANS,synonyme,synonyme,false,
E72.5,Hyperhydroxyprolinémie,Hyperhydroxyprolinémie,INDEX_CIM10_VOL3,OWL_ANS,synonyme,synonyme,false,
G71.1,Paramyotonie congénitale,Paramyotonie congénitale,INDEX_CIM10_VOL3,OWL_ANS,synonyme,synonyme,false,
E22.0,Acromégalie,Acromégalie,INDEX_CIM10_VOL3,ORPHANET,synonyme,inclusion,true,
K04.3,"Dentine, secondaire ou irrégulière","Dentine secondaire ou irrégulière
",INDEX_CIM10_VOL3,OWL_ANS,synonyme,inclusion,true,
Q07.8,"Mâchoire à, clignement",Mâchoire à clignement,INDEX_CIM10_VOL3,OWL_ANS,synonyme,synonyme,false,
Q39.6,"Poche, oesophagienne (congénitale)",Poche oesophagienne congénitale,INDEX_CIM10_VOL3,ORPHANET,synonyme,inclusion,true,
Q18.2,Otocéphalie,Otocéphalie,INDEX_CIM10_VOL3,OWL_ANS,synonyme,synonyme,false,
Q17.0,"Appendice, préauriculaire",Appendice préauriculaire,INDEX_CIM10_VOL3,OWL_ANS,synonyme,synonyme,false,
E78.1,"Hyperlipidémie, groupe, b","Hyperlipidémie, groupe B",INDEX_CIM10_VOL3,OWL_ANS,synonyme,synonyme,false,
R82.9,Cristallurie,Cristallurie,INDEX_CIM10_VOL3,OWL_ANS,synonyme,synonyme,false,
H35.3,"Dégénérescence (de), junius-kuhnt",Dégénérescence (de) Junius–Kuhnt,INDEX_CIM10_VOL3,OWL_ANS,synonyme,synonyme,false,
T73.0,"Privation (de), nourriture",Privation de nourriture,INDEX_CIM10_VOL3,OWL_ANS,synonyme,synonyme,false,
H21.2,Translucidité de l'iris,Translucidité de l'iris,INDEX_CIM10_VOL3,OWL_ANS,synonyme,synonyme,false,
Q78.0,Ostéogénèse imparfaite,Ostéogenèse imparfaite,INDEX_CIM10_VOL3,ORPHANET,synonyme,synonyme,false,
A26.0,"Erythème, migrant (rouget du porc)","Érythème migrant [rouget du porc]
",INDEX_CIM10_VOL3,OWL_ANS,synonyme,inclusion,true,
H53.5,Protanomalie,Protanomalie,INDEX_CIM10_VOL3,OWL_ANS,synonyme,synonyme,false,
F60.3,"Personnalité, explosive",personnalité explosive,INDEX_CIM10_VOL3,OFS,synonyme,synonyme,false,
Q04.3,Lissencéphalie,Lissencéphalie,INDEX_CIM10_VOL3,OWL_ANS,synonyme,synonyme,false,
B83.8,Métastrongylose,Métastrongylose,INDEX_CIM10_VOL3,OWL_ANS,synonyme,synonyme,false,
E20.9,"Tétanie, parathyroïdienne","Tétanie parathyroïdienne
",INDEX_CIM10_VOL3,OWL_ANS,synonyme,inclusion,true,
E66.8,"Obésité, endogène",obésité endogène,INDEX_CIM10_VOL3,OFS,synonyme,synonyme,false,
D72.0,Leucomélanopathie héréditaire,Leucomélanopathie héréditaire,INDEX_CIM10_VOL3,OWL_ANS,synonyme,synonyme,false,
Q04.3,Hydranencéphalie,Hydranencéphalie,INDEX_CIM10_VOL3,OWL_ANS,synonyme,synonyme,false,
R86,Spermatozoïdes anormaux,spermatozoïdes anormaux,INDEX_CIM10_VOL3,OFS,synonyme,synonyme,false,
N92.1,Métrorragie,Métrorragie,INDEX_CIM10_VOL3,OWL_ANS,synonyme,synonyme,false,
Z04.8,Demande d'expertise,demande d'expertise,INDEX_CIM10_VOL3,OFS,synonyme,synonyme,false,
E53.8,"Carence (en), folate",Carence en folate,INDEX_CIM10_VOL3,OWL_ANS,synonyme,synonyme,false,
H73.0,"Myringite, bulleuse",Myringite bulleuse,INDEX_CIM10_VOL3,OWL_ANS,synonyme,synonyme,false,
Z59.1,"Manque (de), chauffage",Manque de chauffage,INDEX_CIM10_VOL3,OWL_ANS,synonyme,synonyme,false,
E76.0,"Mucopolysaccharidose, type i",Mucopolysaccharidose type I,INDEX_CIM10_VOL3,ORPHANET,synonyme,synonyme,false,
A58,Donovanose,"Donovanose
",INDEX_CIM10_VOL3,OWL_ANS,synonyme,inclusion,true,
J92.9,Pachypleurite,pachypleurite,INDEX_CIM10_VOL3,OFS,synonyme,inclusion,true,
K00.2,Taurodontisme,Taurodontisme,INDEX_CIM10_VOL3,OWL_ANS,synonyme,synonyme,false,
E53.0,Ariboflavinose,"Ariboflavinose
",INDEX_CIM10_VOL3,OWL_ANS,synonyme,inclusion,true,
T75.1,Immersion,Immersion,INDEX_CIM10_VOL3,OWL_ANS,synonyme,synonyme,false,
O92.3,Agalactie (primaire),"Agalactie primaire
",INDEX_CIM10_VOL3,OWL_ANS,synonyme,inclusion,true,
G04.0,"Encéphalomyélopathie, post-vaccinale",encéphalomyélopathie post-vaccinale,INDEX_CIM10_VOL3,OFS,synonyme,synonyme,false,
B44.7,"Aspergillose, généralisée","Aspergillose généralisée
",INDEX_CIM10_VOL3,OWL_ANS,synonyme,inclusion,true,
H65.3,"Otite, mucoïde",Otite mucoïde,INDEX_CIM10_VOL3,OWL_ANS,synonyme,synonyme,false,
I20.8,Sténocardie,Sténocardie,INDEX_CIM10_VOL3,OWL_ANS,synonyme,synonyme,false,
E71.3,"Carence (en), carnitine palmityltransférase musculaire",carence en carnitine palmityltransférase musculaire,INDEX_CIM10_VOL3,OFS,synonyme,synonyme,false,
A70,Ornithose,Ornithose,INDEX_CIM10_VOL3,OWL_ANS,synonyme,synonyme,false,
H53.1,Métamorphopsie,Métamorphopsie,INDEX_CIM10_VOL3,OWL_ANS,synonyme,synonyme,false,
A66.2,"Framboeside, du pian récent",framboeside du pian récent,INDEX_CIM10_VOL3,OFS,synonyme,synonyme,false,
B46.3,"Mucormycose, sous-cutanée",mucormycose sous-cutanée,INDEX_CIM10_VOL3,OFS,synonyme,synonyme,false,
E72.0,Cystinurie,Cystinurie,INDEX_CIM10_VOL3,OWL_ANS,synonyme,synonyme,false,
F60.5,"Personnalité, compulsive",Personnalité compulsive,INDEX_CIM10_VOL3,OWL_ANS,synonyme,synonyme,false,
B85.3,"Infestation (par), morpions",Infestation par morpions,INDEX_CIM10_VOL3,OWL_ANS,synonyme,synonyme,false,
K04.2,Pulpolithes,Pulpolithes,INDEX_CIM10_VOL3,OWL_ANS,synonyme,synonyme,false,
F21,"Personnalité, schizotypique",Personnalité schizotypique,INDEX_CIM10_VOL3,OWL_ANS,synonyme,synonyme,false,
F60.0,"Personnalité, paranoïaque (expansive) (sensitive)",Personnalité paranoïaque (expansive) (sensitive),INDEX_CIM10_VOL3,OWL_ANS,synonyme,synonyme,false,
R73.0,Tolérance altérée au glucose,Tolérance altérée au glucose,INDEX_CIM10_VOL3,OWL_ANS,synonyme,synonyme,false,
R45.0,"Tension, nerveuse","Tension nerveuse
",INDEX_CIM10_VOL3,OWL_ANS,synonyme,inclusion,true,
H21.2,Iridoschisis,Iridoschisis,INDEX_CIM10_VOL3,OWL_ANS,synonyme,synonyme,false,
H21.5,Goniosynéchies,Goniosynéchies,INDEX_CIM10_VOL3,OWL_ANS,synonyme,synonyme,false,
E83.5,Hypercalciurie idiopathique,Hypercalciurie idiopathique,INDEX_CIM10_VOL3,OWL_ANS,synonyme,synonyme,false,
E72.1,Cystathioninurie,Cystathioninurie,INDEX_CIM10_VOL3,OWL_ANS,synonyme,synonyme,false,
E87.0,"Surcharge (en), sodium (na)",Surcharge en sodium [Na],INDEX_CIM10_VOL3,OWL_ANS,synonyme,synonyme,false,
Q55.0,Monorchidie,"Monorchidie
",INDEX_CIM10_VOL3,OWL_ANS,synonyme,inclusion,true,
L74.4,Hypohidrose,"Hypohidrose
",INDEX_CIM10_VOL3,OWL_ANS,synonyme,inclusion,true,
I51.8,Pancardite (aiguë) (chronique),Pancardite (aigüe) (chronique),INDEX_CIM10_VOL3,OWL_ANS,synonyme,synonyme,false,
Q87.0,Visage de siffleur,Visage de siffleur,INDEX_CIM10_VOL3,OWL_ANS,synonyme,synonyme,false,
J38.0,Laryngoplégie,Laryngoplégie,INDEX_CIM10_VOL3,OWL_ANS,synonyme,synonyme,false,
G11.1,"Ataxie (de), friedreich (autosomique récessive)",Ataxie (de) Friedreich (autosomique récessive),INDEX_CIM10_VOL3,OWL_ANS,synonyme,synonyme,false,
T67.0,Insolation,Insolation,INDEX_CIM10_VOL3,OWL_ANS,synonyme,synonyme,false,
A18.8,"Tuberculose (de), thyroïde",Tuberculose de thyroïde,INDEX_CIM10_VOL3,OWL_ANS,synonyme,synonyme,false,
H18.4,"Kératopathie (en), bandelettes",Kératopathie en bandelettes,INDEX_CIM10_VOL3,OWL_ANS,synonyme,synonyme,false,
B83.0,Toxocarose,"Toxocarose
",INDEX_CIM10_VOL3,OWL_ANS,synonyme,inclusion,true,
H04.1,Dacryops,Dacryops,INDEX_CIM10_VOL3,OWL_ANS,synonyme,synonyme,false,
F45.2,Hypocondrie,Hypocondrie,INDEX_CIM10_VOL3,OWL_ANS,synonyme,synonyme,false,
E76.1,"Mucopolysaccharidose, type ii",Mucopolysaccharidose type II,INDEX_CIM10_VOL3,ORPHANET,synonyme,synonyme,false,
R30.0,Strangurie,"Strangurie
",INDEX_CIM10_VOL3,OWL_ANS,synonyme,inclusion,true,
Q20.0,Tronc artériel commun,Tronc artériel commun,INDEX_CIM10_VOL3,ORPHANET,synonyme,synonyme,false,
F52.7,Nymphomanie,Nymphomanie,INDEX_CIM10_VOL3,OWL_ANS,synonyme,synonyme,false,
R49.0,Enrouement,"Enrouement
",INDEX_CIM10_VOL3,OWL_ANS,synonyme,inclusion,true,
Q84.5,Onychose congénitale,Onychose congénitale,INDEX_CIM10_VOL3,OWL_ANS,synonyme,synonyme,false,
F60.3,"Personnalité, borderline",personnalité borderline,INDEX_CIM10_VOL3,OFS,synonyme,synonyme,false,
A19.9,Polysérite (tuberculeuse),polysérite tuberculeuse,INDEX_CIM10_VOL3,OFS,synonyme,inclusion,true,
A06.0,"Amibiase, aiguë",Amibiase aigüe,INDEX_CIM10_VOL3,OWL_ANS,synonyme,synonyme,false,
Q77.0,Hypochondrogénésie,"Hypochondrogénésie
",INDEX_CIM10_VOL3,OWL_ANS,synonyme,inclusion,true,
R06.0,Orthopnée,Orthopnée,INDEX_CIM10_VOL3,OWL_ANS,synonyme,synonyme,false,
E78.4,"Hyperlipidémie, mixte, familiale","Hyperlipidémie mixte familiale
",INDEX_CIM10_VOL3,OWL_ANS,synonyme,inclusion,true,
B02.3,"Iridocyclite, zostérienne",Iridocyclite zostérienne,INDEX_CIM10_VOL3,OWL_ANS,synonyme,synonyme,false,
E78.0,"Hyperlipidémie, groupe, a","Hyperlipidémie, groupe A",INDEX_CIM10_VOL3,OWL_ANS,synonyme,synonyme,false,
G41.0,"Etat (de), mal, épileptique, tonico-clonique",état de mal épileptique tonico-clonique,INDEX_CIM10_VOL3,OFS,synonyme,synonyme,false,
M30.0,Panartérite (noueuse),Panartérite noueuse,INDEX_CIM10_VOL3,ORPHANET,synonyme,synonyme,false,
E51.1,Béribéri (sec),Béribéri sec,INDEX_CIM10_VOL3,OWL_ANS,synonyme,synonyme,false,
M16.3,"Coxarthrose, dysplasique (unilatérale)",Coxarthrose dysplasique unilatérale,INDEX_CIM10_VOL3,OWL_ANS,synonyme,synonyme,false,
B08.0,Cowpox,Cowpox,INDEX_CIM10_VOL3,OWL_ANS,synonyme,synonyme,false,
K11.7,Hypoptyalisme,Hypoptyalisme,INDEX_CIM10_VOL3,OWL_ANS,synonyme,synonyme,false,
Q06.2,Diastématomyélie,Diastématomyélie,INDEX_CIM10_VOL3,ORPHANET,synonyme,synonyme,false,
D72.8,Plasmocytose,Plasmocytose,INDEX_CIM10_VOL3,OWL_ANS,synonyme,synonyme,false,
L85.8,"Corne, cutanée","Corne cutanée
",INDEX_CIM10_VOL3,OWL_ANS,synonyme,inclusion,true,
F24,"Folie, à deux",Folie à deux,INDEX_CIM10_VOL3,OWL_ANS,synonyme,synonyme,false,
E27.4,Hypoaldostéronisme,Hypoaldostéronisme,INDEX_CIM10_VOL3,OWL_ANS,synonyme,synonyme,false,
E70.2,Tyrosinémie,Tyrosinémie,INDEX_CIM10_VOL3,OWL_ANS,synonyme,synonyme,false,
S18,Décapitation,"Décapitation
",INDEX_CIM10_VOL3,OWL_ANS,synonyme,inclusion,true,
K10.8,Chérubisme,Chérubisme,INDEX_CIM10_VOL3,OWL_ANS,synonyme,synonyme,false,
F23.2,Onirophrénie,Onirophrénie,INDEX_CIM10_VOL3,OWL_ANS,synonyme,synonyme,false,
Q06.4,Hydrorachis,"Hydrorachis
",INDEX_CIM10_VOL3,OWL_ANS,synonyme,inclusion,true,
Q75.8,Platybasie,Platybasie,INDEX_CIM10_VOL3,OWL_ANS,synonyme,synonyme,false,
Q54.0,"Hypospadias, coronal",Hypospadias coronal,INDEX_CIM10_VOL3,OWL_ANS,synonyme,synonyme,false,
H50.4,Microtropie,Microtropie,INDEX_CIM10_VOL3,OWL_ANS,synonyme,synonyme,false,
F40.2,Claustrophobie,Claustrophobie,INDEX_CIM10_VOL3,OWL_ANS,synonyme,synonyme,false,
F44.4,"Dysphonie, psychogène",Dysphonie psychogène,INDEX_CIM10_VOL3,OWL_ANS,synonyme,synonyme,false,
E80.0,Protoporphyrie érythropoïétique,Protoporphyrie érythropoïétique,INDEX_CIM10_VOL3,OWL_ANS,synonyme,synonyme,false,
A44.1,Verruga peruana,"Verruga peruana
",INDEX_CIM10_VOL3,OWL_ANS,synonyme,inclusion,true,
H16.1,"Kératite, filamenteuse",Kératite filamenteuse,INDEX_CIM10_VOL3,OWL_ANS,synonyme,synonyme,false,
S05.1,"Hyphéma, traumatique","Hyphéma traumatique
",INDEX_CIM10_VOL3,OWL_ANS,synonyme,inclusion,true,
N92.0,Polyménorrhée,Polyménorrhée,INDEX_CIM10_VOL3,OWL_ANS,synonyme,synonyme,false,
F22.0,Paraphrénie (tardive),Paraphrénie (tardive),INDEX_CIM10_VOL3,OWL_ANS,synonyme,synonyme,false,
Q21.8,Pentalogie de fallot,Pentalogie de Fallot,INDEX_CIM10_VOL3,OWL_ANS,synonyme,synonyme,false,
Q89.4,Craniopage,Craniopage,INDEX_CIM10_VOL3,OWL_ANS,synonyme,synonyme,false,
F41.0,"Etat (de), panique",État de panique,INDEX_CIM10_VOL3,OWL_ANS,synonyme,synonyme,false,
M34.8,"Scléroedème (de), buschke",Scléroedème de Buschke,INDEX_CIM10_VOL3,ORPHANET,synonyme,inclusion,true,
Q89.0,Asplénie (congénitale),Asplénie (congénitale),INDEX_CIM10_VOL3,OWL_ANS,synonyme,synonyme,false,
K00.2,Dens in dente,Dens in dente,INDEX_CIM10_VOL3,OWL_ANS,synonyme,synonyme,false,
L57.1,Actinoréticulose,Actinoréticulose,INDEX_CIM10_VOL3,ORPHANET,synonyme,synonyme,false,
E78.6,"Déficit (en), lécithine cholestérol acyltransférase",Déficit en lécithine-cholestérol-acyltransférase,INDEX_CIM10_VOL3,OWL_ANS,synonyme,synonyme,false,
D65,"Coagulopathie (de), consommation",Coagulopathie de consommation,INDEX_CIM10_VOL3,OWL_ANS,synonyme,synonyme,false,
Q89.4,Dicéphale,Dicéphale,INDEX_CIM10_VOL3,OWL_ANS,synonyme,synonyme,false,
F20.3,"Schizophrénie, atypique","Schizophrénie atypique
",INDEX_CIM10_VOL3,OWL_ANS,synonyme,inclusion,true,
O41.1,Chorio-amniotite,chorio-amniotite,INDEX_CIM10_VOL3,OFS,synonyme,synonyme,false,
Q20.1,"Ventricule, droit à double issue",Ventricule droit à double issue,INDEX_CIM10_VOL3,ORPHANET,synonyme,synonyme,false,
H16.2,"Kératoconjonctivite, d'exposition",Kératoconjonctivite d'exposition,INDEX_CIM10_VOL3,OWL_ANS,synonyme,synonyme,false,
K04.2,Denticules,Denticules,INDEX_CIM10_VOL3,OWL_ANS,synonyme,synonyme,false,
Q75.4,"Dysostose, mandibulo-faciale",Dysostose mandibulo-faciale,INDEX_CIM10_VOL3,ORPHANET,synonyme,synonyme,false,
F60.2,"Personnalité, amorale",Personnalité amorale,INDEX_CIM10_VOL3,OWL_ANS,synonyme,synonyme,false,
E78.8,"Hyalinose, cutanéo-muqueuse",Hyalinose cutanéo-muqueuse,INDEX_CIM10_VOL3,ORPHANET,synonyme,inclusion,true,
E75.1,"Mucolipidose, iv",Mucolipidose IV,INDEX_CIM10_VOL3,OWL_ANS,synonyme,synonyme,false,
G10,"Chorée (de), huntington",Chorée de Huntington,INDEX_CIM10_VOL3,ORPHANET,synonyme,synonyme,false,
F60.8,"Personnalité, passive, agressive",Personnalité passive-agressive,INDEX_CIM10_VOL3,OWL_ANS,synonyme,synonyme,false,
Q00.0,Hémicéphalie,Hémicéphalie,INDEX_CIM10_VOL3,OWL_ANS,synonyme,synonyme,false,
H16.2,"Kératoconjonctivite, neurotrophique",Kératoconjonctivite neurotrophique,INDEX_CIM10_VOL3,OWL_ANS,synonyme,synonyme,false,
K76.8,Hépatoptose,Hépatoptose,INDEX_CIM10_VOL3,OWL_ANS,synonyme,synonyme,false,
E16.1,"Hypoglycémie, non hyperinsulinémique fonctionnelle",Hypoglycémie non hyperinsulinémique fonctionnelle,INDEX_CIM10_VOL3,OWL_ANS,synonyme,synonyme,false,
E78.6,Hypoalphalipoprotéinémie,Hypoalphalipoprotéinémie,INDEX_CIM10_VOL3,OWL_ANS,synonyme,synonyme,false,
G44.2,"Céphalée (de), chronique, dite de tension",Céphalée (de) chronique dite de tension,INDEX_CIM10_VOL3,OWL_ANS,synonyme,synonyme,false,
L72.2,Sébocystomatose,Sébocystomatose,INDEX_CIM10_VOL3,ORPHANET,synonyme,synonyme,false,
K00.5,Dentinogenesis imperfecta,Dentinogenesis imperfecta,INDEX_CIM10_VOL3,OWL_ANS,synonyme,synonyme,false,
A22.1,"Charbon, pulmonaire",Charbon pulmonaire,INDEX_CIM10_VOL3,ORPHANET,synonyme,inclusion,true,
F60.8,"Personnalité, narcissique",Personnalité narcissique,INDEX_CIM10_VOL3,OWL_ANS,synonyme,synonyme,false,
M30.1,"Angéite, allergique, granulomateuse",Angéite allergique granulomateuse,INDEX_CIM10_VOL3,ORPHANET,synonyme,synonyme,false,
J98.68,Diaphragmatite,"Diaphragmatite
",INDEX_CIM10_VOL3,OWL_ANS,synonyme,inclusion,true,
E88.0,Bisalbuminémie,Bisalbuminémie,INDEX_CIM10_VOL3,OWL_ANS,synonyme,synonyme,false,
R14,Eructation,Éructation,INDEX_CIM10_VOL3,OWL_ANS,synonyme,synonyme,false,
K05.4,Parodontose (juvénile),"Parodontose juvénile
",INDEX_CIM10_VOL3,OWL_ANS,synonyme,inclusion,true,
Q84.1,Pili annulati,Pili annulati,INDEX_CIM10_VOL3,OWL_ANS,synonyme,synonyme,false,
Q05.9,"Spina, bifida (aperta)",Spina bifida aperta,INDEX_CIM10_VOL3,ORPHANET,synonyme,inclusion,true,
M16.5,"Coxarthrose, post-traumatique (unilatérale)",coxarthrose post-traumatique unilatérale,INDEX_CIM10_VOL3,OFS,synonyme,synonyme,false,
A66.6,"Hydarthrose, du pian (précoce) (tardif)",Hydarthrose du pian (précoce) (tardif),INDEX_CIM10_VOL3,OWL_ANS,synonyme,synonyme,false,
E72.3,Hydroxylysinémie,Hydroxylysinémie,INDEX_CIM10_VOL3,OWL_ANS,synonyme,synonyme,false,
K31.8,Achlorhydrie,Achlorhydrie,INDEX_CIM10_VOL3,OWL_ANS,synonyme,synonyme,false,
B60.8,Microsporidiose,"Microsporidiose
",INDEX_CIM10_VOL3,OWL_ANS,synonyme,inclusion,true,
M16.7,"Coxarthrose, secondaire (unilatérale)",Coxarthrose secondaire unilatérale,INDEX_CIM10_VOL3,OWL_ANS,synonyme,synonyme,false,
H25.0,"Cataracte, sénile, coronaire",Cataracte sénile coronaire,INDEX_CIM10_VOL3,OWL_ANS,synonyme,synonyme,false,
B66.8,Echinostomose,Échinostomose,INDEX_CIM10_VOL3,OWL_ANS,synonyme,synonyme,false,
F60.8,"Personnalité, excentrique",Personnalité excentrique,INDEX_CIM10_VOL3,OWL_ANS,synonyme,synonyme,false,
J35.8,"Végétations, adénoïdes",Végétations adénoïdes,INDEX_CIM10_VOL3,OWL_ANS,synonyme,synonyme,false,
H35.3,Maculopathie toxique,Maculopathie toxique,INDEX_CIM10_VOL3,OWL_ANS,synonyme,synonyme,false,
H16.1,"Kératite, nummulaire",Kératite nummulaire,INDEX_CIM10_VOL3,OWL_ANS,synonyme,synonyme,false,
E84.9,Mucoviscidose,mucoviscidose,INDEX_CIM10_VOL3,OFS,synonyme,inclusion,true,
E25.0,"Déficit (en), 21-hydroxylase",Déficit en 21-hydroxylase,INDEX_CIM10_VOL3,OWL_ANS,synonyme,synonyme,false,
L98.5,Myxoedématose lichéniforme,myxoedématose lichéniforme,INDEX_CIM10_VOL3,OFS,synonyme,synonyme,false,
Q77.4,Hypochondroplasie,Hypochondroplasie,INDEX_CIM10_VOL3,OWL_ANS,synonyme,synonyme,false,
F65.8,Frotteurisme,Frotteurisme,INDEX_CIM10_VOL3,OWL_ANS,synonyme,synonyme,false,
Q89.4,Pygopage,Pygopage,INDEX_CIM10_VOL3,OWL_ANS,synonyme,synonyme,false,
Q00.2,Iniencéphalie,Iniencéphalie,INDEX_CIM10_VOL3,ORPHANET,synonyme,synonyme,false,
B42.7,"Sporotrichose, généralisée","Sporotrichose généralisée
",INDEX_CIM10_VOL3,OWL_ANS,synonyme,inclusion,true,
Q82.3,Incontinentia pigmenti,Incontinentia pigmenti,INDEX_CIM10_VOL3,ORPHANET,synonyme,synonyme,false,
Q15.0,Hydrophtalmie,Hydrophtalmie,INDEX_CIM10_VOL3,OWL_ANS,synonyme,synonyme,false,
E85.3,"Amylose, associée à hémodialyse","Amylose associée à hémodialyse
",INDEX_CIM10_VOL3,OWL_ANS,synonyme,inclusion,true,
B74.8,Dirofilariose,"Dirofilariose
",INDEX_CIM10_VOL3,OWL_ANS,synonyme,inclusion,true,
F60.2,"Personnalité, antisociale",Personnalité antisociale,INDEX_CIM10_VOL3,OWL_ANS,synonyme,synonyme,false,
G57.6,"Métatarsalgie (de), morton","Métatarsalgie de Morton
",INDEX_CIM10_VOL3,OWL_ANS,synonyme,inclusion,true,
D65,"Afibrinogénémie, acquise",Afibrinogénémie acquise,INDEX_CIM10_VOL3,OWL_ANS,synonyme,synonyme,false,
L63.0,"Pelade, décalvante","Pelade décalvante
",INDEX_CIM10_VOL3,OWL_ANS,synonyme,inclusion,true,
K11.8,Sialométaplasie nécrosante,Sialométaplasie nécrosante,INDEX_CIM10_VOL3,OWL_ANS,synonyme,synonyme,false,
A24.0,Morve,Morve,INDEX_CIM10_VOL3,ORPHANET,synonyme,inclusion,true,
H34.2,Micro-embolie rétinienne,micro-embolie rétinienne,INDEX_CIM10_VOL3,OFS,synonyme,synonyme,false,
I73.8,Erythromélalgie,Érythromélalgie,INDEX_CIM10_VOL3,OWL_ANS,synonyme,synonyme,false,
D74.8,"Méthémoglobinémie, toxique",Méthémoglobinémie toxique,INDEX_CIM10_VOL3,OWL_ANS,synonyme,synonyme,false,
D74.0,"Méthémoglobinémie, congénitale",Méthémoglobinémie congénitale,INDEX_CIM10_VOL3,ORPHANET,synonyme,inclusion,true,
B70.1,"Diphyllobothriase, larvaire",Diphyllobothriase larvaire,INDEX_CIM10_VOL3,OWL_ANS,synonyme,synonyme,false,
E74.1,Fructosurie (essentielle),Fructosurie essentielle,INDEX_CIM10_VOL3,OWL_ANS,synonyme,synonyme,false,
E89.2,"Tétanie, parathyréoprive","Tétanie parathyréoprive
",INDEX_CIM10_VOL3,OWL_ANS,synonyme,inclusion,true,
H50.5,Exophorie,Exophorie,INDEX_CIM10_VOL3,OWL_ANS,synonyme,synonyme,false,
Z48.0,"Changement (de), pansement",Changement de pansement,INDEX_CIM10_VOL3,OWL_ANS,synonyme,synonyme,false,
L21.0,Croûte de lait,"Croute de lait
",INDEX_CIM10_VOL3,OWL_ANS,synonyme,inclusion,true,
Q82.8,Pseudoxanthome élastique,Pseudoxanthome élastique,INDEX_CIM10_VOL3,ORPHANET,synonyme,inclusion,true,
D74.8,"Méthémoglobinémie, acquise (avec sulfhémoglobinémie)",Méthémoglobinémie acquise (avec sulfhémoglobinémie),INDEX_CIM10_VOL3,OWL_ANS,synonyme,synonyme,false,
E88.0,"Déficit (en), alpha-1-antitrypsine",Déficit en alpha-1-antitrypsine,INDEX_CIM10_VOL3,OWL_ANS,synonyme,synonyme,false,
Q43.8,Dolichocôlon,Dolichocôlon,INDEX_CIM10_VOL3,OWL_ANS,synonyme,synonyme,false,
E65,Bourrelet adipeux,"Bourrelet adipeux
",INDEX_CIM10_VOL3,OWL_ANS,synonyme,inclusion,true,
A24.1,"Mélioïdose, septicémique",Mélioïdose septicémique,INDEX_CIM10_VOL3,OWL_ANS,synonyme,synonyme,false,
Q02,Hydromicrocéphalie,Hydromicrocéphalie,INDEX_CIM10_VOL3,OWL_ANS,synonyme,synonyme,false,
A18.8,"Tuberculose (de), oesophage",tuberculose de oesophage,INDEX_CIM10_VOL3,OFS,synonyme,synonyme,false,
E70.1,Phénylcétonurie,Phénylcétonurie,INDEX_CIM10_VOL3,ORPHANET,synonyme,inclusion,true,
D82.1,Alymphoplasie thymique,Alymphoplasie thymique,INDEX_CIM10_VOL3,OWL_ANS,synonyme,synonyme,false,
F60.4,"Personnalité, psycho-infantile",Personnalité psycho-infantile,INDEX_CIM10_VOL3,OWL_ANS,synonyme,synonyme,false,
K00.1,Mesiodens,Mesiodens,INDEX_CIM10_VOL3,OWL_ANS,synonyme,synonyme,false,
B85.3,"Infestation (par), phthirus (phtirius) pubis",Infestation par Phthirus [Phtirius] pubis,INDEX_CIM10_VOL3,OWL_ANS,synonyme,synonyme,false,
B83.8,Thélaziose,Thélaziose,INDEX_CIM10_VOL3,OWL_ANS,synonyme,synonyme,false,
K02.4,Mélanodontie infantile,Mélanodontie infantile,INDEX_CIM10_VOL3,OWL_ANS,synonyme,synonyme,false,
N44,"Torsion (de), cordon, spermatique",Torsion de cordon spermatique,INDEX_CIM10_VOL3,OWL_ANS,synonyme,synonyme,false,
E86,Déshydratation,Déshydratation,INDEX_CIM10_VOL3,OWL_ANS,synonyme,synonyme,false,
T56.1,Mercurialisme,Mercurialisme,INDEX_CIM10_VOL3,ORPHANET,synonyme,synonyme,false,
D58.1,Ovalocytose (congénitale) (héréditaire),Ovalocytose (congénitale) (héréditaire),INDEX_CIM10_VOL3,OWL_ANS,synonyme,synonyme,false,
N80.0,Adénomyose,"Adénomyose
",INDEX_CIM10_VOL3,OWL_ANS,synonyme,inclusion,true,
Q04.6,Schizencéphalie,Schizencéphalie,INDEX_CIM10_VOL3,OWL_ANS,synonyme,synonyme,false,
B60.1,"Kératoconjonctivite, due à, acanthamoeba",Kératoconjonctivite due à Acanthamoeba,INDEX_CIM10_VOL3,OWL_ANS,synonyme,synonyme,false,
D55.0,Favisme,Favisme,INDEX_CIM10_VOL3,OWL_ANS,synonyme,synonyme,false,
E72.3,Saccharopinurie,Saccharopinurie,INDEX_CIM10_VOL3,ORPHANET,synonyme,inclusion,true,
Z55.8,Enseignement inadéquat,"Enseignement inadéquat
",INDEX_CIM10_VOL3,OWL_ANS,synonyme,inclusion,true,
A98.5,Nephropathia epidemica,nephropathia epidemica,INDEX_CIM10_VOL3,OFS,synonyme,synonyme,false,
D76.3,Xanthogranulome,Xanthogranulome,INDEX_CIM10_VOL3,OWL_ANS,synonyme,synonyme,false,
Q79.3,Laparoschisis,Laparoschisis,INDEX_CIM10_VOL3,ORPHANET,synonyme,synonyme,false,
B80,Entérobiase,Entérobiase,INDEX_CIM10_VOL3,OWL_ANS,synonyme,synonyme,false,
F10.5,"Jalousie, alcoolique",Jalousie alcoolique,INDEX_CIM10_VOL3,OWL_ANS,synonyme,synonyme,false,
R35,Nycturie,Nycturie,INDEX_CIM10_VOL3,OWL_ANS,synonyme,synonyme,false,
Q82.8,"Cutis, laxa (hyperelastica)",Cutis laxa (hyperelastica),INDEX_CIM10_VOL3,OWL_ANS,synonyme,synonyme,false,
F20.2,"Flexibilité cireuse, catatonique",flexibilité cireuse catatonique,INDEX_CIM10_VOL3,OFS,synonyme,synonyme,false,
E22.0,Gigantisme (hypophysaire),Gigantisme hypophysaire,INDEX_CIM10_VOL3,ORPHANET,synonyme,inclusion,true,
H25.2,"Cataracte, sénile, hypermûre","Cataracte sénile hypermure
",INDEX_CIM10_VOL3,OWL_ANS,synonyme,inclusion,true,
A18.8,"Tuberculose (de), myocarde",Tuberculose de myocarde,INDEX_CIM10_VOL3,OWL_ANS,synonyme,synonyme,false,
N47,"Prépuce, serré",Prépuce serré,INDEX_CIM10_VOL3,OWL_ANS,synonyme,synonyme,false,
B45.7,"Cryptococcose, généralisée","Cryptococcose généralisée
",INDEX_CIM10_VOL3,OWL_ANS,synonyme,inclusion,true,
E77.1,Aspartylglucosaminurie,Aspartylglucosaminurie,INDEX_CIM10_VOL3,OWL_ANS,synonyme,synonyme,false,
R53,Léthargie,léthargie,INDEX_CIM10_VOL3,OFS,synonyme,synonyme,false,
E72.2,Argininémie,Argininémie,INDEX_CIM10_VOL3,OWL_ANS,synonyme,synonyme,false,
E72.1,Homocystinurie,Homocystinurie,INDEX_CIM10_VOL3,OWL_ANS,synonyme,synonyme,false,
E24.0,"Hypercorticisme, hypophyso-dépendant",hypercorticisme hypophyso-dépendant,INDEX_CIM10_VOL3,OFS,synonyme,synonyme,false,
Z93.6,Urétérostomie,Urétérostomie,INDEX_CIM10_VOL3,OWL_ANS,synonyme,synonyme,false,
R62.8,"Retard (de), pondéral",retard (de) pondéral,INDEX_CIM10_VOL3,OFS,synonyme,synonyme,false,
J84.0,Microlithiase pulmonaire alvéolaire,Microlithiase pulmonaire alvéolaire,INDEX_CIM10_VOL3,ORPHANET,synonyme,inclusion,true,
M24.8,"Hanche, irritable",hanche irritable,INDEX_CIM10_VOL3,OFS,synonyme,synonyme,false,
F52.7,Satyriasis,Satyriasis,INDEX_CIM10_VOL3,OWL_ANS,synonyme,synonyme,false,
E74.4,"Déficit (en), carboxykinase phosphoénol pyruvate",déficit en carboxykinase phosphoénol pyruvate,INDEX_CIM10_VOL3,OFS,synonyme,synonyme,false,
R01.2,"Frottement, précordial",Frottement précordial,INDEX_CIM10_VOL3,OWL_ANS,synonyme,synonyme,false,
F80.0,Lallation,Lallation,INDEX_CIM10_VOL3,OWL_ANS,synonyme,synonyme,false,
J31.0,Ozène,Ozène,INDEX_CIM10_VOL3,OWL_ANS,synonyme,synonyme,false,
E30.8,Thélarche prématurée,"Thélarche prématurée
",INDEX_CIM10_VOL3,OWL_ANS,synonyme,inclusion,true,
H53.1,Asthénopie,Asthénopie,INDEX_CIM10_VOL3,OWL_ANS,synonyme,synonyme,false,
H25.0,"Cataracte, sénile, corticale",Cataracte sénile corticale,INDEX_CIM10_VOL3,OWL_ANS,synonyme,synonyme,false,
H15.8,"Staphylome, équatorial",Staphylome équatorial,INDEX_CIM10_VOL3,OWL_ANS,synonyme,synonyme,false,
G83.8,"Paralysie (de), todd (post-critique) (post-épileptique)",paralysie de Todd (post-critique) (post-épileptique),INDEX_CIM10_VOL3,OFS,synonyme,synonyme,false,
R23.3,Pétéchies,"Pétéchies
",INDEX_CIM10_VOL3,OWL_ANS,synonyme,inclusion,true,
L67.1,Cheveux gris (prématurément),Cheveux gris (prématurément),INDEX_CIM10_VOL3,OWL_ANS,synonyme,synonyme,false,
M87.9,Ostéonécrose (ischémique),ostéonécrose ischémique,INDEX_CIM10_VOL3,OFS,synonyme,inclusion,true,
B83.8,Gongylonémose,Gongylonémose,INDEX_CIM10_VOL3,OWL_ANS,synonyme,synonyme,false,
H44.8,Hémophtalmie,Hémophtalmie,INDEX_CIM10_VOL3,OWL_ANS,synonyme,synonyme,false,
I51.8,Cardite (aiguë) (chronique),Cardite (aigüe) (chronique),INDEX_CIM10_VOL3,OWL_ANS,synonyme,synonyme,false,
G36.0,"Neuromyélite, optique",Neuromyélite optique,INDEX_CIM10_VOL3,ORPHANET,synonyme,synonyme,false,
N28.8,Urétérocèle,Urétérocèle,INDEX_CIM10_VOL3,OWL_ANS,synonyme,synonyme,false,
Q87.2,Sirénomélie,Sirénomélie,INDEX_CIM10_VOL3,ORPHANET,synonyme,inclusion,true,
F98.1,"Encoprésie, fonctionnelle",Encoprésie fonctionnelle,INDEX_CIM10_VOL3,OWL_ANS,synonyme,synonyme,false,
E75.1,"Gangliosidose, gm3",gangliosidose GM3,INDEX_CIM10_VOL3,OFS,synonyme,synonyme,false,
A52.1,"Polynévrite, syphilitique (tardive)",Polynévrite syphilitique tardive,INDEX_CIM10_VOL3,OWL_ANS,synonyme,synonyme,false,
N62,Gynécomastie,Gynécomastie,INDEX_CIM10_VOL3,OWL_ANS,synonyme,synonyme,false,
F34.0,"Personnalité, cycloïde",Personnalité cycloïde,INDEX_CIM10_VOL3,OWL_ANS,synonyme,synonyme,false,
F43.0,"Etat (de), crise",État de crise,INDEX_CIM10_VOL3,OWL_ANS,synonyme,synonyme,false,
L93.2,"Panniculite, lupique",Panniculite lupique,INDEX_CIM10_VOL3,OWL_ANS,synonyme,synonyme,false,
A18.1,"Tuberculose (de), vessie",Tuberculose (de) vessie,INDEX_CIM10_VOL3,OWL_ANS,synonyme,synonyme,false,
E78.0,"Hyperlipoprotéinémie (à), lipoprotéines de, basse densité (ldl)",Hyperlipoprotéinémie à lipoprotéines de basse densité [LDL],INDEX_CIM10_VOL3,OWL_ANS,synonyme,synonyme,false,
E71.1,"Acidémie, propionique",Acidémie propionique,INDEX_CIM10_VOL3,OWL_ANS,synonyme,synonyme,false,
B70.0,Bothriocéphalose,Bothriocéphalose,INDEX_CIM10_VOL3,ORPHANET,synonyme,synonyme,false,
H25.1,"Cataracte, brunescente",Cataracte brunescente,INDEX_CIM10_VOL3,OWL_ANS,synonyme,synonyme,false,
Q10.3,"Blépharophimosis, congénital",Blépharophimosis congénital,INDEX_CIM10_VOL3,OWL_ANS,synonyme,synonyme,false,
T68,Hypothermie (accidentelle),"Hypothermie accidentelle
",INDEX_CIM10_VOL3,OWL_ANS,synonyme,inclusion,true,
Q75.0,Acrocéphalie,Acrocéphalie,INDEX_CIM10_VOL3,OWL_ANS,synonyme,synonyme,false,
E83.5,Hypercalcémie (hypocalciurique familiale),Hypercalcémie hypocalciurique familiale,INDEX_CIM10_VOL3,OWL_ANS,synonyme,synonyme,false,
N48.2,Cavernite (de la verge),Cavernite (de la verge),INDEX_CIM10_VOL3,OWL_ANS,synonyme,synonyme,false,
H53.4,Elargissement de la tache aveugle,Élargissement de la tache aveugle,INDEX_CIM10_VOL3,OWL_ANS,synonyme,synonyme,false,
Q85.1,Epiloïa,Épiloïa,INDEX_CIM10_VOL3,OWL_ANS,synonyme,synonyme,false,
R13,"Déglutition, difficile","Déglutition difficile
",INDEX_CIM10_VOL3,OWL_ANS,synonyme,inclusion,true,
K00.2,Enamélome,Enamélome,INDEX_CIM10_VOL3,OWL_ANS,synonyme,synonyme,false,
A18.5,"Iridocyclite, tuberculeuse",Iridocyclite tuberculeuse,INDEX_CIM10_VOL3,OWL_ANS,synonyme,synonyme,false,
H18.0,Faisceaux de krukenberg,Faisceaux de Krukenberg,INDEX_CIM10_VOL3,OWL_ANS,synonyme,synonyme,false,
B46.8,Entomophthorose,"Entomophthorose
",INDEX_CIM10_VOL3,OWL_ANS,synonyme,inclusion,true,
F52.1,Anhédonie (sexuelle),anhédonie (sexuelle),INDEX_CIM10_VOL3,OFS,synonyme,synonyme,false,
D72.8,Lymphopénie,Lymphopénie,INDEX_CIM10_VOL3,OWL_ANS,synonyme,synonyme,false,
Q68.1,"Hippocratisme, digital, congénital",Hippocratisme digital congénital,INDEX_CIM10_VOL3,OWL_ANS,synonyme,synonyme,false,
G61.0,Polyradiculonévrite aiguë (post-)infectieuse,Polyradiculonévrite aigüe (post)infectieuse,INDEX_CIM10_VOL3,OWL_ANS,synonyme,synonyme,false,
K00.0,Hypodontie,Hypodontie,INDEX_CIM10_VOL3,OWL_ANS,synonyme,synonyme,false,
E05.8,Hyperproduction de thyrotrophine,hyperproduction de thyrotrophine,INDEX_CIM10_VOL3,OFS,synonyme,synonyme,false,
T70.2,Hypobaropathie,Hypobaropathie,INDEX_CIM10_VOL3,OWL_ANS,synonyme,synonyme,false,
Z46.8,Fauteuil roulant,"Fauteuil roulant
",INDEX_CIM10_VOL3,OWL_ANS,synonyme,inclusion,true,
E72.1,"Déficit (en), sulfite-oxydase",Déficit en sulfite-oxydase,INDEX_CIM10_VOL3,OWL_ANS,synonyme,synonyme,false,
B66.8,Nanophyétiase,Nanophyétiase,INDEX_CIM10_VOL3,OWL_ANS,synonyme,synonyme,false,
B48.8,Adiaspiromycose,"Adiaspiromycose
",INDEX_CIM10_VOL3,OWL_ANS,synonyme,inclusion,true,
F45.2,Dysmorphophobie (non délirante),Dysmorphophobie (non délirante),INDEX_CIM10_VOL3,OWL_ANS,synonyme,synonyme,false,
Q83.1,Polymastie,Polymastie,INDEX_CIM10_VOL3,ORPHANET,synonyme,synonyme,false,
Q06.1,Myélatélie,Myélatélie,INDEX_CIM10_VOL3,OWL_ANS,synonyme,synonyme,false,
F60.4,"Personnalité, hystérique",Personnalité hystérique,INDEX_CIM10_VOL3,OWL_ANS,synonyme,synonyme,false,
R62.0,Marche tardive,Marche tardive,INDEX_CIM10_VOL3,OWL_ANS,synonyme,synonyme,false,
Q87.0,Acrocéphalopolysyndactylie,acrocéphalopolysyndactylie,INDEX_CIM10_VOL3,OFS,synonyme,synonyme,false,
H16.1,"Kératite, stellaire",Kératite stellaire,INDEX_CIM10_VOL3,OWL_ANS,synonyme,synonyme,false,
B88.8,Linguatulose,Linguatulose,INDEX_CIM10_VOL3,OWL_ANS,synonyme,synonyme,false,
H18.0,Hématocornée,Hématocornée,INDEX_CIM10_VOL3,OWL_ANS,synonyme,synonyme,false,
K46.9,Epiplocèle,épiplocèle,INDEX_CIM10_VOL3,OFS,synonyme,inclusion,true,
B37.0,"Muguet, buccal","Muguet buccal
",INDEX_CIM10_VOL3,OWL_ANS,synonyme,inclusion,true,
A25.1,"Erythème, arthritique épidémique",Érythème arthritique épidémique,INDEX_CIM10_VOL3,OWL_ANS,synonyme,synonyme,false,
F30.2,"Stupeur, maniaque","Stupeur maniaque
",INDEX_CIM10_VOL3,OWL_ANS,synonyme,inclusion,true,
F52.3,Anorgasmie (psychogène),Anorgasmie psychogène,INDEX_CIM10_VOL3,OWL_ANS,synonyme,synonyme,false,
H61.0,Chondrodermite nodulaire chronique de l'hélix,Chondrodermite nodulaire chronique de l'hélix,INDEX_CIM10_VOL3,OWL_ANS,synonyme,synonyme,false,
E78.2,"Hyperlipidémie, groupe, c","Hyperlipidémie, groupe C",INDEX_CIM10_VOL3,OWL_ANS,synonyme,synonyme,false,
F60.5,"Personnalité, obsessionnelle(-compulsive)",Personnalité obsessionnelle-compulsive,INDEX_CIM10_VOL3,OWL_ANS,synonyme,synonyme,false,
N75.8,Bartholinite,"Bartholinite
",INDEX_CIM10_VOL3,OWL_ANS,synonyme,inclusion,true,
B66.8,Hétérophyiase,Hétérophyiase,INDEX_CIM10_VOL3,OWL_ANS,synonyme,synonyme,false,
Q21.3,Tétralogie de fallot,Tétralogie de Fallot,INDEX_CIM10_VOL3,ORPHANET,synonyme,synonyme,false,
K14.6,Glossalgie,Glossalgie,INDEX_CIM10_VOL3,OWL_ANS,synonyme,synonyme,false,
R09.8,"Pouls, faible",Pouls faible,INDEX_CIM10_VOL3,OWL_ANS,synonyme,synonyme,false,
A65,Njovera,Njovera,INDEX_CIM10_VOL3,OWL_ANS,synonyme,synonyme,false,
F50.8,Pica (de l'adulte),Pica de l'adulte,INDEX_CIM10_VOL3,OWL_ANS,synonyme,synonyme,false,
D68.2,"Afibrinogénémie, congénitale",Afibrinogénémie congénitale,INDEX_CIM10_VOL3,OWL_ANS,synonyme,synonyme,false,
E72.3,Hyperlysinémie,Hyperlysinémie,INDEX_CIM10_VOL3,OWL_ANS,synonyme,synonyme,false,
H60.3,"Otite, externe, diffuse",Otite externe diffuse,INDEX_CIM10_VOL3,OWL_ANS,synonyme,synonyme,false,
Q04.3,Agyrie,Agyrie,INDEX_CIM10_VOL3,OWL_ANS,synonyme,synonyme,false,
D50.1,"Dysphagie, sidéropénique",Dysphagie sidéropénique,INDEX_CIM10_VOL3,ORPHANET,synonyme,inclusion,true,
Q15.0,"Glaucome, congénital",Glaucome congénital,INDEX_CIM10_VOL3,ORPHANET,synonyme,synonyme,false,
E14.5,"Angiopathie, périphérique, diabétique",Angiopathie périphérique diabétique,INDEX_CIM10_VOL3,OWL_ANS,synonyme,synonyme,false,
K06.8,Crête gingivale flottante,Crête gingivale flottante,INDEX_CIM10_VOL3,OWL_ANS,synonyme,synonyme,false,
D58.8,Stomatocytose,"Stomatocytose
",INDEX_CIM10_VOL3,OWL_ANS,synonyme,inclusion,true,
Z96.1,Pseudophakie,"Pseudophakie
",INDEX_CIM10_VOL3,OWL_ANS,synonyme,inclusion,true,
B08.5,Herpangine,"Herpangine
",INDEX_CIM10_VOL3,OWL_ANS,synonyme,inclusion,true,
Z30.3,Régulation cataméniale,Régulation cataméniale,INDEX_CIM10_VOL3,OWL_ANS,synonyme,synonyme,false,
R62.8,"Retard (de), croissance",Retard (de) croissance,INDEX_CIM10_VOL3,OWL_ANS,synonyme,synonyme,false,
K12.0,Périadénite muqueuse nécrotique récidivante,Périadénite muqueuse nécrotique récidivante,INDEX_CIM10_VOL3,OWL_ANS,synonyme,synonyme,false,
H18.0,"Anneau (de), kayser-fleischer",Anneau de Kayser–Fleischer,INDEX_CIM10_VOL3,OWL_ANS,synonyme,synonyme,false,
F40.1,Anthropophobie,Anthropophobie,INDEX_CIM10_VOL3,OWL_ANS,synonyme,synonyme,false,
F43.2,"Hospitalisme, chez l'enfant",Hospitalisme chez l'enfant,INDEX_CIM10_VOL3,OWL_ANS,synonyme,synonyme,false,
Q01.0,"Encéphalocèle, frontale",Encéphalocèle frontale,INDEX_CIM10_VOL3,ORPHANET,synonyme,synonyme,false,
F98.8,Onychophagie,Onychophagie,INDEX_CIM10_VOL3,OWL_ANS,synonyme,synonyme,false,
A18.0,"Ténosynovite, tuberculeuse",Ténosynovite tuberculeuse,INDEX_CIM10_VOL3,OWL_ANS,synonyme,synonyme,false,
F21,"Schizophrénie, latente",Schizophrénie latente,INDEX_CIM10_VOL3,OWL_ANS,synonyme,synonyme,false,
Q25.4,Double arc aortique (anneau vasculaire de l'aorte),Double arc aortique [anneau vasculaire de l'aorte],INDEX_CIM10_VOL3,OWL_ANS,synonyme,synonyme,false,
Q43.3,Mésentère universel,Mésentère universel,INDEX_CIM10_VOL3,OWL_ANS,synonyme,synonyme,false,
K00.2,Concrescence dentaire,Concrescence dentaire,INDEX_CIM10_VOL3,OWL_ANS,synonyme,synonyme,false,
A05.1,Botulisme,Botulisme,INDEX_CIM10_VOL3,ORPHANET,synonyme,synonyme,false,
A66.1,Framboesome,framboesome,INDEX_CIM10_VOL3,OFS,synonyme,synonyme,false,
E72.5,Hyperglycinémie (non cétosique),Hyperglycinémie non cétosique,INDEX_CIM10_VOL3,OWL_ANS,synonyme,synonyme,false,
Z93.6,Urétrostomie,Urétrostomie,INDEX_CIM10_VOL3,OWL_ANS,synonyme,synonyme,false,
R39.2,"Urémie, prérénale","Urémie prérénale
",INDEX_CIM10_VOL3,OWL_ANS,synonyme,inclusion,true,
F21,"Schizophrénie, prodromique",Schizophrénie prodromique,INDEX_CIM10_VOL3,OWL_ANS,synonyme,synonyme,false,
A22.1,"Charbon, par inhalation",Charbon par inhalation,INDEX_CIM10_VOL3,OWL_ANS,synonyme,synonyme,false,
F07.0,Pseudodébilité organique,Pseudodébilité organique,INDEX_CIM10_VOL3,OWL_ANS,synonyme,synonyme,false,
F60.0,"Personnalité, fanatique",Personnalité fanatique,INDEX_CIM10_VOL3,OWL_ANS,synonyme,synonyme,false,
H15.8,Sclérectasie,Sclérectasie,INDEX_CIM10_VOL3,OWL_ANS,synonyme,synonyme,false,
F20.5,"Schizophrénie, chronique indifférenciée",Schizophrénie chronique indifférenciée,INDEX_CIM10_VOL3,OWL_ANS,synonyme,synonyme,false,
A17.8,"Tuberculose (de), moelle épinière",Tuberculose de moelle épinière,INDEX_CIM10_VOL3,OWL_ANS,synonyme,synonyme,false,
M60.0,Pyomyosite (tropicale),"Pyomyosite tropicale
",INDEX_CIM10_VOL3,OWL_ANS,synonyme,inclusion,true,
N13.6,"Uropathie, obstructive (avec), infection",Uropathie obstructive avec infection,INDEX_CIM10_VOL3,OWL_ANS,synonyme,synonyme,false,
R71,Anisocytose,Anisocytose,INDEX_CIM10_VOL3,OWL_ANS,synonyme,synonyme,false,
K11.7,Xérostomie,Xérostomie,INDEX_CIM10_VOL3,OWL_ANS,synonyme,synonyme,false,
D72.8,Leucocytose,Leucocytose,INDEX_CIM10_VOL3,OWL_ANS,synonyme,synonyme,false,
Q20.4,"Ventricule, commun",Ventricule commun,INDEX_CIM10_VOL3,OWL_ANS,synonyme,synonyme,false,
G90.0,"Syncope, par, hyperexcitabilité du sinus carotidien","Syncope par hyperexcitabilité du sinus carotidien
",INDEX_CIM10_VOL3,OWL_ANS,synonyme,inclusion,true,
Q20.6,Isomérisme des auricules cardiaques (avec asplénie ou polysplénie),"Isomérisme des auricules cardiaques avec asplénie ou polysplénie
",INDEX_CIM10_VOL3,OWL_ANS,synonyme,inclusion,true,
L56.4,"Hydroa, vacciniforme",Hydroa vacciniforme,INDEX_CIM10_VOL3,ORPHANET,synonyme,inclusion,true,
F98.1,"Encoprésie, psychogène",Encoprésie psychogène,INDEX_CIM10_VOL3,OWL_ANS,synonyme,synonyme,false,
F22.0,Paranoïa,Paranoïa,INDEX_CIM10_VOL3,OWL_ANS,synonyme,synonyme,false,
F60.7,"Personnalité, à conduite d'échec",Personnalité à conduite d'échec,INDEX_CIM10_VOL3,OWL_ANS,synonyme,synonyme,false,
R54,"Asthénie, sénile",asthénie sénile,INDEX_CIM10_VOL3,OFS,synonyme,synonyme,false,
B00.0,"Pustulose, varicelliforme de kaposi","Pustulose varicelliforme de Kaposi
",INDEX_CIM10_VOL3,OWL_ANS,synonyme,inclusion,true,
B88.1,Tungose,Tungose,INDEX_CIM10_VOL3,ORPHANET,synonyme,synonyme,false,
K07.6,"Mâchoire à, ressort",Mâchoire à ressort,INDEX_CIM10_VOL3,OWL_ANS,synonyme,synonyme,false,
K13.0,Chéilodynie,Cheilodynie,INDEX_CIM10_VOL3,OWL_ANS,synonyme,synonyme,false,
A20.8,"Peste, mineure",Peste mineure,INDEX_CIM10_VOL3,OWL_ANS,synonyme,synonyme,false,
Q74.1,"Rotule, rudimentaire",Rotule rudimentaire,INDEX_CIM10_VOL3,OWL_ANS,synonyme,synonyme,false,
L84,Durillon,"Durillon
",INDEX_CIM10_VOL3,OWL_ANS,synonyme,inclusion,true,
R20.2,Fourmillements,Fourmillements,INDEX_CIM10_VOL3,OWL_ANS,synonyme,synonyme,false,
A67.1,Pintides,Pintides,INDEX_CIM10_VOL3,OWL_ANS,synonyme,synonyme,false,
F52.0,Frigidité,Frigidité,INDEX_CIM10_VOL3,OWL_ANS,synonyme,synonyme,false,
L88,"Pyodermite, phagédénique","Pyodermite phagédénique
",INDEX_CIM10_VOL3,OWL_ANS,synonyme,inclusion,true,
F48.8,Psychasthénie,Psychasthénie,INDEX_CIM10_VOL3,OWL_ANS,synonyme,synonyme,false,
N92.1,Ménométrorragie,Ménométrorragie,INDEX_CIM10_VOL3,OWL_ANS,synonyme,synonyme,false,
H44.0,Panophtalmie,Panophtalmie,INDEX_CIM10_VOL3,OWL_ANS,synonyme,synonyme,false,
B88.2,Scarabiase,"Scarabiase
",INDEX_CIM10_VOL3,OWL_ANS,synonyme,inclusion,true,
E77.1,Mannosidose,Mannosidose,INDEX_CIM10_VOL3,OWL_ANS,synonyme,synonyme,false,
J35.8,Lambeau amygdalien,Lambeau amygdalien,INDEX_CIM10_VOL3,OWL_ANS,synonyme,synonyme,false,
B46.4,"Mucormycose, généralisée","Mucormycose généralisée
",INDEX_CIM10_VOL3,OWL_ANS,synonyme,inclusion,true,
H16.1,"Kératite, annulaire",Kératite annulaire,INDEX_CIM10_VOL3,OWL_ANS,synonyme,synonyme,false,
E74.8,Pentosurie (essentielle),Pentosurie essentielle,INDEX_CIM10_VOL3,OWL_ANS,synonyme,synonyme,false,
H16.1,"Kératite, striée",Kératite striée,INDEX_CIM10_VOL3,OWL_ANS,synonyme,synonyme,false,
N84.0,"Polype (de), endomètre",Polype de endomètre,INDEX_CIM10_VOL3,OWL_ANS,synonyme,synonyme,false,
N28.8,Urétéro-pyélite kystique,urétéro-pyélite kystique,INDEX_CIM10_VOL3,OFS,synonyme,synonyme,false,
D57.3,"Trait, hb-s",Trait Hb-S,INDEX_CIM10_VOL3,OWL_ANS,synonyme,synonyme,false,
D71,"Déficit (en), complexe, récepteur de la membrane cellulaire (cr3)",Déficit en complexe récepteur de la membrane cellulaire [CR3],INDEX_CIM10_VOL3,OWL_ANS,synonyme,synonyme,false,
Q17.0,Polyotie,Polyotie,INDEX_CIM10_VOL3,OWL_ANS,synonyme,synonyme,false,
N15.0,"Néphropathie, endémique des balkans","Néphropathie endémique des Balkans
",INDEX_CIM10_VOL3,OWL_ANS,synonyme,inclusion,true,
B88.0,Trombiculose,Trombiculose,INDEX_CIM10_VOL3,OWL_ANS,synonyme,synonyme,false,
N28.8,Néphroptose,Néphroptose,INDEX_CIM10_VOL3,OWL_ANS,synonyme,synonyme,false,
R36,Urétrorrhée,Urétrorrhée,INDEX_CIM10_VOL3,OWL_ANS,synonyme,synonyme,false,
F65.1,"Fétichisme, avec travestisme","Fétichisme avec travestisme
",INDEX_CIM10_VOL3,OWL_ANS,synonyme,inclusion,true,
Q89.4,"Monstre, double",Monstre double,INDEX_CIM10_VOL3,OWL_ANS,synonyme,synonyme,false,
F07.0,"Personnalité, pseudopsychopathique (organique)",Personnalité pseudopsychopathique organique,INDEX_CIM10_VOL3,OWL_ANS,synonyme,synonyme,false,
J98.0,Broncholithiase,Broncholithiase,INDEX_CIM10_VOL3,OWL_ANS,synonyme,synonyme,false,
H05.5,"Corps, étranger, rétro-oculaire",corps étranger rétro-oculaire,INDEX_CIM10_VOL3,OFS,synonyme,synonyme,false,
B66.8,Métagonimiase,Métagonimiase,INDEX_CIM10_VOL3,OWL_ANS,synonyme,synonyme,false,
E83.3,"Déficit (en), phosphatase acide",Déficit en phosphatase acide,INDEX_CIM10_VOL3,OWL_ANS,synonyme,synonyme,false,
Q10.3,Ablépharie,Ablépharie,INDEX_CIM10_VOL3,OWL_ANS,synonyme,synonyme,false,
J00,"Rhinorrhée, aiguë",Rhinorrhée aigüe,INDEX_CIM10_VOL3,OWL_ANS,synonyme,synonyme,false,
F68.1,Hospitalisme,Hospitalisme,INDEX_CIM10_VOL3,OWL_ANS,synonyme,synonyme,false,
K14.6,Glossopyrosis,Glossopyrosis,INDEX_CIM10_VOL3,OWL_ANS,synonyme,synonyme,false,
R39.1,"Miction, ralentie",Miction ralentie,INDEX_CIM10_VOL3,OWL_ANS,synonyme,synonyme,false,
K00.5,Amelogenesis imperfecta,Amelogenesis imperfecta,INDEX_CIM10_VOL3,OWL_ANS,synonyme,synonyme,false,
G71.1,Pseudomyotonie,Pseudomyotonie,INDEX_CIM10_VOL3,OWL_ANS,synonyme,synonyme,false,
M84.0,"Cal, vicieux","Cal vicieux
",INDEX_CIM10_VOL3,OWL_ANS,synonyme,inclusion,true,
R63.2,"Alimentation, excessive",Alimentation excessive,INDEX_CIM10_VOL3,OWL_ANS,synonyme,synonyme,false,
T56.0,Saturnisme,Saturnisme,INDEX_CIM10_VOL3,ORPHANET,synonyme,synonyme,false,
D68.2,"Carence (en), ac-globuline",Carence en AC-globuline,INDEX_CIM10_VOL3,OWL_ANS,synonyme,synonyme,false,
Q75.0,Trigonocéphalie,Trigonocéphalie,INDEX_CIM10_VOL3,OWL_ANS,synonyme,synonyme,false,
E72.4,Hyperornithinémie,Hyperornithinémie,INDEX_CIM10_VOL3,ORPHANET,synonyme,inclusion,true,
A66.1,Pianome,Pianome,INDEX_CIM10_VOL3,OWL_ANS,synonyme,synonyme,false,
J35.8,Amygdalolithe,Amygdalolithe,INDEX_CIM10_VOL3,OWL_ANS,synonyme,synonyme,false,
E78.3,"Hyperlipidémie, groupe, d","Hyperlipidémie, groupe D",INDEX_CIM10_VOL3,OWL_ANS,synonyme,synonyme,false,
I47.1,"Tachycardie, paroxystique, nodale",Tachycardie (paroxystique) nodale,INDEX_CIM10_VOL3,OWL_ANS,synonyme,synonyme,false,
H35.7,Choriorétinopathie séreuse centrale,Choriorétinopathie séreuse centrale,INDEX_CIM10_VOL3,OWL_ANS,synonyme,synonyme,false,
H16.1,"Kératite, ponctuée, superficielle",Kératite ponctuée superficielle,INDEX_CIM10_VOL3,OWL_ANS,synonyme,synonyme,false,
Q55.2,Migration du testicule,Migration du testicule,INDEX_CIM10_VOL3,OWL_ANS,synonyme,synonyme,false,
H50.5,Hyperphorie (alternante),Hyperphorie alternante,INDEX_CIM10_VOL3,OWL_ANS,synonyme,synonyme,false,
E74.8,Hyperoxalurie (primitive),Hyperoxalurie primitive,INDEX_CIM10_VOL3,ORPHANET,synonyme,inclusion,true,
A07.0,Balantidiose,Balantidiose,INDEX_CIM10_VOL3,ORPHANET,synonyme,synonyme,false,
B47.0,Maduromycose,Maduromycose,INDEX_CIM10_VOL3,OWL_ANS,synonyme,synonyme,false,
F21,"Schizophrénie, pré-psychotique",schizophrénie pré-psychotique,INDEX_CIM10_VOL3,OFS,synonyme,synonyme,false,
A21.1,"Tularémie, ophtalmique","Tularémie ophtalmique
",INDEX_CIM10_VOL3,OWL_ANS,synonyme,inclusion,true,
Q18.3,Pterygium colli,"Pterygium colli
",INDEX_CIM10_VOL3,OWL_ANS,synonyme,inclusion,true,
D76.3,Réticulohistiocytome (à cellules géantes),Réticulohistiocytome (à cellules géantes),INDEX_CIM10_VOL3,OWL_ANS,synonyme,synonyme,false,
H02.5,Blépharophimosis,Blépharophimosis,INDEX_CIM10_VOL3,OWL_ANS,synonyme,synonyme,false,
E27.1,"Surrénalite, auto-immune",Surrénalite auto-immune,INDEX_CIM10_VOL3,OWL_ANS,synonyme,synonyme,false,
K00.2,Gémination dentaire,Gémination dentaire,INDEX_CIM10_VOL3,OWL_ANS,synonyme,synonyme,false,
H53.1,Halos visuels,Halos visuels,INDEX_CIM10_VOL3,OWL_ANS,synonyme,synonyme,false,
M89.4,Pachydermopériostose,Pachydermopériostose,INDEX_CIM10_VOL3,OWL_ANS,synonyme,synonyme,false,
E74.1,"Déficit (en), fructose 1,6-diphosphatase","Déficit en fructose-1,6-diphosphatase",INDEX_CIM10_VOL3,OWL_ANS,synonyme,synonyme,false,
E70.0,"Phénylcétonurie, classique",Phénylcétonurie classique,INDEX_CIM10_VOL3,ORPHANET,synonyme,synonyme,false,
Q68.0,"Torticolis, congénital (sterno-mastoïdien)",torticolis congénital (sterno-mastoïdien),INDEX_CIM10_VOL3,OFS,synonyme,synonyme,false,
N98.1,Hyperstimulation des ovaires (associée à une ovulation induite),Hyperstimulation des ovaires associée à une ovulation induite,INDEX_CIM10_VOL3,OWL_ANS,synonyme,synonyme,false,
Q38.3,Hypoglossie,Hypoglossie,INDEX_CIM10_VOL3,OWL_ANS,synonyme,synonyme,false,
M16.1,"Coxarthrose, primaire (unilatérale)",Coxarthrose primaire unilatérale,INDEX_CIM10_VOL3,OWL_ANS,synonyme,synonyme,false,
A74.0,Paratrachome,"Paratrachome
",INDEX_CIM10_VOL3,OWL_ANS,synonyme,inclusion,true,
B66.1,Clonorchiase,Clonorchiase,INDEX_CIM10_VOL3,ORPHANET,synonyme,synonyme,false,
Q06.1,Atélomyélie,Atélomyélie,INDEX_CIM10_VOL3,OWL_ANS,synonyme,synonyme,false,
D56.2,Delta-bêta-thalassémie,Delta-bêta-thalassémie,INDEX_CIM10_VOL3,ORPHANET,synonyme,synonyme,false,
N30.3,Urétrotrigonite,"Urétrotrigonite
",INDEX_CIM10_VOL3,OWL_ANS,synonyme,inclusion,true,
F21,"Schizophrénie, pseudo-psychopathique",schizophrénie pseudo-psychopathique,INDEX_CIM10_VOL3,OFS,synonyme,synonyme,false,
B66.8,Watsoniase,Watsoniase,INDEX_CIM10_VOL3,OWL_ANS,synonyme,synonyme,false,
E52,Pellagre (alcoolique),Pellagre (alcoolique),INDEX_CIM10_VOL3,OWL_ANS,synonyme,synonyme,false,
F60.2,"Personnalité, sociopathique",Personnalité sociopathique,INDEX_CIM10_VOL3,OWL_ANS,synonyme,synonyme,false,
A48.0,Myonécrose à clostridium,Myonécrose à Clostridium,INDEX_CIM10_VOL3,OWL_ANS,synonyme,synonyme,false,
A05.2,Pig bel,Pig-bel,INDEX_CIM10_VOL3,OWL_ANS,synonyme,synonyme,false,
A24.1,"Mélioïdose, pulmonaire",Mélioïdose pulmonaire,INDEX_CIM10_VOL3,OWL_ANS,synonyme,synonyme,false,
Q70.4,Polysyndactylie,Polysyndactylie,INDEX_CIM10_VOL3,ORPHANET,synonyme,synonyme,false,
H21.2,"Dégénérescence (de), rebord pupillaire",Dégénérescence de rebord pupillaire,INDEX_CIM10_VOL3,OWL_ANS,synonyme,synonyme,false,
L10.3,Fogo selvagem,Fogo selvagem,INDEX_CIM10_VOL3,ORPHANET,synonyme,synonyme,false,
H50.6,Limitation traumatique des mouvements des muscles oculaires,Limitation traumatique des mouvements des muscles oculaires,INDEX_CIM10_VOL3,OWL_ANS,synonyme,synonyme,false,
M12.4,"Hydarthrose, intermittente",Hydarthrose intermittente,INDEX_CIM10_VOL3,ORPHANET,synonyme,synonyme,false,
M61.1,"Myosite, ossifiante, progressive",Myosite ossifiante progressive,INDEX_CIM10_VOL3,ORPHANET,synonyme,synonyme,false,
F40.2,Acrophobie,Acrophobie,INDEX_CIM10_VOL3,OWL_ANS,synonyme,synonyme,false,
D72.8,Monocytose (symptomatique),Monocytose (symptomatique),INDEX_CIM10_VOL3,OWL_ANS,synonyme,synonyme,false,
F20.2,"Stupeur, catatonique",Stupeur catatonique,INDEX_CIM10_VOL3,OWL_ANS,synonyme,synonyme,false,
N44,"Torsion (de), épididyme",Torsion de épididyme,INDEX_CIM10_VOL3,OWL_ANS,synonyme,synonyme,false,
M61.1,Fibrodysplasie ossifiante (progressive),"Fibrodysplasie ossifiante progressive
",INDEX_CIM10_VOL3,OWL_ANS,synonyme,inclusion,true,
K06.0,Retrait gingival (généralisé) (localisé) (post-infectieux) (post-opératoire),retrait gingival (généralisé) (localisé) (post infectieux) (post-opératoire),INDEX_CIM10_VOL3,OFS,synonyme,synonyme,false,
Q78.6,"Aclasie, diaphysaire","Aclasie diaphysaire
",INDEX_CIM10_VOL3,OWL_ANS,synonyme,inclusion,true,
B07,Verruca (simplex) (vulgaris),"Verruca :
 - simplex
 - vulgaris
",INDEX_CIM10_VOL3,OWL_ANS,synonyme,inclusion,true,
Q43.8,Méga-appendice,méga-appendice,INDEX_CIM10_VOL3,OFS,synonyme,synonyme,false,
R53,"Asthénie, nerveuse",asthénie nerveuse,INDEX_CIM10_VOL3,OFS,synonyme,synonyme,false,
Q65.6,"Hanche, subluxable",Hanche subluxable,INDEX_CIM10_VOL3,OWL_ANS,synonyme,synonyme,false,
H74.1,"Otite, adhésive","Otite adhésive
",INDEX_CIM10_VOL3,OWL_ANS,synonyme,inclusion,true,
H93.2,Recrutement auditif,Recrutement auditif,INDEX_CIM10_VOL3,OWL_ANS,synonyme,synonyme,false,
K00.1,"Quatrième, molaire",Quatrième molaire,INDEX_CIM10_VOL3,OWL_ANS,synonyme,synonyme,false,
E75.2,"Déficit (en), sulfatase",Déficit en sulfatase,INDEX_CIM10_VOL3,OWL_ANS,synonyme,synonyme,false,
E80.2,Coproporphyrie héréditaire,Coproporphyrie héréditaire,INDEX_CIM10_VOL3,OWL_ANS,synonyme,synonyme,false,
N81.1,Colpocèle (antérieure),Colpocèle antérieure,INDEX_CIM10_VOL3,OWL_ANS,synonyme,synonyme,false,
L57.8,"Peau (de), marin",Peau de marin,INDEX_CIM10_VOL3,OWL_ANS,synonyme,synonyme,false,
F60.3,"Personnalité, agressive",personnalité agressive,INDEX_CIM10_VOL3,OFS,synonyme,synonyme,false,
Q56.4,Ambiguïté des organes génitaux,"Ambiguïté des organes génitaux
",INDEX_CIM10_VOL3,OWL_ANS,synonyme,inclusion,true,
K09.8,Perles d'epstein,Perles d'Epstein,INDEX_CIM10_VOL3,OWL_ANS,synonyme,synonyme,false,
D72.0,Hyposegmentation leucocytaire héréditaire,"Hyposegmentation leucocytaire, héréditaire",INDEX_CIM10_VOL3,OWL_ANS,synonyme,synonyme,false,
R06.0,Essoufflement,Essoufflement,INDEX_CIM10_VOL3,OWL_ANS,synonyme,synonyme,false,
A18.8,"Tuberculose (de), péricarde",Tuberculose de péricarde,INDEX_CIM10_VOL3,OWL_ANS,synonyme,synonyme,false,
Z30.8,"Spermogramme, après vasectomie","Spermogramme après vasectomie
",INDEX_CIM10_VOL3,OWL_ANS,synonyme,inclusion,true,
B70.1,Spirométrose,Spirométrose,INDEX_CIM10_VOL3,OWL_ANS,synonyme,synonyme,false,
A39.1,"Surrénalite, hémorragique à méningocoques",Surrénalite hémorragique à méningocoques,INDEX_CIM10_VOL3,OWL_ANS,synonyme,synonyme,false,
N89.7,Hématocolpos (avec hématométrie ou hématosalpinx),"Hématocolpos avec hématométrie ou hématosalpinx
",INDEX_CIM10_VOL3,OWL_ANS,synonyme,inclusion,true,
H31.2,Choroïdérémie,Choroïdérémie,INDEX_CIM10_VOL3,OWL_ANS,synonyme,synonyme,false,
H18.7,Descemétocèle,Descemétocèle,INDEX_CIM10_VOL3,OWL_ANS,synonyme,synonyme,false,
H21.2,"Dégénérescence (de), iris (pigmentaire)",Dégénérescence de iris (pigmentaire),INDEX_CIM10_VOL3,OWL_ANS,synonyme,synonyme,false,
F25.2,"Schizophrénie, cyclique",Schizophrénie cyclique,INDEX_CIM10_VOL3,OWL_ANS,synonyme,synonyme,false,
F23.2,"Schizophrénie, aiguë (indifférenciée)",Schizophrénie aigüe (indifférenciée),INDEX_CIM10_VOL3,OWL_ANS,synonyme,synonyme,false,
H21.5,Récession de l'angle iridocornéen,Récession de l'angle iridocornéen,INDEX_CIM10_VOL3,OWL_ANS,synonyme,synonyme,false,
E78.6,Abétalipoprotéinémie,Abêtalipoprotéinémie,INDEX_CIM10_VOL3,OWL_ANS,synonyme,synonyme,false,
B35.5,Tokelau,Tokelau,INDEX_CIM10_VOL3,OWL_ANS,synonyme,synonyme,false,
Q40.2,Microgastrie (congénitale),Microgastrie congénitale,INDEX_CIM10_VOL3,ORPHANET,synonyme,inclusion,true,
E88.8,"Lipomatose (de), launois-bensaude",Lipomatose de Launois-Bensaude,INDEX_CIM10_VOL3,ORPHANET,synonyme,inclusion,true,
F45.3,"Asthénie, neuro-circulatoire",asthénie neuro-circulatoire,INDEX_CIM10_VOL3,OFS,synonyme,synonyme,false,
N44,"Torsion (de), testicule",Torsion de testicule,INDEX_CIM10_VOL3,OWL_ANS,synonyme,synonyme,false,
B02.3,"Kératoconjonctivite, zostérienne",Kératoconjonctivite zostérienne,INDEX_CIM10_VOL3,OWL_ANS,synonyme,synonyme,false,
A21.3,"Tularémie, abdominale","Tularémie abdominale
",INDEX_CIM10_VOL3,OWL_ANS,synonyme,inclusion,true,
B45.1,"Cryptococcose, cérébro-méningée",cryptococcose cérébro-méningée,INDEX_CIM10_VOL3,OFS,synonyme,synonyme,false,
O13,"Prééclampsie, légère",prééclampsie légère,INDEX_CIM10_VOL3,OFS,synonyme,synonyme,false,
A20.8,"Peste, abortive",Peste abortive,INDEX_CIM10_VOL3,OWL_ANS,synonyme,synonyme,false,
E06.5,"Thyroïdite (de), riedel",Thyroïdite (de) Riedel,INDEX_CIM10_VOL3,OWL_ANS,synonyme,synonyme,false,
H53.5,Daltonisme,Daltonisme,INDEX_CIM10_VOL3,OWL_ANS,synonyme,synonyme,false,
Q20.2,"Ventricule, gauche à double issue",Ventricule gauche à double issue,INDEX_CIM10_VOL3,ORPHANET,synonyme,synonyme,false,
E71.1,"Acidémie, méthylmalonique",Acidémie méthylmalonique,INDEX_CIM10_VOL3,OWL_ANS,synonyme,synonyme,false,
E71.1,"Acidémie, isovalérique",Acidémie isovalérique,INDEX_CIM10_VOL3,OWL_ANS,synonyme,synonyme,false,
Q13.2,Corectopie,Corectopie,INDEX_CIM10_VOL3,OWL_ANS,synonyme,synonyme,false,
Q12.0,"Cataracte, coralliforme",Cataracte coralliforme,INDEX_CIM10_VOL3,ORPHANET,synonyme,inclusion,true,
K00.5,Odontogenesis imperfecta,Odontogenesis imperfecta,INDEX_CIM10_VOL3,OWL_ANS,synonyme,synonyme,false,
E70.2,Tyrosinose,Tyrosinose,INDEX_CIM10_VOL3,OWL_ANS,synonyme,synonyme,false,
A69.0,Cancrum oris,Cancrum oris,INDEX_CIM10_VOL3,OWL_ANS,synonyme,synonyme,false,
K00.4,Odontodysplasie régionale,Odontodysplasie régionale,INDEX_CIM10_VOL3,OWL_ANS,synonyme,synonyme,false,
A18.1,"Tuberculose (de), uretère",Tuberculose (de) uretère,INDEX_CIM10_VOL3,OWL_ANS,synonyme,synonyme,false,
Q82.1,Xeroderma pigmentosum,Xeroderma pigmentosum,INDEX_CIM10_VOL3,ORPHANET,synonyme,synonyme,false,
Q56.0,Ovotestis,"Ovotestis
",INDEX_CIM10_VOL3,OWL_ANS,synonyme,inclusion,true,
Q65.6,"Hanche, luxable",Hanche luxable,INDEX_CIM10_VOL3,OWL_ANS,synonyme,synonyme,false,
H21.5,Iridodialyse,Iridodialyse,INDEX_CIM10_VOL3,OWL_ANS,synonyme,synonyme,false,
E72.2,Hyperargininémie,Hyperargininémie,INDEX_CIM10_VOL3,ORPHANET,synonyme,inclusion,true,
H44.5,Phtisie du globe oculaire,Phtisie du globe oculaire,INDEX_CIM10_VOL3,OWL_ANS,synonyme,synonyme,false,
E74.0,Amylopectinose,Amylopectinose,INDEX_CIM10_VOL3,ORPHANET,synonyme,inclusion,true,
A17.8,"Polynévrite, tuberculeuse",Polynévrite tuberculeuse,INDEX_CIM10_VOL3,OWL_ANS,synonyme,synonyme,false,
B83.8,Acanthocéphalose,Acanthocéphalose,INDEX_CIM10_VOL3,OWL_ANS,synonyme,synonyme,false,
L68.1,"Hypertrichose, lanugineuse, acquise",Hypertrichose lanugineuse acquise,INDEX_CIM10_VOL3,ORPHANET,synonyme,synonyme,false,
A81.1,"Panencéphalite sclérosante, subaiguë",Panencéphalite sclérosante subaiguë,INDEX_CIM10_VOL3,ORPHANET,synonyme,inclusion,true,
E14.3,"Cataracte, diabétique",Cataracte diabétique,INDEX_CIM10_VOL3,OWL_ANS,synonyme,synonyme,false,
G43.1,Equivalents migraineux (prodromes neurologiques sans céphalée),Équivalents migraineux [prodromes neurologiques sans céphalée],INDEX_CIM10_VOL3,OWL_ANS,synonyme,synonyme,false,
Q15.0,"Macrophtalmie, au cours d'un glaucome congénital",Macrophtalmie au cours d'un glaucome congénital,INDEX_CIM10_VOL3,OWL_ANS,synonyme,synonyme,false,
H93.2,Hyperacousie,Hyperacousie,INDEX_CIM10_VOL3,OWL_ANS,synonyme,synonyme,false,
F93.3,"Jalousie, dans la fratrie","Jalousie dans la fratrie
",INDEX_CIM10_VOL3,OWL_ANS,synonyme,inclusion,true,
F98.8,Masturbation (excessive),Masturbation excessive,INDEX_CIM10_VOL3,OWL_ANS,synonyme,synonyme,false,
Q77.4,Achondroplasie,Achondroplasie,INDEX_CIM10_VOL3,ORPHANET,synonyme,synonyme,false,
F44.8,"Personnalité, multiple",personnalité multiple,INDEX_CIM10_VOL3,OFS,synonyme,synonyme,false,
A54.4,"Ténosynovite, gonococcique",Ténosynovite gonococcique,INDEX_CIM10_VOL3,OWL_ANS,synonyme,synonyme,false,
E70.2,Ochronose,Ochronose,APHP_DERMATOLOGIE,OWL_ANS,synonyme,synonyme,false,
D69.2,Purpura sénile,Purpura sénile,APHP_DERMATOLOGIE,OWL_ANS,synonyme,synonyme,false,
E52,Avitaminose PP,"Avitaminose, pp",APHP_DERMATOLOGIE,INDEX_CIM10_VOL3,synonyme,synonyme,false,
Q78.0,Ostéogenèse imparfaite,Ostéogenèse imparfaite,APHP_DERMATOLOGIE,ORPHANET,synonyme,synonyme,false,
I73.8,Erythrocyanose,Érythrocyanose,APHP_DERMATOLOGIE,OWL_ANS,synonyme,synonyme,false,
M34.8,Buschke (scléroedème de),"Buschke, scléroedème de",APHP_DERMATOLOGIE,INDEX_CIM10_VOL3,synonyme,synonyme,false,
D23.9,Syringocystadénome papillifère,Syringocystadénome papillifère,APHP_DERMATOLOGIE,ORPHANET,synonyme,inclusion,true,
L03.0,Périonyxis,Périonyxis,APHP_DERMATOLOGIE,OWL_ANS,synonyme,synonyme,false,
T78.2,Anaphylaxie SAI,Anaphylaxie SAI,APHP_DERMATOLOGIE,OWL_ANS,synonyme,synonyme,false,
M35.6,Weber-Christian (maladie de),"Weber-christian, maladie de",APHP_DERMATOLOGIE,INDEX_CIM10_VOL3,synonyme,synonyme,false,
Q87.2,Klippel-Trenaunay-Weber  (syndrome de),"Klippel-trénaunay-weber, syndrome de",APHP_DERMATOLOGIE,INDEX_CIM10_VOL3,synonyme,synonyme,false,
E06.5,Thyroïdite de Riedel,Thyroïdite (de) Riedel,APHP_DERMATOLOGIE,OWL_ANS,synonyme,synonyme,false,
B67.9,Echinococcose SAI,"Échinococcose SAI
",APHP_DERMATOLOGIE,OWL_ANS,synonyme,inclusion,true,
L75.2,Fox-Fordyce (maladie de),"Fox(-fordyce), maladie de",APHP_DERMATOLOGIE,INDEX_CIM10_VOL3,synonyme,synonyme,false,
M05.3,Cardite rhumatoïde,Cardite rhumatoïde,APHP_DERMATOLOGIE,OWL_ANS,synonyme,synonyme,false,
N64.5,Induration du sein,Induration du sein,APHP_DERMATOLOGIE,OWL_ANS,synonyme,synonyme,false,
L30.9,Eczéma SAI,eczéma SAI,APHP_DERMATOLOGIE,OFS,synonyme,synonyme,false,
R58,Hémorragie SAI,"Hémorragie SAI
",APHP_DERMATOLOGIE,OWL_ANS,synonyme,inclusion,true,
D36.1,Neurofibrome,Neurofibrome,APHP_DERMATOLOGIE,ORPHANET,synonyme,inclusion,true,
C90.2,Plasmocytome SAI,plasmocytome SAI,APHP_DERMATOLOGIE,OFS,synonyme,synonyme,false,
K90.8,Whipple (maladie de),"Whipple, maladie de",APHP_DERMATOLOGIE,INDEX_CIM10_VOL3,synonyme,synonyme,false,
E72.0,Hartnup (maladie de),"Hartnup, maladie de",APHP_DERMATOLOGIE,INDEX_CIM10_VOL3,synonyme,synonyme,false,
F45.8,Prurit psychogène,Prurit psychogène,APHP_DERMATOLOGIE,OWL_ANS,synonyme,synonyme,false,
Q84.5,Pachyonychie congénitale,Pachyonychie congénitale,APHP_DERMATOLOGIE,ORPHANET,synonyme,inclusion,true,
E70.3,Hermansky-Pudlak (syndrome de),"Hermansky-pudlak, syndrome de",APHP_DERMATOLOGIE,INDEX_CIM10_VOL3,synonyme,synonyme,false,
L40.1,Impétigo herpétiforme,Impétigo herpétiforme,APHP_DERMATOLOGIE,OWL_ANS,synonyme,synonyme,false,
E53.8,Avitaminose B12,"Avitaminose, b12",APHP_DERMATOLOGIE,INDEX_CIM10_VOL3,synonyme,synonyme,false,
B35.3,Pied d'athlète,Pied d'athlète,APHP_DERMATOLOGIE,OWL_ANS,synonyme,synonyme,false,
M34.1,Crest (syndrome de),"Crest, syndrome de",APHP_DERMATOLOGIE,INDEX_CIM10_VOL3,synonyme,synonyme,false,
I82.9,Thrombose veineuse SAI,Thrombose (veineuse) SAI,APHP_DERMATOLOGIE,OWL_ANS,synonyme,synonyme,false,
M05.3,Myopathie rhumatoïde,Myopathie rhumatoïde,APHP_DERMATOLOGIE,OWL_ANS,synonyme,synonyme,false,
E83.1,Hémochromatose,"Hémochromatose
",APHP_DERMATOLOGIE,OWL_ANS,synonyme,inclusion,true,
D76.3,Réticulohistiocytose multicentrique,Réticulohistiocytose multicentrique,APHP_DERMATOLOGIE,ORPHANET,synonyme,inclusion,true,
K05.1,Gingivite chronique SAI,Gingivite (chronique) SAI,APHP_DERMATOLOGIE,OWL_ANS,synonyme,synonyme,false,
N37.0,Urétrite à candida,Urétrite à Candida,APHP_DERMATOLOGIE,OWL_ANS,synonyme,synonyme,false,
E56.1,Avitaminose K,"Avitaminose, k",APHP_DERMATOLOGIE,INDEX_CIM10_VOL3,synonyme,synonyme,false,
R62.8,Retard de croissance,Retard (de) croissance,APHP_DERMATOLOGIE,OWL_ANS,synonyme,synonyme,false,
L67.1,Canitie,Canitie,APHP_DERMATOLOGIE,OWL_ANS,synonyme,synonyme,false,
B55.0,Kala-Azar,Kala-azar,APHP_DERMATOLOGIE,OWL_ANS,synonyme,synonyme,false,
E05.0,Basedow (maladie de),"Basedow, maladie de",APHP_DERMATOLOGIE,INDEX_CIM10_VOL3,synonyme,synonyme,false,
J32.9,Sinusite chronique SAI,"Sinusite (chronique) SAI
",APHP_DERMATOLOGIE,OWL_ANS,synonyme,inclusion,true,
G60.1,Refsum  (maladie de),"Refsum, maladie de",APHP_DERMATOLOGIE,INDEX_CIM10_VOL3,synonyme,synonyme,false,
L65.0,Telogène,Télogène,APHP_DERMATOLOGIE,INDEX_CIM10_VOL3,synonyme,synonyme,false,
N89.8,"Leucorrhée, non précisée comme infectieuse",Leucorrhée (non précisée comme infectieuse),APHP_DERMATOLOGIE,INDEX_CIM10_VOL3,synonyme,synonyme,false,
L03.0,Paronychie,Paronychie,APHP_DERMATOLOGIE,OWL_ANS,synonyme,synonyme,false,
G11.3,Ataxie-télangiectasie,Ataxie-télangiectasie,APHP_DERMATOLOGIE,ORPHANET,synonyme,inclusion,true,
L92.0,Granulome annulaire perforant,"Granulome annulaire perforant
",APHP_DERMATOLOGIE,OWL_ANS,synonyme,inclusion,true,
B36.1,Pityriasis nigra,Pityriasis nigra,APHP_DERMATOLOGIE,OWL_ANS,synonyme,synonyme,false,
G90.1,Dysautonomie familiale (Riley-Day),Dysautonomie (familiale) (riley-day),APHP_DERMATOLOGIE,INDEX_CIM10_VOL3,synonyme,synonyme,false,
N47,Prépuce serré,Prépuce serré,APHP_DERMATOLOGIE,OWL_ANS,synonyme,synonyme,false,
J02.0,Angine à streptocoques,"Angine à streptocoques
",APHP_DERMATOLOGIE,OWL_ANS,synonyme,inclusion,true,
A54.8,Fitz-Hugh-Curtis (syndrome de),"Fitz-hugh-curtis, syndrome de",APHP_DERMATOLOGIE,INDEX_CIM10_VOL3,synonyme,synonyme,false,
L55.0,Erythème solaire,"Erythème, solaire",APHP_DERMATOLOGIE,INDEX_CIM10_VOL3,synonyme,synonyme,false,
Q84.1,Moniléthrix,Monilethrix,APHP_DERMATOLOGIE,OWL_ANS,synonyme,synonyme,false,
B35.1,Onyxis dermatophytique,Onyxis dermatophytique,APHP_DERMATOLOGIE,OWL_ANS,synonyme,synonyme,false,
T56.8,Argyrie,Argyrie,APHP_DERMATOLOGIE,ORPHANET,synonyme,inclusion,true,
Q82.8,Porokératose de Mibelli,Porokératose de Mibelli,APHP_DERMATOLOGIE,ORPHANET,synonyme,inclusion,true,
Q83.3,Mamelon surnuméraire,"Mamelon surnuméraire
",APHP_DERMATOLOGIE,OWL_ANS,synonyme,inclusion,true,
M05.3,Endocardite rhumatoïde,Endocardite rhumatoïde,APHP_DERMATOLOGIE,OWL_ANS,synonyme,synonyme,false,
E66.8,Obésité endocrinienne,"Obésité, endocrinienne",APHP_DERMATOLOGIE,INDEX_CIM10_VOL3,synonyme,synonyme,false,
N34.2,Urétrite SAI,Urétrite SAI,APHP_DERMATOLOGIE,OWL_ANS,synonyme,synonyme,false,
L93.2,Lupus érythémateux profond,Lupus érythémateux profond,APHP_DERMATOLOGIE,OWL_ANS,synonyme,synonyme,false,
L03.9,Lymphangite aiguë,lymphangite aiguë,APHP_DERMATOLOGIE,OFS,synonyme,inclusion,true,
Q84.2,Hypertrichose congénitale,Hypertrichose congénitale,APHP_DERMATOLOGIE,OWL_ANS,synonyme,synonyme,false,
N48.6,La Peyronie (maladie de),"La peyronie, maladie de",APHP_DERMATOLOGIE,INDEX_CIM10_VOL3,synonyme,synonyme,false,
L02.9,Furonculose SAI,"Furonculose SAI
",APHP_DERMATOLOGIE,OWL_ANS,synonyme,inclusion,true,
L12.2,Pemphigoïde juvénile,"Pemphigoïde, juvénile",APHP_DERMATOLOGIE,INDEX_CIM10_VOL3,synonyme,synonyme,false,
E25.0,Achard-Thiers (syndrome d'),"Achard-thiers, syndrome d'",APHP_DERMATOLOGIE,INDEX_CIM10_VOL3,synonyme,synonyme,false,
C49.9,Angiosarcome,Angiosarcome,APHP_DERMATOLOGIE,ORPHANET,synonyme,inclusion,true,
Q82.5,Nevil,NEVIL,APHP_DERMATOLOGIE,ORPHANET,synonyme,inclusion,true,
G40.4,West (syndrome de),"West, syndrome de",APHP_DERMATOLOGIE,INDEX_CIM10_VOL3,synonyme,synonyme,false,
C84.1,Lymphome de Sézary,Lymphome de Sézary,APHP_DERMATOLOGIE,ORPHANET,synonyme,inclusion,true,
L57.4,Elastose sénile,"Élastose sénile
",APHP_DERMATOLOGIE,OWL_ANS,synonyme,inclusion,true,
L03.0,Onychie,Onychie,APHP_DERMATOLOGIE,OWL_ANS,synonyme,synonyme,false,
K42.9,Hernie ombilicale SAI,"Hernie ombilicale SAI
",APHP_DERMATOLOGIE,OWL_ANS,synonyme,inclusion,true,
N48.1,Balanite,"Balanite
",APHP_DERMATOLOGIE,OWL_ANS,synonyme,inclusion,true,
Q82.8,Plis palmaires anormaux,Plis palmaires anormaux,APHP_DERMATOLOGIE,OWL_ANS,synonyme,synonyme,false,
B26.9,Oreillons SAI,Oreillons SAI,APHP_DERMATOLOGIE,OWL_ANS,synonyme,synonyme,false,
L81.4,Lentigo,"Lentigo
",APHP_DERMATOLOGIE,OWL_ANS,synonyme,inclusion,true,
A53.0,Syphilis latente SAI,Syphilis latente SAI,APHP_DERMATOLOGIE,OWL_ANS,synonyme,synonyme,false,
L53.8,Lane (maladie de),"Lane, maladie de",APHP_DERMATOLOGIE,INDEX_CIM10_VOL3,synonyme,synonyme,false,
B08.2,Roséole infantile,"Roséole, infantile",APHP_DERMATOLOGIE,INDEX_CIM10_VOL3,synonyme,synonyme,false,
E72.0,Toni - Debré - Fanconi (syndrome de),"Toni-debré-fanconi, syndrome de",APHP_DERMATOLOGIE,INDEX_CIM10_VOL3,synonyme,synonyme,false,
L28.0,Lichenification,Lichénification,APHP_DERMATOLOGIE,INDEX_CIM10_VOL3,synonyme,synonyme,false,
E52,Pellagre,Pellagre,APHP_DERMATOLOGIE,ORPHANET,synonyme,synonyme,false,
D89.1,Purpura cryoglobulinémique,Purpura cryoglobulinémique,APHP_DERMATOLOGIE,OWL_ANS,synonyme,synonyme,false,
Q84.1,Pili torti,Pili torti,APHP_DERMATOLOGIE,ORPHANET,synonyme,inclusion,true,
I80.8,Mondor (maladie de),"Mondor, maladie de",APHP_DERMATOLOGIE,INDEX_CIM10_VOL3,synonyme,synonyme,false,
E80.2,"Porphyrie aiguë, intermittente",Porphyrie aiguë intermittente,APHP_DERMATOLOGIE,ORPHANET,synonyme,inclusion,true,
I73.1,Buerger (maladie de),"Buerger, maladie de",APHP_DERMATOLOGIE,INDEX_CIM10_VOL3,synonyme,synonyme,false,
A69.2,Lyme (maladie de),"Lyme, maladie de",APHP_DERMATOLOGIE,INDEX_CIM10_VOL3,synonyme,synonyme,false,
E86,Deshydratation,Déshydratation,APHP_DERMATOLOGIE,OWL_ANS,synonyme,synonyme,false,
A51.3,Roséole syphilitique,"Roséole, syphilitique",APHP_DERMATOLOGIE,INDEX_CIM10_VOL3,synonyme,synonyme,false,
K13.7,Mucinose focale orale,"Mucinose focale orale
",APHP_DERMATOLOGIE,OWL_ANS,synonyme,inclusion,true,
E88.8,Lipomatose de Launois Bensaude,Lipomatose de Launois-Bensaude,APHP_DERMATOLOGIE,ORPHANET,synonyme,inclusion,true,
E88.2,Dercum (maladie de),"Dercum, maladie de",APHP_DERMATOLOGIE,INDEX_CIM10_VOL3,synonyme,synonyme,false,
Q78.0,Lobstein (maladie de),"Lobstein, maladie de",APHP_DERMATOLOGIE,INDEX_CIM10_VOL3,synonyme,synonyme,false,
L12.1,Pemphigoïde bénin des muqueuses,"Pemphigoïde, bénin des muqueuses",APHP_DERMATOLOGIE,INDEX_CIM10_VOL3,synonyme,synonyme,false,
L12.3,Epidermolyse bulleuse acquise,Epidermolyse bulleuse acquise,APHP_DERMATOLOGIE,ORPHANET,synonyme,synonyme,false,
G95.9,Myélopathie SAI,"Myélopathie SAI
",APHP_DERMATOLOGIE,OWL_ANS,synonyme,inclusion,true,
G51.2,Melkersson-Rosenthal (syndrome de),"Melkersson-rosenthal, syndrome de",APHP_DERMATOLOGIE,INDEX_CIM10_VOL3,synonyme,synonyme,false,
L57.0,Kératose solaire,Kératose solaire,APHP_DERMATOLOGIE,OWL_ANS,synonyme,synonyme,false,
L13.0,Dermatite herpétiforme,Dermatite herpétiforme,APHP_DERMATOLOGIE,ORPHANET,synonyme,synonyme,false,
F68.1,"Munchhausen, syndrome de","Münchhausen, syndrome de",APHP_DERMATOLOGIE,INDEX_CIM10_VOL3,synonyme,synonyme,false,
Q85.8,Phacomatose pigmento-vasculaire,Phacomatose pigmento-vasculaire,APHP_DERMATOLOGIE,ORPHANET,synonyme,inclusion,true,
L43.1,Lichen bulleux,Lichen bulleux,APHP_DERMATOLOGIE,ORPHANET,synonyme,synonyme,false,
L44.2,Lichen striatus,"Lichen, striatus",APHP_DERMATOLOGIE,INDEX_CIM10_VOL3,synonyme,synonyme,false,
L81.4,Mélanose de Riehl,"Mélanose (de), riehl",APHP_DERMATOLOGIE,INDEX_CIM10_VOL3,synonyme,synonyme,false,
Q87.1,Noonan (syndrome de),"Noonan, syndrome de",APHP_DERMATOLOGIE,INDEX_CIM10_VOL3,synonyme,synonyme,false,
M35.4,Fasciite à eosinophiles,Fasciite à éosinophiles,APHP_DERMATOLOGIE,ORPHANET,synonyme,synonyme,false,
E52,Erythème pellagroïde,"Erythème, pellagroïde",APHP_DERMATOLOGIE,INDEX_CIM10_VOL3,synonyme,synonyme,false,
L41.0,Mucha-Habermann (maladie de),"Mucha-habermann, maladie de",APHP_DERMATOLOGIE,INDEX_CIM10_VOL3,synonyme,synonyme,false,
B02.9,Zona SAI,"Zona SAI
",APHP_DERMATOLOGIE,OWL_ANS,synonyme,inclusion,true,
B97.1,Virus coxsackie,Virus Coxsackie,APHP_DERMATOLOGIE,OWL_ANS,synonyme,synonyme,false,
D89.1,Vascularite cryoglobulinémique,Vascularite cryoglobulinémique,APHP_DERMATOLOGIE,ORPHANET,synonyme,inclusion,true,
L12.1,Pemphigoïde cicatricielle,Pemphigoïde cicatricielle,APHP_DERMATOLOGIE,ORPHANET,synonyme,inclusion,true,
L87.0,Kyrle (maladie de),"Kyrle, maladie de",APHP_DERMATOLOGIE,INDEX_CIM10_VOL3,synonyme,synonyme,false,
P83.8,Urticaire du nouveau-né,Urticaire du nouveau-né,APHP_DERMATOLOGIE,OWL_ANS,synonyme,synonyme,false,
K46.9,Hernie abdominale SAI,"Hernie abdominale SAI
",APHP_DERMATOLOGIE,OWL_ANS,synonyme,inclusion,true,
C96.2,Mastocytose maligne,mastocytose maligne,APHP_DERMATOLOGIE,OFS,synonyme,synonyme,false,
Q84.3,Anonychie congénitale,Anonychie (congénitale),APHP_DERMATOLOGIE,INDEX_CIM10_VOL3,synonyme,synonyme,false,
M34.1,CRST (syndrome de),"Crst, syndrome de",APHP_DERMATOLOGIE,INDEX_CIM10_VOL3,synonyme,synonyme,false,
Q87.0,Hallermann-Streiff-François (syndrome de),"Hallermann-streiff(-françois), syndrome de",APHP_DERMATOLOGIE,INDEX_CIM10_VOL3,synonyme,synonyme,false,
L40.1,Psoriasis pustuleux généralisé,Psoriasis pustuleux généralisé,APHP_DERMATOLOGIE,ORPHANET,synonyme,synonyme,false,
K40.9,Hernie inguinale SAI,hernie inguinale  SAI,APHP_DERMATOLOGIE,OFS,synonyme,inclusion,true,
D66,Hémophilie SAI,Hémophilie SAI,APHP_DERMATOLOGIE,OWL_ANS,synonyme,synonyme,false,
D55.0,Anémie par carence en G6PD,Anémie par carence en G6PD,APHP_DERMATOLOGIE,OWL_ANS,synonyme,synonyme,false,
L57.8,Dermite solaire,Dermite solaire,APHP_DERMATOLOGIE,OWL_ANS,synonyme,synonyme,false,
E83.2,Acrodermatite entéropathique,Acrodermatite entéropathique,APHP_DERMATOLOGIE,ORPHANET,synonyme,inclusion,true,
Q85.0,"Neurofibromatose, non maligne",Neurofibromatose (non maligne),APHP_DERMATOLOGIE,INDEX_CIM10_VOL3,synonyme,synonyme,false,
N90.4,Dystrophie de la vulve,Dystrophie de la vulve,APHP_DERMATOLOGIE,OWL_ANS,synonyme,synonyme,false,
E74.8,Oxalose,Oxalose,APHP_DERMATOLOGIE,OWL_ANS,synonyme,synonyme,false,
M35.6,Panniculite de Weber-Christian,Panniculite de Weber-Christian,APHP_DERMATOLOGIE,ORPHANET,synonyme,synonyme,false,
D76.3,Xanthogranulome nécrobiotique,Xanthogranulome nécrobiotique,APHP_DERMATOLOGIE,ORPHANET,synonyme,inclusion,true,
C49.9,Rhabdomyosarcome,Rhabdomyosarcome,APHP_DERMATOLOGIE,ORPHANET,synonyme,inclusion,true,
L53.9,Erythrodermie SAI,"Érythrodermie SAI
",APHP_DERMATOLOGIE,OWL_ANS,synonyme,inclusion,true,
Q98.4,Klinefelter (syndrome de),"Klinefelter, syndrome de",APHP_DERMATOLOGIE,INDEX_CIM10_VOL3,synonyme,synonyme,false,
Q78.4,Maffucci (syndrome de),"Maffucci, syndrome de",APHP_DERMATOLOGIE,INDEX_CIM10_VOL3,synonyme,synonyme,false,
L43.8,Lichen annulaire,"Lichen, annulaire",APHP_DERMATOLOGIE,INDEX_CIM10_VOL3,synonyme,synonyme,false,
D50.1,Plummer-Vinson (syndrome de),"Plummer-vinson, syndrome de",APHP_DERMATOLOGIE,INDEX_CIM10_VOL3,synonyme,synonyme,false,
B35.0,Favus,favus,APHP_DERMATOLOGIE,OFS,synonyme,inclusion,true,
K05.1,Gingivite chronique desquamative,Gingivite (chronique) desquamative,APHP_DERMATOLOGIE,OWL_ANS,synonyme,synonyme,false,
L73.8,Sycosis de la barbe,"Sycosis de la barbe
",APHP_DERMATOLOGIE,OWL_ANS,synonyme,inclusion,true,
E78.2,Xanthome tubéreux,Xanthome tubéreux,APHP_DERMATOLOGIE,OWL_ANS,synonyme,synonyme,false,
B77.9,Ascaridiose,ascaridiose,APHP_DERMATOLOGIE,OFS,synonyme,inclusion,true,
N28.9,Néphropathie SAI,Néphropathie SAI,APHP_DERMATOLOGIE,OWL_ANS,synonyme,synonyme,false,
E05.9,Hyperthyroïdie SAI,"Hyperthyroïdie SAI
",APHP_DERMATOLOGIE,OWL_ANS,synonyme,inclusion,true,
L88,Pyoderma gangrenosum,Pyoderma gangrenosum,APHP_DERMATOLOGIE,ORPHANET,synonyme,synonyme,false,
M35.7,Laxité ligamentaire familiale,"Laxité ligamentaire familiale
",APHP_DERMATOLOGIE,OWL_ANS,synonyme,inclusion,true,
J45.9,Asthme tardif,Asthme tardif,APHP_DERMATOLOGIE,OWL_ANS,synonyme,synonyme,false,
I89.8,Stase lymphatique,"Stase, lymphatique",APHP_DERMATOLOGIE,INDEX_CIM10_VOL3,synonyme,synonyme,false,
Q84.6,Koïlonychie congénitale,"Koïlonychie, congénitale",APHP_DERMATOLOGIE,INDEX_CIM10_VOL3,synonyme,synonyme,false,
M31.5,Polymyalgie rhumatismale avec artérite à cellules géantes,"Polymyalgie, rhumatismale, avec artérite à cellules géantes",APHP_DERMATOLOGIE,INDEX_CIM10_VOL3,synonyme,synonyme,false,
K11.6,Grenouillette,Grenouillette,APHP_DERMATOLOGIE,OWL_ANS,synonyme,synonyme,false,
A18.4,Erythème noueux tuberculeux,"Erythème, noueux, tuberculeux",APHP_DERMATOLOGIE,INDEX_CIM10_VOL3,synonyme,synonyme,false,
G90.1,Riley-Day (syndrome de),"Riley-day, syndrome de",APHP_DERMATOLOGIE,INDEX_CIM10_VOL3,synonyme,synonyme,false,
L83,Acanthosis nigricans acquis,Acanthosis nigricans (acquis),APHP_DERMATOLOGIE,INDEX_CIM10_VOL3,synonyme,synonyme,false,
D76.3,Xanthogranulome juvénile,Xanthogranulome juvénile,APHP_DERMATOLOGIE,ORPHANET,synonyme,inclusion,true,
L82,Verrue séborrhéique,Verrue séborrhéique,APHP_DERMATOLOGIE,OWL_ANS,synonyme,synonyme,false,
D82.0,Wiskott-Aldrich (syndrome de),"Wiskott-aldrich, syndrome de",APHP_DERMATOLOGIE,INDEX_CIM10_VOL3,synonyme,synonyme,false,
E53.1,Avitaminose B6,"Avitaminose B6
",APHP_DERMATOLOGIE,OWL_ANS,synonyme,inclusion,true,
I66.3,Wallenberg (syndrome de),"Wallenberg, syndrome de",APHP_DERMATOLOGIE,INDEX_CIM10_VOL3,synonyme,synonyme,false,
L88,Ecthyma gangréneux,"Ecthyma, gangréneux",APHP_DERMATOLOGIE,INDEX_CIM10_VOL3,synonyme,synonyme,false,
D74.8,Methémoglobinémie acquise,Méthémoglobinémie acquise,APHP_DERMATOLOGIE,ORPHANET,synonyme,inclusion,true,
B35.0,Kérion,Kérion,APHP_DERMATOLOGIE,OWL_ANS,synonyme,synonyme,false,
I87.8,Stase veineuse,"Stase, veineuse",APHP_DERMATOLOGIE,INDEX_CIM10_VOL3,synonyme,synonyme,false,
L28.2,Hebra (prurigo de),"Hebra, prurigo de",APHP_DERMATOLOGIE,INDEX_CIM10_VOL3,synonyme,synonyme,false,
L12.1,Pemphigoïde oculaire,"Pemphigoïde, oculaire",APHP_DERMATOLOGIE,INDEX_CIM10_VOL3,synonyme,synonyme,false,
L57.0,Kératose sénile,Kératose sénile,APHP_DERMATOLOGIE,OWL_ANS,synonyme,synonyme,false,
R23.4,Induration de la peau,Induration de la peau,APHP_DERMATOLOGIE,OWL_ANS,synonyme,synonyme,false,
M71.9,Bursite SAI,"Bursite SAI
",APHP_DERMATOLOGIE,OWL_ANS,synonyme,inclusion,true,
A31.1,Ulcère de Buruli,Ulcère de Buruli,APHP_DERMATOLOGIE,OWL_ANS,synonyme,synonyme,false,
L93.0,Lupus érythémateux discoïde,Lupus érythémateux discoïde,APHP_DERMATOLOGIE,ORPHANET,synonyme,synonyme,false,
B88.0,Démodécie,Démodécie,APHP_DERMATOLOGIE,ORPHANET,synonyme,inclusion,true,
L91.0,Chéloïde,chéloïde,APHP_DERMATOLOGIE,OFS,synonyme,synonyme,false,
D82.1,Di George (syndrome de),"Di george, syndrome de",APHP_DERMATOLOGIE,INDEX_CIM10_VOL3,synonyme,synonyme,false,
L95.0,Atrophie blanche de Milian,Atrophie blanche de Milian,APHP_DERMATOLOGIE,ORPHANET,synonyme,synonyme,false,
C49.9,Fibrosarcome,Fibrosarcome,APHP_DERMATOLOGIE,ORPHANET,synonyme,inclusion,true,
K06.8,Epulis à cellules géantes,Épulis (à) cellules géantes,APHP_DERMATOLOGIE,OWL_ANS,synonyme,synonyme,false,
A77.1,Fièvre boutonneuse méditerranéenne,Fièvre boutonneuse méditerranéenne,APHP_DERMATOLOGIE,ORPHANET,synonyme,inclusion,true,
L57.8,Milium colloïde,"Milium, colloïde",APHP_DERMATOLOGIE,INDEX_CIM10_VOL3,synonyme,synonyme,false,
Q85.1,Sclérose tubéreuse de Bourneville,Sclérose tubéreuse de Bourneville,APHP_DERMATOLOGIE,ORPHANET,synonyme,synonyme,false,
A18.2,Adénite tuberculeuse,"Adénite tuberculeuse
",APHP_DERMATOLOGIE,OWL_ANS,synonyme,inclusion,true,
A65,Bejel,Béjel,APHP_DERMATOLOGIE,OWL_ANS,synonyme,synonyme,false,
L12.0,Pemphigoïde bulleuse,Pemphigoïde bulleuse,APHP_DERMATOLOGIE,ORPHANET,synonyme,synonyme,false,
L74.1,Miliaire (blanche),"Miliaire, blanche",APHP_DERMATOLOGIE,INDEX_CIM10_VOL3,synonyme,synonyme,false,
K14.8,Atrophie de la langue,Atrophie de la langue,APHP_DERMATOLOGIE,OWL_ANS,synonyme,synonyme,false,
L93.2,Panniculite lupique,Panniculite lupique,APHP_DERMATOLOGIE,OWL_ANS,synonyme,synonyme,false,
A55,Lymphogranulomatose inguinale,Lymphogranulomatose inguinale,APHP_DERMATOLOGIE,OWL_ANS,synonyme,synonyme,false,
F65.5,Sadisme,Sadisme,APHP_DERMATOLOGIE,OWL_ANS,synonyme,synonyme,false,
R23.1,Paleur,Pâleur,APHP_DERMATOLOGIE,INDEX_CIM10_VOL3,synonyme,synonyme,false,
Q84.1,Cheveux laineux,Cheveux laineux,APHP_DERMATOLOGIE,ORPHANET,synonyme,inclusion,true,
L50.8,Urticaire chronique,Urticaire chronique,APHP_DERMATOLOGIE,OWL_ANS,synonyme,synonyme,false,
F52.5,Vaginisme psychogène,"Vaginisme psychogène
",APHP_DERMATOLOGIE,OWL_ANS,synonyme,inclusion,true,
I73.8,Acrocyanose,Acrocyanose,APHP_DERMATOLOGIE,OWL_ANS,synonyme,synonyme,false,
D65,Purpura fulminans,Purpura fulminans,APHP_DERMATOLOGIE,OWL_ANS,synonyme,synonyme,false,
B37.0,Muguet buccal,"Muguet buccal
",APHP_DERMATOLOGIE,OWL_ANS,synonyme,inclusion,true,
I89.1,Lymphangite chronique,Lymphangite chronique,APHP_DERMATOLOGIE,OWL_ANS,synonyme,synonyme,false,
L85.8,Corne cutanée,"Corne cutanée
",APHP_DERMATOLOGIE,OWL_ANS,synonyme,inclusion,true,
B35.0,Sycosis trichophytique,Sycosis trichophytique,APHP_DERMATOLOGIE,OWL_ANS,synonyme,synonyme,false,
E78.6,Tangier (maladie de),"Tangier, maladie de",APHP_DERMATOLOGIE,INDEX_CIM10_VOL3,synonyme,synonyme,false,
E72.0,Cystinose,Cystinose,APHP_DERMATOLOGIE,OWL_ANS,synonyme,synonyme,false,
E78.8,Hyalinose cutanéo-muqueuse,Hyalinose cutanéo-muqueuse,APHP_DERMATOLOGIE,ORPHANET,synonyme,inclusion,true,
M05.0,Felty (syndrome de),"Felty, syndrome de",APHP_DERMATOLOGIE,INDEX_CIM10_VOL3,synonyme,synonyme,false,
L89,Escarre de décubitus,escarre (de décubitus),APHP_DERMATOLOGIE,OWL_ANS,synonyme,synonyme,false,
N41.9,Prostatite SAI,"Prostatite SAI
",APHP_DERMATOLOGIE,OWL_ANS,synonyme,inclusion,true,
L94.0,Sclérodermie circonscrite,"Sclérodermie circonscrite
",APHP_DERMATOLOGIE,OWL_ANS,synonyme,inclusion,true,
M34.8,Scléroedème (de Buschke),Scléroedème de Buschke,APHP_DERMATOLOGIE,ORPHANET,synonyme,inclusion,true,
D69.0,Purpura rhumatoïde (Schönlein-Henoch),Purpura rhumatoïde [Schönlein–Henoch],APHP_DERMATOLOGIE,OWL_ANS,synonyme,synonyme,false,
B76.9,Larva migrans cutanée,Larva migrans cutanée,APHP_DERMATOLOGIE,ORPHANET,synonyme,inclusion,true,
K13.0,Chéilite exfoliatrice,Cheilite exfoliatrice,APHP_DERMATOLOGIE,OWL_ANS,synonyme,synonyme,false,
E80.2,Porphyrie variegata,Porphyrie variegata,APHP_DERMATOLOGIE,ORPHANET,synonyme,inclusion,true,
K14.3,Langue noire villeuse,Langue noire villeuse,APHP_DERMATOLOGIE,OWL_ANS,synonyme,synonyme,false,
Q85.8,Syndrome de Peutz-Jeghers,Syndrome de Peutz–Jeghers,APHP_ENDOCRINOLOGIE,OWL_ANS,synonyme,synonyme,false,
E06.1,Thyroïdite de de Quervain,"Thyroïdite (de), de quervain",APHP_ENDOCRINOLOGIE,INDEX_CIM10_VOL3,synonyme,synonyme,false,
Q85.8,Syndrome de Von Hippel-Lindau,Syndrome de von Hippel–Lindau,APHP_ENDOCRINOLOGIE,OWL_ANS,synonyme,synonyme,false,
E30.1,Testotoxicose,Testotoxicose,APHP_ENDOCRINOLOGIE,ORPHANET,synonyme,inclusion,true,
E83.5,Hypercalcémie hypocalciurique familiale,Hypercalcémie hypocalciurique familiale,APHP_ENDOCRINOLOGIE,OWL_ANS,synonyme,synonyme,false,
E23.6,Dystrophie adiposo-génitale,dystrophie adiposo-génitale,APHP_ENDOCRINOLOGIE,OFS,synonyme,synonyme,false,
Q87.8,Syndrome de Laurence -Moon-Bardet-Biedl,Syndrome de Laurence–Moon(–Bardet)–Biedl,APHP_ENDOCRINOLOGIE,OWL_ANS,synonyme,synonyme,false,
D35.2,Adénome hypophysaire à TSH,Adénome hypophysaire à TSH,APHP_ENDOCRINOLOGIE,ORPHANET,synonyme,inclusion,true,
E22.8,Puberté hypophysaire précoce,"Puberté hypophysaire précoce
",APHP_ENDOCRINOLOGIE,OWL_ANS,synonyme,inclusion,true,
Q89.2,Kyste thyréoglosse,Kyste thyréoglosse,APHP_ENDOCRINOLOGIE,OWL_ANS,synonyme,synonyme,false,
J84.1,Syndrome d'emphysème - fibrose pulmonaire combinés,Syndrome d'emphysème-fibrose pulmonaire combinés,APHP_GRONES,ORPHANET,synonyme,inclusion,true,
I42.8,Syndrome de Tako-Tsubo,Syndrome de Tako-Tsubo,APHP_GRONES,ORPHANET,synonyme,inclusion,true,
E72.0,Syndrome de Lowe,Syndrome de Lowe,APHP_METABOLISME,OWL_ANS,synonyme,synonyme,false,
E72.2,Acidurie argininosuccinique,Acidurie argininosuccinique,APHP_METABOLISME,OWL_ANS,synonyme,synonyme,false,
H49.8,Syndrome de Kearns et Sayre,Syndrome de Kearns et Sayre,APHP_METABOLISME,OWL_ANS,synonyme,synonyme,false,
E77.1,Galactosialidose,Galactosialidose,APHP_METABOLISME,ORPHANET,synonyme,inclusion,true,
E75.0,Maladie de Tay-Sachs,Maladie de Tay–Sachs,APHP_METABOLISME,OWL_ANS,synonyme,synonyme,false,
D51.2,Déficit en transcobalamine II,Déficit en transcobalamine II,APHP_METABOLISME,ORPHANET,synonyme,inclusion,true,
E71.1,Acidémie propionique,Acidémie propionique,APHP_METABOLISME,OWL_ANS,synonyme,synonyme,false,
D51.1,Déficit en cubuline et mégaline [Syndrome d'Imerslund-Najman-Gräsbeck],Déficit en cubuline et mégaline [syndrome d’Imerslund-Najman-Gräsbeck],APHP_METABOLISME,APHP_GRONES,synonyme,synonyme,false,
E75.2,Leucodystrophie métachromatique,Leucodystrophie métachromatique,APHP_METABOLISME,OWL_ANS,synonyme,synonyme,false,
E75.2,Syndrome de Farber,Syndrome de Farber,APHP_METABOLISME,OWL_ANS,synonyme,synonyme,false,
E72.1,Déficit isolé en sulfite-oxydase,Déficit isolé en sulfite oxydase,APHP_METABOLISME,ORPHANET,synonyme,inclusion,true,
E75.0,Maladie de Sandhoff,Maladie de Sandhoff,APHP_METABOLISME,OWL_ANS,synonyme,synonyme,false,
E83.0,Maladie de Menkes,Maladie de Menkes,APHP_METABOLISME,ORPHANET,synonyme,inclusion,true,
E72.2,Citrullinémie,Citrullinémie,APHP_METABOLISME,OWL_ANS,synonyme,synonyme,false,
D51.8,Anomalie du transfert lysosomal de l'hydroxycobalamine [Cbl F],Anomalie du transfert lysosomal de l’hydroxycobalamine [Cbl F],APHP_METABOLISME,APHP_GRONES,synonyme,synonyme,false,
E70.1,Déficit en dihydroptéridine-réductase,Déficit en dihydroptéridine réductase,APHP_METABOLISME,ORPHANET,synonyme,inclusion,true,
E74.8,Déficit en transaldolase,Déficit en transaldolase,APHP_METABOLISME,ORPHANET,synonyme,inclusion,true,
E80.0,Porphyrie érythropoïétique congénitale,Porphyrie érythropoïétique congénitale,APHP_METABOLISME,OWL_ANS,synonyme,synonyme,false,
E75.5,Cholestérose cérébrotendineuse [van Bogaert-Scherer-Epstein],Cholestérose cérébrotendineuse [van Bogaert–Scherer–Epstein],APHP_METABOLISME,OWL_ANS,synonyme,synonyme,false,
E25.0,Déficit en 21-hydroxylase,Déficit en 21-hydroxylase,APHP_METABOLISME,OWL_ANS,synonyme,synonyme,false,
E70.3,Albinisme cutanéooculaire,Albinisme cutanéooculaire,APHP_METABOLISME,OWL_ANS,synonyme,synonyme,false,
E83.2,Acrodermatitis enteropathica,"Acrodermatitis enteropathica
",APHP_METABOLISME,OWL_ANS,synonyme,inclusion,true,
E75.5,Maladie de stockage des esters du cholestérol,Maladie de stockage des esters du cholestérol,APHP_METABOLISME,ORPHANET,synonyme,inclusion,true,
E72.8,Déficit en prolidase,Déficit en prolidase,APHP_METABOLISME,ORPHANET,synonyme,inclusion,true,
E71.1,Acidémie isovalérique,Acidémie isovalérique,APHP_METABOLISME,OWL_ANS,synonyme,synonyme,false,
E75.2,Maladie de Krabbe,Maladie de Krabbe,APHP_METABOLISME,OWL_ANS,synonyme,synonyme,false,
E74.2,Déficit en galactokinase,Déficit en galactokinase,APHP_METABOLISME,OWL_ANS,synonyme,synonyme,false,
E74.1,Déficit en fructose-1-6-diphosphatase,"Déficit en fructose-1,6-diphosphatase",APHP_METABOLISME,OWL_ANS,synonyme,synonyme,false,
E74.1,Intolérance héréditaire au fructose,Intolérance héréditaire au fructose,APHP_METABOLISME,OWL_ANS,synonyme,synonyme,false,
E74.4,Déficit en pyruvate-carboxylase,Déficit en pyruvate carboxylase,APHP_METABOLISME,OWL_ANS,synonyme,synonyme,false,
E71.3,Acidémie pipécolique,"Acidémie, pipécolique",APHP_METABOLISME,INDEX_CIM10_VOL3,synonyme,synonyme,false,
E78.6,Maladie d'Anderson,Maladie d'Anderson,APHP_METABOLISME,ORPHANET,synonyme,inclusion,true,
E77.0,Mucolipidose III [polydystrophie de type Hurler],Mucolipidose III [polydystrophie de type Hurler],APHP_METABOLISME,OWL_ANS,synonyme,synonyme,false,
E80.2,Porphyrie aigüe intermittente (hépatique),Porphyrie aigüe intermittente (hépatique),APHP_METABOLISME,OWL_ANS,synonyme,synonyme,false,
E83.0,Maladie de Wilson,Maladie de Wilson,APHP_METABOLISME,OWL_ANS,synonyme,synonyme,false,
E72.0,Maladie de Hartnup,Maladie de Hartnup,APHP_METABOLISME,OWL_ANS,synonyme,synonyme,false,
E83.1,Hémochromatose néonatale,Hémochromatose néonatale,APHP_METABOLISME,ORPHANET,synonyme,inclusion,true,
E72.8,Anomalies du métabolisme des acides aminés bêta,Anomalies du métabolisme des acides aminés bêta,APHP_METABOLISME,OWL_ANS,synonyme,synonyme,false,
E71.3,Adrénoleucodystrophie néonatale,Adrénoleucodystrophie néonatale,APHP_METABOLISME,ORPHANET,synonyme,inclusion,true,
E07.1,Syndrome de Pendred,Syndrome de Pendred,APHP_METABOLISME,OWL_ANS,synonyme,synonyme,false,
E72.5,Hyperglycinémie non cétosique,Hyperglycinémie non cétosique,APHP_METABOLISME,OWL_ANS,synonyme,synonyme,false,
E78.6,Abêtalipoprotéinémie,Abêtalipoprotéinémie,APHP_METABOLISME,OWL_ANS,synonyme,synonyme,false,
E72.0,Intolérance aux protéines dibasiques avec lysinurie,Intolérance aux protéines dibasiques avec lysinurie,APHP_METABOLISME,ORPHANET,synonyme,inclusion,true,
E78.6,Hypobêtalipoprotéinémie,Hypobêtalipoprotéinémie,APHP_METABOLISME,OWL_ANS,synonyme,synonyme,false,
E77.1,Sialidose [mucolipidose I],Sialidose [mucolipidose I],APHP_METABOLISME,OWL_ANS,synonyme,synonyme,false,
E74.4,Déficit en pyruvate-déshydrogénase,Déficit en pyruvate déshydrogénase,APHP_METABOLISME,OWL_ANS,synonyme,synonyme,false,
B26.9,oreillons SAI,Oreillons SAI,APHP_NEPHROLOGIE,OWL_ANS,synonyme,synonyme,false,
I26.9,embolie pulmonaire SAI,"Embolie pulmonaire SAI
",APHP_NEPHROLOGIE,OWL_ANS,synonyme,inclusion,true,
J84.9,pneumopathie interstitielle SAI,"Pneumopathie interstitielle SAI
",APHP_NEPHROLOGIE,OWL_ANS,synonyme,inclusion,true,
R82.1,myoglobinurie,Myoglobinurie,APHP_NEPHROLOGIE,INDEX_CIM10_VOL3,synonyme,synonyme,false,
E79.8,déficit en xanthine oxydase,Déficit en xanthine oxydase,APHP_NEPHROLOGIE,ORPHANET,synonyme,inclusion,true,
E87.5,hyperkaliémie,Hyperkaliémie,APHP_NEPHROLOGIE,INDEX_CIM10_VOL3,synonyme,synonyme,false,
A41.9,septicémie SAI,Septicémie SAI,APHP_NEPHROLOGIE,APHP_DERMATOLOGIE,synonyme,synonyme,false,
M31.0,Goodpasture (syndrome de),"Goodpasture, syndrome de",APHP_NEPHROLOGIE,INDEX_CIM10_VOL3,synonyme,synonyme,false,
N30.9,cystite SAI,Cystite SAI,APHP_NEPHROLOGIE,APHP_DERMATOLOGIE,synonyme,synonyme,false,
E26.1,hyperaldostéronisme secondaire,"Hyperaldostéronisme, secondaire",APHP_NEPHROLOGIE,INDEX_CIM10_VOL3,synonyme,synonyme,false,
E88.8,cytopathie mitochondriale,Cytopathie mitochondriale,APHP_NEPHROLOGIE,APHP_METABOLISME,synonyme,synonyme,false,
E21.0,hyperparathyroïdie primitive,Hyperparathyroïdie primitive,APHP_NEPHROLOGIE,APHP_DERMATOLOGIE,synonyme,synonyme,false,
I89.8,lymphocèle,Lymphocèle,APHP_NEPHROLOGIE,INDEX_CIM10_VOL3,synonyme,synonyme,false,
D69.0,purpura rhumatoïde,Purpura rhumatoïde,APHP_NEPHROLOGIE,ORPHANET,synonyme,inclusion,true,
E79.1,Lesch-Nyhan (syndrome de),"Lesch-nyhan, syndrome de",APHP_NEPHROLOGIE,INDEX_CIM10_VOL3,synonyme,synonyme,false,
N21.0,calcul vésical,Calcul vésical,APHP_NEPHROLOGIE,OWL_ANS,synonyme,synonyme,false,
E72.0,cystinurie,Cystinurie,APHP_NEPHROLOGIE,OWL_ANS,synonyme,synonyme,false,
O14.0,prééclampsie modérée,"Prééclampsie, modérée",APHP_NEPHROLOGIE,INDEX_CIM10_VOL3,synonyme,synonyme,false,
A41.9,choc septique,choc septique,APHP_NEPHROLOGIE,OFS,synonyme,synonyme,false,
E72.0,Lowe (syndrome de),"Lowe, syndrome de",APHP_NEPHROLOGIE,INDEX_CIM10_VOL3,synonyme,synonyme,false,
M30.0,périartérite noueuse,Périartérite noueuse,APHP_NEPHROLOGIE,ORPHANET,synonyme,synonyme,false,
N25.1,diabète insipide néphrogénique,Diabète insipide néphrogénique,APHP_NEPHROLOGIE,ORPHANET,synonyme,synonyme,false,
H40.9,glaucome,Glaucome,APHP_NEPHROLOGIE,INDEX_CIM10_VOL3,synonyme,synonyme,false,
R57.0,choc cardiogénique,Choc cardiogénique,APHP_NEPHROLOGIE,ORPHANET,synonyme,synonyme,false,
E72.0,cystinose,Cystinose,APHP_NEPHROLOGIE,OWL_ANS,synonyme,synonyme,false,
B02.9,zona SAI,"Zona SAI
",APHP_NEPHROLOGIE,OWL_ANS,synonyme,inclusion,true,
Q25.1,coarctation de l'aorte,Coarctation de l'aorte,APHP_NEPHROLOGIE,ORPHANET,synonyme,synonyme,false,
M31.4,Takayashu (maladie de),"Takayashu, maladie de",APHP_NEPHROLOGIE,INDEX_CIM10_VOL3,synonyme,synonyme,false,
E74.2,galactosémie,Galactosémie,APHP_NEPHROLOGIE,OWL_ANS,synonyme,synonyme,false,
Q27.1,sténose congénitale de l'artère rénale,Sténose congénitale de l'artère rénale,APHP_NEPHROLOGIE,ORPHANET,synonyme,synonyme,false,
M34.9,sclérodermie,sclérodermie,APHP_NEPHROLOGIE,OFS,synonyme,inclusion,true,
B67.9,échinococcose SAI,"Échinococcose SAI
",APHP_NEPHROLOGIE,OWL_ANS,synonyme,inclusion,true,
E74.8,hyperoxalurie primitive,Hyperoxalurie primitive,APHP_NEPHROLOGIE,ORPHANET,synonyme,inclusion,true,
E26.0,hyperaldostéronisme primaire,"Hyperaldostéronisme, primaire",APHP_NEPHROLOGIE,INDEX_CIM10_VOL3,synonyme,synonyme,false,
E89.2,hypoparathyroïdie post chirurgicale,Hypoparathyroïdie post-chirurgicale,APHP_NEPHROLOGIE,APHP_ENDOCRINOLOGIE,synonyme,synonyme,false,
Q62.3,urétérocèle congénitale,"Urétérocèle congénitale
",APHP_NEPHROLOGIE,OWL_ANS,synonyme,inclusion,true,
B18.1,hépatite virale chronique B,hépatite (virale) chronique B,APHP_NEPHROLOGIE,OFS,synonyme,synonyme,false,
E05.9,hyperthyroïdie SAI,"Hyperthyroïdie SAI
",APHP_NEPHROLOGIE,OWL_ANS,synonyme,inclusion,true,
H16.2,kératoconjonctivite,Kératoconjonctivite,APHP_NEPHROLOGIE,INDEX_CIM10_VOL3,synonyme,synonyme,false,
A53.9,syphilis SAI,Syphilis SAI,APHP_NEPHROLOGIE,APHP_DERMATOLOGIE,synonyme,synonyme,false,
N04.8,syndrome néphrotique congénital,syndrome néphrotique congénital,APHP_NEPHROLOGIE,OFS,synonyme,inclusion,true,
E78.2,hyperlipidémie mixte,"Hyperlipidémie, mixte",APHP_NEPHROLOGIE,INDEX_CIM10_VOL3,synonyme,synonyme,false,
H26.9,cataracte,Cataracte,APHP_NEPHROLOGIE,INDEX_CIM10_VOL3,synonyme,synonyme,false,
M45,spondylarthrite ankylosante,"Spondylarthrite, ankylosante",APHP_NEPHROLOGIE,INDEX_CIM10_VOL3,synonyme,synonyme,false,
M89.0,algodystrophie,Algodystrophie,APHP_NEPHROLOGIE,INDEX_CIM10_VOL3,synonyme,synonyme,false,
Q61.1,polykystose rénale autosomique récessive,Polykystose rénale autosomique récessive,APHP_NEPHROLOGIE,ORPHANET,synonyme,synonyme,false,
K92.1,mélaena,Mélaena,APHP_NEPHROLOGIE,INDEX_CIM10_VOL3,synonyme,synonyme,false,
G58.9,mononévrite SAI,Mononévrite SAI,APHP_NEPHROLOGIE,APHP_DERMATOLOGIE,synonyme,synonyme,false,
R04.8,hémorragie pulmonaire SAI,"Hémorragie pulmonaire SAI
",APHP_NEPHROLOGIE,OWL_ANS,synonyme,inclusion,true,
E70.2,tyrosinémie,Tyrosinémie,APHP_NEPHROLOGIE,OWL_ANS,synonyme,synonyme,false,
Q60.0,agénésie rénale unilatérale,Agénésie rénale unilatérale,APHP_NEPHROLOGIE,ORPHANET,synonyme,synonyme,false,
N39.0,bactériurie asymptomatique,"Bactériurie, asymptomatique",APHP_NEPHROLOGIE,INDEX_CIM10_VOL3,synonyme,synonyme,false,
G81.9,hémiplégie,Hémiplégie,APHP_NEPHROLOGIE,INDEX_CIM10_VOL3,synonyme,synonyme,false,
E87.1,hyponatrémie,Hyponatrémie,APHP_NEPHROLOGIE,INDEX_CIM10_VOL3,synonyme,synonyme,false,
D86.8,sarcoïdose,sarcoïdose,APHP_NEPHROLOGIE,OFS,synonyme,inclusion,true,
R34,anurie,Anurie,APHP_NEPHROLOGIE,INDEX_CIM10_VOL3,synonyme,synonyme,false,
C90.0,myélome multiple,Myélome multiple,APHP_NEPHROLOGIE,ORPHANET,synonyme,synonyme,false,
Q61.2,polykystose rénale autosomique dominante,Polykystose rénale autosomique dominante,APHP_NEPHROLOGIE,ORPHANET,synonyme,synonyme,false,
K92.0,hématémèse,Hématémèse,APHP_NEPHROLOGIE,INDEX_CIM10_VOL3,synonyme,synonyme,false,
M33.1,dermatomyosite,Dermatomyosite,APHP_NEPHROLOGIE,ORPHANET,synonyme,inclusion,true,
M31.1,purpura thrombotique thrombocytopénique,"Purpura thrombotique thrombocytopénique
",APHP_NEPHROLOGIE,OWL_ANS,synonyme,inclusion,true,
H35.5,rétinite pigmentaire,Rétinite pigmentaire,APHP_NEPHROLOGIE,OWL_ANS,synonyme,synonyme,false,
B05.9,rougeole SAI,"Rougeole SAI
",APHP_NEPHROLOGIE,OWL_ANS,synonyme,inclusion,true,
E66.9,obésité,Obésité,APHP_NEPHROLOGIE,INDEX_CIM10_VOL3,synonyme,synonyme,false,
E75.2,Fabry-Anderson (maladie de),"Fabry(-anderson), maladie de",APHP_NEPHROLOGIE,INDEX_CIM10_VOL3,synonyme,synonyme,false,
N41.9,prostatite SAI,"Prostatite SAI
",APHP_NEPHROLOGIE,OWL_ANS,synonyme,inclusion,true,
E87.6,hypokaliémie,Hypokaliémie,APHP_NEPHROLOGIE,INDEX_CIM10_VOL3,synonyme,synonyme,false,
N20.0,calcul coralliforme,Calcul coralliforme,APHP_NEPHROLOGIE,OWL_ANS,synonyme,synonyme,false,
A27.9,leptospirose,Leptospirose,APHP_NEPHROLOGIE,INDEX_CIM10_VOL3,synonyme,synonyme,false,
D65,coagulation intra-vasculaire disséminée,Coagulation intra-vasculaire disséminée,APHP_NEPHROLOGIE,APHP_DERMATOLOGIE,synonyme,synonyme,false,
Q87.2,Rubinstein-Taybi (syndrome de),"Rubinstein(-taybi), syndrome de",APHP_NEPHROLOGIE,INDEX_CIM10_VOL3,synonyme,synonyme,false,
E83.5,hypocalcémie,Hypocalcémie,APHP_NEPHROLOGIE,INDEX_CIM10_VOL3,synonyme,synonyme,false,
E87.0,hypernatrémie,Hypernatrémie,APHP_NEPHROLOGIE,INDEX_CIM10_VOL3,synonyme,synonyme,false,
E83.5,hypercalciurie idiopathique,Hypercalciurie idiopathique,APHP_NEPHROLOGIE,OWL_ANS,synonyme,synonyme,false,
Q60.4,hypoplasie rénale bilatérale,Hypoplasie rénale bilatérale,APHP_NEPHROLOGIE,ORPHANET,synonyme,synonyme,false,
K27.9,ulcère gastroduodénal SAI,"ulcère gastroduodénal SAI
",APHP_NEPHROLOGIE,OWL_ANS,synonyme,inclusion,true,
O14.1,prééclampsie grave,"Prééclampsie, grave",APHP_NEPHROLOGIE,INDEX_CIM10_VOL3,synonyme,synonyme,false,
Q60.1,agénésie rénale bilatérale,Agénésie rénale bilatérale,APHP_NEPHROLOGIE,ORPHANET,synonyme,synonyme,false,
I60.8,hémorragie méningée,Hémorragie méningée,APHP_NEPHROLOGIE,OWL_ANS,synonyme,synonyme,false,
Q60.3,hypoplasie rénale unilatérale,Hypoplasie rénale unilatérale,APHP_NEPHROLOGIE,ORPHANET,synonyme,synonyme,false,
B01.9,varicelle SAI,"Varicelle SAI
",APHP_NEPHROLOGIE,OWL_ANS,synonyme,inclusion,true,
E26.8,Bartter (syndrome de),"Bartter, syndrome de",APHP_NEPHROLOGIE,INDEX_CIM10_VOL3,synonyme,synonyme,false,
M33.2,polymyosite,Polymyosite,APHP_NEPHROLOGIE,ORPHANET,synonyme,synonyme,false,
F31.9,psychose maniaco-dépressive,psychose maniaco-dépressive,APHP_NEPHROLOGIE,OFS,synonyme,inclusion,true,
B54,paludisme SAI,Paludisme SAI,APHP_NEPHROLOGIE,APHP_DERMATOLOGIE,synonyme,synonyme,false,
R40.2,coma,Coma,APHP_NEPHROLOGIE,INDEX_CIM10_VOL3,synonyme,synonyme,false,
N20.1,calcul urétéral,"Calcul urétéral
",APHP_NEPHROLOGIE,OWL_ANS,synonyme,inclusion,true,
H20.0,"Uvéite antérieure aiguë, subaiguë ou à répétition","Uvéite antérieure aigüe, subaigüe ou à répétition",APHP_OPHTALMOLOGIE,OWL_ANS,synonyme,synonyme,false,
Q13.8,Anomalie de Rieger,Anomalie de Rieger,APHP_OPHTALMOLOGIE,OWL_ANS,synonyme,synonyme,false,
H04.6,Fistule lacrymale,"Fistule lacrymale
",APHP_OPHTALMOLOGIE,OWL_ANS,synonyme,inclusion,true,
H35.7,Décollement de l'épithélium pigmentaire rétinien,Décollement de l'épithélium pigmentaire rétinien,APHP_OPHTALMOLOGIE,OWL_ANS,synonyme,synonyme,false,
H33.3,Trou rond de la rétine sans décollement,"Trou rond de la rétine, sans décollement",APHP_OPHTALMOLOGIE,OWL_ANS,synonyme,synonyme,false,
H04.5,Dacryolithe,Dacryolithe,APHP_OPHTALMOLOGIE,OWL_ANS,synonyme,synonyme,false,
H50.0,Esotropie (alternante) (monoculaire) non intermittente,"Ésotropie (alternante) (monoculaire) non intermittente
",APHP_OPHTALMOLOGIE,OWL_ANS,synonyme,inclusion,true,
H25.0,Cataracte sénile punctiforme,Cataracte sénile punctiforme,APHP_OPHTALMOLOGIE,OWL_ANS,synonyme,synonyme,false,
H16.0,Ulcère de la cornée marginal,Ulcère de (la) cornée marginal,APHP_OPHTALMOLOGIE,OWL_ANS,synonyme,synonyme,false,
H16.0,Ulcère de la cornée SAI,Ulcère de (la) cornée SAI,APHP_OPHTALMOLOGIE,OWL_ANS,synonyme,synonyme,false,
H35.0,Néovascularisation rétinienne,"Néovascularisation, rétinienne",APHP_OPHTALMOLOGIE,INDEX_CIM10_VOL3,synonyme,synonyme,false,
H05.0,Ténonite,Ténonite,APHP_OPHTALMOLOGIE,OWL_ANS,synonyme,synonyme,false,
H30.8,Maladie de Harada,"Maladie de Harada
",APHP_OPHTALMOLOGIE,OWL_ANS,synonyme,inclusion,true,
H16.2,Kératoconjonctivite SAI,Kératoconjonctivite SAI,APHP_OPHTALMOLOGIE,OWL_ANS,synonyme,synonyme,false,
H30.0,Choroïdite en foyer,Choroïdite en foyer,APHP_OPHTALMOLOGIE,OWL_ANS,synonyme,synonyme,false,
Q10.3,Colobome de la paupière,Colobome de la paupière,APHP_OPHTALMOLOGIE,OWL_ANS,synonyme,synonyme,false,
H19.2,Kératoconjonctivite épidémique,Kératoconjonctivite épidémique,APHP_OPHTALMOLOGIE,OWL_ANS,synonyme,synonyme,false,
H19.0,Episclérite syphilitique,Épisclérite syphilitique,APHP_OPHTALMOLOGIE,OWL_ANS,synonyme,synonyme,false,
H18.7,Ectasie de la cornée,Ectasie de la cornée,APHP_OPHTALMOLOGIE,OWL_ANS,synonyme,synonyme,false,
H05.0,Ostéomyélite de l'orbite,Ostéomyélite de l'orbite,APHP_OPHTALMOLOGIE,OWL_ANS,synonyme,synonyme,false,
H50.4,Syndrome de monofixation,Syndrome de monofixation,APHP_OPHTALMOLOGIE,OWL_ANS,synonyme,synonyme,false,
H28.2,Cataracte myotonique,Cataracte myotonique,APHP_OPHTALMOLOGIE,OWL_ANS,synonyme,synonyme,false,
H16.0,Ulcère de la cornée central,Ulcère de (la) cornée central,APHP_OPHTALMOLOGIE,OWL_ANS,synonyme,synonyme,false,
H04.1,Syndrome des yeux secs,Syndrome des yeux secs,APHP_OPHTALMOLOGIE,OWL_ANS,synonyme,synonyme,false,
H16.2,Kératite superficielle avec conjonctivite,Kératite superficielle avec conjonctivite,APHP_OPHTALMOLOGIE,OWL_ANS,synonyme,synonyme,false,
H16.0,Ulcère de la cornée annulaire,Ulcère de (la) cornée annulaire,APHP_OPHTALMOLOGIE,OWL_ANS,synonyme,synonyme,false,
H04.1,Kyste de la glande lacrymale,kyste de la glande lacrymale,APHP_OPHTALMOLOGIE,OFS,synonyme,synonyme,false,
H30.1,Rétinochoroïdite disséminée,Rétinochoroïdite disséminée,APHP_OPHTALMOLOGIE,OWL_ANS,synonyme,synonyme,false,
H50.8,Syndrome de Stilling-Türk-Duane,"Syndrome de Stilling–Türk–Duane
",APHP_OPHTALMOLOGIE,OWL_ANS,synonyme,inclusion,true,
H44.1,Ophtalmie sympathique,Ophtalmie sympathique,APHP_OPHTALMOLOGIE,ORPHANET,synonyme,inclusion,true,
H35.5,Maladie de Stargardt,Maladie de Stargardt,APHP_OPHTALMOLOGIE,OWL_ANS,synonyme,synonyme,false,
H05.0,Périostite de l'orbite,Périostite de l'orbite,APHP_OPHTALMOLOGIE,OWL_ANS,synonyme,synonyme,false,
Q13.4,Microcornée,Microcornée,APHP_OPHTALMOLOGIE,OWL_ANS,synonyme,synonyme,false,
H04.0,Hypertrophie chronique de la glande lacrymale,"Hypertrophie chronique de la glande lacrymale
",APHP_OPHTALMOLOGIE,OWL_ANS,synonyme,inclusion,true,
Q10.6,Malformation congénitale de l'appareil lacrymal SAI,"Malformation congénitale de l'appareil lacrymal SAI
",APHP_OPHTALMOLOGIE,OWL_ANS,synonyme,inclusion,true,
H05.2,Déplacement (latéral) du globe SAI,Déplacement (latéral) du globe SAI,APHP_OPHTALMOLOGIE,OWL_ANS,synonyme,synonyme,false,
H18.0,Anneau de Kayser-Fleischer,Anneau de Kayser–Fleischer,APHP_OPHTALMOLOGIE,OWL_ANS,synonyme,synonyme,false,
Q13.0,Colobome de l'iris,Colobome de l'iris,APHP_OPHTALMOLOGIE,ORPHANET,synonyme,synonyme,false,
H18.8,Hypoesthésie de la cornée,Hypoesthésie de la cornée,APHP_OPHTALMOLOGIE,OWL_ANS,synonyme,synonyme,false,
H21.2,Atrophie de l'iris (essentielle) (progressive),Atrophie de l'iris (essentielle) (progressive),APHP_OPHTALMOLOGIE,OWL_ANS,synonyme,synonyme,false,
H01.1,Dermite eczémateuse de la paupière,dermite eczémateuse de la paupière,APHP_OPHTALMOLOGIE,OFS,synonyme,synonyme,false,
S05.8,Traumatisme du canal lacrymal,"Traumatisme du canal lacrymal
",APHP_OPHTALMOLOGIE,OWL_ANS,synonyme,inclusion,true,
H58.0,Signe d'Argyll Robertson (syphilitique),Signe d'Argyll Robertson (syphilitique),APHP_OPHTALMOLOGIE,OWL_ANS,synonyme,synonyme,false,
Q13.4,Malformation congénitale de la cornée SAI,Malformation congénitale de la cornée SAI,APHP_OPHTALMOLOGIE,OWL_ANS,synonyme,synonyme,false,
H26.4,Anneau de Soemmering,Anneau de Soemmering,APHP_OPHTALMOLOGIE,OWL_ANS,synonyme,synonyme,false,
H47.0,Hémorragie de la gaine du nerf optique,Hémorragie de la gaine du nerf optique,APHP_OPHTALMOLOGIE,OWL_ANS,synonyme,synonyme,false,
S05.7,Enucléation traumatique,"Énucléation traumatique
",APHP_OPHTALMOLOGIE,OWL_ANS,synonyme,inclusion,true,
Q15.0,Buphtalmie,Buphtalmie,APHP_OPHTALMOLOGIE,OWL_ANS,synonyme,synonyme,false,
Q15.0,Kératoglobe congénital,"Kératoglobe, congénital",APHP_OPHTALMOLOGIE,INDEX_CIM10_VOL3,synonyme,synonyme,false,
H16.0,Ulcère de Mooren,Ulcère de Mooren,APHP_OPHTALMOLOGIE,ORPHANET,synonyme,inclusion,true,
H16.1,Kératite filamenteuse,Kératite filamenteuse,APHP_OPHTALMOLOGIE,OWL_ANS,synonyme,synonyme,false,
H16.1,Kératite annulaire,Kératite annulaire,APHP_OPHTALMOLOGIE,OWL_ANS,synonyme,synonyme,false,
H53.0,Amblyopie par défaut d'usage,Amblyopie par défaut d'usage,APHP_OPHTALMOLOGIE,OWL_ANS,synonyme,synonyme,false,
H31.1,Atrophie de la choroïde,Atrophie de la choroïde,APHP_OPHTALMOLOGIE,OWL_ANS,synonyme,synonyme,false,
H31.3,Hémorragie choroïdienne SAI,Hémorragie choroïdienne SAI,APHP_OPHTALMOLOGIE,OWL_ANS,synonyme,synonyme,false,
H50.4,Strabisme concomitant SAI,Strabisme concomitant SAI,APHP_OPHTALMOLOGIE,OWL_ANS,synonyme,synonyme,false,
H35.1,Fibroplasie rétrocristallinienne ou rétrolentale,"Fibroplasie rétrocristallinienne ou rétrolentale
",APHP_OPHTALMOLOGIE,OWL_ANS,synonyme,inclusion,true,
Q14.2,Colobome congénital de la papille optique,"Colobome congénital de la papille optique
",APHP_OPHTALMOLOGIE,OWL_ANS,synonyme,inclusion,true,
H11.2,Symblépharon,"Symblépharon
",APHP_OPHTALMOLOGIE,OWL_ANS,synonyme,inclusion,true,
H16.1,Kératite striée,Kératite striée,APHP_OPHTALMOLOGIE,OWL_ANS,synonyme,synonyme,false,
H53.5,Tritanopie,Tritanopie,APHP_OPHTALMOLOGIE,OWL_ANS,synonyme,synonyme,false,
H25.0,Cataracte sénile corticale,Cataracte sénile corticale,APHP_OPHTALMOLOGIE,OWL_ANS,synonyme,synonyme,false,
H04.4,Canaliculite lacrymale chronique,Canaliculite lacrymale chronique,APHP_OPHTALMOLOGIE,OWL_ANS,synonyme,synonyme,false,
H16.1,Kératite nummulaire,Kératite nummulaire,APHP_OPHTALMOLOGIE,OWL_ANS,synonyme,synonyme,false,
H33.3,Déchirure rétinienne SAI,Déchirure rétinienne SAI,APHP_OPHTALMOLOGIE,OWL_ANS,synonyme,synonyme,false,
H05.0,Cellulite de l'orbite,Cellulite de l'orbite,APHP_OPHTALMOLOGIE,OWL_ANS,synonyme,synonyme,false,
H21.1,Rubéose de l'iris,Rubéose de l'iris,APHP_OPHTALMOLOGIE,OWL_ANS,synonyme,synonyme,false,
Q10.3,Malformation congénitale de la paupière SAI,Malformation congénitale de la paupière SAI,APHP_OPHTALMOLOGIE,OWL_ANS,synonyme,synonyme,false,
H16.2,Kératoconjonctivite phlycténulaire,Kératoconjonctivite phlycténulaire,APHP_OPHTALMOLOGIE,OWL_ANS,synonyme,synonyme,false,
H30.0,Rétinite en foyer,Rétinite en foyer,APHP_OPHTALMOLOGIE,OWL_ANS,synonyme,synonyme,false,
H47.0,Neuropathie optique ischémique,Neuropathie optique ischémique,APHP_OPHTALMOLOGIE,OWL_ANS,synonyme,synonyme,false,
H31.0,Rétinopathie solaire,Rétinopathie solaire,APHP_OPHTALMOLOGIE,OWL_ANS,synonyme,synonyme,false,
H20.0,"Cyclite aiguë, subaiguë ou à répétition","Cyclite aigüe, subaigüe ou à répétition",APHP_OPHTALMOLOGIE,OWL_ANS,synonyme,synonyme,false,
H18.8,Anesthésie de la cornée,Anesthésie de la cornée,APHP_OPHTALMOLOGIE,OWL_ANS,synonyme,synonyme,false,
H01.1,Xérodermie de la paupière,Xérodermie de la paupière,APHP_OPHTALMOLOGIE,OWL_ANS,synonyme,synonyme,false,
H53.5,Deutéranomalie,Deutéranomalie,APHP_OPHTALMOLOGIE,OWL_ANS,synonyme,synonyme,false,
H04.1,Atrophie de la glande lacrymale,Atrophie de la glande lacrymale,APHP_OPHTALMOLOGIE,OWL_ANS,synonyme,synonyme,false,
Q14.1,Anévrisme congénital de la rétine,"Anévrisme congénital de la rétine
",APHP_OPHTALMOLOGIE,OWL_ANS,synonyme,inclusion,true,
H25.0,Cataracte sénile coronaire,Cataracte sénile coronaire,APHP_OPHTALMOLOGIE,OWL_ANS,synonyme,synonyme,false,
Q14.8,Colobome du fond de l'oeil,colobome du fond de l'oeil,APHP_OPHTALMOLOGIE,OFS,synonyme,synonyme,false,
H33.0,Décollement de la rétine rhegmatogène,"Décollement de la rétine rhegmatogène
",APHP_OPHTALMOLOGIE,OWL_ANS,synonyme,inclusion,true,
H30.9,Rétinite SAI,Rétinite SAI,APHP_OPHTALMOLOGIE,OWL_ANS,synonyme,synonyme,false,
S05.1,Hyphéma traumatique,"Hyphéma traumatique
",APHP_OPHTALMOLOGIE,OWL_ANS,synonyme,inclusion,true,
Q10.3,Blépharophimosis congénital,Blépharophimosis congénital,APHP_OPHTALMOLOGIE,OWL_ANS,synonyme,synonyme,false,
H05.3,Atrophie de l'orbite,Atrophie de l'orbite,APHP_OPHTALMOLOGIE,OWL_ANS,synonyme,synonyme,false,
H50.3,Esotropie intermittente (alternante) (monoculaire),Ésotropie intermittente (alternante) (monoculaire),APHP_OPHTALMOLOGIE,OWL_ANS,synonyme,synonyme,false,
H44.3,Sidérose de l'oeil,sidérose de l'oeil,APHP_OPHTALMOLOGIE,OFS,synonyme,synonyme,false,
Q15.0,Macrophtalmie au cours d'un glaucome congénital,Macrophtalmie au cours d'un glaucome congénital,APHP_OPHTALMOLOGIE,OWL_ANS,synonyme,synonyme,false,
H19.8,Kératocône au cours du syndrome de Down,Kératocône au cours du syndrome de Down,APHP_OPHTALMOLOGIE,OWL_ANS,synonyme,synonyme,false,
H53.0,Amblyopie anisométrique,Amblyopie anisométrique,APHP_OPHTALMOLOGIE,OWL_ANS,synonyme,synonyme,false,
H50.5,Hyperphorie alternante,Hyperphorie alternante,APHP_OPHTALMOLOGIE,OWL_ANS,synonyme,synonyme,false,
H50.6,Strabisme dû à des adhérences,Strabisme dû à des adhérences,APHP_OPHTALMOLOGIE,OWL_ANS,synonyme,synonyme,false,
H00.0,Furoncle de la paupière,Furoncle de la paupière,APHP_OPHTALMOLOGIE,OWL_ANS,synonyme,synonyme,false,
H16.0,Ulcère de la cornée avec hypopyon,Ulcère de (la) cornée avec hypopyon,APHP_OPHTALMOLOGIE,OWL_ANS,synonyme,synonyme,false,
H31.3,Hémorragie choroïdienne expulsive,Hémorragie choroïdienne expulsive,APHP_OPHTALMOLOGIE,OWL_ANS,synonyme,synonyme,false,
H01.1,Dermite allergique de la paupière,dermite allergique de la paupière,APHP_OPHTALMOLOGIE,OFS,synonyme,synonyme,false,
H25.0,Cataracte sénile polaire sous-capsulaire (antérieure)(postérieure),cataracte sénile polaire sous-capsulaire (antérieure) (postérieure),APHP_OPHTALMOLOGIE,OFS,synonyme,synonyme,false,
H05.2,Oedème de l'orbite,oedème de l'orbite,APHP_OPHTALMOLOGIE,OFS,synonyme,synonyme,false,
H53.5,Protanopie,Protanopie,APHP_OPHTALMOLOGIE,OWL_ANS,synonyme,synonyme,false,
H53.5,Tritanomalie,Tritanomalie,APHP_OPHTALMOLOGIE,OWL_ANS,synonyme,synonyme,false,
H33.3,Déchirure en fer à cheval de la rétine sans décollement,"Déchirure en fer à cheval de la rétine, sans décollement",APHP_OPHTALMOLOGIE,OWL_ANS,synonyme,synonyme,false,
H15.8,Staphylome équatorial,Staphylome équatorial,APHP_OPHTALMOLOGIE,OWL_ANS,synonyme,synonyme,false,
H05.3,Exostose de l'orbite,Exostose de l'orbite,APHP_OPHTALMOLOGIE,OWL_ANS,synonyme,synonyme,false,
H16.1,Kératite stellaire,Kératite stellaire,APHP_OPHTALMOLOGIE,OWL_ANS,synonyme,synonyme,false,
H01.1,Dermite de contact de la paupière,dermite de contact de la paupière,APHP_OPHTALMOLOGIE,OFS,synonyme,synonyme,false,
H53.5,Achromatopsie,Achromatopsie,APHP_OPHTALMOLOGIE,OWL_ANS,synonyme,synonyme,false,
Q13.4,Anomalie de Peter,Anomalie de Peter,APHP_OPHTALMOLOGIE,OWL_ANS,synonyme,synonyme,false,
H50.1,Exotropie (alternante) (monoculaire) non intermittente,"Exotropie (alternante) (monoculaire) non intermittente
",APHP_OPHTALMOLOGIE,OWL_ANS,synonyme,inclusion,true,
H50.6,Syndrome de Brown,Syndrome de Brown,APHP_OPHTALMOLOGIE,OWL_ANS,synonyme,synonyme,false,
H50.3,Exotropie intermittente (alternante) (monoculaire),Exotropie intermittente (alternante) (monoculaire),APHP_OPHTALMOLOGIE,OWL_ANS,synonyme,synonyme,false,
Q13.2,Anisocorie congénitale,Anisocorie congénitale,APHP_OPHTALMOLOGIE,OWL_ANS,synonyme,synonyme,false,
H55,Nystagmus de défaut d'usage,Nystagmus (de) défaut d'usage,APHP_OPHTALMOLOGIE,OWL_ANS,synonyme,synonyme,false,
H30.9,Rétinochoroïdite SAI,Rétinochoroïdite SAI,APHP_OPHTALMOLOGIE,OWL_ANS,synonyme,synonyme,false,
H16.2,Kératoconjonctivite neurotrophique,Kératoconjonctivite neurotrophique,APHP_OPHTALMOLOGIE,OWL_ANS,synonyme,synonyme,false,
Q10.3,Paupière surnuméraire,Paupière surnuméraire,APHP_OPHTALMOLOGIE,OWL_ANS,synonyme,synonyme,false,
H20.0,"Iritis aiguë, subaiguë ou à répétition","Iritis aigüe, subaigüe ou à répétition",APHP_OPHTALMOLOGIE,OWL_ANS,synonyme,synonyme,false,
H16.1,Kératite ponctuée superficielle,Kératite ponctuée superficielle,APHP_OPHTALMOLOGIE,OWL_ANS,synonyme,synonyme,false,
H05.1,Granulome de l'orbite,"Granulome de l'orbite
",APHP_OPHTALMOLOGIE,OWL_ANS,synonyme,inclusion,true,
H53.5,Deutéranopie,Deutéranopie,APHP_OPHTALMOLOGIE,OWL_ANS,synonyme,synonyme,false,
H00.0,Abcès de la paupière,Abcès de la paupière,APHP_OPHTALMOLOGIE,OWL_ANS,synonyme,synonyme,false,
H04.4,Dacryocystite chronique,Dacryocystite chronique,APHP_OPHTALMOLOGIE,OWL_ANS,synonyme,synonyme,false,
H16.4,Pannus de la cornée,Pannus (de la cornée),APHP_OPHTALMOLOGIE,OWL_ANS,synonyme,synonyme,false,
H02.5,Atrophie de la paupière,Atrophie de la paupière,APHP_OPHTALMOLOGIE,OWL_ANS,synonyme,synonyme,false,
H47.3,Druses de la papille optique,Druses de la papille optique,APHP_OPHTALMOLOGIE,OWL_ANS,synonyme,synonyme,false,
Q10.4,Absence d'orifice lacrymal,"Absence d'orifice lacrymal
",APHP_OPHTALMOLOGIE,OWL_ANS,synonyme,inclusion,true,
H44.8,Luxation du globe oculaire,Luxation du globe oculaire,APHP_OPHTALMOLOGIE,OWL_ANS,synonyme,synonyme,false,
H48.1,Névrite rétrobulbaire au cours de syphilis tardive,Névrite rétrobulbaire au cours de syphilis tardive,APHP_OPHTALMOLOGIE,OWL_ANS,synonyme,synonyme,false,
H18.8,Erosion récidivante de la cornée,Érosion récidivante de la cornée,APHP_OPHTALMOLOGIE,OWL_ANS,synonyme,synonyme,false,
H16.0,Ulcère de la cornée perforé,Ulcère de (la) cornée perforé,APHP_OPHTALMOLOGIE,OWL_ANS,synonyme,synonyme,false,
Q13.1,Aniridie congénitale,Aniridie (congénitale),APHP_OPHTALMOLOGIE,INDEX_CIM10_VOL3,synonyme,synonyme,false,
H05.0,Abcès de l'orbite,Abcès de l'orbite,APHP_OPHTALMOLOGIE,OWL_ANS,synonyme,synonyme,false,
H30.1,Choroïdite disséminée,Choroïdite disséminée,APHP_OPHTALMOLOGIE,OWL_ANS,synonyme,synonyme,false,
H49.8,Ophtalmoplégie externe SAI,Ophtalmoplégie externe SAI,APHP_OPHTALMOLOGIE,OWL_ANS,synonyme,synonyme,false,
H40.1,Glaucome capsulaire avec pseudo-exfoliation cristallinienne,"Glaucome, capsulaire (avec pseudo-exfoliation cristallinienne)",APHP_OPHTALMOLOGIE,INDEX_CIM10_VOL3,synonyme,synonyme,false,
Q13.2,Malformation congénitale de l'iris SAI,Malformation congénitale de l'iris SAI,APHP_OPHTALMOLOGIE,OWL_ANS,synonyme,synonyme,false,
H26.0,Cataracte présénile,"Cataracte, présénile",APHP_OPHTALMOLOGIE,INDEX_CIM10_VOL3,synonyme,synonyme,false,
H18.4,Kératopathie en bandelettes,Kératopathie en bandelettes,APHP_OPHTALMOLOGIE,OWL_ANS,synonyme,synonyme,false,
H53.0,Amblyopie avec strabisme,Amblyopie avec strabisme,APHP_OPHTALMOLOGIE,OWL_ANS,synonyme,synonyme,false,
H52.5,Ophtalmoplégie interne (complète) (totale),Ophtalmoplégie interne (complète) (totale),APHP_OPHTALMOLOGIE,OWL_ANS,synonyme,synonyme,false,
H18.7,Staphylome de la cornée,Staphylome de la cornée,APHP_OPHTALMOLOGIE,OWL_ANS,synonyme,synonyme,false,
H30.9,Choroïdite SAI,Choroïdite SAI,APHP_OPHTALMOLOGIE,OWL_ANS,synonyme,synonyme,false,
H16.2,Kératoconjonctivite d'exposition,Kératoconjonctivite d'exposition,APHP_OPHTALMOLOGIE,OWL_ANS,synonyme,synonyme,false,
H19.0,Sclérite zostérienne,Sclérite zostérienne,APHP_OPHTALMOLOGIE,OWL_ANS,synonyme,synonyme,false,
H44.5,Glaucome absolu,Glaucome absolu,APHP_OPHTALMOLOGIE,OWL_ANS,synonyme,synonyme,false,
H50.4,Cyclotropie,Cyclotropie,APHP_OPHTALMOLOGIE,OWL_ANS,synonyme,synonyme,false,
H47.0,Compression du nerf optique,Compression du nerf optique,APHP_OPHTALMOLOGIE,OWL_ANS,synonyme,synonyme,false,
H02.5,Ankyloblépharon,Ankyloblépharon,APHP_OPHTALMOLOGIE,OWL_ANS,synonyme,synonyme,false,
H05.2,Hémorragie de l'orbite,Hémorragie de l'orbite,APHP_OPHTALMOLOGIE,OWL_ANS,synonyme,synonyme,false,
H33.4,Vitréo-rétinopathie proliférante avec décollement de la rétine,vitréo-rétinopathie proliférante avec décollement de la rétine,APHP_OPHTALMOLOGIE,OFS,synonyme,synonyme,false,
H30.1,Rétinite disséminée,Rétinite disséminée,APHP_OPHTALMOLOGIE,OWL_ANS,synonyme,synonyme,false,
H19.0,Episclérite tuberculeuse,Épisclérite tuberculeuse,APHP_OPHTALMOLOGIE,OWL_ANS,synonyme,synonyme,false,
H21.4,Iris bombé,Iris bombé,APHP_OPHTALMOLOGIE,OWL_ANS,synonyme,synonyme,false,
H53.5,Incapacité acquise de la vision des couleurs,Incapacité acquise de la vision des couleurs,APHP_OPHTALMOLOGIE,OWL_ANS,synonyme,synonyme,false,
H19.3,Kératoconjonctivite sèche,Kératoconjonctivite sèche,APHP_OPHTALMOLOGIE,OWL_ANS,synonyme,synonyme,false,
H40.1,Glaucome pigmentaire,"Glaucome, pigmentaire",APHP_OPHTALMOLOGIE,INDEX_CIM10_VOL3,synonyme,synonyme,false,
Q14.0,Opacité congénitale du corps vitré,"Opacité congénitale du corps vitré
",APHP_OPHTALMOLOGIE,OWL_ANS,synonyme,inclusion,true,
H30.0,Rétinochoroïdite en foyer,Rétinochoroïdite en foyer,APHP_OPHTALMOLOGIE,OWL_ANS,synonyme,synonyme,false,
E70.3,Albinisme oculaire,Albinisme oculaire,APHP_OPHTALMOLOGIE,OWL_ANS,synonyme,synonyme,false,
H21.2,Kyste pupillaire miotique,Kyste pupillaire miotique,APHP_OPHTALMOLOGIE,OWL_ANS,synonyme,synonyme,false,
H32.08,Choriorétinite tuberculeuse,Choriorétinite tuberculeuse,APHP_OPHTALMOLOGIE,OWL_ANS,synonyme,synonyme,false,
H33.2,Décollement de la rétine SAI,Décollement de la rétine SAI,APHP_OPHTALMOLOGIE,OWL_ANS,synonyme,synonyme,false,
H04.5,Eversion du point lacrymal,Éversion du point lacrymal,APHP_OPHTALMOLOGIE,OWL_ANS,synonyme,synonyme,false,
E75.2,Maladie de Niemann Pick,Maladie de Niemann–Pick,APHP_RHUMATOLOGIE,OWL_ANS,synonyme,synonyme,false,
R16.2,Hépatosplénomégalie SAI,"Hépatosplénomégalie SAI
",APHP_RHUMATOLOGIE,OWL_ANS,synonyme,inclusion,true,
G62.9,Polynévrite SAI,polynévrite SAI,APHP_RHUMATOLOGIE,APHP_NEPHROLOGIE,synonyme,synonyme,false,
E76.0,Maladie de Hurler,Maladie de Hurler,APHP_RHUMATOLOGIE,ORPHANET,synonyme,inclusion,true,
D47.2,Gammapathie  monoclonale,Gammapathie monoclonale,APHP_RHUMATOLOGIE,APHP_DERMATOLOGIE,synonyme,synonyme,false,
E83.3,Hypophosphatasie,Hypophosphatasie,APHP_RHUMATOLOGIE,OWL_ANS,synonyme,synonyme,false,
M89.0,Syndrome épaule-main,"Syndrome épaule-main
",APHP_RHUMATOLOGIE,OWL_ANS,synonyme,inclusion,true,
Q65.8,Coxa valga congénitale,Coxa valga congénitale,APHP_RHUMATOLOGIE,OWL_ANS,synonyme,synonyme,false,
M60.8,Myosite à inclusions,Myosite à inclusions,APHP_RHUMATOLOGIE,ORPHANET,synonyme,inclusion,true,
Q05.1,Spina bifida thoracique avec hydrocéphalie,Spina bifida thoracique avec hydrocéphalie,APHP_RHUMATOLOGIE,OWL_ANS,synonyme,synonyme,false,
Q65.8,Dysplasie acetabulaire congénitale,Dysplasie acétabulaire congénitale,APHP_RHUMATOLOGIE,OWL_ANS,synonyme,synonyme,false,
Q65.6,Hanche instable,"Hanche, instable",APHP_RHUMATOLOGIE,INDEX_CIM10_VOL3,synonyme,synonyme,false,
M34.8,Sclérodermie systémique avec myopathie,Sclérodermie systémique avec myopathie,APHP_RHUMATOLOGIE,OWL_ANS,synonyme,synonyme,false,
M53.3,Coccygodynie,"Coccygodynie
",APHP_RHUMATOLOGIE,OWL_ANS,synonyme,inclusion,true,
F45.8,Torticolis psychogène,Torticolis psychogène,APHP_RHUMATOLOGIE,OWL_ANS,synonyme,synonyme,false,
M54.1,Radiculite SAI,Radiculite SAI,APHP_RHUMATOLOGIE,OWL_ANS,synonyme,synonyme,false,
C78.7,Métastase hépatique,métastase hépatique,APHP_RHUMATOLOGIE,APHP_NEPHROLOGIE,synonyme,synonyme,false,
Q66.6,Metatarsus valgus,"Metatarsus valgus
",APHP_RHUMATOLOGIE,OWL_ANS,synonyme,inclusion,true,
T80.6,Maladie sérique,Maladie sérique,APHP_RHUMATOLOGIE,OWL_ANS,synonyme,synonyme,false,
M34.8,Sclérodermie systémique avec atteinte pulmonaire,Sclérodermie systémique avec atteinte pulmonaire,APHP_RHUMATOLOGIE,OWL_ANS,synonyme,synonyme,false,
E85.0,Syndrome de Muckle Wells,Syndrome de Muckle-Wells,APHP_RHUMATOLOGIE,ORPHANET,synonyme,inclusion,true,
N10,Pyélonéphrite aiguë,Pyélonéphrite aigüe,APHP_RHUMATOLOGIE,OWL_ANS,synonyme,synonyme,false,
J42,Bronchite chronique SAI,Bronchite chronique SAI,APHP_RHUMATOLOGIE,OWL_ANS,synonyme,synonyme,false,
E83.5,Hypercalcémie,hypercalcémie,APHP_RHUMATOLOGIE,APHP_NEPHROLOGIE,synonyme,synonyme,false,
Q65.8,Coxa vara congénitale,Coxa vara congénitale,APHP_RHUMATOLOGIE,OWL_ANS,synonyme,synonyme,false,
Q65.8,Antéversion du col du fémur,Antéversion du col du fémur,APHP_RHUMATOLOGIE,OWL_ANS,synonyme,synonyme,false,
D82.0,Syndrome de Wiskott Aldrich,Syndrome de Wiskott-Aldrich,APHP_RHUMATOLOGIE,ORPHANET,synonyme,synonyme,false,
Q74.1,Genu valgum congénital,Genu valgum congénital,APHP_RHUMATOLOGIE,OWL_ANS,synonyme,synonyme,false,
C79.7,Métastase surrénalienne,métastase surrénalienne,APHP_RHUMATOLOGIE,APHP_NEPHROLOGIE,synonyme,synonyme,false,
Q79.6,Syndrome d’Ehlers-Danlos,Syndrome d'Ehlers-Danlos,APHP_RHUMATOLOGIE,ORPHANET,synonyme,synonyme,false,
D36.1,Ganglioneurome,Ganglioneurome,APHP_RHUMATOLOGIE,ORPHANET,synonyme,inclusion,true,
Q74.1,Genu varum congénital,Genu varum congénital,APHP_RHUMATOLOGIE,OWL_ANS,synonyme,synonyme,false,
E85.0,Fièvre méditerranéenne familiale [Maladie périodique],fièvre méditerranéenne familiale (maladie périodique),APHP_RHUMATOLOGIE,APHP_NEPHROLOGIE,synonyme,synonyme,false,
E27.1,Maladie  d’Addison,Maladie d'Addison,APHP_RHUMATOLOGIE,OWL_ANS,synonyme,synonyme,false,
M06.1,Maladie de Still de l’adulte,Maladie de Still de l'adulte,APHP_RHUMATOLOGIE,ORPHANET,synonyme,synonyme,false,
M14.6,Arthropathie tabétique,Arthropathie tabétique,APHP_RHUMATOLOGIE,OWL_ANS,synonyme,synonyme,false,
C78.0,Métastase pulmonaire,métastase pulmonaire,APHP_RHUMATOLOGIE,APHP_NEPHROLOGIE,synonyme,synonyme,false,
L94.0,Sclérodermie localisée,Sclérodermie localisée,APHP_RHUMATOLOGIE,ORPHANET,synonyme,synonyme,false,
K04.7,Abcès dentaire SAI,Abcès dentaire SAI,APHP_RHUMATOLOGIE,OWL_ANS,synonyme,synonyme,false,
M30.0,Périartérite noueuse secondaire,Périartérite noueuse secondaire,APHP_RHUMATOLOGIE,ORPHANET,synonyme,inclusion,true,
E28.8,Hyperfonction ovarienne SAI,"Hyperfonction ovarienne SAI
",APHP_RHUMATOLOGIE,OWL_ANS,synonyme,inclusion,true,
E78.0,Hypercholestérolémie familiale,Hypercholestérolémie familiale,APHP_RHUMATOLOGIE,OWL_ANS,synonyme,synonyme,false,
A04.7,Colite pseudomembraneuse,Colite pseudomembraneuse,APHP_SRLF,OWL_ANS,synonyme,synonyme,false,
C45.0,Mésothéliome pleural,Mésothéliome pleural,APHP_SRLF,ORPHANET,synonyme,synonyme,false,
L71.1,rhinophyma,Rhinophyma,CEPIDC_2015,INDEX_CIM10_VOL3,synonyme,synonyme,false,
A22.9,charbon,Charbon,CEPIDC_2015,INDEX_CIM10_VOL3,synonyme,synonyme,false,
D69.0,purpura rhumatoïde,Purpura rhumatoïde,CEPIDC_2015,ORPHANET,synonyme,inclusion,true,
D36.1,gangliocytome,Gangliocytome,CEPIDC_2015,ORPHANET,synonyme,inclusion,true,
A05.1,botulisme,Botulisme,CEPIDC_2015,ORPHANET,synonyme,synonyme,false,
E76.2,mucopolysaccharidose type VI,Mucopolysaccharidose type VI,CEPIDC_2015,ORPHANET,synonyme,inclusion,true,
M54.5,douleur lombaire,Douleur lombaire,CEPIDC_2015,OWL_ANS,synonyme,synonyme,false,
N45.9,orchite,Orchite,CEPIDC_2015,APHP_DERMATOLOGIE,synonyme,synonyme,false,
Q13.1,aniridie,"Aniridie
",CEPIDC_2015,OWL_ANS,synonyme,inclusion,true,
J86.9,abcès thoracique,abcès thoracique,CEPIDC_2015,OFS,synonyme,inclusion,true,
F60.3,personnalité limite,"Personnalité, limite",CEPIDC_2015,INDEX_CIM10_VOL3,synonyme,synonyme,false,
Q87.0,syndrome Kabuki,Syndrome Kabuki,CEPIDC_2015,ORPHANET,synonyme,inclusion,true,
F34.1,dysthymie,Dysthymie,CEPIDC_2015,INDEX_CIM10_VOL3,synonyme,synonyme,false,
Q93.5,délétion 1pter,Délétion 1pter,CEPIDC_2015,ORPHANET,synonyme,inclusion,true,
F41.1,état anxieux,État anxieux,CEPIDC_2015,OWL_ANS,synonyme,synonyme,false,
Q01.9,méningo-encéphalocèle,méningo-encéphalocèle,CEPIDC_2015,OFS,synonyme,inclusion,true,
B96.5,Pseudomonas,Pseudomonas,CEPIDC_2015,APHP_RHUMATOLOGIE,synonyme,synonyme,false,
C22.0,CHC,CHC,CEPIDC_2015,ORPHANET,synonyme,synonyme,false,
A18.3,tuberculose digestive,Tuberculose digestive,CEPIDC_2015,ORPHANET,synonyme,synonyme,false,
X37,orage,orage,CEPIDC_2015,OFS,synonyme,inclusion,true,
M08.3,polyarthrite juvénile chronique,"Polyarthrite juvénile chronique
",CEPIDC_2015,OWL_ANS,synonyme,inclusion,true,
E26.9,hyperaldostéronisme,Hyperaldostéronisme,CEPIDC_2015,INDEX_CIM10_VOL3,synonyme,synonyme,false,
Q23.2,atrésie mitrale,Atrésie mitrale,CEPIDC_2015,ORPHANET,synonyme,inclusion,true,
Q60.4,hypoplasie rénale bilatérale,Hypoplasie rénale bilatérale,CEPIDC_2015,ORPHANET,synonyme,synonyme,false,
P08.2,postmaturité,Postmaturité,CEPIDC_2015,INDEX_CIM10_VOL3,synonyme,synonyme,false,
E03.5,coma myxoedémateux,"Coma, myxoedémateux",CEPIDC_2015,INDEX_CIM10_VOL3,synonyme,synonyme,false,
C71.9,oligoastrocytome,Oligoastrocytome,CEPIDC_2015,ORPHANET,synonyme,inclusion,true,
J00,coryza,Coryza,CEPIDC_2015,APHP_DERMATOLOGIE,synonyme,synonyme,false,
T17.3,corps étranger larynx,"Corps, étranger, larynx",CEPIDC_2015,INDEX_CIM10_VOL3,synonyme,synonyme,false,
O68.0,bradycardie foetale,bradycardie foetale,CEPIDC_2015,OFS,synonyme,synonyme,false,
I27.0,hypertension artérielle pulmonaire primitive,Hypertension artérielle pulmonaire primitive,CEPIDC_2015,ORPHANET,synonyme,inclusion,true,
P02.7,amniotite,Amniotite,CEPIDC_2015,OWL_ANS,synonyme,synonyme,false,
A27.0,leptospirose ictéro-hémorragique,"Leptospirose, ictéro-hémorragique",CEPIDC_2015,INDEX_CIM10_VOL3,synonyme,synonyme,false,
B37.2,candidose cutanée,Candidose cutanée,CEPIDC_2015,APHP_DERMATOLOGIE,synonyme,synonyme,false,
F30.0,hypomanie,Hypomanie,CEPIDC_2015,INDEX_CIM10_VOL3,synonyme,synonyme,false,
G71.0,dystrophie musculaire facio-scapulo-humérale,Dystrophie musculaire facio-scapulo-humérale,CEPIDC_2015,OWL_ANS,synonyme,synonyme,false,
M47.8,lombarthrose,Lombarthrose,CEPIDC_2015,INDEX_CIM10_VOL3,synonyme,synonyme,false,
F48.0,syndrome asthénique,"Syndrome asthénique
",CEPIDC_2015,OWL_ANS,synonyme,inclusion,true,
T78.2,choc anaphylactique,choc anaphylactique,CEPIDC_2015,APHP_NEPHROLOGIE,synonyme,synonyme,false,
M61.1,fibrodysplasie ossifiante progressive,"Fibrodysplasie ossifiante progressive
",CEPIDC_2015,OWL_ANS,synonyme,inclusion,true,
H92.1,otorrhée,Otorrhée,CEPIDC_2015,INDEX_CIM10_VOL3,synonyme,synonyme,false,
K11.2,parotidite,Parotidite,CEPIDC_2015,INDEX_CIM10_VOL3,synonyme,synonyme,false,
J98.2,pneumomédiastin,Pneumomédiastin,CEPIDC_2015,INDEX_CIM10_VOL3,synonyme,synonyme,false,
R00.1,bradycardie,Bradycardie,CEPIDC_2015,INDEX_CIM10_VOL3,synonyme,synonyme,false,
N30.1,cystite interstitielle,Cystite interstitielle,CEPIDC_2015,ORPHANET,synonyme,synonyme,false,
B86,gale norvégienne,Gale norvégienne,CEPIDC_2015,APHP_DERMATOLOGIE,synonyme,synonyme,false,
R63.0,anorexie,Anorexie,CEPIDC_2015,INDEX_CIM10_VOL3,synonyme,synonyme,false,
D47.5,syndrome hyperéosinophilique clonal,Syndrome hyperéosinophilique clonal,CEPIDC_2015,ORPHANET,synonyme,inclusion,true,
J98.0,bronchomalacie,Bronchomalacie,CEPIDC_2015,INDEX_CIM10_VOL3,synonyme,synonyme,false,
C71.6,médulloblastome,Médulloblastome,CEPIDC_2015,ORPHANET,synonyme,inclusion,true,
Q01.9,encéphalocèle,Encéphalocèle,CEPIDC_2015,INDEX_CIM10_VOL3,synonyme,synonyme,false,
M45,pelvispondylite rhumatismale,Pelvispondylite rhumatismale,CEPIDC_2015,INDEX_CIM10_VOL3,synonyme,synonyme,false,
K92.0,hématémèse,Hématémèse,CEPIDC_2015,INDEX_CIM10_VOL3,synonyme,synonyme,false,
R45.4,colère,Colère,CEPIDC_2015,INDEX_CIM10_VOL3,synonyme,synonyme,false,
J60,anthracosilicose,Anthracosilicose,CEPIDC_2015,OWL_ANS,synonyme,synonyme,false,
B46.5,mucormycose,Mucormycose,CEPIDC_2015,INDEX_CIM10_VOL3,synonyme,synonyme,false,
C22.1,cholangiocarcinome,"Cholangiocarcinome
",CEPIDC_2015,OWL_ANS,synonyme,inclusion,true,
E72.2,acidémie arginino-succinique,"Acidémie, arginino-succinique",CEPIDC_2015,INDEX_CIM10_VOL3,synonyme,synonyme,false,
Z60.2,solitude,Solitude,CEPIDC_2015,INDEX_CIM10_VOL3,synonyme,synonyme,false,
D13.6,adénome pancréatique,Adénome pancréatique,CEPIDC_2015,ORPHANET,synonyme,inclusion,true,
L12.1,pemphigus oculaire,Pemphigus oculaire,CEPIDC_2015,APHP_DERMATOLOGIE,synonyme,synonyme,false,
N45.9,épididymite,Epididymite,CEPIDC_2015,APHP_DERMATOLOGIE,synonyme,synonyme,false,
M31.6,artérite temporale,Artérite temporale,CEPIDC_2015,ORPHANET,synonyme,inclusion,true,
C96.2,mastocytose maligne,mastocytose maligne,CEPIDC_2015,OFS,synonyme,synonyme,false,
E54,scorbut,Scorbut,CEPIDC_2015,OWL_ANS,synonyme,synonyme,false,
L51.1,hydroa,Hydroa,CEPIDC_2015,INDEX_CIM10_VOL3,synonyme,synonyme,false,
Q02,microcéphalie,Microcéphalie,CEPIDC_2015,INDEX_CIM10_VOL3,synonyme,synonyme,false,
D13.4,adénome hépatique,Adénome hépatique,CEPIDC_2015,ORPHANET,synonyme,inclusion,true,
M13.1,coxite,Coxite,CEPIDC_2015,INDEX_CIM10_VOL3,synonyme,synonyme,false,
C90.0,myélome multiple,Myélome multiple,CEPIDC_2015,ORPHANET,synonyme,synonyme,false,
Q04.3,lissencéphalie,Lissencéphalie,CEPIDC_2015,OWL_ANS,synonyme,synonyme,false,
R25.8,athétose,Athétose,CEPIDC_2015,INDEX_CIM10_VOL3,synonyme,synonyme,false,
C92.0,leucémie myéloblastique aigüe type 1,Leucémie myéloblastique aiguë type 1,CEPIDC_2015,ORPHANET,synonyme,inclusion,true,
D86.3,sarcoïdose cutanée,Sarcoïdose cutanée,CEPIDC_2015,APHP_RHUMATOLOGIE,synonyme,synonyme,false,
N32.8,vessie spastique,Vessie spastique,CEPIDC_2015,OWL_ANS,synonyme,synonyme,false,
T69.1,engelures,Engelures,CEPIDC_2015,INDEX_CIM10_VOL3,synonyme,synonyme,false,
E87.2,cétose,Cétose,CEPIDC_2015,INDEX_CIM10_VOL3,synonyme,synonyme,false,
J39.8,trachéomalacie,Trachéomalacie,CEPIDC_2015,INDEX_CIM10_VOL3,synonyme,synonyme,false,
R57.8,choc endotoxinique,choc endotoxinique,CEPIDC_2015,APHP_NEPHROLOGIE,synonyme,synonyme,false,
C75.0,carcinome parathyroïdien,Carcinome parathyroidien,CEPIDC_2015,ORPHANET,synonyme,inclusion,true,
E77.1,sialidose type 2,Sialidose type 2,CEPIDC_2015,ORPHANET,synonyme,inclusion,true,
R42,étourdissement,Etourdissement,CEPIDC_2015,INDEX_CIM10_VOL3,synonyme,synonyme,false,
C22.2,hépatoblastome,Hépatoblastome,CEPIDC_2015,ORPHANET,synonyme,synonyme,false,
Q80.9,ichtyose congénitale,Ichtyose (congénitale),CEPIDC_2015,INDEX_CIM10_VOL3,synonyme,synonyme,false,
C83.0,lymphome lymphoplasmocytaire,Lymphome lymphoplasmocytaire,CEPIDC_2015,OWL_ANS,synonyme,synonyme,false,
C62.9,tératome testiculaire,Tératome testiculaire,CEPIDC_2015,ORPHANET,synonyme,inclusion,true,
N10,pyélonéphrite aigüe,Pyélonéphrite aigüe,CEPIDC_2015,OWL_ANS,synonyme,synonyme,false,
R82.1,myoglobinurie,Myoglobinurie,CEPIDC_2015,INDEX_CIM10_VOL3,synonyme,synonyme,false,
Q87.1,dysplasie campomélique,Dysplasie campomélique,CEPIDC_2015,ORPHANET,synonyme,inclusion,true,
G70.0,myasthénie auto-immune,Myasthénie auto-immune,CEPIDC_2015,ORPHANET,synonyme,synonyme,false,
Q63.1,rein en fer à cheval,rein en fer à cheval,CEPIDC_2015,APHP_NEPHROLOGIE,synonyme,synonyme,false,
Q21.2,canal atrioventriculaire,Canal atrioventriculaire,CEPIDC_2015,ORPHANET,synonyme,synonyme,false,
D45,polyglobulie primitive,polyglobulie primitive,CEPIDC_2015,APHP_NEPHROLOGIE,synonyme,synonyme,false,
Q67.6,pectus excavatum,"Pectus excavatum
",CEPIDC_2015,OWL_ANS,synonyme,inclusion,true,
Q92.8,trisomie 22,"Trisomie, 22",CEPIDC_2015,INDEX_CIM10_VOL3,synonyme,synonyme,false,
Q13.1,aniridie congénitale,Aniridie (congénitale),CEPIDC_2015,INDEX_CIM10_VOL3,synonyme,synonyme,false,
A70,ornithose,Ornithose,CEPIDC_2015,OWL_ANS,synonyme,synonyme,false,
E85.1,neuropathie amyloïde familiale,neuropathie amyloïde familiale,CEPIDC_2015,APHP_NEPHROLOGIE,synonyme,synonyme,false,
G04.1,paraplégie spastique tropicale,"Paraplégie spastique tropicale
",CEPIDC_2015,OWL_ANS,synonyme,inclusion,true,
F41.9,anxiété,Anxiété,CEPIDC_2015,INDEX_CIM10_VOL3,synonyme,synonyme,false,
R16.2,hépatosplénomégalie,Hépatosplénomégalie,CEPIDC_2015,INDEX_CIM10_VOL3,synonyme,synonyme,false,
C86.2,lymphome T intestinal,Lymphome T intestinal,CEPIDC_2015,ORPHANET,synonyme,synonyme,false,
E05.9,cardiothyréose,Cardiothyréose,CEPIDC_2015,INDEX_CIM10_VOL3,synonyme,synonyme,false,
C92.3,sarcome myéloïde,Sarcome myéloïde,CEPIDC_2015,ORPHANET,synonyme,inclusion,true,
J00,rhinite aigüe,Rhinite aigüe,CEPIDC_2015,OWL_ANS,synonyme,synonyme,false,
E88.0,hypoprotéinémie,Hypoprotéinémie,CEPIDC_2015,INDEX_CIM10_VOL3,synonyme,synonyme,false,
H05.2,exophtalmie,Exophtalmie,CEPIDC_2015,INDEX_CIM10_VOL3,synonyme,synonyme,false,
F41.1,anxiété généralisée,"Anxiété, généralisée",CEPIDC_2015,INDEX_CIM10_VOL3,synonyme,synonyme,false,
R06.8,hypoventilation,Hypoventilation,CEPIDC_2015,INDEX_CIM10_VOL3,synonyme,synonyme,false,
K83.0,angiocholite récidivante,Angiocholite récidivante,CEPIDC_2015,OWL_ANS,synonyme,synonyme,false,
I42.0,cardiomyopathie histiocytoïde,Cardiomyopathie histiocytoïde,CEPIDC_2015,ORPHANET,synonyme,inclusion,true,
D56.9,thalassémie,thalassémie,CEPIDC_2015,APHP_NEPHROLOGIE,synonyme,synonyme,false,
R57.8,choc neurogénique,Choc neurogénique,CEPIDC_2015,APHP_SRLF,synonyme,synonyme,false,
B02.0,méningo-encéphalite zostérienne,méningo-encéphalite zostérienne,CEPIDC_2015,OFS,synonyme,synonyme,false,
B67.9,hydatidose,hydatidose,CEPIDC_2015,OFS,synonyme,inclusion,true,
N42.0,lithiase prostatique,"Lithiase prostatique
",CEPIDC_2015,OWL_ANS,synonyme,inclusion,true,
T28.6,corrosion oesophage,"Corrosion, oesophage",CEPIDC_2015,INDEX_CIM10_VOL3,synonyme,synonyme,false,
C94.2,leucémie aigüe mégacaryocytaire,Leucémie aigüe mégacaryocytaire,CEPIDC_2015,ORPHANET,synonyme,inclusion,true,
M60.0,pyomyosite,Pyomyosite,CEPIDC_2015,ORPHANET,synonyme,inclusion,true,
Z31.1,insémination artificielle,Insémination artificielle,CEPIDC_2015,INDEX_CIM10_VOL3,synonyme,synonyme,false,
K20,oesophagite peptique,oesophagite peptique,CEPIDC_2015,OFS,synonyme,synonyme,false,
K80.2,cholélithiase,Cholélithiase,CEPIDC_2015,INDEX_CIM10_VOL3,synonyme,synonyme,false,
Q89.3,situs inversus,Situs inversus,CEPIDC_2015,ORPHANET,synonyme,inclusion,true,
Q26.8,retour veineux anormal,Retour veineux anormal,CEPIDC_2015,INDEX_CIM10_VOL3,synonyme,synonyme,false,
D68.0,angiohémophilie,Angiohémophilie,CEPIDC_2015,OWL_ANS,synonyme,synonyme,false,
Q23.1,insuffisance aortique congénitale,Insuffisance aortique congénitale,CEPIDC_2015,OWL_ANS,synonyme,synonyme,false,
M25.4,épanchement articulaire,"Epanchement, articulaire",CEPIDC_2015,INDEX_CIM10_VOL3,synonyme,synonyme,false,
G11.3,ataxie télangiectasie,Ataxie-télangiectasie,CEPIDC_2015,ORPHANET,synonyme,inclusion,true,
E14.1,céto-acidose diabétique,Céto-acidose diabétique,CEPIDC_2015,INDEX_CIM10_VOL3,synonyme,synonyme,false,
Q99.9,caryotype anormal,caryotype anormal,CEPIDC_2015,APHP_NEPHROLOGIE,synonyme,synonyme,false,
B46.4,mucormycose disséminée,"Mucormycose, disséminée",CEPIDC_2015,INDEX_CIM10_VOL3,synonyme,synonyme,false,
K10.2,ostéoradionécrose mandibulaire,Ostéoradionécrose mandibulaire,CEPIDC_2015,ORPHANET,synonyme,inclusion,true,
G93.8,pneumoencéphale,Pneumoencéphale,CEPIDC_2015,INDEX_CIM10_VOL3,synonyme,synonyme,false,
I25.1,cardiosclérose,Cardiosclérose,CEPIDC_2015,INDEX_CIM10_VOL3,synonyme,synonyme,false,
R53,prostration,Prostration,CEPIDC_2015,INDEX_CIM10_VOL3,synonyme,synonyme,false,
N71.9,pyométrie,pyométrie,CEPIDC_2015,OFS,synonyme,inclusion,true,
Q06.2,diastématomyélie,Diastématomyélie,CEPIDC_2015,ORPHANET,synonyme,synonyme,false,
Z56.0,chômage,Chômage,CEPIDC_2015,INDEX_CIM10_VOL3,synonyme,synonyme,false,
B18.2,hépatite chronique C,Hépatite chronique C,CEPIDC_2015,APHP_DERMATOLOGIE,synonyme,synonyme,false,
Q41.0,atrésie duodénale,Atrésie duodénale,CEPIDC_2015,ORPHANET,synonyme,inclusion,true,
N25.0,ostéodystrophie rénale,ostéodystrophie rénale,CEPIDC_2015,APHP_NEPHROLOGIE,synonyme,synonyme,false,
D68.3,anticoagulants circulants,Anticoagulants circulants,CEPIDC_2015,INDEX_CIM10_VOL3,synonyme,synonyme,false,
T17.5,corps étranger bronche souche,"Corps, étranger, bronche (souche)",CEPIDC_2015,INDEX_CIM10_VOL3,synonyme,synonyme,false,
M20.1,hallux valgus,Hallux Valgus,CEPIDC_2015,APHP_DERMATOLOGIE,synonyme,synonyme,false,
N80.0,adénomyose,"Adénomyose
",CEPIDC_2015,OWL_ANS,synonyme,inclusion,true,
I49.1,extrasystoles auriculaires,"Extrasystoles auriculaires
",CEPIDC_2015,OWL_ANS,synonyme,inclusion,true,
Q31.3,laryngocèle,Laryngocèle,CEPIDC_2015,ORPHANET,synonyme,synonyme,false,
E75.2,syndrome ravine,Syndrome Ravine,CEPIDC_2015,ORPHANET,synonyme,inclusion,true,
J60,anthracose,Anthracose,CEPIDC_2015,OWL_ANS,synonyme,synonyme,false,
F73.9,arriération mentale profonde,arriération mentale profonde,CEPIDC_2015,OFS,synonyme,inclusion,true,
L10.4,pemphigus érythémateux,Pemphigus érythémateux,CEPIDC_2015,ORPHANET,synonyme,inclusion,true,
J46,asthme aigu grave,"Asthme aigu grave
",CEPIDC_2015,OWL_ANS,synonyme,inclusion,true,
E87.2,acidose respiratoire,Acidose respiratoire,CEPIDC_2015,OWL_ANS,synonyme,synonyme,false,
C49.9,rhabdomyosarcome embryonnaire,Rhabdomyosarcome embryonnaire,CEPIDC_2015,ORPHANET,synonyme,inclusion,true,
H16.2,kératoconjonctivite,Kératoconjonctivite,CEPIDC_2015,INDEX_CIM10_VOL3,synonyme,synonyme,false,
Q89.2,kyste thyréoglosse,Kyste thyréoglosse,CEPIDC_2015,OWL_ANS,synonyme,synonyme,false,
R39.2,urémie prérénale,"Urémie prérénale
",CEPIDC_2015,OWL_ANS,synonyme,inclusion,true,
E23.0,panhypopituitarisme,Panhypopituitarisme,CEPIDC_2015,OWL_ANS,synonyme,synonyme,false,
E88.1,lipodystrophie,lipodystrophie,CEPIDC_2015,APHP_NEPHROLOGIE,synonyme,synonyme,false,
K92.2,entérorragie,Entérorragie,CEPIDC_2015,INDEX_CIM10_VOL3,synonyme,synonyme,false,
A18.0,arthrite tuberculeuse,Arthrite tuberculeuse,CEPIDC_2015,OWL_ANS,synonyme,synonyme,false,
T17.2,corps étranger pharynx,"Corps, étranger, pharynx",CEPIDC_2015,INDEX_CIM10_VOL3,synonyme,synonyme,false,
C62.9,séminome testiculaire,Séminome testiculaire,CEPIDC_2015,ORPHANET,synonyme,inclusion,true,
R64,cachexie,cachexie,CEPIDC_2015,APHP_NEPHROLOGIE,synonyme,synonyme,false,
E31.0,polyendocrinopathie auto-immune,Polyendocrinopathie auto-immune,CEPIDC_2015,ORPHANET,synonyme,synonyme,false,
M31.7,polyartérite microscopique,Polyartérite microscopique,CEPIDC_2015,OWL_ANS,synonyme,synonyme,false,
Q42.3,imperforation anale,"Imperforation anale
",CEPIDC_2015,OWL_ANS,synonyme,inclusion,true,
I78.8,hyperperméabilité capillaire,Hyperperméabilité capillaire,CEPIDC_2015,INDEX_CIM10_VOL3,synonyme,synonyme,false,
R73.0,prédiabète,Prédiabète,CEPIDC_2015,OWL_ANS,synonyme,synonyme,false,
G90.1,dysautonomie familiale,Dysautonomie familiale,CEPIDC_2015,ORPHANET,synonyme,synonyme,false,
Q61.4,dysplasie rénale bilatérale,Dysplasie rénale bilatérale,CEPIDC_2015,ORPHANET,synonyme,inclusion,true,
G11.4,paraplégie spastique familiale,Paraplégie spastique familiale,CEPIDC_2015,ORPHANET,synonyme,synonyme,false,
Z90.2,pneumectomisé,Pneumectomisé,CEPIDC_2015,INDEX_CIM10_VOL3,synonyme,synonyme,false,
I89.8,lymphorrhée,Lymphorrhée,CEPIDC_2015,INDEX_CIM10_VOL3,synonyme,synonyme,false,
M62.8,myomalacie,Myomalacie,CEPIDC_2015,INDEX_CIM10_VOL3,synonyme,synonyme,false,
N00.9,glomérulonéphrite aigüe,glomérulonéphrite aiguë,CEPIDC_2015,OFS,synonyme,inclusion,true,
K83.0,cholangite sclérosante primitive,Cholangite sclérosante primitive,CEPIDC_2015,ORPHANET,synonyme,inclusion,true,
Q79.3,laparoschisis,Laparoschisis,CEPIDC_2015,ORPHANET,synonyme,synonyme,false,
N13.6,pyonéphrose,Pyonéphrose,CEPIDC_2015,INDEX_CIM10_VOL3,synonyme,synonyme,false,
C91.0,LAL,LAL,CEPIDC_2015,ORPHANET,synonyme,synonyme,false,
C91.1,leucémie lymphoïde chronique,Leucémie lymphoïde chronique,CEPIDC_2015,APHP_DERMATOLOGIE,synonyme,synonyme,false,
C92.0,leucémie myéloblastique aigüe type 2,Leucémie myéloblastique aiguë type 2,CEPIDC_2015,ORPHANET,synonyme,inclusion,true,
Q61.2,rein polykystique type adulte,"Rein polykystique, type adulte
",CEPIDC_2015,OWL_ANS,synonyme,inclusion,true,
L98.0,botryomycome,Botryomycome,CEPIDC_2015,INDEX_CIM10_VOL3,synonyme,synonyme,false,
E46,dénutrition,dénutrition,CEPIDC_2015,APHP_NEPHROLOGIE,synonyme,synonyme,false,
X37,tornade,tornade,CEPIDC_2015,OFS,synonyme,inclusion,true,
R49.0,dysphonie,Dysphonie,CEPIDC_2015,INDEX_CIM10_VOL3,synonyme,synonyme,false,
D66,hémophilie A mineure,Hémophilie A mineure,CEPIDC_2015,ORPHANET,synonyme,inclusion,true,
M84.1,pseudarthrose,Pseudarthrose,CEPIDC_2015,INDEX_CIM10_VOL3,synonyme,synonyme,false,
H40.0,hypertension oculaire,"Hypertension oculaire
",CEPIDC_2015,OWL_ANS,synonyme,inclusion,true,
E85.0,maladie périodique,Maladie périodique,CEPIDC_2015,ORPHANET,synonyme,inclusion,true,
Q53.9,cryptorchidie,Cryptorchidie,CEPIDC_2015,INDEX_CIM10_VOL3,synonyme,synonyme,false,
L65.9,alopécie,Alopécie,CEPIDC_2015,APHP_DERMATOLOGIE,synonyme,synonyme,false,
Q87.2,sirénomélie,Sirénomélie,CEPIDC_2015,ORPHANET,synonyme,inclusion,true,
B78.7,anguillulose disséminée,"Anguillulose, disséminée",CEPIDC_2015,INDEX_CIM10_VOL3,synonyme,synonyme,false,
B45.1,cryptococcose cérébro-méningée,cryptococcose cérébro-méningée,CEPIDC_2015,OFS,synonyme,synonyme,false,
J98.0,bronchospasme,Bronchospasme,CEPIDC_2015,INDEX_CIM10_VOL3,synonyme,synonyme,false,
C41.9,sarcome ostéogène,Sarcome ostéogène,CEPIDC_2015,ORPHANET,synonyme,inclusion,true,
E77.1,sialidose,Sialidose,CEPIDC_2015,INDEX_CIM10_VOL3,synonyme,synonyme,false,
C88.4,lymphome Malt,Lymphome MALT,CEPIDC_2015,ORPHANET,synonyme,synonyme,false,
Q04.8,hétérotopie cérébrale,"Hétérotopie, cérébrale",CEPIDC_2015,INDEX_CIM10_VOL3,synonyme,synonyme,false,
Q21.1,CIA,CIA,CEPIDC_2015,ORPHANET,synonyme,synonyme,false,
T79.5,crush syndrome,Crush syndrome,CEPIDC_2015,APHP_SRLF,synonyme,synonyme,false,
L12.1,pemphigoïde oculaire,"Pemphigoïde, oculaire",CEPIDC_2015,INDEX_CIM10_VOL3,synonyme,synonyme,false,
C71.9,astrocytome pilocytique,Astrocytome pilocytique,CEPIDC_2015,ORPHANET,synonyme,inclusion,true,
R48.8,écholalie,Echolalie,CEPIDC_2015,INDEX_CIM10_VOL3,synonyme,synonyme,false,
H70.1,mastoïdite chronique,"Mastoïdite, chronique",CEPIDC_2015,INDEX_CIM10_VOL3,synonyme,synonyme,false,
R53,altération état général,"Altération, état général",CEPIDC_2015,INDEX_CIM10_VOL3,synonyme,synonyme,false,
A81.8,insomnie fatale familiale,Insomnie fatale familiale,CEPIDC_2015,ORPHANET,synonyme,inclusion,true,
H70.9,mastoïdite,Mastoïdite,CEPIDC_2015,INDEX_CIM10_VOL3,synonyme,synonyme,false,
B96.4,Proteus,Proteus,CEPIDC_2015,APHP_RHUMATOLOGIE,synonyme,synonyme,false,
H90.5,surdité congénitale,surdité congénitale,CEPIDC_2015,OFS,synonyme,inclusion,true,
B60.8,microsporidiose,"Microsporidiose
",CEPIDC_2015,OWL_ANS,synonyme,inclusion,true,
G40.4,hypsarythmie,Hypsarythmie,CEPIDC_2015,INDEX_CIM10_VOL3,synonyme,synonyme,false,
L58.9,radiodermite,Radiodermite,CEPIDC_2015,INDEX_CIM10_VOL3,synonyme,synonyme,false,
E54,avitaminose C,Avitaminose C,CEPIDC_2015,APHP_DERMATOLOGIE,synonyme,synonyme,false,
S18,décapitation,"Décapitation
",CEPIDC_2015,OWL_ANS,synonyme,inclusion,true,
M45,pelvi-spondylite rhumatismale,pelvi-spondylite rhumatismale,CEPIDC_2015,OFS,synonyme,synonyme,false,
F21,personnalité schizotypique,Personnalité schizotypique,CEPIDC_2015,OWL_ANS,synonyme,synonyme,false,
P02.6,cordon court,Cordon court,CEPIDC_2015,OWL_ANS,synonyme,synonyme,false,
I67.9,angiopathie cérébrale,"Angiopathie, cérébrale",CEPIDC_2015,INDEX_CIM10_VOL3,synonyme,synonyme,false,
A04.7,colite pseudomembraneuse,Colite pseudomembraneuse,CEPIDC_2015,OWL_ANS,synonyme,synonyme,false,
A18.0,ostéite tuberculeuse,Ostéite tuberculeuse,CEPIDC_2015,OWL_ANS,synonyme,synonyme,false,
R45.2,tristesse,Tristesse,CEPIDC_2015,INDEX_CIM10_VOL3,synonyme,synonyme,false,
J02.9,angine,Angine,CEPIDC_2015,APHP_DERMATOLOGIE,synonyme,synonyme,false,
P54.0,hématémèse nouveau-né,"Hématémèse, nouveau-né",CEPIDC_2015,INDEX_CIM10_VOL3,synonyme,synonyme,false,
Q32.1,sténose trachéale congénitale,Sténose trachéale congénitale,CEPIDC_2015,ORPHANET,synonyme,inclusion,true,
F20.9,schizophrénie,Schizophrénie,CEPIDC_2015,INDEX_CIM10_VOL3,synonyme,synonyme,false,
C80.0,cancer primitif inconnu,Cancer primitif inconnu,CEPIDC_2015,ORPHANET,synonyme,inclusion,true,
P02.3,STT,STT,CEPIDC_2015,ORPHANET,synonyme,inclusion,true,
A42.9,actinomycose,Actinomycose,CEPIDC_2015,INDEX_CIM10_VOL3,synonyme,synonyme,false,
R53,asthénie,Asthénie,CEPIDC_2015,INDEX_CIM10_VOL3,synonyme,synonyme,false,
G93.2,pseudotumeur cérébrale,Pseudotumeur cérébrale,CEPIDC_2015,ORPHANET,synonyme,synonyme,false,
Q82.8,dyskératose congénitale,Dyskératose congénitale,CEPIDC_2015,ORPHANET,synonyme,inclusion,true,
C92.0,leucémie aigüe myéloblastique peu différenciée,Leucémie aigüe myéloblastique peu différenciée,CEPIDC_2015,OWL_ANS,synonyme,synonyme,false,
C71.9,épendymome anaplasique,Ependymome anaplasique,CEPIDC_2015,ORPHANET,synonyme,inclusion,true,
G93.1,encéphalopathie post-anoxique,Encéphalopathie post anoxique,CEPIDC_2015,APHP_SRLF,synonyme,synonyme,false,
A09.0,diarrhée épidémique,Diarrhée épidémique,CEPIDC_2015,OWL_ANS,synonyme,synonyme,false,
B40.9,blastomycose,Blastomycose,CEPIDC_2015,INDEX_CIM10_VOL3,synonyme,synonyme,false,
E34.8,progeria,Progéria,CEPIDC_2015,OWL_ANS,synonyme,synonyme,false,
E74.2,galactosémie,Galactosémie,CEPIDC_2015,OWL_ANS,synonyme,synonyme,false,
Q75.0,trigonocéphalie,Trigonocéphalie,CEPIDC_2015,OWL_ANS,synonyme,synonyme,false,
E72.0,cystinurie,Cystinurie,CEPIDC_2015,OWL_ANS,synonyme,synonyme,false,
C16.9,linite gastrique,Linite gastrique,CEPIDC_2015,ORPHANET,synonyme,inclusion,true,
R30.0,dysurie,Dysurie,CEPIDC_2015,INDEX_CIM10_VOL3,synonyme,synonyme,false,
E74.0,glycogénose type 3,Glycogénose type 3,CEPIDC_2015,ORPHANET,synonyme,inclusion,true,
E72.1,homocystinurie,Homocystinurie,CEPIDC_2015,OWL_ANS,synonyme,synonyme,false,
B07,verrue,Verrue,CEPIDC_2015,APHP_DERMATOLOGIE,synonyme,synonyme,false,
E75.1,mucolipidose type IV,Mucolipidose type IV,CEPIDC_2015,ORPHANET,synonyme,inclusion,true,
R34,anurie,Anurie,CEPIDC_2015,INDEX_CIM10_VOL3,synonyme,synonyme,false,
Z99.2,sous dialyse rénale,Sous dialyse rénale,CEPIDC_2015,OWL_ANS,synonyme,synonyme,false,
C69.2,rétinoblastome,Rétinoblastome,CEPIDC_2015,ORPHANET,synonyme,synonyme,false,
K20,oesophagite,oesophagite,CEPIDC_2015,APHP_NEPHROLOGIE,synonyme,synonyme,false,
C71.9,oligodendrogliome anaplasique,Oligodendrogliome anaplasique,CEPIDC_2015,ORPHANET,synonyme,inclusion,true,
Q85.0,neurofibromatose,Neurofibromatose,CEPIDC_2015,APHP_DERMATOLOGIE,synonyme,synonyme,false,
D44.5,pinéocytome,Pinéocytome,CEPIDC_2015,ORPHANET,synonyme,inclusion,true,
K45.8,hernie obturatrice,hernie obturatrice,CEPIDC_2015,OFS,synonyme,inclusion,true,
Q05.9,spina bifida aperta,Spina bifida aperta,CEPIDC_2015,ORPHANET,synonyme,inclusion,true,
R14,aérophagie,Aérophagie,CEPIDC_2015,INDEX_CIM10_VOL3,synonyme,synonyme,false,
G25.5,hémichorée,Hémichorée,CEPIDC_2015,INDEX_CIM10_VOL3,synonyme,synonyme,false,
J09,grippe aviaire,Grippe aviaire,CEPIDC_2015,ORPHANET,synonyme,inclusion,true,
Q60.1,agénésie rénale bilatérale,Agénésie rénale bilatérale,CEPIDC_2015,ORPHANET,synonyme,synonyme,false,
E83.5,hypocalcémie,Hypocalcémie,CEPIDC_2015,INDEX_CIM10_VOL3,synonyme,synonyme,false,
Q75.0,scaphocéphalie,Scaphocéphalie,CEPIDC_2015,INDEX_CIM10_VOL3,synonyme,synonyme,false,
K90.1,sprue,Sprue,CEPIDC_2015,INDEX_CIM10_VOL3,synonyme,synonyme,false,
R53,asthénie chronique,asthénie chronique,CEPIDC_2015,OFS,synonyme,synonyme,false,
J61,asbestose professionnelle,Asbestose (professionnelle),CEPIDC_2015,INDEX_CIM10_VOL3,synonyme,synonyme,false,
I51.7,dilatation cardiaque,Dilatation cardiaque,CEPIDC_2015,OWL_ANS,synonyme,synonyme,false,
J98.0,bronchorrhée,Bronchorrhée,CEPIDC_2015,INDEX_CIM10_VOL3,synonyme,synonyme,false,
R40.1,semi-coma,Semi-coma,CEPIDC_2015,INDEX_CIM10_VOL3,synonyme,synonyme,false,
D17.9,angiomyolipome,Angiomyolipome,CEPIDC_2015,APHP_DERMATOLOGIE,synonyme,synonyme,false,
G81.9,hémiplégie,Hémiplégie,CEPIDC_2015,INDEX_CIM10_VOL3,synonyme,synonyme,false,
D18.1,lymphangiome,Lymphangiome,CEPIDC_2015,ORPHANET,synonyme,synonyme,false,
R25.2,hémispasme facial,Hémispasme (facial),CEPIDC_2015,INDEX_CIM10_VOL3,synonyme,synonyme,false,
P01.5,grossesse gémellaire,grossesse gémellaire,CEPIDC_2015,OFS,synonyme,synonyme,false,
E85.4,amylose cardiaque,"Amylose, cardiaque",CEPIDC_2015,INDEX_CIM10_VOL3,synonyme,synonyme,false,
P20.9,souffrance foetale,Souffrance foetale,CEPIDC_2015,INDEX_CIM10_VOL3,synonyme,synonyme,false,
C90.2,myélome solitaire,myélome solitaire,CEPIDC_2015,OFS,synonyme,synonyme,false,
K55.1,athérosclérose mésentérique,Athérosclérose mésentérique,CEPIDC_2015,OWL_ANS,synonyme,synonyme,false,
D71,granulomatose septique,Granulomatose septique,CEPIDC_2015,APHP_RHUMATOLOGIE,synonyme,synonyme,false,
R54,vieillesse,Vieillesse,CEPIDC_2015,INDEX_CIM10_VOL3,synonyme,synonyme,false,
C56,dysgerminome ovarien,Dysgerminome ovarien,CEPIDC_2015,ORPHANET,synonyme,inclusion,true,
O43.2,placenta increta,Placenta increta,CEPIDC_2015,OWL_ANS,synonyme,synonyme,false,
R06.1,stridor,Stridor,CEPIDC_2015,INDEX_CIM10_VOL3,synonyme,synonyme,false,
Q78.9,ostéodystrophie,Ostéodystrophie,CEPIDC_2015,APHP_DERMATOLOGIE,synonyme,synonyme,false,
F22.0,paranoïa,Paranoïa,CEPIDC_2015,OWL_ANS,synonyme,synonyme,false,
D89.0,gammapathie polyclonale,"Gammapathie, polyclonale",CEPIDC_2015,INDEX_CIM10_VOL3,synonyme,synonyme,false,
T18.9,bézoard,Bézoard,CEPIDC_2015,INDEX_CIM10_VOL3,synonyme,synonyme,false,
A04.7,Clostridium difficile,Clostridium difficile,CEPIDC_2015,APHP_GERMES,synonyme,synonyme,false,
C47.9,neurofibrosarcome,Neurofibrosarcome,CEPIDC_2015,ORPHANET,synonyme,inclusion,true,
R45.3,apathie,Apathie,CEPIDC_2015,INDEX_CIM10_VOL3,synonyme,synonyme,false,
C78.2,métastase pleurale,Métastase pleurale,CEPIDC_2015,APHP_RHUMATOLOGIE,synonyme,synonyme,false,
R81,glycosurie,Glycosurie,CEPIDC_2015,INDEX_CIM10_VOL3,synonyme,synonyme,false,
I47.1,tachycardie supraventriculaire,"Tachycardie, supraventriculaire",CEPIDC_2015,INDEX_CIM10_VOL3,synonyme,synonyme,false,
R41.0,syndrome confusionnel,syndrome confusionnel,CEPIDC_2015,APHP_NEPHROLOGIE,synonyme,synonyme,false,
H70.2,apexite,Apexite,CEPIDC_2015,INDEX_CIM10_VOL3,synonyme,synonyme,false,
Z59.0,sans domicile fixe,Sans domicile fixe,CEPIDC_2015,INDEX_CIM10_VOL3,synonyme,synonyme,false,
D58.0,sphérocytose héréditaire,Sphérocytose héréditaire,CEPIDC_2015,ORPHANET,synonyme,synonyme,false,
A30.9,lèpre,Lèpre,CEPIDC_2015,INDEX_CIM10_VOL3,synonyme,synonyme,false,
E72.0,cystinose,Cystinose,CEPIDC_2015,OWL_ANS,synonyme,synonyme,false,
T75.1,noyade,Noyade,CEPIDC_2015,INDEX_CIM10_VOL3,synonyme,synonyme,false,
Q78.4,dyschondroplasie,Dyschondroplasie,CEPIDC_2015,INDEX_CIM10_VOL3,synonyme,synonyme,false,
Q45.1,pancréas annulaire,Pancréas annulaire,CEPIDC_2015,ORPHANET,synonyme,inclusion,true,
M35.3,pseudopolyarthrite rhizomélique,Pseudopolyarthrite rhizomélique,CEPIDC_2015,INDEX_CIM10_VOL3,synonyme,synonyme,false,
C45.0,mésothéliome pleural,Mésothéliome pleural,CEPIDC_2015,ORPHANET,synonyme,synonyme,false,
N13.8,néphropathie obstructive,"Néphropathie, obstructive",CEPIDC_2015,INDEX_CIM10_VOL3,synonyme,synonyme,false,
N62,gynécomastie,Gynécomastie,CEPIDC_2015,OWL_ANS,synonyme,synonyme,false,
H16.9,kératite,Kératite,CEPIDC_2015,INDEX_CIM10_VOL3,synonyme,synonyme,false,
M32.1,péricardite lupique,Péricardite lupique,CEPIDC_2015,OWL_ANS,synonyme,synonyme,false,
A32.1,méningo-encéphalite listérienne,méningo-encéphalite listérienne,CEPIDC_2015,OFS,synonyme,synonyme,false,
Q24.1,lévocardie,Lévocardie,CEPIDC_2015,ORPHANET,synonyme,synonyme,false,
G71.0,dystrophie musculaire oculo-pharyngée,dystrophie musculaire oculo-pharyngée,CEPIDC_2015,OFS,synonyme,synonyme,false,
E88.0,hypoalbuminémie,Hypoalbuminémie,CEPIDC_2015,INDEX_CIM10_VOL3,synonyme,synonyme,false,
Q04.2,holoprosencéphalie semi-lobaire,Holoprosencéphalie semi-lobaire,CEPIDC_2015,ORPHANET,synonyme,inclusion,true,
L85.8,kérato-acanthome,Kérato-acanthome,CEPIDC_2015,INDEX_CIM10_VOL3,synonyme,synonyme,false,
C92.0,LAM,LAM,CEPIDC_2015,ORPHANET,synonyme,synonyme,false,
I45.5,bloc sino-atrial,bloc sino-atrial,CEPIDC_2015,OFS,synonyme,synonyme,false,
R45.1,agitation,Agitation,CEPIDC_2015,INDEX_CIM10_VOL3,synonyme,synonyme,false,
E71.1,acidémie isovalérique,Acidémie isovalérique,CEPIDC_2015,OWL_ANS,synonyme,synonyme,false,
C90.1,leucémie plasmocytaire,"Leucémie plasmocytaire
",CEPIDC_2015,OWL_ANS,synonyme,inclusion,true,
E14.0,coma hyperglycémique,"Coma, hyperglycémique",CEPIDC_2015,INDEX_CIM10_VOL3,synonyme,synonyme,false,
I45.8,dissociation auriculo-ventriculaire,"Dissociation, auriculo-ventriculaire",CEPIDC_2015,INDEX_CIM10_VOL3,synonyme,synonyme,false,
E34.3,nanisme congénital,"Nanisme, congénital",CEPIDC_2015,INDEX_CIM10_VOL3,synonyme,synonyme,false,
I77.9,artériopathie,Artériopathie,CEPIDC_2015,INDEX_CIM10_VOL3,synonyme,synonyme,false,
T67.0,thermoplégie,Thermoplégie,CEPIDC_2015,OWL_ANS,synonyme,synonyme,false,
E75.1,gangliosidose GM1,gangliosidose GM1,CEPIDC_2015,OFS,synonyme,synonyme,false,
K76.4,péliose hépatique,Péliose hépatique,CEPIDC_2015,INDEX_CIM10_VOL3,synonyme,synonyme,false,
N20.0,néphrolithiase,Néphrolithiase,CEPIDC_2015,INDEX_CIM10_VOL3,synonyme,synonyme,false,
C49.9,fibrosarcome,Fibrosarcome,CEPIDC_2015,ORPHANET,synonyme,inclusion,true,
C41.9,ostéosarcome,Ostéosarcome,CEPIDC_2015,ORPHANET,synonyme,inclusion,true,
T28.7,corrosion gastro-intestinale,"Corrosion, gastro-intestinale",CEPIDC_2015,INDEX_CIM10_VOL3,synonyme,synonyme,false,
F32.2,mélancolie,Mélancolie,CEPIDC_2015,INDEX_CIM10_VOL3,synonyme,synonyme,false,
C93.3,leucémie myélomonocytaire juvénile,Leucémie myélomonocytaire juvénile,CEPIDC_2015,ORPHANET,synonyme,synonyme,false,
D67,hémophilie B,Hémophilie B,CEPIDC_2015,OWL_ANS,synonyme,synonyme,false,
Q04.2,holoprosencéphalie alobaire,Holoprosencéphalie alobaire,CEPIDC_2015,ORPHANET,synonyme,inclusion,true,
E79.0,hyperuricémie,hyperuricémie,CEPIDC_2015,APHP_NEPHROLOGIE,synonyme,synonyme,false,
K76.8,hyperplasie hépatique nodulaire focale,Hyperplasie hépatique nodulaire focale,CEPIDC_2015,OWL_ANS,synonyme,synonyme,false,
K31.8,stase gastrique,"Stase, gastrique",CEPIDC_2015,INDEX_CIM10_VOL3,synonyme,synonyme,false,
E70.2,tyrosinémie type I,Tyrosinémie type I,CEPIDC_2015,ORPHANET,synonyme,inclusion,true,
Q87.8,syndrome charge,Syndrome CHARGE,CEPIDC_2015,ORPHANET,synonyme,inclusion,true,
O43.2,placenta percreta,Placenta percreta,CEPIDC_2015,OWL_ANS,synonyme,synonyme,false,
H05.4,énophtalmie,Enophtalmie,CEPIDC_2015,INDEX_CIM10_VOL3,synonyme,synonyme,false,
M46.3,spondylodiscite infectieuse,Spondylodiscite infectieuse,CEPIDC_2015,APHP_RHUMATOLOGIE,synonyme,synonyme,false,
E86,déshydratation extracellulaire,déshydratation extracellulaire,CEPIDC_2015,APHP_NEPHROLOGIE,synonyme,synonyme,false,
Q32.0,trachéomalacie congénitale,Trachéomalacie congénitale,CEPIDC_2015,ORPHANET,synonyme,synonyme,false,
C93.1,leucémie myélomonocytaire chronique,Leucémie myélomonocytaire chronique,CEPIDC_2015,ORPHANET,synonyme,synonyme,false,
E14.0,coma acidosique,"Coma, acidosique",CEPIDC_2015,INDEX_CIM10_VOL3,synonyme,synonyme,false,
Q87.8,syndrome cardio-facio-cutané,Syndrome cardio-facio-cutané,CEPIDC_2015,ORPHANET,synonyme,inclusion,true,
B37.9,Candida albicans,Candida albicans,CEPIDC_2015,APHP_GERMES,synonyme,synonyme,false,
B18.1,hépatite chronique B,Hépatite chronique B,CEPIDC_2015,APHP_DERMATOLOGIE,synonyme,synonyme,false,
G95.0,syringomyélie,Syringomyélie,CEPIDC_2015,INDEX_CIM10_VOL3,synonyme,synonyme,false,
E56.9,avitaminose,Avitaminose,CEPIDC_2015,INDEX_CIM10_VOL3,synonyme,synonyme,false,
K80.1,cholécystite calculeuse,"Cholécystite, calculeuse",CEPIDC_2015,INDEX_CIM10_VOL3,synonyme,synonyme,false,
R40.0,somnolence,Somnolence,CEPIDC_2015,INDEX_CIM10_VOL3,synonyme,synonyme,false,
E56.1,avitaminose K,"Avitaminose, k",CEPIDC_2015,INDEX_CIM10_VOL3,synonyme,synonyme,false,
E87.0,hypernatrémie,Hypernatrémie,CEPIDC_2015,INDEX_CIM10_VOL3,synonyme,synonyme,false,
B45.9,cryptococcose,Cryptococcose,CEPIDC_2015,INDEX_CIM10_VOL3,synonyme,synonyme,false,
H60.2,otite externe maligne,"Otite, externe, maligne",CEPIDC_2015,INDEX_CIM10_VOL3,synonyme,synonyme,false,
A52.1,tabès,Tabès,CEPIDC_2015,OWL_ANS,synonyme,synonyme,false,
Q69.0,doigt surnuméraire,Doigt surnuméraire,CEPIDC_2015,APHP_DERMATOLOGIE,synonyme,synonyme,false,
B18.1,hépatite virale chronique B,hépatite (virale) chronique B,CEPIDC_2015,OFS,synonyme,synonyme,false,
K51.9,recto-colite hémorragique,Recto-colite hémorragique,CEPIDC_2015,APHP_DERMATOLOGIE,synonyme,synonyme,false,
D47.4,myélofibrose idiopathique,Myélofibrose idiopathique,CEPIDC_2015,ORPHANET,synonyme,inclusion,true,
I20.9,douleur thoracique ischémique,Douleur thoracique ischémique,CEPIDC_2015,OWL_ANS,synonyme,synonyme,false,
Q04.6,porencéphalie,Porencéphalie,CEPIDC_2015,OWL_ANS,synonyme,synonyme,false,
K43.9,hernie épigastrique,hernie épigastrique,CEPIDC_2015,OFS,synonyme,inclusion,true,
D72.8,plasmocytose,Plasmocytose,CEPIDC_2015,OWL_ANS,synonyme,synonyme,false,
P03.1,présentation transverse,Présentation transverse,CEPIDC_2015,OWL_ANS,synonyme,synonyme,false,
Q87.1,nanisme campomélique,Nanisme campomélique,CEPIDC_2015,ORPHANET,synonyme,inclusion,true,
R47.0,mutisme akinétique,Mutisme akinétique,CEPIDC_2015,APHP_SRLF,synonyme,synonyme,false,
S72.1,fracture trochantérienne,Fracture trochantérienne,CEPIDC_2015,OWL_ANS,synonyme,synonyme,false,
G00.9,méningite bactérienne,méningite bactérienne,CEPIDC_2015,OFS,synonyme,inclusion,true,
Q77.3,chondrodysplasie ponctuée rhizomélique,Chondrodysplasie ponctuée rhizomélique,CEPIDC_2015,ORPHANET,synonyme,inclusion,true,
J84.0,protéinose alvéolaire,Protéinose alvéolaire,CEPIDC_2015,OWL_ANS,synonyme,synonyme,false,
D56.1,thalassémie majeure,Thalassémie majeure,CEPIDC_2015,OWL_ANS,synonyme,synonyme,false,
E72.2,hyperammoniémie,Hyperammoniémie,CEPIDC_2015,OWL_ANS,synonyme,synonyme,false,
B60.0,Babésiose,Babésiose,CEPIDC_2015,ORPHANET,synonyme,synonyme,false,
H93.2,hyperacousie,Hyperacousie,CEPIDC_2015,OWL_ANS,synonyme,synonyme,false,
G71.1,dystrophie myotonique Steinert,Dystrophie myotonique [Steinert],CEPIDC_2015,OWL_ANS,synonyme,synonyme,false,
L11.9,acantholyse,Acantholyse,CEPIDC_2015,INDEX_CIM10_VOL3,synonyme,synonyme,false,
G71.3,myopathie mitochondriale,Myopathie mitochondriale,CEPIDC_2015,ORPHANET,synonyme,synonyme,false,
M31.7,polyangéite microscopique,Polyangéite microscopique,CEPIDC_2015,ORPHANET,synonyme,synonyme,false,
Q77.1,nanisme thanatophore,"Nanisme, thanatophore",CEPIDC_2015,INDEX_CIM10_VOL3,synonyme,synonyme,false,
D18.0,tumeur glomique,Tumeur glomique,CEPIDC_2015,ORPHANET,synonyme,inclusion,true,
Z93.6,urétrostomie,Urétrostomie,CEPIDC_2015,OWL_ANS,synonyme,synonyme,false,
E71.1,acidémie propionique,Acidémie propionique,CEPIDC_2015,OWL_ANS,synonyme,synonyme,false,
D47.2,gammapathie monoclonale,Gammapathie monoclonale,CEPIDC_2015,APHP_DERMATOLOGIE,synonyme,synonyme,false,
D76.1,lymphohistiocytose familiale,Lymphohistiocytose familiale,CEPIDC_2015,ORPHANET,synonyme,inclusion,true,
Q82.1,xeroderma pigmentosum,Xeroderma pigmentosum,CEPIDC_2015,ORPHANET,synonyme,synonyme,false,
R06.8,bradypnée,Bradypnée,CEPIDC_2015,INDEX_CIM10_VOL3,synonyme,synonyme,false,
A46,érysipèle,Erysipèle,CEPIDC_2015,APHP_DERMATOLOGIE,synonyme,synonyme,false,
D16.5,améloblastome,Améloblastome,CEPIDC_2015,ORPHANET,synonyme,inclusion,true,
K83.0,cholangite sclérosante secondaire,Cholangite sclérosante secondaire,CEPIDC_2015,ORPHANET,synonyme,inclusion,true,
D86.9,sarcoïdose,sarcoïdose,CEPIDC_2015,OFS,synonyme,inclusion,true,
R68.8,frissons,Frissons,CEPIDC_2015,INDEX_CIM10_VOL3,synonyme,synonyme,false,
F50.0,anorexie mentale,"Anorexie, mentale",CEPIDC_2015,INDEX_CIM10_VOL3,synonyme,synonyme,false,
M60.0,myosite infectieuse,"Myosite, infectieuse",CEPIDC_2015,INDEX_CIM10_VOL3,synonyme,synonyme,false,
Q78.9,chondrodysplasie,Chondrodysplasie,CEPIDC_2015,INDEX_CIM10_VOL3,synonyme,synonyme,false,
N28.9,néphropathie,Néphropathie,CEPIDC_2015,INDEX_CIM10_VOL3,synonyme,synonyme,false,
B44.0,aspergillose pulmonaire invasive,"Aspergillose, pulmonaire, invasive",CEPIDC_2015,INDEX_CIM10_VOL3,synonyme,synonyme,false,
E84.1,iléus méconial,iléus méconial,CEPIDC_2015,OFS,synonyme,synonyme,false,
O40,hydramnios,Hydramnios,CEPIDC_2015,INDEX_CIM10_VOL3,synonyme,synonyme,false,
O85,fièvre puerpérale,fièvre puerpérale,CEPIDC_2015,OFS,synonyme,synonyme,false,
K04.5,granulome dentaire,Granulome dentaire,CEPIDC_2015,APHP_DERMATOLOGIE,synonyme,synonyme,false,
C71.0,gliomatose cérébrale,Gliomatose cérébrale,CEPIDC_2015,ORPHANET,synonyme,inclusion,true,
O41.1,chorioamniotite,Chorioamniotite,CEPIDC_2015,OWL_ANS,synonyme,synonyme,false,
N82.1,fistule urétéro-vaginale,fistule urétéro-vaginale,CEPIDC_2015,OFS,synonyme,synonyme,false,
J92.9,pachypleurite,pachypleurite,CEPIDC_2015,OFS,synonyme,inclusion,true,
D21.9,fibrome,Fibrome,CEPIDC_2015,APHP_DERMATOLOGIE,synonyme,synonyme,false,
E23.0,nanisme pituitaire,"Nanisme, pituitaire",CEPIDC_2015,INDEX_CIM10_VOL3,synonyme,synonyme,false,
Y11,neuroleptiques,neuroleptiques,CEPIDC_2015,OFS,synonyme,inclusion,true,
C96.2,sarcome mastocytaire,Sarcome mastocytaire,CEPIDC_2015,ORPHANET,synonyme,inclusion,true,
Q27.0,artère ombilicale unique,"Artère ombilicale unique
",CEPIDC_2015,OWL_ANS,synonyme,inclusion,true,
R63.2,hyperphagie,Hyperphagie,CEPIDC_2015,INDEX_CIM10_VOL3,synonyme,synonyme,false,
E76.0,mucopolysaccharidose type I,Mucopolysaccharidose type I,CEPIDC_2015,ORPHANET,synonyme,synonyme,false,
I77.6,angéite,Angéite,CEPIDC_2015,INDEX_CIM10_VOL3,synonyme,synonyme,false,
L03.9,lymphangite aigüe,lymphangite aiguë,CEPIDC_2015,OFS,synonyme,inclusion,true,
Q78.8,atélostéogènèse type 1,Atélostéogenèse type 1,CEPIDC_2015,ORPHANET,synonyme,inclusion,true,
I67.8,ischémie cérébrale chronique,Ischémie cérébrale (chronique),CEPIDC_2015,OWL_ANS,synonyme,synonyme,false,
R14,météorisme,Météorisme,CEPIDC_2015,OWL_ANS,synonyme,synonyme,false,
C83.3,lymphome plasmoblastique,Lymphome plasmoblastique,CEPIDC_2015,ORPHANET,synonyme,inclusion,true,
C79.6,métastase ovarienne,Métastase ovarienne,CEPIDC_2015,APHP_RHUMATOLOGIE,synonyme,synonyme,false,
A18.2,adénite tuberculeuse,"Adénite tuberculeuse
",CEPIDC_2015,OWL_ANS,synonyme,inclusion,true,
B08.4,syndrome pied-main-bouche,"Syndrome pied–main–bouche
",CEPIDC_2015,OWL_ANS,synonyme,inclusion,true,
R50.9,fièvre inexpliquée,fièvre inexpliquée,CEPIDC_2015,APHP_NEPHROLOGIE,synonyme,synonyme,false,
R59.9,tuméfaction ganglionnaire,tuméfaction ganglionnaire,CEPIDC_2015,OFS,synonyme,inclusion,true,
N47,phimosis,Phimosis,CEPIDC_2015,APHP_DERMATOLOGIE,synonyme,synonyme,false,
R18,ascite,Ascite,CEPIDC_2015,INDEX_CIM10_VOL3,synonyme,synonyme,false,
G36.0,neuromyélite optique,Neuromyélite optique,CEPIDC_2015,ORPHANET,synonyme,synonyme,false,
N70.1,hydrosalpinx,"Hydrosalpinx
",CEPIDC_2015,OWL_ANS,synonyme,inclusion,true,
R82.2,bilirubinurie,Bilirubinurie,CEPIDC_2015,INDEX_CIM10_VOL3,synonyme,synonyme,false,
C49.9,synovialosarcome,Synovialosarcome,CEPIDC_2015,ORPHANET,synonyme,inclusion,true,
I49.4,trigéminisme,Trigéminisme,CEPIDC_2015,INDEX_CIM10_VOL3,synonyme,synonyme,false,
E74.0,glycogénose,Glycogénose,CEPIDC_2015,ORPHANET,synonyme,synonyme,false,
Q24.0,dextrocardie,Dextrocardie,CEPIDC_2015,ORPHANET,synonyme,synonyme,false,
R45.0,nervosité,Nervosité,CEPIDC_2015,INDEX_CIM10_VOL3,synonyme,synonyme,false,
K86.8,insuffisance pancréatique exocrine,Insuffisance pancréatique exocrine,CEPIDC_2015,APHP_DERMATOLOGIE,synonyme,synonyme,false,
R68.3,hippocratisme digital,"Hippocratisme, digital",CEPIDC_2015,INDEX_CIM10_VOL3,synonyme,synonyme,false,
P83.8,sclérodermie néonatale,sclérodermie néonatale,CEPIDC_2015,OFS,synonyme,synonyme,false,
K11.5,sialolithiase,Sialolithiase,CEPIDC_2015,INDEX_CIM10_VOL3,synonyme,synonyme,false,
K76.8,hépatalgie,Hépatalgie,CEPIDC_2015,INDEX_CIM10_VOL3,synonyme,synonyme,false,
J94.8,hydrothorax,"Hydrothorax
",CEPIDC_2015,OWL_ANS,synonyme,inclusion,true,
G61.9,polynévrite inflammatoire,"Polynévrite, inflammatoire",CEPIDC_2015,INDEX_CIM10_VOL3,synonyme,synonyme,false,
E22.1,hyperprolactinémie,Hyperprolactinémie,CEPIDC_2015,INDEX_CIM10_VOL3,synonyme,synonyme,false,
I80.2,phlegmatia caerulea dolens,"Phlegmatia, caerulea dolens",CEPIDC_2015,INDEX_CIM10_VOL3,synonyme,synonyme,false,
R68.8,nécrobiose,Nécrobiose,CEPIDC_2015,INDEX_CIM10_VOL3,synonyme,synonyme,false,
B45.2,cryptococcose cutanée,"Cryptococcose, cutanée",CEPIDC_2015,INDEX_CIM10_VOL3,synonyme,synonyme,false,
I13.9,cardionéphropathie hypertensive,Cardionéphropathie hypertensive,CEPIDC_2015,INDEX_CIM10_VOL3,synonyme,synonyme,false,
M25.5,gonalgie,Gonalgie,CEPIDC_2015,INDEX_CIM10_VOL3,synonyme,synonyme,false,
M62.8,arthrogrypose,Arthrogrypose,CEPIDC_2015,INDEX_CIM10_VOL3,synonyme,synonyme,false,
G24.4,dyskinésie bucco-faciale,dyskinésie bucco-faciale,CEPIDC_2015,OFS,synonyme,synonyme,false,
E83.3,hyperphosphorémie,Hyperphosphorémie,CEPIDC_2015,APHP_RHUMATOLOGIE,synonyme,synonyme,false,
M48.5,tassement vertébral,Tassement vertébral,CEPIDC_2015,INDEX_CIM10_VOL3,synonyme,synonyme,false,
I73.9,spasme artériel,Spasme artériel,CEPIDC_2015,OWL_ANS,synonyme,synonyme,false,
D12.6,polypose adénomateuse familiale,Polypose adénomateuse familiale,CEPIDC_2015,ORPHANET,synonyme,inclusion,true,
L28.1,prurigo nodulaire Hyde,Prurigo nodulaire (Hyde),CEPIDC_2015,APHP_DERMATOLOGIE,synonyme,synonyme,false,
P03.6,inertie utérine,Inertie utérine,CEPIDC_2015,OWL_ANS,synonyme,synonyme,false,
I49.3,extrasystoles ventriculaires,"Extrasystoles, ventriculaires",CEPIDC_2015,INDEX_CIM10_VOL3,synonyme,synonyme,false,
L98.8,fistule,Fistule,CEPIDC_2015,APHP_DERMATOLOGIE,synonyme,synonyme,false,
F60.4,personnalité hystérique,Personnalité hystérique,CEPIDC_2015,OWL_ANS,synonyme,synonyme,false,
B44.9,aspergillus,Aspergillus,CEPIDC_2015,APHP_GERMES,synonyme,synonyme,false,
C25.4,glucagonome malin,Glucagonome malin,CEPIDC_2015,APHP_DERMATOLOGIE,synonyme,synonyme,false,
F60.2,sociopathie,Sociopathie,CEPIDC_2015,INDEX_CIM10_VOL3,synonyme,synonyme,false,
K76.4,angiomatose hépatique,"Angiomatose hépatique
",CEPIDC_2015,OWL_ANS,synonyme,inclusion,true,
B37.0,candidose buccale,Candidose buccale,CEPIDC_2015,APHP_DERMATOLOGIE,synonyme,synonyme,false,
F45.2,nosophobie,Nosophobie,CEPIDC_2015,OWL_ANS,synonyme,synonyme,false,
I49.4,extrasystoles,Extrasystoles,CEPIDC_2015,INDEX_CIM10_VOL3,synonyme,synonyme,false,
L08.0,dermite suppurée,Dermite suppurée,CEPIDC_2015,OWL_ANS,synonyme,synonyme,false,
E72.2,citrullinémie,Citrullinémie,CEPIDC_2015,OWL_ANS,synonyme,synonyme,false,
R06.6,hoquet,Hoquet,CEPIDC_2015,INDEX_CIM10_VOL3,synonyme,synonyme,false,
I67.7,vascularite cérébrale,Vascularite cérébrale,CEPIDC_2015,APHP_RHUMATOLOGIE,synonyme,synonyme,false,
C71.9,astrocytome protoplasmique,Astrocytome protoplasmique,CEPIDC_2015,ORPHANET,synonyme,inclusion,true,
G24.5,blépharospasme,Blépharospasme,CEPIDC_2015,INDEX_CIM10_VOL3,synonyme,synonyme,false,
Z73.0,surmenage,Surmenage,CEPIDC_2015,INDEX_CIM10_VOL3,synonyme,synonyme,false,
E83.5,hypercalcémie,hypercalcémie,CEPIDC_2015,APHP_NEPHROLOGIE,synonyme,synonyme,false,
A09.0,diarrhée aigüe hémorragique,Diarrhée aigüe hémorragique,CEPIDC_2015,OWL_ANS,synonyme,synonyme,false,
B78.9,anguillulose,Anguillulose,CEPIDC_2015,INDEX_CIM10_VOL3,synonyme,synonyme,false,
Z51.5,soins palliatifs,"Soins, palliatifs",CEPIDC_2015,INDEX_CIM10_VOL3,synonyme,synonyme,false,
X41,neuroleptiques,neuroleptiques,CEPIDC_2015,OFS,synonyme,inclusion,true,
R46.4,aboulie,Aboulie,CEPIDC_2015,INDEX_CIM10_VOL3,synonyme,synonyme,false,
Q61.4,dysplasie rénale multikystique,Dysplasie rénale multikystique,CEPIDC_2015,OWL_ANS,synonyme,synonyme,false,
C30.0,esthésioneuroblastome,Esthésioneuroblastome,CEPIDC_2015,ORPHANET,synonyme,inclusion,true,
D69.0,purpura vasculaire,Purpura vasculaire,CEPIDC_2015,OWL_ANS,synonyme,synonyme,false,
G93.8,encéphalopathie post-radiothérapie,encéphalopathie post-radiothérapie,CEPIDC_2015,OFS,synonyme,synonyme,false,
J98.0,dyskinésie trachéo-bronchique,dyskinésie trachéo-bronchique,CEPIDC_2015,OFS,synonyme,synonyme,false,
C22.0,carcinome hépatocellulaire,Carcinome hépatocellulaire,CEPIDC_2015,ORPHANET,synonyme,synonyme,false,
R44.1,hallucination visuelle,"Hallucination, visuelle",CEPIDC_2015,INDEX_CIM10_VOL3,synonyme,synonyme,false,
O43.8,insuffisance placentaire,Insuffisance placentaire,CEPIDC_2015,ORPHANET,synonyme,inclusion,true,
D36.1,neurofibrome,Neurofibrome,CEPIDC_2015,ORPHANET,synonyme,inclusion,true,
R60.1,syndrome oedémateux généralisé,syndrome oedémateux généralisé,CEPIDC_2015,APHP_NEPHROLOGIE,synonyme,synonyme,false,
E34.8,lepréchaunisme,Lepréchaunisme,CEPIDC_2015,INDEX_CIM10_VOL3,synonyme,synonyme,false,
M30.0,périartérite noueuse,Périartérite noueuse,CEPIDC_2015,ORPHANET,synonyme,synonyme,false,
O26.6,stéatose hépatique aigüe gravidique,Stéatose hépatique aiguë gravidique,CEPIDC_2015,ORPHANET,synonyme,inclusion,true,
G47.1,hypersomnie,Hypersomnie,CEPIDC_2015,INDEX_CIM10_VOL3,synonyme,synonyme,false,
C71.9,glioblastome,Glioblastome,CEPIDC_2015,ORPHANET,synonyme,inclusion,true,
D71,granulomatose septique chronique,Granulomatose septique chronique,CEPIDC_2015,ORPHANET,synonyme,inclusion,true,
E22.0,acromégalie,Acromégalie,CEPIDC_2015,ORPHANET,synonyme,inclusion,true,
B05.9,rougeole,Rougeole,CEPIDC_2015,INDEX_CIM10_VOL3,synonyme,synonyme,false,
D46.6,syndrome 5q,Syndrome 5q-,CEPIDC_2015,ORPHANET,synonyme,synonyme,false,
L28.2,prurigo,Prurigo,CEPIDC_2015,APHP_DERMATOLOGIE,synonyme,synonyme,false,
G25.5,hémiballisme,Hémiballisme,CEPIDC_2015,INDEX_CIM10_VOL3,synonyme,synonyme,false,
M34.9,sclérodermie,sclérodermie,CEPIDC_2015,OFS,synonyme,inclusion,true,
F40.9,phobie,Phobie,CEPIDC_2015,INDEX_CIM10_VOL3,synonyme,synonyme,false,
K56.0,myopathie viscérale familiale,Myopathie viscérale familiale,CEPIDC_2015,ORPHANET,synonyme,inclusion,true,
G40.3,épilepsie myoclonique juvénile,Epilepsie myoclonique juvénile,CEPIDC_2015,ORPHANET,synonyme,inclusion,true,
R60.1,anasarque,Anasarque,CEPIDC_2015,INDEX_CIM10_VOL3,synonyme,synonyme,false,
P02.2,infarctus placentaire,Infarctus placentaire,CEPIDC_2015,OWL_ANS,synonyme,synonyme,false,
C91.0,leucémie lymphoblastique aigüe,Leucémie lymphoblastique aiguë,CEPIDC_2015,ORPHANET,synonyme,synonyme,false,
J84.1,fibrose interstitielle diffuse idiopathique,Fibrose interstitielle diffuse idiopathique,CEPIDC_2015,ORPHANET,synonyme,inclusion,true,
K52.8,colite collagène,Colite collagène,CEPIDC_2015,OWL_ANS,synonyme,synonyme,false,
Q69.9,polydactylie,Polydactylie,CEPIDC_2015,INDEX_CIM10_VOL3,synonyme,synonyme,false,
I70.9,artérite sénile,artérite sénile,CEPIDC_2015,OFS,synonyme,inclusion,true,
M54.2,cervicalgie,Cervicalgie,CEPIDC_2015,INDEX_CIM10_VOL3,synonyme,synonyme,false,
E34.3,nanisme infantile,"Nanisme, infantile",CEPIDC_2015,INDEX_CIM10_VOL3,synonyme,synonyme,false,
E28.1,hyperandrogénie,Hyperandrogénie,CEPIDC_2015,INDEX_CIM10_VOL3,synonyme,synonyme,false,
F48.8,psychasthénie,Psychasthénie,CEPIDC_2015,OWL_ANS,synonyme,synonyme,false,
N03.9,glomérulopathie chronique,glomérulopathie chronique,CEPIDC_2015,OFS,synonyme,inclusion,true,
R54,débilité sénile,débilité sénile,CEPIDC_2015,OFS,synonyme,synonyme,false,
K92.2,gastrorragie,Gastrorragie,CEPIDC_2015,INDEX_CIM10_VOL3,synonyme,synonyme,false,
Q77.0,achondrogénésie,Achondrogénésie,CEPIDC_2015,INDEX_CIM10_VOL3,synonyme,synonyme,false,
J90,épanchement pleural enkysté,"Epanchement, pleural (enkysté)",CEPIDC_2015,INDEX_CIM10_VOL3,synonyme,synonyme,false,
R14,ballonnement,Ballonnement,CEPIDC_2015,OWL_ANS,synonyme,synonyme,false,
J98.6,relâchement diaphragmatique,relâchement diaphragmatique,CEPIDC_2015,OFS,synonyme,synonyme,false,
D75.8,ostéomyélosclérose,Ostéomyélosclérose,CEPIDC_2015,INDEX_CIM10_VOL3,synonyme,synonyme,false,
Q78.2,ostéopétrose,ostéopétrose,CEPIDC_2015,APHP_NEPHROLOGIE,synonyme,synonyme,false,
Q00.0,acrânie,Acrânie,CEPIDC_2015,OWL_ANS,synonyme,synonyme,false,
G71.0,DMD,DMD,CEPIDC_2015,ORPHANET,synonyme,inclusion,true,
A81.1,panencéphalite sclérosante subaigüe,Panencéphalite sclérosante subaiguë,CEPIDC_2015,ORPHANET,synonyme,inclusion,true,
E66.9,obésité,Obésité,CEPIDC_2015,INDEX_CIM10_VOL3,synonyme,synonyme,false,
N71.0,myométrite aigüe,"Myométrite, aiguë",CEPIDC_2015,INDEX_CIM10_VOL3,synonyme,synonyme,false,
F10.5,hallucinose alcoolique,Hallucinose alcoolique,CEPIDC_2015,OWL_ANS,synonyme,synonyme,false,
K83.0,angiocholite ascendante,Angiocholite ascendante,CEPIDC_2015,OWL_ANS,synonyme,synonyme,false,
G82.2,paraplégie,paraplégie,CEPIDC_2015,APHP_NEPHROLOGIE,synonyme,synonyme,false,
Q31.5,laryngomalacie congénitale,Laryngomalacie congénitale,CEPIDC_2015,ORPHANET,synonyme,synonyme,false,
M31.1,purpura thrombopénique thrombotique,purpura thrombopénique thrombotique,CEPIDC_2015,OFS,synonyme,synonyme,false,
F01.9,démence artériopathique,démence artériopathique,CEPIDC_2015,OFS,synonyme,inclusion,true,
L03.0,panaris,Panaris,CEPIDC_2015,APHP_DERMATOLOGIE,synonyme,synonyme,false,
A07.3,isosporose,Isosporose,CEPIDC_2015,OWL_ANS,synonyme,synonyme,false,
G31.2,encéphalopathie alcoolique,Encéphalopathie alcoolique,CEPIDC_2015,OWL_ANS,synonyme,synonyme,false,
E83.1,hypersidérémie,Hypersidérémie,CEPIDC_2015,INDEX_CIM10_VOL3,synonyme,synonyme,false,
P02.3,syndrome transfuseur transfusé,Syndrome transfuseur-transfusé,CEPIDC_2015,ORPHANET,synonyme,inclusion,true,
E83.4,hypomagnésémie,Hypomagnésémie,CEPIDC_2015,APHP_RHUMATOLOGIE,synonyme,synonyme,false,
T70.2,barotraumatisme,Barotraumatisme,CEPIDC_2015,INDEX_CIM10_VOL3,synonyme,synonyme,false,
L85.0,ichtyose acquise,Ichtyose acquise,CEPIDC_2015,ORPHANET,synonyme,synonyme,false,
D75.9,hémopathie,Hémopathie,CEPIDC_2015,INDEX_CIM10_VOL3,synonyme,synonyme,false,
Q22.4,atrésie tricuspide,Atrésie tricuspide,CEPIDC_2015,ORPHANET,synonyme,inclusion,true,
J98.0,trachéobronchomégalie,Trachéobronchomégalie,CEPIDC_2015,ORPHANET,synonyme,inclusion,true,
D47.2,syndrome POEMS,Syndrome POEMS,CEPIDC_2015,ORPHANET,synonyme,inclusion,true,
A18.1,tuberculose urogénitale,Tuberculose urogénitale,CEPIDC_2015,ORPHANET,synonyme,synonyme,false,
B50.9,Plasmodium falciparum,Plasmodium falciparum,CEPIDC_2015,APHP_GERMES,synonyme,synonyme,false,
J41.1,bronchorrhée purulente,"Bronchorrhée, purulente",CEPIDC_2015,INDEX_CIM10_VOL3,synonyme,synonyme,false,
T80.6,maladie sérique,Maladie sérique,CEPIDC_2015,OWL_ANS,synonyme,synonyme,false,
F20.2,schizophrénie catatonique,"Schizophrénie, catatonique",CEPIDC_2015,INDEX_CIM10_VOL3,synonyme,synonyme,false,
K65.0,péritonite aigüe,péritonite aiguë,CEPIDC_2015,APHP_NEPHROLOGIE,synonyme,synonyme,false,
F51.3,somnambulisme,Somnambulisme,CEPIDC_2015,INDEX_CIM10_VOL3,synonyme,synonyme,false,
D56.0,alpha-thalassémie,Alpha-thalassémie,CEPIDC_2015,ORPHANET,synonyme,synonyme,false,
D68.3,anticoagulant circulant,anticoagulant circulant,CEPIDC_2015,APHP_NEPHROLOGIE,synonyme,synonyme,false,
N89.8,hydrocolpos congénital,Hydrocolpos (congénital),CEPIDC_2015,INDEX_CIM10_VOL3,synonyme,synonyme,false,
K81.0,cholécystite aigüe,cholécystite aiguë,CEPIDC_2015,APHP_NEPHROLOGIE,synonyme,synonyme,false,
N36.0,fistule urétro-périnéale,fistule urétro-périnéale,CEPIDC_2015,OFS,synonyme,synonyme,false,
J45.9,asthme tardif,Asthme tardif,CEPIDC_2015,OWL_ANS,synonyme,synonyme,false,
E87.8,hyperchlorémie,Hyperchlorémie,CEPIDC_2015,OWL_ANS,synonyme,synonyme,false,
E76.2,mucopolysaccharidose type VII,Mucopolysaccharidose type VII,CEPIDC_2015,ORPHANET,synonyme,inclusion,true,
J00,rhinite infectieuse,Rhinite infectieuse,CEPIDC_2015,OWL_ANS,synonyme,synonyme,false,
M62.8,rhabdomyolyse,Rhabdomyolyse,CEPIDC_2015,INDEX_CIM10_VOL3,synonyme,synonyme,false,
G70.9,neuromyopathie,Neuromyopathie,CEPIDC_2015,INDEX_CIM10_VOL3,synonyme,synonyme,false,
D16.5,adamantinome,Adamantinome,CEPIDC_2015,APHP_DERMATOLOGIE,synonyme,synonyme,false,
F07.0,moria,Moria,CEPIDC_2015,INDEX_CIM10_VOL3,synonyme,synonyme,false,
T38.6,Tamoxifène,"Tamoxifène
",CEPIDC_2015,OWL_ANS,synonyme,inclusion,true,
Q22.1,sténose valvulaire pulmonaire,Sténose valvulaire pulmonaire,CEPIDC_2015,ORPHANET,synonyme,inclusion,true,
K30,indigestion,"Indigestion
",CEPIDC_2015,OWL_ANS,synonyme,inclusion,true,
L81.8,tatouage,Tatouage,CEPIDC_2015,INDEX_CIM10_VOL3,synonyme,synonyme,false,
R06.4,hypercapnie,Hypercapnie,CEPIDC_2015,INDEX_CIM10_VOL3,synonyme,synonyme,false,
G23.1,paralysie supranucléaire progressive,"Paralysie supranucléaire progressive
",CEPIDC_2015,OWL_ANS,synonyme,inclusion,true,
G81.1,hémiplégie spastique,"Hémiplégie, spastique",CEPIDC_2015,INDEX_CIM10_VOL3,synonyme,synonyme,false,
J98.0,broncholithiase,Broncholithiase,CEPIDC_2015,OWL_ANS,synonyme,synonyme,false,
K76.5,maladie veino-occlusive hépatique,Maladie veino-occlusive hépatique,CEPIDC_2015,ORPHANET,synonyme,synonyme,false,
C62.9,séminome,Séminome,CEPIDC_2015,APHP_ENDOCRINOLOGIE,synonyme,synonyme,false,
I77.8,ulcération artérielle,Ulcération artérielle,CEPIDC_2015,OWL_ANS,synonyme,synonyme,false,
C94.4,myélofibrose aigüe,"Myélofibrose aigüe
",CEPIDC_2015,OWL_ANS,synonyme,inclusion,true,
L12.9,pemphigoïde,Pemphigoïde,CEPIDC_2015,INDEX_CIM10_VOL3,synonyme,synonyme,false,
C25.4,insulinome malin,Insulinome malin,CEPIDC_2015,APHP_ENDOCRINOLOGIE,synonyme,synonyme,false,
N41.3,prostatocystite,Prostatocystite,CEPIDC_2015,INDEX_CIM10_VOL3,synonyme,synonyme,false,
R41.1,amnésie antérograde,"Amnésie, antérograde",CEPIDC_2015,INDEX_CIM10_VOL3,synonyme,synonyme,false,
E74.2,galactosémie congénitale,Galactosémie (congénitale),CEPIDC_2015,INDEX_CIM10_VOL3,synonyme,synonyme,false,
I33.0,endocardite infectieuse,Endocardite infectieuse,CEPIDC_2015,ORPHANET,synonyme,inclusion,true,
N75.8,Bartholinite,"Bartholinite
",CEPIDC_2015,OWL_ANS,synonyme,inclusion,true,
E76.1,mucopolysaccharidose type II,Mucopolysaccharidose type II,CEPIDC_2015,ORPHANET,synonyme,synonyme,false,
E75.3,sphingolipidose,Sphingolipidose,CEPIDC_2015,INDEX_CIM10_VOL3,synonyme,synonyme,false,
J94.2,hémothorax,Hémothorax,CEPIDC_2015,INDEX_CIM10_VOL3,synonyme,synonyme,false,
I49.4,bigéminisme,Bigéminisme,CEPIDC_2015,INDEX_CIM10_VOL3,synonyme,synonyme,false,
E78.6,acanthocytose,Acanthocytose,CEPIDC_2015,INDEX_CIM10_VOL3,synonyme,synonyme,false,
M25.4,hydarthrose,Hydarthrose,CEPIDC_2015,INDEX_CIM10_VOL3,synonyme,synonyme,false,
G97.8,myélite radique,Myélite radique,CEPIDC_2015,ORPHANET,synonyme,inclusion,true,
C78.7,métastase hépatique,métastase hépatique,CEPIDC_2015,APHP_NEPHROLOGIE,synonyme,synonyme,false,
C18.1,adénocarcinome mucineux appendiculaire,Adénocarcinome mucineux appendiculaire,CEPIDC_2015,ORPHANET,synonyme,inclusion,true,
Z59.0,clochard,Clochard,CEPIDC_2015,INDEX_CIM10_VOL3,synonyme,synonyme,false,
A17.8,myélite tuberculeuse,Myélite tuberculeuse,CEPIDC_2015,OWL_ANS,synonyme,synonyme,false,
R15,encoprésie,Encoprésie,CEPIDC_2015,INDEX_CIM10_VOL3,synonyme,synonyme,false,
A43.1,nocardiose cutanée,"Nocardiose, cutanée",CEPIDC_2015,INDEX_CIM10_VOL3,synonyme,synonyme,false,
Q21.1,communication interatriale,Communication interatriale,CEPIDC_2015,ORPHANET,synonyme,synonyme,false,
L12.0,pemphigoïde bulleux,"Pemphigoïde, bulleux",CEPIDC_2015,INDEX_CIM10_VOL3,synonyme,synonyme,false,
E77.0,mucolipidose type II,Mucolipidose type II,CEPIDC_2015,ORPHANET,synonyme,inclusion,true,
M33.1,dermatomyosite,Dermatomyosite,CEPIDC_2015,ORPHANET,synonyme,inclusion,true,
R06.8,tachypnée,Tachypnée,CEPIDC_2015,INDEX_CIM10_VOL3,synonyme,synonyme,false,
Q21.4,fistule aorto-pulmonaire,fistule aorto-pulmonaire,CEPIDC_2015,OFS,synonyme,synonyme,false,
I10,hypertension artérielle primitive,Hypertension artérielle primitive,CEPIDC_2015,APHP_DERMATOLOGIE,synonyme,synonyme,false,
E50.9,avitaminose A,"Avitaminose, a",CEPIDC_2015,INDEX_CIM10_VOL3,synonyme,synonyme,false,
Q77.4,ostéosclérose congénitale,Ostéosclérose congénitale,CEPIDC_2015,OWL_ANS,synonyme,synonyme,false,
C91.0,LAL B,LAL-B,CEPIDC_2015,ORPHANET,synonyme,inclusion,true,
A43.9,nocardiose,Nocardiose,CEPIDC_2015,INDEX_CIM10_VOL3,synonyme,synonyme,false,
G95.8,myélomalacie,Myélomalacie,CEPIDC_2015,INDEX_CIM10_VOL3,synonyme,synonyme,false,
G61.0,neuromyélite ascendante,"Neuromyélite, ascendante",CEPIDC_2015,INDEX_CIM10_VOL3,synonyme,synonyme,false,
G40.9,épilepsie,épilepsie,CEPIDC_2015,APHP_NEPHROLOGIE,synonyme,synonyme,false,
E80.2,porphyrie aigüe intermittente,Porphyrie aiguë intermittente,CEPIDC_2015,ORPHANET,synonyme,inclusion,true,
X61,tranquillisants,tranquillisants,CEPIDC_2015,OFS,synonyme,inclusion,true,
M86.1,ostéomyélite aigüe,ostéomyélite aiguë,CEPIDC_2015,APHP_NEPHROLOGIE,synonyme,synonyme,false,
D21.9,rhabdomyome,Rhabdomyome,CEPIDC_2015,APHP_DERMATOLOGIE,synonyme,synonyme,false,
J86.9,empyème,empyème,CEPIDC_2015,OFS,synonyme,inclusion,true,
R63.0,aphagie,Aphagie,CEPIDC_2015,INDEX_CIM10_VOL3,synonyme,synonyme,false,
G58.8,algie pudendale,Algie pudendale,CEPIDC_2015,ORPHANET,synonyme,inclusion,true,
C91.1,leucémie lymphoplasmocytaire,Leucémie lymphoplasmocytaire,CEPIDC_2015,OWL_ANS,synonyme,synonyme,false,
D65,purpura fulminans,Purpura fulminans,CEPIDC_2015,OWL_ANS,synonyme,synonyme,false,
K40.9,hernie scrotale,hernie scrotale,CEPIDC_2015,OFS,synonyme,inclusion,true,
R26.3,grabataire,Grabataire,CEPIDC_2015,OWL_ANS,synonyme,synonyme,false,
I46.9,arrêt cardiaque,arrêt cardiaque,CEPIDC_2015,APHP_NEPHROLOGIE,synonyme,synonyme,false,
R00.1,rythme cardiaque lent,Rythme cardiaque lent,CEPIDC_2015,OWL_ANS,synonyme,synonyme,false,
F98.8,onychophagie,Onychophagie,CEPIDC_2015,OWL_ANS,synonyme,synonyme,false,
K59.3,mégacôlon toxique,Mégacôlon toxique,CEPIDC_2015,OWL_ANS,synonyme,synonyme,false,
B46.0,mucormycose pulmonaire,"Mucormycose, pulmonaire",CEPIDC_2015,INDEX_CIM10_VOL3,synonyme,synonyme,false,
C75.8,néoplasie endocrinienne multiple,néoplasie endocrinienne multiple,CEPIDC_2015,APHP_NEPHROLOGIE,synonyme,synonyme,false,
O85,endométrite puerpérale,endométrite puerpérale,CEPIDC_2015,OFS,synonyme,synonyme,false,
C78.1,métastase médiastinale,Métastase médiastinale,CEPIDC_2015,APHP_RHUMATOLOGIE,synonyme,synonyme,false,
Q75.3,macrocéphalie,Macrocéphalie,CEPIDC_2015,INDEX_CIM10_VOL3,synonyme,synonyme,false,
Q99.8,aneuploïdie,Aneuploïdie,CEPIDC_2015,INDEX_CIM10_VOL3,synonyme,synonyme,false,
L08.9,omphalite,Omphalite,CEPIDC_2015,INDEX_CIM10_VOL3,synonyme,synonyme,false,
E65,bourrelet adipeux,"Bourrelet adipeux
",CEPIDC_2015,OWL_ANS,synonyme,inclusion,true,
Q33.8,lymphangiectasie pulmonaire congénitale,Lymphangiectasie pulmonaire congénitale,CEPIDC_2015,ORPHANET,synonyme,inclusion,true,
L12.3,épidermolyse bulleuse acquise,Epidermolyse bulleuse acquise,CEPIDC_2015,ORPHANET,synonyme,synonyme,false,
E87.5,hyperkaliémie,Hyperkaliémie,CEPIDC_2015,INDEX_CIM10_VOL3,synonyme,synonyme,false,
Y09,homicide,homicide,CEPIDC_2015,OFS,synonyme,inclusion,true,
E14.1,cétose diabétique,"Cétose, diabétique",CEPIDC_2015,INDEX_CIM10_VOL3,synonyme,synonyme,false,
O62.4,hypertonie utérine,Hypertonie utérine,CEPIDC_2015,OWL_ANS,synonyme,synonyme,false,
I47.1,tachycardie jonctionnelle,"Tachycardie, jonctionnelle",CEPIDC_2015,INDEX_CIM10_VOL3,synonyme,synonyme,false,
Q54.9,hypospadias,Hypospadias,CEPIDC_2015,INDEX_CIM10_VOL3,synonyme,synonyme,false,
F20.0,schizophrénie paranoïde,"Schizophrénie, paranoïde",CEPIDC_2015,INDEX_CIM10_VOL3,synonyme,synonyme,false,
Q87.1,syndrome Rapadilino,Syndrome RAPADILINO,CEPIDC_2015,ORPHANET,synonyme,inclusion,true,
R41.3,amnésie,Amnésie,CEPIDC_2015,INDEX_CIM10_VOL3,synonyme,synonyme,false,
R06.0,orthopnée,Orthopnée,CEPIDC_2015,OWL_ANS,synonyme,synonyme,false,
M11.2,chondrocalcinose,Chondrocalcinose,CEPIDC_2015,INDEX_CIM10_VOL3,synonyme,synonyme,false,
C49.9,angiosarcome,Angiosarcome,CEPIDC_2015,ORPHANET,synonyme,inclusion,true,
R82.0,chylurie,chylurie,CEPIDC_2015,APHP_NEPHROLOGIE,synonyme,synonyme,false,
E21.0,hyperparathyroïdie primitive,Hyperparathyroïdie primitive,CEPIDC_2015,APHP_DERMATOLOGIE,synonyme,synonyme,false,
M72.8,fibromatose hyaline juvénile,Fibromatose hyaline juvénile,CEPIDC_2015,ORPHANET,synonyme,inclusion,true,
E84.9,mucoviscidose,mucoviscidose,CEPIDC_2015,OFS,synonyme,inclusion,true,
M87.9,ostéonécrose ischémique,ostéonécrose ischémique,CEPIDC_2015,OFS,synonyme,inclusion,true,
T68,hypothermie accidentelle,"Hypothermie accidentelle
",CEPIDC_2015,OWL_ANS,synonyme,inclusion,true,
I30.1,péricardite purulente,Péricardite purulente,CEPIDC_2015,OWL_ANS,synonyme,synonyme,false,
C92.9,leucémie granulocytaire,leucémie granulocytaire,CEPIDC_2015,OFS,synonyme,inclusion,true,
N04.9,syndrome néphrotique congénital,syndrome néphrotique congénital,CEPIDC_2015,OFS,synonyme,inclusion,true,
E71.1,acidurie propionique,Acidurie propionique,CEPIDC_2015,ORPHANET,synonyme,inclusion,true,
L94.3,sclérodactylie,Sclérodactylie,CEPIDC_2015,INDEX_CIM10_VOL3,synonyme,synonyme,false,
R57.1,choc hypovolémique,choc hypovolémique,CEPIDC_2015,APHP_NEPHROLOGIE,synonyme,synonyme,false,
I12.0,insuffisance rénale hypertensive,"Insuffisance rénale hypertensive
",CEPIDC_2015,OWL_ANS,synonyme,inclusion,true,
H44.0,panophtalmie,Panophtalmie,CEPIDC_2015,OWL_ANS,synonyme,synonyme,false,
B48.7,fusariose,Fusariose,CEPIDC_2015,ORPHANET,synonyme,inclusion,true,
I89.8,lymphocèle,Lymphocèle,CEPIDC_2015,INDEX_CIM10_VOL3,synonyme,synonyme,false,
R57.0,choc cardiogénique,Choc cardiogénique,CEPIDC_2015,ORPHANET,synonyme,synonyme,false,
F44.9,psychose hystérique,psychose hystérique,CEPIDC_2015,OFS,synonyme,inclusion,true,
F45.2,névrose hypocondriaque,Névrose hypocondriaque,CEPIDC_2015,OWL_ANS,synonyme,synonyme,false,
T91.3,quadriplégie traumatique,"Quadriplégie, traumatique",CEPIDC_2015,INDEX_CIM10_VOL3,synonyme,synonyme,false,
N71.9,abcès utérin,abcès utérin,CEPIDC_2015,OFS,synonyme,inclusion,true,
N28.8,pyélectasie,Pyélectasie,CEPIDC_2015,INDEX_CIM10_VOL3,synonyme,synonyme,false,
I49.4,arythmie extrasystolique,Arythmie extrasystolique,CEPIDC_2015,OWL_ANS,synonyme,synonyme,false,
R82.3,hémoglobinurie,hémoglobinurie,CEPIDC_2015,APHP_NEPHROLOGIE,synonyme,synonyme,false,
D86.0,sarcoïdose pulmonaire,Sarcoïdose pulmonaire,CEPIDC_2015,APHP_RHUMATOLOGIE,synonyme,synonyme,false,
K50.9,Crohn,Crohn,CEPIDC_2015,APHP_DERMATOLOGIE,synonyme,synonyme,false,
K46.9,entérocèle,entérocèle,CEPIDC_2015,OFS,synonyme,inclusion,true,
I20.9,angor,angor,CEPIDC_2015,APHP_NEPHROLOGIE,synonyme,synonyme,false,
K65.0,abcès sous-hépatique,abcès sous-hépatique,CEPIDC_2015,OFS,synonyme,synonyme,false,
J96.0,insuffisance respiratoire aigüe,insuffisance respiratoire aiguë,CEPIDC_2015,APHP_NEPHROLOGIE,synonyme,synonyme,false,
L08.0,ecthyma,Ecthyma,CEPIDC_2015,INDEX_CIM10_VOL3,synonyme,synonyme,false,
D75.9,dyscrasie sanguine,"Dyscrasie, sanguine",CEPIDC_2015,INDEX_CIM10_VOL3,synonyme,synonyme,false,
L53.0,toxidermie,toxidermie,CEPIDC_2015,APHP_NEPHROLOGIE,synonyme,synonyme,false,
D21.9,léiomyome,Leiomyome,CEPIDC_2015,APHP_DERMATOLOGIE,synonyme,synonyme,false,
M25.5,arthralgie,Arthralgie,CEPIDC_2015,INDEX_CIM10_VOL3,synonyme,synonyme,false,
Q23.2,atrésie mitrale congénitale,"Atrésie mitrale congénitale
",CEPIDC_2015,OWL_ANS,synonyme,inclusion,true,
F45.0,somatisation,Somatisation,CEPIDC_2015,INDEX_CIM10_VOL3,synonyme,synonyme,false,
E77.1,fucosidose,Fucosidose,CEPIDC_2015,OWL_ANS,synonyme,synonyme,false,
B00.9,primo-infection herpétique,Primo-infection herpétique,CEPIDC_2015,APHP_DERMATOLOGIE,synonyme,synonyme,false,
X60,salicylés,salicylés,CEPIDC_2015,OFS,synonyme,inclusion,true,
E75.1,gangliosidose,Gangliosidose,CEPIDC_2015,INDEX_CIM10_VOL3,synonyme,synonyme,false,
Q82.8,pseudo-xanthome élastique,Pseudo-xanthome élastique,CEPIDC_2015,APHP_DERMATOLOGIE,synonyme,synonyme,false,
R21,éruption cutanée,Eruption (cutanée),CEPIDC_2015,INDEX_CIM10_VOL3,synonyme,synonyme,false,
A18.0,ténosynovite tuberculeuse,Ténosynovite tuberculeuse,CEPIDC_2015,OWL_ANS,synonyme,synonyme,false,
D32.1,méningiome rachidien,Méningiome rachidien,CEPIDC_2015,APHP_RHUMATOLOGIE,synonyme,synonyme,false,
T67.0,insolation,Insolation,CEPIDC_2015,OWL_ANS,synonyme,synonyme,false,
Q21.2,communication atrioventriculaire,Communication atrioventriculaire,CEPIDC_2015,ORPHANET,synonyme,synonyme,false,
D48.1,fibromatose agressive,Fibromatose agressive,CEPIDC_2015,ORPHANET,synonyme,inclusion,true,
D22.9,naevus congénital,Naevus congénital,CEPIDC_2015,APHP_DERMATOLOGIE,synonyme,synonyme,false,
C90.0,myélomatose,Myélomatose,CEPIDC_2015,OWL_ANS,synonyme,synonyme,false,
N20.0,calcul rénal,Calcul rénal,CEPIDC_2015,OWL_ANS,synonyme,synonyme,false,
J20.9,trachéobronchite aigüe,trachéobronchite aiguë,CEPIDC_2015,OFS,synonyme,inclusion,true,
E83.3,hypophosphorémie,Hypophosphorémie,CEPIDC_2015,APHP_RHUMATOLOGIE,synonyme,synonyme,false,
R02,gangrène cutanée,Gangrène cutanée,CEPIDC_2015,APHP_DERMATOLOGIE,synonyme,synonyme,false,
K62.8,mégarectum,Mégarectum,CEPIDC_2015,INDEX_CIM10_VOL3,synonyme,synonyme,false,
I47.1,tachycardie paroxystique jonctionnelle,Tachycardie (paroxystique) jonctionnelle,CEPIDC_2015,OWL_ANS,synonyme,synonyme,false,
D74.9,méthémoglobinémie,Méthémoglobinémie,CEPIDC_2015,INDEX_CIM10_VOL3,synonyme,synonyme,false,
C71.9,gliosarcome,Gliosarcome,CEPIDC_2015,ORPHANET,synonyme,inclusion,true,
C92.1,leucémie myéloïde chronique,Leucémie myéloïde chronique,CEPIDC_2015,ORPHANET,synonyme,synonyme,false,
M79.3,panniculite,Panniculite,CEPIDC_2015,INDEX_CIM10_VOL3,synonyme,synonyme,false,
J98.1,atélectasie,Atélectasie,CEPIDC_2015,OWL_ANS,synonyme,synonyme,false,
I30.9,péricardite aigüe,péricardite aiguë,CEPIDC_2015,APHP_NEPHROLOGIE,synonyme,synonyme,false,
Q04.2,holoprosencéphalie,Holoprosencéphalie,CEPIDC_2015,ORPHANET,synonyme,synonyme,false,
J94.1,fibrothorax,Fibrothorax,CEPIDC_2015,INDEX_CIM10_VOL3,synonyme,synonyme,false,
C49.9,sarcome épithélioïde,Sarcome épithélioïde,CEPIDC_2015,ORPHANET,synonyme,inclusion,true,
F43.0,choc psychique,Choc psychique,CEPIDC_2015,OWL_ANS,synonyme,synonyme,false,
L81.4,mélanodermie,Mélanodermie,CEPIDC_2015,INDEX_CIM10_VOL3,synonyme,synonyme,false,
H11.3,hémorragie sous-conjonctivale,hémorragie sous-conjonctivale,CEPIDC_2015,OFS,synonyme,synonyme,false,
F45.2,cancérophobie,Cancérophobie,CEPIDC_2015,INDEX_CIM10_VOL3,synonyme,synonyme,false,
H70.0,mastoïdite aigüe,"Mastoïdite, aiguë",CEPIDC_2015,INDEX_CIM10_VOL3,synonyme,synonyme,false,
I45.5,bloc sino-auriculaire,bloc sino-auriculaire,CEPIDC_2015,OFS,synonyme,synonyme,false,
E80.0,protoporphyrie érythropoïétique,Protoporphyrie érythropoïétique,CEPIDC_2015,OWL_ANS,synonyme,synonyme,false,
I51.7,dilatation ventriculaire,Dilatation ventriculaire,CEPIDC_2015,OWL_ANS,synonyme,synonyme,false,
F20.1,schizophrénie hébéphrénique,"Schizophrénie, hébéphrénique",CEPIDC_2015,INDEX_CIM10_VOL3,synonyme,synonyme,false,
G23.1,ophtalmoplégie supranucléaire progressive,Ophtalmoplégie supranucléaire progressive,CEPIDC_2015,APHP_OPHTALMOLOGIE,synonyme,synonyme,false,
R82.2,biliurie,Biliurie,CEPIDC_2015,INDEX_CIM10_VOL3,synonyme,synonyme,false,
K05.3,parodontite,Parodontite,CEPIDC_2015,INDEX_CIM10_VOL3,synonyme,synonyme,false,
I89.1,lymphangite chronique,Lymphangite chronique,CEPIDC_2015,OWL_ANS,synonyme,synonyme,false,
E83.3,hypophosphatasie,Hypophosphatasie,CEPIDC_2015,OWL_ANS,synonyme,synonyme,false,
K91.1,dumping syndrome,Dumping syndrome,CEPIDC_2015,APHP_DERMATOLOGIE,synonyme,synonyme,false,
K75.1,pyléphlébite,"Pyléphlébite
",CEPIDC_2015,OWL_ANS,synonyme,inclusion,true,
J94.0,épanchement chyliforme,"Épanchement chyliforme
",CEPIDC_2015,OWL_ANS,synonyme,inclusion,true,
K82.3,fistule cholécysto-duodénale,fistule cholécysto-duodénale,CEPIDC_2015,OFS,synonyme,synonyme,false,
D56.1,bêta-thalassémie,Bêta-thalassémie,CEPIDC_2015,ORPHANET,synonyme,synonyme,false,
Q53.1,cryptorchidie unilatérale,"Cryptorchidie, unilatérale",CEPIDC_2015,INDEX_CIM10_VOL3,synonyme,synonyme,false,
D76.3,xanthogranulome nécrobiotique,Xanthogranulome nécrobiotique,CEPIDC_2015,ORPHANET,synonyme,inclusion,true,
K42.9,hernie para-ombilicale,hernie para-ombilicale,CEPIDC_2015,OFS,synonyme,inclusion,true,
G24.3,torticolis spasmodique,"Torticolis, spasmodique",CEPIDC_2015,INDEX_CIM10_VOL3,synonyme,synonyme,false,
L40.8,psoriasis inversé,Psoriasis inversé,CEPIDC_2015,APHP_DERMATOLOGIE,synonyme,synonyme,false,
I09.9,cardite rhumatismale,Cardite rhumatismale,CEPIDC_2015,OWL_ANS,synonyme,synonyme,false,
R41.0,désorientation,Désorientation,CEPIDC_2015,INDEX_CIM10_VOL3,synonyme,synonyme,false,
R21,éruption cutanée généralisée,"Eruption (cutanée), généralisée",CEPIDC_2015,INDEX_CIM10_VOL3,synonyme,synonyme,false,
Q04.2,holoprosencéphalie lobaire,Holoprosencéphalie lobaire,CEPIDC_2015,ORPHANET,synonyme,inclusion,true,
E34.3,nanisme,Nanisme,CEPIDC_2015,INDEX_CIM10_VOL3,synonyme,synonyme,false,
N30.1,cystite interstitielle chronique,cystite interstitielle chronique,CEPIDC_2015,APHP_NEPHROLOGIE,synonyme,synonyme,false,
A39.4,méningococcémie,Méningococcémie,CEPIDC_2015,INDEX_CIM10_VOL3,synonyme,synonyme,false,
Q87.8,syndrome BOR,Syndrome BOR,CEPIDC_2015,ORPHANET,synonyme,inclusion,true,
Q93.4,délétion 5p,Délétion 5p,CEPIDC_2015,ORPHANET,synonyme,inclusion,true,
Z49.2,dialyse péritonéale,"Dialyse péritonéale
",CEPIDC_2015,OWL_ANS,synonyme,inclusion,true,
R04.2,bronchorragie,Bronchorragie,CEPIDC_2015,INDEX_CIM10_VOL3,synonyme,synonyme,false,
E76.2,mucopolysaccharidose type IV,Mucopolysaccharidose type IV,CEPIDC_2015,ORPHANET,synonyme,inclusion,true,
H35.0,rétinopathie hypertensive,Rétinopathie hypertensive,CEPIDC_2015,APHP_OPHTALMOLOGIE,synonyme,synonyme,false,
R00.1,bradycardie sinusale,Bradycardie sinusale,CEPIDC_2015,OWL_ANS,synonyme,synonyme,false,
K83.0,angiocholite aigüe,angiocholite aiguë,CEPIDC_2015,APHP_NEPHROLOGIE,synonyme,synonyme,false,
R35,polyurie,Polyurie,CEPIDC_2015,INDEX_CIM10_VOL3,synonyme,synonyme,false,
E53.8,avitaminose B12,"Avitaminose, b12",CEPIDC_2015,INDEX_CIM10_VOL3,synonyme,synonyme,false,
E78.2,hyperlipidémie mixte,"Hyperlipidémie, mixte",CEPIDC_2015,INDEX_CIM10_VOL3,synonyme,synonyme,false,
E20.1,pseudohypoparathyroïdie,Pseudohypoparathyroïdie,CEPIDC_2015,INDEX_CIM10_VOL3,synonyme,synonyme,false,
E85.1,amylose portugaise,Amylose portugaise,CEPIDC_2015,APHP_DERMATOLOGIE,synonyme,synonyme,false,
J44.8,bronchiolite oblitérante,Bronchiolite oblitérante,CEPIDC_2015,ORPHANET,synonyme,inclusion,true,
E85.8,amylose AL,amylose AL,CEPIDC_2015,APHP_NEPHROLOGIE,synonyme,synonyme,false,
A92.0,chikungunya,Chikungunya,CEPIDC_2015,ORPHANET,synonyme,synonyme,false,
L68.9,hypertrichose,Hypertrichose,CEPIDC_2015,INDEX_CIM10_VOL3,synonyme,synonyme,false,
K11.2,parotidite chronique,"Parotidite, chronique",CEPIDC_2015,INDEX_CIM10_VOL3,synonyme,synonyme,false,
F70.9,arriération mentale légère,arriération mentale légère,CEPIDC_2015,OFS,synonyme,inclusion,true,
A19.9,tuberculose disséminée,tuberculose disséminée,CEPIDC_2015,OFS,synonyme,inclusion,true,
Q77.4,nanisme achondroplasique,"Nanisme, achondroplasique",CEPIDC_2015,INDEX_CIM10_VOL3,synonyme,synonyme,false,
K36,appendicite chronique,Appendicite chronique,CEPIDC_2015,OWL_ANS,synonyme,synonyme,false,
E86,déshydratation,Déshydratation,CEPIDC_2015,OWL_ANS,synonyme,synonyme,false,
A42.0,actinomycose pulmonaire,"Actinomycose, pulmonaire",CEPIDC_2015,INDEX_CIM10_VOL3,synonyme,synonyme,false,
Q04.3,hydranencéphalie,Hydranencéphalie,CEPIDC_2015,OWL_ANS,synonyme,synonyme,false,
G11.8,ADRPL,ADRPL,CEPIDC_2015,ORPHANET,synonyme,inclusion,true,
Q44.7,hépatomégalie congénitale,"Hépatomégalie, congénitale",CEPIDC_2015,INDEX_CIM10_VOL3,synonyme,synonyme,false,
R60.9,oedème,Oedème,CEPIDC_2015,APHP_DERMATOLOGIE,synonyme,synonyme,false,
J98.2,emphysème médiastinal,"Emphysème médiastinal
",CEPIDC_2015,OWL_ANS,synonyme,inclusion,true,
M54.3,sciatique,Sciatique,CEPIDC_2015,INDEX_CIM10_VOL3,synonyme,synonyme,false,
R06.0,essoufflement,Essoufflement,CEPIDC_2015,OWL_ANS,synonyme,synonyme,false,
K12.1,stomatite,Stomatite,CEPIDC_2015,APHP_DERMATOLOGIE,synonyme,synonyme,false,
R55,syncope,Syncope,CEPIDC_2015,INDEX_CIM10_VOL3,synonyme,synonyme,false,
D35.0,adénome corticosurrénalien,adénome corticosurrénalien,CEPIDC_2015,APHP_NEPHROLOGIE,synonyme,synonyme,false,
C92.5,leucémie aigüe myélomonocytaire,Leucémie aiguë myélomonocytaire,CEPIDC_2015,ORPHANET,synonyme,synonyme,false,
F41.1,névrose anxieuse,Névrose anxieuse,CEPIDC_2015,OWL_ANS,synonyme,synonyme,false,
B46.9,zygomycose,Zygomycose,CEPIDC_2015,INDEX_CIM10_VOL3,synonyme,synonyme,false,
F48.0,neurasthénie,Neurasthénie,CEPIDC_2015,INDEX_CIM10_VOL3,synonyme,synonyme,false,
K66.8,pneumopéritoine,Pneumopéritoine,CEPIDC_2015,INDEX_CIM10_VOL3,synonyme,synonyme,false,
Z95.0,stimulateur cardiaque,• stimulateur cardiaque,CEPIDC_2015,OWL_ANS,synonyme,synonyme,false,
D73.8,périsplénite,Périsplénite,CEPIDC_2015,OWL_ANS,synonyme,synonyme,false,
L72.0,kyste épidermoïde,Kyste épidermoïde,CEPIDC_2015,APHP_DERMATOLOGIE,synonyme,synonyme,false,
R63.4,amaigrissement,Amaigrissement,CEPIDC_2015,INDEX_CIM10_VOL3,synonyme,synonyme,false,
J86.9,empyème pleural,Empyème pleural,CEPIDC_2015,ORPHANET,synonyme,inclusion,true,
Z63.5,séparation conjugale,"Séparation, conjugale",CEPIDC_2015,INDEX_CIM10_VOL3,synonyme,synonyme,false,
E72.2,hyperammoniémie congénitale,Hyperammoniémie (congénitale),CEPIDC_2015,INDEX_CIM10_VOL3,synonyme,synonyme,false,
M48.9,spondylopathie,Spondylopathie,CEPIDC_2015,INDEX_CIM10_VOL3,synonyme,synonyme,false,
O41.1,chorio-amniotite,chorio-amniotite,CEPIDC_2015,OFS,synonyme,synonyme,false,
E80.2,porphyrie variégata,Porphyrie variegata,CEPIDC_2015,ORPHANET,synonyme,inclusion,true,
I25.3,anévrisme ventriculaire,Anévrisme ventriculaire,CEPIDC_2015,OWL_ANS,synonyme,synonyme,false,
K60.2,fissure anale,Fissure anale,CEPIDC_2015,APHP_DERMATOLOGIE,synonyme,synonyme,false,
Q90.9,mongolisme,Mongolisme,CEPIDC_2015,APHP_DERMATOLOGIE,synonyme,synonyme,false,
E74.0,glycogénose type 1,Glycogénose type 1,CEPIDC_2015,ORPHANET,synonyme,inclusion,true,
T88.8,paraffinome,Paraffinome,CEPIDC_2015,INDEX_CIM10_VOL3,synonyme,synonyme,false,
I11.0,insuffisance cardiaque hypertensive,"Insuffisance cardiaque hypertensive
",CEPIDC_2015,OWL_ANS,synonyme,inclusion,true,
M34.1,sclérodermie CREST,Sclérodermie CREST,CEPIDC_2015,APHP_RHUMATOLOGIE,synonyme,synonyme,false,
E89.2,hypoparathyroïdie post-chirurgicale,Hypoparathyroïdie post-chirurgicale,CEPIDC_2015,APHP_ENDOCRINOLOGIE,synonyme,synonyme,false,
R27.8,dyspraxie,Dyspraxie,CEPIDC_2015,INDEX_CIM10_VOL3,synonyme,synonyme,false,
Z55.0,analphabétisme,Analphabétisme,CEPIDC_2015,INDEX_CIM10_VOL3,synonyme,synonyme,false,
I86.1,varicocèle,"Varicocèle
",CEPIDC_2015,OWL_ANS,synonyme,inclusion,true,
M30.0,panartérite noueuse,Panartérite noueuse,CEPIDC_2015,ORPHANET,synonyme,synonyme,false,
R09.8,râles pulmonaires,Râles (pulmonaires),CEPIDC_2015,INDEX_CIM10_VOL3,synonyme,synonyme,false,
P78.0,péritonite méconiale,"Péritonite méconiale
",CEPIDC_2015,OWL_ANS,synonyme,inclusion,true,
R06.4,polypnée,Polypnée,CEPIDC_2015,INDEX_CIM10_VOL3,synonyme,synonyme,false,
A92.3,encéphalite West Nile,Encéphalite West-Nile,CEPIDC_2015,ORPHANET,synonyme,inclusion,true,
E77.1,mannosidose,Mannosidose,CEPIDC_2015,OWL_ANS,synonyme,synonyme,false,
D89.1,cryoglobulinémie mixte,Cryoglobulinémie mixte,CEPIDC_2015,OWL_ANS,synonyme,synonyme,false,
E85.4,angiopathie cérébrale amyloïde,"Angiopathie, cérébrale, amyloïde",CEPIDC_2015,INDEX_CIM10_VOL3,synonyme,synonyme,false,
Q78.0,fragilité osseuse,Fragilité osseuse,CEPIDC_2015,OWL_ANS,synonyme,synonyme,false,
I50.9,insuffisance biventriculaire,insuffisance biventriculaire,CEPIDC_2015,OFS,synonyme,synonyme,false,
R63.2,polyphagie,Polyphagie,CEPIDC_2015,INDEX_CIM10_VOL3,synonyme,synonyme,false,
D89.1,cryoglobulinémie,cryoglobulinémie,CEPIDC_2015,APHP_NEPHROLOGIE,synonyme,synonyme,false,
H83.0,otite interne,"Otite, interne",CEPIDC_2015,INDEX_CIM10_VOL3,synonyme,synonyme,false,
N15.9,périnéphrite,Périnéphrite,CEPIDC_2015,INDEX_CIM10_VOL3,synonyme,synonyme,false,
D89.1,vascularite cryoglobulinémique,Vascularite cryoglobulinémique,CEPIDC_2015,ORPHANET,synonyme,inclusion,true,
A70,psittacose,Psittacose,CEPIDC_2015,OWL_ANS,synonyme,synonyme,false,
H80.9,otospongiose,otospongiose,CEPIDC_2015,OFS,synonyme,inclusion,true,
E76.3,mucopolysaccharidose,Mucopolysaccharidose,CEPIDC_2015,INDEX_CIM10_VOL3,synonyme,synonyme,false,
A75.2,typhus murin,Typhus murin,CEPIDC_2015,ORPHANET,synonyme,synonyme,false,
D70,neutropénie médicamenteuse,Neutropénie médicamenteuse,CEPIDC_2015,OWL_ANS,synonyme,synonyme,false,
L50.8,urticaire chronique,Urticaire chronique,CEPIDC_2015,OWL_ANS,synonyme,synonyme,false,
H60.9,otite externe,"Otite, externe",CEPIDC_2015,INDEX_CIM10_VOL3,synonyme,synonyme,false,
K55.1,insuffisance vasculaire mésentérique,Insuffisance vasculaire mésentérique,CEPIDC_2015,OWL_ANS,synonyme,synonyme,false,
R47.1,anarthrie,Anarthrie,CEPIDC_2015,INDEX_CIM10_VOL3,synonyme,synonyme,false,
E41,marasme nutritionnel,Marasme (nutritionnel),CEPIDC_2015,INDEX_CIM10_VOL3,synonyme,synonyme,false,
F60.3,agressivité,Agressivité,CEPIDC_2015,INDEX_CIM10_VOL3,synonyme,synonyme,false,
R27.8,incoordination motrice,Incoordination (motrice),CEPIDC_2015,INDEX_CIM10_VOL3,synonyme,synonyme,false,
G04.0,encéphalomyélite aigüe disséminée,Encéphalomyélite aiguë disséminée,CEPIDC_2015,ORPHANET,synonyme,inclusion,true,
H30.9,choriorétinite,Choriorétinite,CEPIDC_2015,INDEX_CIM10_VOL3,synonyme,synonyme,false,
F60.2,personnalité asociale,Personnalité asociale,CEPIDC_2015,OWL_ANS,synonyme,synonyme,false,
N36.0,fistule urétro-rectale,fistule urétro-rectale,CEPIDC_2015,OFS,synonyme,synonyme,false,
Q73.0,amélie,Amélie,CEPIDC_2015,INDEX_CIM10_VOL3,synonyme,synonyme,false,
T79.5,anurie traumatique,"Anurie, traumatique",CEPIDC_2015,INDEX_CIM10_VOL3,synonyme,synonyme,false,
H35.1,fibroplasie rétrolentale,Fibroplasie rétrolentale,CEPIDC_2015,ORPHANET,synonyme,synonyme,false,
L28.0,lichen,Lichen,CEPIDC_2015,INDEX_CIM10_VOL3,synonyme,synonyme,false,
D65,coagulation intra-vasculaire disséminée,Coagulation intra-vasculaire disséminée,CEPIDC_2015,APHP_DERMATOLOGIE,synonyme,synonyme,false,
D47.4,myélofibrose primitive,Myélofibrose primitive,CEPIDC_2015,ORPHANET,synonyme,inclusion,true,
Y07.9,torture,torture,CEPIDC_2015,OFS,synonyme,inclusion,true,
C71.9,astrocytome anaplasique,Astrocytome anaplasique,CEPIDC_2015,ORPHANET,synonyme,inclusion,true,
B97.4,VRS,VRS,CEPIDC_2015,APHP_GERMES,synonyme,synonyme,false,
E75.2,leucodystrophie métachromatique,Leucodystrophie métachromatique,CEPIDC_2015,OWL_ANS,synonyme,synonyme,false,
M89.0,algodystrophie,Algodystrophie,CEPIDC_2015,INDEX_CIM10_VOL3,synonyme,synonyme,false,
Q43.8,dolichocôlon,Dolichocôlon,CEPIDC_2015,OWL_ANS,synonyme,synonyme,false,
Q92.8,trisomie 20,"Trisomie, 20",CEPIDC_2015,INDEX_CIM10_VOL3,synonyme,synonyme,false,
R23.0,cyanose,Cyanose,CEPIDC_2015,INDEX_CIM10_VOL3,synonyme,synonyme,false,
M43.6,torticolis,Torticolis,CEPIDC_2015,INDEX_CIM10_VOL3,synonyme,synonyme,false,
L88,pyoderma gangrenosum,Pyoderma gangrenosum,CEPIDC_2015,ORPHANET,synonyme,synonyme,false,
C88.0,Waldenström,Waldenström,CEPIDC_2015,APHP_DERMATOLOGIE,synonyme,synonyme,false,
Q01.2,encéphalocèle occipitale,Encéphalocèle occipitale,CEPIDC_2015,ORPHANET,synonyme,synonyme,false,
A78,fièvre Q,Fièvre Q,CEPIDC_2015,ORPHANET,synonyme,synonyme,false,
D89.1,cryoglobulinémie mixte type II,Cryoglobulinémie mixte type II,CEPIDC_2015,ORPHANET,synonyme,inclusion,true,
E87.6,hypokaliémie,Hypokaliémie,CEPIDC_2015,INDEX_CIM10_VOL3,synonyme,synonyme,false,
I47.2,tachycardie paroxystique ventriculaire,"Tachycardie, paroxystique, ventriculaire",CEPIDC_2015,INDEX_CIM10_VOL3,synonyme,synonyme,false,
P27.1,dysplasie broncho-pulmonaire,Dysplasie broncho-pulmonaire,CEPIDC_2015,ORPHANET,synonyme,synonyme,false,
R10.1,gastralgie,Gastralgie,CEPIDC_2015,INDEX_CIM10_VOL3,synonyme,synonyme,false,
K52.9,typhlite,Typhlite,CEPIDC_2015,INDEX_CIM10_VOL3,synonyme,synonyme,false,
C49.9,rhabdomyosarcome,Rhabdomyosarcome,CEPIDC_2015,ORPHANET,synonyme,inclusion,true,
O14.9,prééclampsie,Prééclampsie,CEPIDC_2015,INDEX_CIM10_VOL3,synonyme,synonyme,false,
Q61.4,dysplasie rénale multikystique bilatérale,Dysplasie rénale multikystique bilatérale,CEPIDC_2015,ORPHANET,synonyme,inclusion,true,
K65.0,abcès rétropéritonéal,Abcès rétropéritonéal,CEPIDC_2015,OWL_ANS,synonyme,synonyme,false,
P70.2,diabète néonatal,Diabète néonatal,CEPIDC_2015,ORPHANET,synonyme,synonyme,false,
Q87.2,syndrome Nail Patella,Syndrome nail-patella,CEPIDC_2015,ORPHANET,synonyme,inclusion,true,
B96.8,Citrobacter,Citrobacter,CEPIDC_2015,APHP_GERMES,synonyme,synonyme,false,
I73.9,vasodilatation,Vasodilatation,CEPIDC_2015,INDEX_CIM10_VOL3,synonyme,synonyme,false,
C94.2,leucémie aigüe myéloblastique type 7,Leucémie aiguë myéloblastique type 7,CEPIDC_2015,ORPHANET,synonyme,inclusion,true,
I24.8,insuffisance coronaire,"Insuffisance coronaire
",CEPIDC_2015,OWL_ANS,synonyme,inclusion,true,
I70.9,dégénérescence artérielle,dégénérescence artérielle,CEPIDC_2015,OFS,synonyme,inclusion,true,
R53,épuisement physique,Epuisement (physique),CEPIDC_2015,INDEX_CIM10_VOL3,synonyme,synonyme,false,
K65.0,abcès mésentérique,Abcès mésentérique,CEPIDC_2015,OWL_ANS,synonyme,synonyme,false,
E83.1,hémochromatose,"Hémochromatose
",CEPIDC_2015,OWL_ANS,synonyme,inclusion,true,
Y10,salicylés,salicylés,CEPIDC_2015,OFS,synonyme,inclusion,true,
G40.4,spasmes infantiles,Spasmes infantiles,CEPIDC_2015,OWL_ANS,synonyme,synonyme,false,
T17.9,corps étranger voies respiratoires,"Corps, étranger, voies, respiratoires",CEPIDC_2015,INDEX_CIM10_VOL3,synonyme,synonyme,false,
A36.9,diphtérie,Diphtérie,CEPIDC_2015,INDEX_CIM10_VOL3,synonyme,synonyme,false,
F60.3,personnalité borderline,personnalité borderline,CEPIDC_2015,OFS,synonyme,synonyme,false,
E14.4,polynévrite diabétique,polynévrite diabétique,CEPIDC_2015,OFS,synonyme,synonyme,false,
D47.3,thrombocytémie essentielle,Thrombocytémie essentielle,CEPIDC_2015,ORPHANET,synonyme,synonyme,false,
G93.1,anoxie néonatale,anoxie néonatale,CEPIDC_2015,OFS,synonyme,exclusion,true,
J38.5,laryngospasme,Laryngospasme,CEPIDC_2015,INDEX_CIM10_VOL3,synonyme,synonyme,false,
E83.5,calciphylaxie,Calciphylaxie,CEPIDC_2015,ORPHANET,synonyme,inclusion,true,
R01.1,souffle cardiaque,"Souffle, cardiaque",CEPIDC_2015,INDEX_CIM10_VOL3,synonyme,synonyme,false,
B37.9,muguet,Muguet,CEPIDC_2015,INDEX_CIM10_VOL3,synonyme,synonyme,false,
E89.3,hypopituitarisme post-chirurgical,Hypopituitarisme post-chirurgical,CEPIDC_2015,APHP_ENDOCRINOLOGIE,synonyme,synonyme,false,
D68.2,afibrinogénémie congénitale,Afibrinogénémie congénitale,CEPIDC_2015,OWL_ANS,synonyme,synonyme,false,
R63.8,hypométabolisme,Hypométabolisme,CEPIDC_2015,INDEX_CIM10_VOL3,synonyme,synonyme,false,
D64.3,ASIA,ASIA,CEPIDC_2015,ORPHANET,synonyme,inclusion,true,
M41.9,cyphoscoliose,cyphoscoliose,CEPIDC_2015,OFS,synonyme,inclusion,true,
B18.2,hépatite virale chronique C,hépatite virale chronique C,CEPIDC_2015,APHP_NEPHROLOGIE,synonyme,synonyme,false,
L29.8,prurit généralisé,Prurit généralisé,CEPIDC_2015,APHP_DERMATOLOGIE,synonyme,synonyme,false,
Q93.5,délétion 1p36,Délétion 1p36,CEPIDC_2015,ORPHANET,synonyme,inclusion,true,
K26.9,ulcère duodénal,ulcère duodénal,CEPIDC_2015,OFS,synonyme,inclusion,true,
O03.9,fausse couche,fausse-couche,CEPIDC_2015,OFS,synonyme,inclusion,true,
Q43.7,cloaque,Cloaque,CEPIDC_2015,INDEX_CIM10_VOL3,synonyme,synonyme,false,
Q52.1,dédoublement vagin,"Dédoublement, vagin",CEPIDC_2015,INDEX_CIM10_VOL3,synonyme,synonyme,false,
A87.2,méningo-encéphalite lymphocytaire,méningo-encéphalite lymphocytaire,CEPIDC_2015,OFS,synonyme,synonyme,false,
K80.0,cholécystite aigüe lithiasique,Cholécystite aigue lithiasique,CEPIDC_2015,APHP_SRLF,synonyme,synonyme,false,
R13,déglutition difficile,"Déglutition difficile
",CEPIDC_2015,OWL_ANS,synonyme,inclusion,true,
Q00.0,anencéphalie,Anencéphalie,CEPIDC_2015,INDEX_CIM10_VOL3,synonyme,synonyme,false,
D50.9,anémie ferriprive,anémie ferriprive,CEPIDC_2015,OFS,synonyme,inclusion,true,
N28.8,méga-uretère,Méga-uretère,CEPIDC_2015,OWL_ANS,synonyme,synonyme,false,
H92.2,otorragie,Otorragie,CEPIDC_2015,INDEX_CIM10_VOL3,synonyme,synonyme,false,
F11.2,héroïnomanie,Héroïnomanie,CEPIDC_2015,INDEX_CIM10_VOL3,synonyme,synonyme,false,
D45,polyglobulie essentielle,Polyglobulie essentielle,CEPIDC_2015,ORPHANET,synonyme,synonyme,false,
E87.3,alcalose,alcalose,CEPIDC_2015,APHP_NEPHROLOGIE,synonyme,synonyme,false,
I95.1,hypotension artérielle orthostatique,hypotension artérielle orthostatique,CEPIDC_2015,APHP_NEPHROLOGIE,synonyme,synonyme,false,
R22.9,nodule cutané,Nodule cutané,CEPIDC_2015,APHP_RHUMATOLOGIE,synonyme,synonyme,false,
C49.9,sarcome synovial,Sarcome synovial,CEPIDC_2015,ORPHANET,synonyme,inclusion,true,
B27.9,mononucléose infectieuse,Mononucléose infectieuse,CEPIDC_2015,INDEX_CIM10_VOL3,synonyme,synonyme,false,
C71.9,oligodendrogliome,Oligodendrogliome,CEPIDC_2015,ORPHANET,synonyme,inclusion,true,
C94.0,érythroleucémie,Érythroleucémie,CEPIDC_2015,OWL_ANS,synonyme,synonyme,false,
K56.4,coprostase,Coprostase,CEPIDC_2015,INDEX_CIM10_VOL3,synonyme,synonyme,false,
I82.2,thrombose cave,thrombose cave,CEPIDC_2015,APHP_NEPHROLOGIE,synonyme,synonyme,false,
X40,salicylés,salicylés,CEPIDC_2015,OFS,synonyme,inclusion,true,
Q87.8,association charge,Association CHARGE,CEPIDC_2015,ORPHANET,synonyme,inclusion,true,
K75.4,hépatite auto-immune,Hépatite auto-immune,CEPIDC_2015,ORPHANET,synonyme,synonyme,false,
C93.0,leucémie aigüe monocytaire,Leucémie aiguë monocytaire,CEPIDC_2015,APHP_RHUMATOLOGIE,synonyme,synonyme,false,
Q33.3,agénésie pulmonaire,Agénésie pulmonaire,CEPIDC_2015,ORPHANET,synonyme,synonyme,false,
E85.9,amylose,Amylose,CEPIDC_2015,INDEX_CIM10_VOL3,synonyme,synonyme,false,
T81.6,péritonite chimique,Péritonite chimique,CEPIDC_2015,OWL_ANS,synonyme,synonyme,false,
R93.8,déviation médiastinale,Déviation médiastinale,CEPIDC_2015,OWL_ANS,synonyme,synonyme,false,
E71.3,adrénomyéloneuropathie,Adrénomyéloneuropathie,CEPIDC_2015,ORPHANET,synonyme,inclusion,true,
B44.7,aspergillose généralisée,"Aspergillose généralisée
",CEPIDC_2015,OWL_ANS,synonyme,inclusion,true,
R10.1,douleur épigastrique,Douleur épigastrique,CEPIDC_2015,OWL_ANS,synonyme,synonyme,false,
I70.9,dégénérescence vasculaire,dégénérescence vasculaire,CEPIDC_2015,OFS,synonyme,inclusion,true,
G58.0,névralgie intercostale,Névralgie intercostale,CEPIDC_2015,APHP_RHUMATOLOGIE,synonyme,synonyme,false,
J84.0,protéinose alvéolaire pulmonaire,"Protéinose, alvéolaire (pulmonaire)",CEPIDC_2015,INDEX_CIM10_VOL3,synonyme,synonyme,false,
T46.0,intoxication digitalique,Intoxication digitalique,CEPIDC_2015,ORPHANET,synonyme,inclusion,true,
C71.9,astrocytome gémistocytique,Astrocytome gémistocytique,CEPIDC_2015,ORPHANET,synonyme,inclusion,true,
A42.1,actinomycose abdominale,"Actinomycose, abdominale",CEPIDC_2015,INDEX_CIM10_VOL3,synonyme,synonyme,false,
G40.4,encéphalopathie myoclonique précoce symptomatique,Encéphalopathie myoclonique précoce symptomatique,CEPIDC_2015,OWL_ANS,synonyme,synonyme,false,
A22.1,charbon pulmonaire,Charbon pulmonaire,CEPIDC_2015,ORPHANET,synonyme,inclusion,true,
G37.2,myélinolyse centropontine,Myélinolyse centropontine,CEPIDC_2015,INDEX_CIM10_VOL3,synonyme,synonyme,false,
P35.8,varicelle congénitale,"Varicelle congénitale
",CEPIDC_2015,OWL_ANS,synonyme,inclusion,true,
G81.0,hémiplégie flasque,"Hémiplégie, flasque",CEPIDC_2015,INDEX_CIM10_VOL3,synonyme,synonyme,false,
K55.2,angiodysplasie côlon,"Angiodysplasie, côlon",CEPIDC_2015,INDEX_CIM10_VOL3,synonyme,synonyme,false,
I77.8,érosion artérielle,Érosion artérielle,CEPIDC_2015,OWL_ANS,synonyme,synonyme,false,
Q67.2,dolichocéphalie,Dolichocéphalie,CEPIDC_2015,INDEX_CIM10_VOL3,synonyme,synonyme,false,
R70.0,syndrome inflammatoire,Syndrome inflammatoire,CEPIDC_2015,APHP_RHUMATOLOGIE,synonyme,synonyme,false,
E71.0,leucinose,Leucinose,CEPIDC_2015,ORPHANET,synonyme,synonyme,false,
C94.2,leucémie mégacaryoblastique aigüe,Leucémie mégacaryoblastique aigüe,CEPIDC_2015,OWL_ANS,synonyme,synonyme,false,
L10.1,pemphigus végétant,Pemphigus végétant,CEPIDC_2015,ORPHANET,synonyme,synonyme,false,
M60.9,myosite,Myosite,CEPIDC_2015,INDEX_CIM10_VOL3,synonyme,synonyme,false,
Q38.2,macroglossie,Macroglossie,CEPIDC_2015,ORPHANET,synonyme,synonyme,false,
C49.9,myxofibrosarcome,Myxofibrosarcome,CEPIDC_2015,ORPHANET,synonyme,inclusion,true,
M30.0,polyartérite noueuse,Polyartérite noueuse,CEPIDC_2015,ORPHANET,synonyme,synonyme,false,
D47.4,ostéomyélofibrose,Osteomyélofibrose,CEPIDC_2015,ORPHANET,synonyme,inclusion,true,
N61,mastite,Mastite,CEPIDC_2015,APHP_DERMATOLOGIE,synonyme,synonyme,false,
B44.7,aspergillose disséminée,"Aspergillose, disséminée",CEPIDC_2015,INDEX_CIM10_VOL3,synonyme,synonyme,false,
M47.8,cervicarthrose,Cervicarthrose,CEPIDC_2015,INDEX_CIM10_VOL3,synonyme,synonyme,false,
E78.0,hypercholestérolémie essentielle,hypercholestérolémie essentielle,CEPIDC_2015,APHP_NEPHROLOGIE,synonyme,synonyme,false,
C71.9,glioblastome multiforme,Glioblastome multiforme,CEPIDC_2015,ORPHANET,synonyme,inclusion,true,
B48.7,scedosporiose,Scédosporiose,CEPIDC_2015,ORPHANET,synonyme,inclusion,true,
J44.8,bronchiolite obstructive,Bronchiolite obstructive,CEPIDC_2015,ORPHANET,synonyme,inclusion,true,
Q18.3,pterygium colli,"Pterygium colli
",CEPIDC_2015,OWL_ANS,synonyme,inclusion,true,
C78.6,ascite maligne,"Ascite, maligne",CEPIDC_2015,INDEX_CIM10_VOL3,synonyme,synonyme,false,
K82.3,fistule cholécysto-colique,fistule cholécysto-colique,CEPIDC_2015,OFS,synonyme,synonyme,false,
Q20.4,coeur univentriculaire,Coeur univentriculaire,CEPIDC_2015,ORPHANET,synonyme,synonyme,false,
H47.0,neuropathie optique ischémique,Neuropathie optique ischémique,CEPIDC_2015,OWL_ANS,synonyme,synonyme,false,
R47.0,dysphasie,Dysphasie,CEPIDC_2015,INDEX_CIM10_VOL3,synonyme,synonyme,false,
N12,pyélonéphrite,pyélonéphrite,CEPIDC_2015,OFS,synonyme,inclusion,true,
I20.9,syndrome angineux,Syndrome angineux,CEPIDC_2015,OWL_ANS,synonyme,synonyme,false,
Q25.7,malformation artérioveineuse pulmonaire,Malformation artérioveineuse pulmonaire,CEPIDC_2015,ORPHANET,synonyme,inclusion,true,
Q04.4,dysplasie septo-optique,Dysplasie septo-optique,CEPIDC_2015,ORPHANET,synonyme,synonyme,false,
M31.1,ptt,PTT,CEPIDC_2015,ORPHANET,synonyme,inclusion,true,
M46.9,spondylarthrite,Spondylarthrite,CEPIDC_2015,INDEX_CIM10_VOL3,synonyme,synonyme,false,
G83.8,triplégie,Triplégie,CEPIDC_2015,INDEX_CIM10_VOL3,synonyme,synonyme,false,
R40.2,coma,Coma,CEPIDC_2015,INDEX_CIM10_VOL3,synonyme,synonyme,false,
R57.1,choc hémorragique,Choc hémorragique,CEPIDC_2015,APHP_GRONES,synonyme,synonyme,false,
Q20.5,inversion ventriculaire,Inversion ventriculaire,CEPIDC_2015,OWL_ANS,synonyme,synonyme,false,
Q80.4,ichtyose harlequin,Ichtyose harlequin,CEPIDC_2015,ORPHANET,synonyme,synonyme,false,
N18.9,urémie chronique,urémie chronique,CEPIDC_2015,OFS,synonyme,inclusion,true,
L53.9,érythème,Erythème,CEPIDC_2015,INDEX_CIM10_VOL3,synonyme,synonyme,false,
S06.0,commotion cérébrale,"Commotion cérébrale
",CEPIDC_2015,OWL_ANS,synonyme,inclusion,true,
I99,angiopathie,Angiopathie,CEPIDC_2015,INDEX_CIM10_VOL3,synonyme,synonyme,false,
F53.1,psychose puerpérale,Psychose puerpérale,CEPIDC_2015,ORPHANET,synonyme,inclusion,true,
Q82.8,angiomatose,Angiomatose,CEPIDC_2015,INDEX_CIM10_VOL3,synonyme,synonyme,false,
K61.1,abcès périrectal,"Abcès périrectal
",CEPIDC_2015,OWL_ANS,synonyme,inclusion,true,
C69.0,mélanome conjonctival,Mélanome conjonctival,CEPIDC_2015,ORPHANET,synonyme,inclusion,true,
R61.9,hyperhidrose,Hyperhidrose,CEPIDC_2015,INDEX_CIM10_VOL3,synonyme,synonyme,false,
I73.8,érythromélalgie,Érythromélalgie,CEPIDC_2015,OWL_ANS,synonyme,synonyme,false,
B08.3,cinquième maladie,Cinquième maladie,CEPIDC_2015,INDEX_CIM10_VOL3,synonyme,synonyme,false,
N85.7,hématométrie,Hématométrie,CEPIDC_2015,INDEX_CIM10_VOL3,synonyme,synonyme,false,
E51.9,avitaminose B1,Avitaminose B1,CEPIDC_2015,APHP_DERMATOLOGIE,synonyme,synonyme,false,
S72.1,fracture intertrochantérienne,Fracture intertrochantérienne,CEPIDC_2015,OWL_ANS,synonyme,synonyme,false,
R62.8,infantilisme,Infantilisme,CEPIDC_2015,APHP_DERMATOLOGIE,synonyme,synonyme,false,
N28.8,hypertrophie rénale,Hypertrophie rénale,CEPIDC_2015,OWL_ANS,synonyme,synonyme,false,
K74.3,CBP,CBP,CEPIDC_2015,ORPHANET,synonyme,synonyme,false,
E74.0,glycogénose type II,Glycogénose type II,CEPIDC_2015,ORPHANET,synonyme,inclusion,true,
A17.8,méningo-encéphalite tuberculeuse,méningo-encéphalite tuberculeuse,CEPIDC_2015,OFS,synonyme,synonyme,false,
R02,nécrose cutanée,Nécrose cutanée,CEPIDC_2015,APHP_DERMATOLOGIE,synonyme,synonyme,false,
E80.1,porphyrie cutanée tardive,Porphyrie cutanée tardive,CEPIDC_2015,ORPHANET,synonyme,synonyme,false,
I73.9,angiopathie périphérique,"Angiopathie, périphérique",CEPIDC_2015,INDEX_CIM10_VOL3,synonyme,synonyme,false,
K83.8,ductopénie idiopathique,Ductopénie idiopathique,CEPIDC_2015,ORPHANET,synonyme,inclusion,true,
N71.9,métrite,métrite,CEPIDC_2015,OFS,synonyme,inclusion,true,
E80.2,porphyrie,porphyrie,CEPIDC_2015,APHP_NEPHROLOGIE,synonyme,synonyme,false,
E87.2,acidose lactique,Acidose lactique,CEPIDC_2015,OWL_ANS,synonyme,synonyme,false,
L68.0,hirsutisme,Hirsutisme,CEPIDC_2015,INDEX_CIM10_VOL3,synonyme,synonyme,false,
R34,oligurie,Oligurie,CEPIDC_2015,INDEX_CIM10_VOL3,synonyme,synonyme,false,
L10.0,pemphigus vulgaire,Pemphigus vulgaire,CEPIDC_2015,ORPHANET,synonyme,synonyme,false,
B26.9,parotidite infectieuse,parotidite infectieuse,CEPIDC_2015,OFS,synonyme,inclusion,true,
F34.0,cyclothymie,Cyclothymie,CEPIDC_2015,INDEX_CIM10_VOL3,synonyme,synonyme,false,
F84.1,autisme atypique,Autisme atypique,CEPIDC_2015,ORPHANET,synonyme,synonyme,false,
R23.2,érythrose,Erythrose,CEPIDC_2015,INDEX_CIM10_VOL3,synonyme,synonyme,false,
Q42.9,atrésie colique,Atrésie colique,CEPIDC_2015,ORPHANET,synonyme,inclusion,true,
Q51.4,utérus unicorne,Utérus unicorne,CEPIDC_2015,ORPHANET,synonyme,synonyme,false,
M32.9,lupus érythémateux systémique,Lupus érythémateux systémique,CEPIDC_2015,APHP_DERMATOLOGIE,synonyme,synonyme,false,
I73.9,claudication intermittente,Claudication intermittente,CEPIDC_2015,OWL_ANS,synonyme,synonyme,false,
N41.0,prostatite aigüe,prostatite aiguë,CEPIDC_2015,APHP_NEPHROLOGIE,synonyme,synonyme,false,
A31.1,mycobactérie cutanée,Mycobactérie cutanée,CEPIDC_2015,APHP_DERMATOLOGIE,synonyme,synonyme,false,
I12.9,néphropathie hypertensive,néphropathie hypertensive,CEPIDC_2015,OFS,synonyme,inclusion,true,
E85.2,amylose hérédo-familiale,"Amylose, hérédo-familiale",CEPIDC_2015,INDEX_CIM10_VOL3,synonyme,synonyme,false,
K14.6,glossodynie,Glossodynie,CEPIDC_2015,INDEX_CIM10_VOL3,synonyme,synonyme,false,
K65.8,cholépéritoine,Cholépéritoine,CEPIDC_2015,INDEX_CIM10_VOL3,synonyme,synonyme,false,
K11.7,xérostomie,Xérostomie,CEPIDC_2015,OWL_ANS,synonyme,synonyme,false,
E87.2,acidocétose,Acidocétose,CEPIDC_2015,INDEX_CIM10_VOL3,synonyme,synonyme,false,
Q82.8,pseudoxanthome élastique,Pseudoxanthome élastique,CEPIDC_2015,ORPHANET,synonyme,inclusion,true,
X37,cyclone,cyclone,CEPIDC_2015,OFS,synonyme,inclusion,true,
Q92.7,triploïdie,Triploïdie,CEPIDC_2015,INDEX_CIM10_VOL3,synonyme,synonyme,false,
A01.0,fièvre typhoïde,Fièvre typhoïde,CEPIDC_2015,ORPHANET,synonyme,synonyme,false,
M10.0,tophus,Tophus,CEPIDC_2015,APHP_RHUMATOLOGIE,synonyme,synonyme,false,
N00.9,néphrite aigüe,néphrite aiguë,CEPIDC_2015,OFS,synonyme,inclusion,true,
R18,épanchement péritonéal,"Épanchement péritonéal
",CEPIDC_2015,OWL_ANS,synonyme,inclusion,true,
M85.8,ostéosclérose acquise,Ostéosclérose acquise,CEPIDC_2015,OWL_ANS,synonyme,synonyme,false,
Q06.0,amyélie,Amyélie,CEPIDC_2015,INDEX_CIM10_VOL3,synonyme,synonyme,false,
Q20.0,truncus arteriosus,Truncus arteriosus,CEPIDC_2015,ORPHANET,synonyme,synonyme,false,
Q25.7,artère pulmonaire aberrante,Artère pulmonaire aberrante,CEPIDC_2015,OWL_ANS,synonyme,synonyme,false,
C92.1,LMC,LMC,CEPIDC_2015,ORPHANET,synonyme,synonyme,false,
I89.8,chylopéritoine,Chylopéritoine,CEPIDC_2015,INDEX_CIM10_VOL3,synonyme,synonyme,false,
F64.0,transsexualisme,Transsexualisme,CEPIDC_2015,INDEX_CIM10_VOL3,synonyme,synonyme,false,
N11.9,pyélonéphrite chronique,pyélonéphrite chronique,CEPIDC_2015,OFS,synonyme,inclusion,true,
Q33.0,MAKP,MAKP,CEPIDC_2015,ORPHANET,synonyme,inclusion,true,
B45.0,cryptococcose pulmonaire,"Cryptococcose, pulmonaire",CEPIDC_2015,INDEX_CIM10_VOL3,synonyme,synonyme,false,
K29.6,gastrite hypertrophique géante,Gastrite hypertrophique géante,CEPIDC_2015,OWL_ANS,synonyme,synonyme,false,
R29.0,tétanie,Tétanie,CEPIDC_2015,INDEX_CIM10_VOL3,synonyme,synonyme,false,
J21.9,bronchiolite aigüe,"Bronchiolite (aigüe)
",CEPIDC_2015,OWL_ANS,synonyme,inclusion,true,
L94.0,morphée,Morphée,CEPIDC_2015,INDEX_CIM10_VOL3,synonyme,synonyme,false,
R39.2,urémie extrarénale,"Urémie, extrarénale",CEPIDC_2015,INDEX_CIM10_VOL3,synonyme,synonyme,false,
K86.3,pseudokyste pancréas,"Pseudokyste, pancréas",CEPIDC_2015,INDEX_CIM10_VOL3,synonyme,synonyme,false,
R32,énurésie,Enurésie,CEPIDC_2015,INDEX_CIM10_VOL3,synonyme,synonyme,false,
J86.9,pyopneumothorax,pyopneumothorax,CEPIDC_2015,OFS,synonyme,inclusion,true,
B00.8,hépatite herpétique,Hépatite herpétique,CEPIDC_2015,OWL_ANS,synonyme,synonyme,false,
L12.1,pemphigoïde cicatriciel,"Pemphigoïde, cicatriciel",CEPIDC_2015,INDEX_CIM10_VOL3,synonyme,synonyme,false,
J02.9,angine aigüe,angine aiguë,CEPIDC_2015,OFS,synonyme,inclusion,true,
H70.2,pétrosite,Pétrosite,CEPIDC_2015,INDEX_CIM10_VOL3,synonyme,synonyme,false,
K26.9,ulcère post pylorique,ulcère post-pylorique,CEPIDC_2015,OFS,synonyme,inclusion,true,
Q12.0,cataracte congénitale,"Cataracte, congénitale",CEPIDC_2015,INDEX_CIM10_VOL3,synonyme,synonyme,false,
E27.4,hypocorticisme,Hypocorticisme,CEPIDC_2015,INDEX_CIM10_VOL3,synonyme,synonyme,false,
N28.0,infarctus rénal,Infarctus rénal,CEPIDC_2015,OWL_ANS,synonyme,synonyme,false,
I51.7,hypertrophie cardiaque,Hypertrophie cardiaque,CEPIDC_2015,OWL_ANS,synonyme,synonyme,false,
Q75.0,craniosténose,Craniosténose,CEPIDC_2015,INDEX_CIM10_VOL3,synonyme,synonyme,false,
E87.0,hyperosmolarité,Hyperosmolarité,CEPIDC_2015,INDEX_CIM10_VOL3,synonyme,synonyme,false,
N71.9,myométrite,myométrite,CEPIDC_2015,OFS,synonyme,inclusion,true,
Q79.0,hernie diaphragmatique congénitale,Hernie diaphragmatique congénitale,CEPIDC_2015,ORPHANET,synonyme,synonyme,false,
K61.0,abcès périanal,"Abcès périanal
",CEPIDC_2015,OWL_ANS,synonyme,inclusion,true,
E87.7,hyperhydratation extracellulaire,hyperhydratation extracellulaire,CEPIDC_2015,APHP_NEPHROLOGIE,synonyme,synonyme,false,
K31.6,fistule gastro-colique,fistule gastro-colique,CEPIDC_2015,OFS,synonyme,synonyme,false,
M94.0,costochondrite,Costochondrite,CEPIDC_2015,OWL_ANS,synonyme,synonyme,false,
E14.2,néphropathie diabétique,Néphropathie diabétique,CEPIDC_2015,OWL_ANS,synonyme,synonyme,false,
E87.1,hyponatrémie,Hyponatrémie,CEPIDC_2015,INDEX_CIM10_VOL3,synonyme,synonyme,false,
M17.9,gonarthrose,Gonarthrose,CEPIDC_2015,INDEX_CIM10_VOL3,synonyme,synonyme,false,
N18.4,insuffisance rénale chronique sévère,Insuffisance rénale chronique sévère,CEPIDC_2015,OWL_ANS,synonyme,synonyme,false,
T58,carboxyhémoglobinémie,Carboxyhémoglobinémie,CEPIDC_2015,INDEX_CIM10_VOL3,synonyme,synonyme,false,
M81.8,ostéoporose sénile,"Ostéoporose sénile
",CEPIDC_2015,OWL_ANS,synonyme,inclusion,true,
I49.0,fibrillation ventriculaire,"Fibrillation, ventriculaire",CEPIDC_2015,INDEX_CIM10_VOL3,synonyme,synonyme,false,
B15.9,hépatite A,Hépatite A,CEPIDC_2015,APHP_DERMATOLOGIE,synonyme,synonyme,false,
Q39.8,dolicho-oesophage,Dolicho-oesophage,CEPIDC_2015,INDEX_CIM10_VOL3,synonyme,synonyme,false,
R44.0,hallucination auditive,"Hallucination, auditive",CEPIDC_2015,INDEX_CIM10_VOL3,synonyme,synonyme,false,
K65.9,péritonite aseptique,péritonite aseptique,CEPIDC_2015,OFS,synonyme,exclusion,true,
C49.9,rhabdomyosarcome pléomorphe,Rhabdomyosarcome pléomorphe,CEPIDC_2015,ORPHANET,synonyme,inclusion,true,
E74.0,glycogénose type 4,Glycogénose type 4,CEPIDC_2015,ORPHANET,synonyme,inclusion,true,
L10.8,pemphigus paranéoplasique,Pemphigus paranéoplasique,CEPIDC_2015,ORPHANET,synonyme,inclusion,true,
N48.1,balanite,"Balanite
",CEPIDC_2015,OWL_ANS,synonyme,inclusion,true,
H35.5,rétinite pigmentaire,Rétinite pigmentaire,CEPIDC_2015,OWL_ANS,synonyme,synonyme,false,
E74.8,hyperoxalurie primitive,Hyperoxalurie primitive,CEPIDC_2015,ORPHANET,synonyme,inclusion,true,
D64.3,anémie sidéroblastique idiopathique acquise,Anémie sidéroblastique idiopathique acquise,CEPIDC_2015,ORPHANET,synonyme,inclusion,true,
D70,hypoleucocytose,Hypoleucocytose,CEPIDC_2015,INDEX_CIM10_VOL3,synonyme,synonyme,false,
J05.1,épiglottite aigüe,Epiglottite (aiguë),CEPIDC_2015,INDEX_CIM10_VOL3,synonyme,synonyme,false,
J61,asbestose,"Asbestose
",CEPIDC_2015,OWL_ANS,synonyme,inclusion,true,
Q61.4,dysplasie rénale,Dysplasie rénale,CEPIDC_2015,ORPHANET,synonyme,synonyme,false,
R63.1,polydipsie,Polydipsie,CEPIDC_2015,INDEX_CIM10_VOL3,synonyme,synonyme,false,
N32.1,fistule vésico-rectale,fistule vésico-rectale,CEPIDC_2015,OFS,synonyme,synonyme,false,
E20.1,pseudo-hypoparathyroïdie,Pseudo-hypoparathyroïdie,CEPIDC_2015,ORPHANET,synonyme,synonyme,false,
D69.2,purpura sénile,Purpura sénile,CEPIDC_2015,OWL_ANS,synonyme,synonyme,false,
P96.0,anurie nouveau-né,"Anurie, nouveau-né",CEPIDC_2015,INDEX_CIM10_VOL3,synonyme,synonyme,false,
M62.5,fonte musculaire,"Fonte, musculaire",CEPIDC_2015,INDEX_CIM10_VOL3,synonyme,synonyme,false,
A48.1,légionellose pulmonaire,"Légionellose, pulmonaire",CEPIDC_2015,INDEX_CIM10_VOL3,synonyme,synonyme,false,
H93.1,acouphènes,Acouphènes,CEPIDC_2015,INDEX_CIM10_VOL3,synonyme,synonyme,false,
Q64.1,exstrophie vésicale,exstrophie vésicale,CEPIDC_2015,APHP_NEPHROLOGIE,synonyme,synonyme,false,
D61.9,hypoplasie médullaire,Hypoplasie médullaire,CEPIDC_2015,OWL_ANS,synonyme,synonyme,false,
F34.1,personnalité dysthymique,"Personnalité, dysthymique",CEPIDC_2015,INDEX_CIM10_VOL3,synonyme,synonyme,false,
A18.3,ascite tuberculeuse,Ascite tuberculeuse,CEPIDC_2015,OWL_ANS,synonyme,synonyme,false,
Q04.2,syntélencéphalie,Syntélencéphalie,CEPIDC_2015,ORPHANET,synonyme,inclusion,true,
M94.8,polychondrite atrophiante,polychondrite atrophiante,CEPIDC_2015,APHP_NEPHROLOGIE,synonyme,synonyme,false,
D15.1,myxome auriculaire,Myxome auriculaire,CEPIDC_2015,ORPHANET,synonyme,inclusion,true,
T75.1,immersion,Immersion,CEPIDC_2015,OWL_ANS,synonyme,synonyme,false,
H18.6,kératocône,Kératocône,CEPIDC_2015,INDEX_CIM10_VOL3,synonyme,synonyme,false,
J98.5,médiastinite,Médiastinite,CEPIDC_2015,OWL_ANS,synonyme,synonyme,false,
M89.5,ostéolyse,Ostéolyse,CEPIDC_2015,INDEX_CIM10_VOL3,synonyme,synonyme,false,
I70.9,artériosclérose,artériosclérose,CEPIDC_2015,OFS,synonyme,inclusion,true,
I42.4,myocardiopathie congénitale,"Myocardiopathie congénitale
",CEPIDC_2015,OWL_ANS,synonyme,inclusion,true,
E85.0,fièvre méditerranéenne familiale,Fièvre méditerranéenne familiale,CEPIDC_2015,OWL_ANS,synonyme,synonyme,false,
H55,nystagmus congénital,Nystagmus congénital,CEPIDC_2015,APHP_OPHTALMOLOGIE,synonyme,synonyme,false,
I80.9,périphlébite,périphlébite,CEPIDC_2015,OFS,synonyme,inclusion,true,
L02.9,abcès sous-cutané,Abcès sous cutané,CEPIDC_2015,APHP_DERMATOLOGIE,synonyme,synonyme,false,
L02.9,furonculose,furonculose,CEPIDC_2015,OFS,synonyme,inclusion,true,
M25.5,polyarthralgie,Polyarthralgie,CEPIDC_2015,INDEX_CIM10_VOL3,synonyme,synonyme,false,
M65.9,ténosynovite,Ténosynovite,CEPIDC_2015,INDEX_CIM10_VOL3,synonyme,synonyme,false,
B96.2,Escherichia coli,Escherichia coli,CEPIDC_2015,APHP_GERMES,synonyme,synonyme,false,
E75.2,syndrome CACH,Syndrome CACH,CEPIDC_2015,ORPHANET,synonyme,inclusion,true,
T66,radionécrose,Radionécrose,CEPIDC_2015,APHP_DERMATOLOGIE,synonyme,synonyme,false,
Q04.3,pachygyrie,Pachygyrie,CEPIDC_2015,OWL_ANS,synonyme,synonyme,false,
N25.1,diabète insipide néphrogénique,Diabète insipide néphrogénique,CEPIDC_2015,ORPHANET,synonyme,synonyme,false,
B44.9,aspergillome,aspergillome,CEPIDC_2015,OFS,synonyme,inclusion,true,
E55.9,avitaminose D,"Avitaminose D
",CEPIDC_2015,OWL_ANS,synonyme,inclusion,true,
I50.1,asthme cardiaque,Asthme cardiaque,CEPIDC_2015,OWL_ANS,synonyme,synonyme,false,
L40.3,pustulose palmoplantaire,Pustulose palmoplantaire,CEPIDC_2015,ORPHANET,synonyme,synonyme,false,
G04.9,méningo-encéphalite,méningo-encéphalite,CEPIDC_2015,OFS,synonyme,inclusion,true,
A07.2,cryptosporidiose,Cryptosporidiose,CEPIDC_2015,ORPHANET,synonyme,synonyme,false,
N13.6,pyohydronéphrose,Pyohydronéphrose,CEPIDC_2015,INDEX_CIM10_VOL3,synonyme,synonyme,false,
B96.4,Proteus mirabilis,Proteus mirabilis,CEPIDC_2015,APHP_GERMES,synonyme,synonyme,false,
Q85.8,syndrome Peutz-Jeghers,Syndrome Peutz Jeghers,CEPIDC_2015,APHP_DERMATOLOGIE,synonyme,synonyme,false,
K31.8,hyperacidité gastrique,Hyperacidité gastrique,CEPIDC_2015,INDEX_CIM10_VOL3,synonyme,synonyme,false,
G23.0,PKAN,PKAN,CEPIDC_2015,ORPHANET,synonyme,synonyme,false,
C71.9,astrocytome fibrillaire,Astrocytome fibrillaire,CEPIDC_2015,ORPHANET,synonyme,inclusion,true,
F31.9,maladie maniaco-dépressive,maladie maniaco-dépressive,CEPIDC_2015,OFS,synonyme,inclusion,true,
E07.9,dysthyroïdie,Dysthyroïdie,CEPIDC_2015,INDEX_CIM10_VOL3,synonyme,synonyme,false,
M31.0,vascularite allergique,Vascularite allergique,CEPIDC_2015,APHP_DERMATOLOGIE,synonyme,synonyme,false,
A01.0,typhoïde,Typhoïde,CEPIDC_2015,ORPHANET,synonyme,synonyme,false,
K06.8,gingivorragie,Gingivorragie,CEPIDC_2015,INDEX_CIM10_VOL3,synonyme,synonyme,false,
E87.2,acidose métabolique,Acidose métabolique,CEPIDC_2015,OWL_ANS,synonyme,synonyme,false,
M89.8,scapulalgie,Scapulalgie,CEPIDC_2015,INDEX_CIM10_VOL3,synonyme,synonyme,false,
E27.4,hypoaldostéronisme,Hypoaldostéronisme,CEPIDC_2015,OWL_ANS,synonyme,synonyme,false,
I73.8,acrocyanose,Acrocyanose,CEPIDC_2015,OWL_ANS,synonyme,synonyme,false,
L44.0,pityriasis rubra pilaire,Pityriasis rubra pilaire,CEPIDC_2015,ORPHANET,synonyme,synonyme,false,
I50.1,insuffisance cardiaque gauche,Insuffisance cardiaque gauche,CEPIDC_2015,OWL_ANS,synonyme,synonyme,false,
D76.3,xanthogranulome,Xanthogranulome,CEPIDC_2015,OWL_ANS,synonyme,synonyme,false,
C96.8,histiocytose maligne,"Histiocytose maligne
",CEPIDC_2015,OWL_ANS,synonyme,inclusion,true,
M34.1,syndrome CREST,Syndrome CREST,CEPIDC_2015,ORPHANET,synonyme,synonyme,false,
I67.4,encéphalopathie hypertensive,encéphalopathie hypertensive,CEPIDC_2015,APHP_NEPHROLOGIE,synonyme,synonyme,false,
Q28.3,cavernomatose cérébrale familiale,Cavernomatose cérébrale familiale,CEPIDC_2015,ORPHANET,synonyme,inclusion,true,
R13,dysphagie,Dysphagie,CEPIDC_2015,INDEX_CIM10_VOL3,synonyme,synonyme,false,
R90.0,image intracrânienne anormale,"Image intracrânienne anormale
",CEPIDC_2015,OWL_ANS,synonyme,inclusion,true,
R82.4,cétonurie,"Cétonurie
",CEPIDC_2015,OWL_ANS,synonyme,inclusion,true,
L20.9,dermatite atopique,Dermatite atopique,CEPIDC_2015,APHP_DERMATOLOGIE,synonyme,synonyme,false,
E23.0,insuffisance hypophysaire globale,Insuffisance hypophysaire globale,CEPIDC_2015,APHP_ENDOCRINOLOGIE,synonyme,synonyme,false,
R54,sénilité,Sénilité,CEPIDC_2015,INDEX_CIM10_VOL3,synonyme,synonyme,false,
E87.2,acidémie,Acidémie,CEPIDC_2015,INDEX_CIM10_VOL3,synonyme,synonyme,false,
H66.9,otite,Otite,CEPIDC_2015,INDEX_CIM10_VOL3,synonyme,synonyme,false,
E78.5,hyperlipidémie,Hyperlipidémie,CEPIDC_2015,INDEX_CIM10_VOL3,synonyme,synonyme,false,
C44.9,carcinome verruqueux,Carcinome verruqueux,CEPIDC_2015,APHP_DERMATOLOGIE,synonyme,synonyme,false,
R40.1,coma vigil,"Coma, vigil",CEPIDC_2015,INDEX_CIM10_VOL3,synonyme,synonyme,false,
C92.3,sarcome granulocytaire,Sarcome granulocytaire,CEPIDC_2015,OWL_ANS,synonyme,synonyme,false,
N25.9,tubulopathie,Tubulopathie,CEPIDC_2015,INDEX_CIM10_VOL3,synonyme,synonyme,false,
Q89.0,asplénie congénitale,Asplénie (congénitale),CEPIDC_2015,OWL_ANS,synonyme,synonyme,false,
Q87.8,syndrome Child,Syndrome CHILD,CEPIDC_2015,ORPHANET,synonyme,inclusion,true,
L71.9,couperose,Couperose,CEPIDC_2015,INDEX_CIM10_VOL3,synonyme,synonyme,false,
D70,neutropénie toxique,Neutropénie toxique,CEPIDC_2015,OWL_ANS,synonyme,synonyme,false,
E85.2,amylose génétique,"Amylose, génétique",CEPIDC_2015,INDEX_CIM10_VOL3,synonyme,synonyme,false,
G71.0,dystrophie facio-scapulo-humérale,Dystrophie facio-scapulo-humérale,CEPIDC_2015,ORPHANET,synonyme,inclusion,true,
N91.1,aménorrhée secondaire,"Aménorrhée, secondaire",CEPIDC_2015,INDEX_CIM10_VOL3,synonyme,synonyme,false,
G71.2,myopathie centronucléaire autosomique dominante,Myopathie centronucléaire autosomique dominante,CEPIDC_2015,ORPHANET,synonyme,inclusion,true,
R00.0,tachycardie,Tachycardie,CEPIDC_2015,INDEX_CIM10_VOL3,synonyme,synonyme,false,
E77.0,mucolipidose type III,Mucolipidose type III,CEPIDC_2015,ORPHANET,synonyme,inclusion,true,
E70.2,alcaptonurie,Alcaptonurie,CEPIDC_2015,OWL_ANS,synonyme,synonyme,false,
Q15.0,glaucome congénital,Glaucome congénital,CEPIDC_2015,ORPHANET,synonyme,synonyme,false,
C96.6,granulome éosinophile,Granulome éosinophile,CEPIDC_2015,OWL_ANS,synonyme,synonyme,false,
E89.0,hypothyroïdie post-chirurgicale,Hypothyroïdie post-chirurgicale,CEPIDC_2015,APHP_ENDOCRINOLOGIE,synonyme,synonyme,false,
Q61.1,rein polykystique type infantile,"Rein polykystique, type infantile
",CEPIDC_2015,OWL_ANS,synonyme,inclusion,true,
C47.9,MPNST,MPNST,CEPIDC_2015,ORPHANET,synonyme,inclusion,true,
F60.3,personnalité impulsive,"Personnalité, impulsive",CEPIDC_2015,INDEX_CIM10_VOL3,synonyme,synonyme,false,
R06.0,dyspnée,Dyspnée,CEPIDC_2015,INDEX_CIM10_VOL3,synonyme,synonyme,false,
R20.8,dysesthésie,Dysesthésie,CEPIDC_2015,INDEX_CIM10_VOL3,synonyme,synonyme,false,
D89.1,cryoglobulinémie essentielle,Cryoglobulinémie essentielle,CEPIDC_2015,OWL_ANS,synonyme,synonyme,false,
M96.0,pseudarthrose après arthrodèse,"Pseudarthrose, après arthrodèse",CEPIDC_2015,INDEX_CIM10_VOL3,synonyme,synonyme,false,
C71.9,oligoastrocytome anaplasique,Oligoastrocytome anaplasique,CEPIDC_2015,ORPHANET,synonyme,inclusion,true,
E72.2,acidurie arginino-succinique,acidurie arginino-succinique,CEPIDC_2015,OFS,synonyme,synonyme,false,
D47.1,syndrome myéloprolifératif,Syndrome myéloprolifératif,CEPIDC_2015,APHP_RHUMATOLOGIE,synonyme,synonyme,false,
I80.1,phlegmatia alba dolens,"Phlegmatia, alba dolens",CEPIDC_2015,INDEX_CIM10_VOL3,synonyme,synonyme,false,
I47.2,tachycardie ventriculaire,"Tachycardie, ventriculaire",CEPIDC_2015,INDEX_CIM10_VOL3,synonyme,synonyme,false,
J94.2,hémopneumothorax,"Hémopneumothorax
",CEPIDC_2015,OWL_ANS,synonyme,inclusion,true,
D36.1,schwannome,Schwannome,CEPIDC_2015,APHP_DERMATOLOGIE,synonyme,synonyme,false,
N03.9,néphrite chronique,néphrite chronique,CEPIDC_2015,OFS,synonyme,inclusion,true,
R29.3,posture anormale,"Posture, anormale",CEPIDC_2015,INDEX_CIM10_VOL3,synonyme,synonyme,false,
C44.9,carcinome basocellulaire,Carcinome basocellulaire,CEPIDC_2015,APHP_DERMATOLOGIE,synonyme,synonyme,false,
A52.0,aortite syphilitique,Aortite syphilitique,CEPIDC_2015,OWL_ANS,synonyme,synonyme,false,
E85.4,amylose rénale,"Amylose, rénale",CEPIDC_2015,INDEX_CIM10_VOL3,synonyme,synonyme,false,
T75.4,électrocution,Électrocution,CEPIDC_2015,OWL_ANS,synonyme,synonyme,false,
Q67.3,plagiocéphalie,Plagiocéphalie,CEPIDC_2015,INDEX_CIM10_VOL3,synonyme,synonyme,false,
E14.3,rétinopathie diabétique,Rétinopathie diabétique,CEPIDC_2015,OWL_ANS,synonyme,synonyme,false,
E23.6,hypophysite,Hypophysite,CEPIDC_2015,APHP_ENDOCRINOLOGIE,synonyme,synonyme,false,
K74.3,cirrhose biliaire primitive,Cirrhose biliaire primitive,CEPIDC_2015,ORPHANET,synonyme,synonyme,false,
H11.0,ptérygion oeil,Ptérygion (oeil),CEPIDC_2015,INDEX_CIM10_VOL3,synonyme,synonyme,false,
D48.1,tumeur desmoïde,Tumeur desmoïde,CEPIDC_2015,ORPHANET,synonyme,inclusion,true,
F68.1,hospitalisme,Hospitalisme,CEPIDC_2015,OWL_ANS,synonyme,synonyme,false,
Q05.9,rachischisis,rachischisis,CEPIDC_2015,OFS,synonyme,inclusion,true,
T78.3,urticaire géante,Urticaire géante,CEPIDC_2015,OWL_ANS,synonyme,synonyme,false,
M31.1,purpura thrombotique thrombocytopénique,"Purpura thrombotique thrombocytopénique
",CEPIDC_2015,OWL_ANS,synonyme,inclusion,true,
N39.0,bactériurie,Bactériurie,CEPIDC_2015,INDEX_CIM10_VOL3,synonyme,synonyme,false,
E83.1,hémosidérose,Hémosidérose,CEPIDC_2015,APHP_DERMATOLOGIE,synonyme,synonyme,false,
Q68.0,torticolis congénital,Torticolis congénital,CEPIDC_2015,APHP_RHUMATOLOGIE,synonyme,synonyme,false,
L40.8,psoriasis ungueal,Psoriasis unguéal,CEPIDC_2015,APHP_DERMATOLOGIE,synonyme,synonyme,false,
A21.9,tularémie,Tularémie,CEPIDC_2015,INDEX_CIM10_VOL3,synonyme,synonyme,false,
I10,HTA essentielle,HTA essentielle,CEPIDC_2015,APHP_NEPHROLOGIE,synonyme,synonyme,false,
D69.6,thrombopénie,Thrombopénie,CEPIDC_2015,INDEX_CIM10_VOL3,synonyme,synonyme,false,
A44.9,bartonellose,Bartonellose,CEPIDC_2015,INDEX_CIM10_VOL3,synonyme,synonyme,false,
D45,polyglobulie primitive Vaquez,Polyglobulie primitive (Vaquez),CEPIDC_2015,APHP_DERMATOLOGIE,synonyme,synonyme,false,
C49.9,sarcome,Sarcome,CEPIDC_2015,APHP_DERMATOLOGIE,synonyme,synonyme,false,
H54.0,cécité,cécité,CEPIDC_2015,APHP_NEPHROLOGIE,synonyme,synonyme,false,
Q79.2,omphalocèle,"Omphalocèle
",CEPIDC_2015,OWL_ANS,synonyme,inclusion,true,
G62.1,polynévrite alcoolique,"Polynévrite, alcoolique",CEPIDC_2015,INDEX_CIM10_VOL3,synonyme,synonyme,false,
L30.3,eczéma microbien,Eczéma microbien,CEPIDC_2015,APHP_DERMATOLOGIE,synonyme,synonyme,false,
K13.2,leucoplasie buccale,Leucoplasie buccale,CEPIDC_2015,APHP_DERMATOLOGIE,synonyme,synonyme,false,
Z93.6,urétérostomie,Urétérostomie,CEPIDC_2015,OWL_ANS,synonyme,synonyme,false,
H53.1,photophobie,Photophobie,CEPIDC_2015,OWL_ANS,synonyme,synonyme,false,
K86.1,pancréatite chronique,pancréatite chronique,CEPIDC_2015,APHP_NEPHROLOGIE,synonyme,synonyme,false,
R68.8,toxémie,Toxémie,CEPIDC_2015,INDEX_CIM10_VOL3,synonyme,synonyme,false,
N05.7,glomérulonéphrite extracapillaire,"Glomérulonéphrite extracapillaire
",CEPIDC_2015,OWL_ANS,synonyme,inclusion,true,
K52.9,rectocolite,Rectocolite,CEPIDC_2015,INDEX_CIM10_VOL3,synonyme,synonyme,false,
C26.9,GIST,GIST,CEPIDC_2015,ORPHANET,synonyme,inclusion,true,
D55.0,favisme,Favisme,CEPIDC_2015,OWL_ANS,synonyme,synonyme,false,
N39.9,uropathie,Uropathie,CEPIDC_2015,INDEX_CIM10_VOL3,synonyme,synonyme,false,
T19.2,corps étranger vagin,"Corps, étranger, vagin",CEPIDC_2015,INDEX_CIM10_VOL3,synonyme,synonyme,false,
E83.5,néphrocalcinose,Néphrocalcinose,CEPIDC_2015,INDEX_CIM10_VOL3,synonyme,synonyme,false,
N00.9,néphropathie aigüe,néphropathie aiguë,CEPIDC_2015,OFS,synonyme,inclusion,true,
Q63.2,rein ectopique,rein ectopique,CEPIDC_2015,APHP_NEPHROLOGIE,synonyme,synonyme,false,
G95.1,hématomyélie,Hématomyélie,CEPIDC_2015,OWL_ANS,synonyme,synonyme,false,
Q24.2,coeur triatrial,Coeur triatrial,CEPIDC_2015,ORPHANET,synonyme,synonyme,false,
F45.8,bruxisme,Bruxisme,CEPIDC_2015,INDEX_CIM10_VOL3,synonyme,synonyme,false,
K76.8,hépatose,Hépatose,CEPIDC_2015,INDEX_CIM10_VOL3,synonyme,synonyme,false,
G62.0,polynévrite médicamenteuse,"Polynévrite, médicamenteuse",CEPIDC_2015,INDEX_CIM10_VOL3,synonyme,synonyme,false,
N48.3,priapisme,Priapisme,CEPIDC_2015,INDEX_CIM10_VOL3,synonyme,synonyme,false,
R31,hématurie macroscopique,hématurie macroscopique,CEPIDC_2015,APHP_NEPHROLOGIE,synonyme,synonyme,false,
Q78.0,ostéogenèse imparfaite,Ostéogenèse imparfaite,CEPIDC_2015,ORPHANET,synonyme,synonyme,false,
C93.0,leucémie aigüe myéloblastique type 5,Leucémie aiguë myéloblastique type 5,CEPIDC_2015,ORPHANET,synonyme,synonyme,false,
G58.8,névralgie pudendale,Névralgie pudendale,CEPIDC_2015,ORPHANET,synonyme,inclusion,true,
I77.2,fistule artérielle,"Fistule artérielle
",CEPIDC_2015,OWL_ANS,synonyme,inclusion,true,
G91.9,hydrocéphalie acquise,hydrocéphalie acquise,CEPIDC_2015,OFS,synonyme,inclusion,true,
K80.5,cholédocholithiase,Cholédocholithiase,CEPIDC_2015,INDEX_CIM10_VOL3,synonyme,synonyme,false,
D48.1,fibroxanthome atypique,Fibroxanthome atypique,CEPIDC_2015,APHP_DERMATOLOGIE,synonyme,synonyme,false,
I87.0,syndrome postphlébitique,"Syndrome postphlébitique
",CEPIDC_2015,OWL_ANS,synonyme,inclusion,true,
N41.1,prostatite chronique,prostatite chronique,CEPIDC_2015,APHP_NEPHROLOGIE,synonyme,synonyme,false,
D70,neutropénie congénitale,Neutropénie congénitale,CEPIDC_2015,OWL_ANS,synonyme,synonyme,false,
E88.0,analbuminémie congénitale,Analbuminémie congénitale,CEPIDC_2015,ORPHANET,synonyme,inclusion,true,
E40,kwashiorkor,Kwashiorkor,CEPIDC_2015,INDEX_CIM10_VOL3,synonyme,synonyme,false,
J84.0,microlithiase pulmonaire alvéolaire,Microlithiase pulmonaire alvéolaire,CEPIDC_2015,ORPHANET,synonyme,inclusion,true,
E88.0,dysprotéinémie,Dysprotéinémie,CEPIDC_2015,INDEX_CIM10_VOL3,synonyme,synonyme,false,
H40.9,glaucome,Glaucome,CEPIDC_2015,INDEX_CIM10_VOL3,synonyme,synonyme,false,
F10.4,delirium tremens,delirium tremens,CEPIDC_2015,OFS,synonyme,synonyme,false,
E27.4,hyposurrénalisme,Hyposurrénalisme,CEPIDC_2015,INDEX_CIM10_VOL3,synonyme,synonyme,false,
J84.1,fibrose pulmonaire idiopathique,Fibrose pulmonaire idiopathique,CEPIDC_2015,OWL_ANS,synonyme,synonyme,false,
K60.4,fistule recto-cutanée,fistule recto-cutanée,CEPIDC_2015,OFS,synonyme,synonyme,false,
Q80.2,bébé collodion,"Bébé collodion
",CEPIDC_2015,OWL_ANS,synonyme,inclusion,true,
P37.1,toxoplasmose congénitale,Toxoplasmose congénitale,CEPIDC_2015,ORPHANET,synonyme,synonyme,false,
I97.2,lymphoedème post-mastectomie,Lymphoedème post-mastectomie,CEPIDC_2015,APHP_DERMATOLOGIE,synonyme,synonyme,false,
R55,lipothymie,Lipothymie,CEPIDC_2015,INDEX_CIM10_VOL3,synonyme,synonyme,false,
C37,carcinome neuroendocrine thymique,Carcinome neuroendocrine thymique,CEPIDC_2015,ORPHANET,synonyme,inclusion,true,
J84.1,BOOP,BOOP,CEPIDC_2015,ORPHANET,synonyme,inclusion,true,
K92.1,melaena,Mélaena,CEPIDC_2015,INDEX_CIM10_VOL3,synonyme,synonyme,false,
F60.4,histrionisme,Histrionisme,CEPIDC_2015,INDEX_CIM10_VOL3,synonyme,synonyme,false,
E85.4,amylose pulmonaire,"Amylose, pulmonaire",CEPIDC_2015,INDEX_CIM10_VOL3,synonyme,synonyme,false,
N20.0,calcul coralliforme,Calcul coralliforme,CEPIDC_2015,OWL_ANS,synonyme,synonyme,false,
D15.0,thymome,Thymome,CEPIDC_2015,ORPHANET,synonyme,inclusion,true,
A48.1,légionellose,"Légionellose
",CEPIDC_2015,OWL_ANS,synonyme,inclusion,true,
D66,hémophilie A,Hémophilie A,CEPIDC_2015,OWL_ANS,synonyme,synonyme,false,
S36.8,hémopéritoine traumatique,"Hémopéritoine, traumatique",CEPIDC_2015,INDEX_CIM10_VOL3,synonyme,synonyme,false,
R09.8,râles,Râles,CEPIDC_2015,OWL_ANS,synonyme,synonyme,false,
Q00.2,iniencéphalie,Iniencéphalie,CEPIDC_2015,ORPHANET,synonyme,synonyme,false,
D23.9,hidradénome papillifère,Hidradénome papillifère,CEPIDC_2015,APHP_DERMATOLOGIE,synonyme,synonyme,false,
A19.9,tuberculose généralisée,tuberculose généralisée,CEPIDC_2015,OFS,synonyme,inclusion,true,
D35.2,adénome hypophysaire,Adénome hypophysaire,CEPIDC_2015,ORPHANET,synonyme,synonyme,false,
E16.4,hypergastrinémie,Hypergastrinémie,CEPIDC_2015,OWL_ANS,synonyme,synonyme,false,
N32.8,vessie hyperactive,Vessie hyperactive,CEPIDC_2015,OWL_ANS,synonyme,synonyme,false,
Q78.9,ostéochondrodysplasie,Ostéochondrodysplasie,CEPIDC_2015,INDEX_CIM10_VOL3,synonyme,synonyme,false,
N18.3,insuffisance rénale chronique modérée,Insuffisance rénale chronique modérée,CEPIDC_2015,OWL_ANS,synonyme,synonyme,false,
K65.0,abcès sous-diaphragmatique,abcès sous-diaphragmatique,CEPIDC_2015,OFS,synonyme,synonyme,false,
Q77.4,achondroplasie,Achondroplasie,CEPIDC_2015,ORPHANET,synonyme,synonyme,false,
F60.8,mégalomanie,Mégalomanie,CEPIDC_2015,INDEX_CIM10_VOL3,synonyme,synonyme,false,
I49.9,pause ventriculaire,Pause ventriculaire,CEPIDC_2015,INDEX_CIM10_VOL3,synonyme,synonyme,false,
Q21.2,communication auriculo-ventriculaire,Communication auriculo-ventriculaire,CEPIDC_2015,ORPHANET,synonyme,synonyme,false,
I78.0,télangiectasie hémorragique héréditaire,Télangiectasie hémorragique héréditaire,CEPIDC_2015,ORPHANET,synonyme,synonyme,false,
D61.3,aplasie médullaire idiopathique,Aplasie médullaire idiopathique,CEPIDC_2015,ORPHANET,synonyme,synonyme,false,
H15.1,épisclérite,Episclérite,CEPIDC_2015,INDEX_CIM10_VOL3,synonyme,synonyme,false,
E31.0,syndrome APECED,Syndrome APECED,CEPIDC_2015,ORPHANET,synonyme,inclusion,true,
N72,cervicite,Cervicite,CEPIDC_2015,APHP_DERMATOLOGIE,synonyme,synonyme,false,
A27.9,leptospirose,Leptospirose,CEPIDC_2015,INDEX_CIM10_VOL3,synonyme,synonyme,false,
G24.9,dyskinésie,dyskinésie,CEPIDC_2015,OFS,synonyme,inclusion,true,
H35.5,rétinopathie pigmentaire,Rétinopathie pigmentaire,CEPIDC_2015,APHP_OPHTALMOLOGIE,synonyme,synonyme,false,
Q51.8,hypoplasie utérine,Hypoplasie utérine,CEPIDC_2015,ORPHANET,synonyme,inclusion,true,
Q64.0,épispadias,Epispadias,CEPIDC_2015,INDEX_CIM10_VOL3,synonyme,synonyme,false,
I30.1,péricardite virale,Péricardite virale,CEPIDC_2015,OWL_ANS,synonyme,synonyme,false,
Z92.2,aspirine,"Aspirine
",CEPIDC_2015,OWL_ANS,synonyme,inclusion,true,
E87.3,alcalose métabolique,Alcalose métabolique,CEPIDC_2015,OWL_ANS,synonyme,synonyme,false,
C92.4,leucémie aigüe myéloblastique 3,Leucémie aiguë myéloblastique 3,CEPIDC_2015,ORPHANET,synonyme,synonyme,false,
E83.1,hémochromatose génétique,Hémochromatose génétique,CEPIDC_2015,APHP_METABOLISME,synonyme,synonyme,false,
I25.1,athérosclérose coronarienne,athérosclérose coronarienne,CEPIDC_2015,APHP_NEPHROLOGIE,synonyme,synonyme,false,
L93.0,lupus discoïde,Lupus discoïde,CEPIDC_2015,APHP_RHUMATOLOGIE,synonyme,synonyme,false,
Q60.5,atrophie rénale congénitale,atrophie rénale congénitale,CEPIDC_2015,OFS,synonyme,inclusion,true,
I31.9,tamponnade cardiaque,Tamponnade cardiaque,CEPIDC_2015,OWL_ANS,synonyme,synonyme,false,
A06.9,amibiase,Amibiase,CEPIDC_2015,INDEX_CIM10_VOL3,synonyme,synonyme,false,
D47.4,myélofibrose chronique idiopathique,Myélofibrose chronique idiopathique,CEPIDC_2015,OWL_ANS,synonyme,synonyme,false,
K83.0,angiocholite suppurée,Angiocholite suppurée,CEPIDC_2015,OWL_ANS,synonyme,synonyme,false,
D18.1,hémolymphangiome,Hémolymphangiome,CEPIDC_2015,APHP_DERMATOLOGIE,synonyme,synonyme,false,
P02.2,insuffisance placentaire,Insuffisance placentaire,CEPIDC_2015,OWL_ANS,synonyme,synonyme,false,
I49.0,fibrillation ventriculaire idiopathique,Fibrillation ventriculaire idiopathique,CEPIDC_2015,ORPHANET,synonyme,inclusion,true,
K65.8,péritonite chimique,péritonite chimique,CEPIDC_2015,OFS,synonyme,exclusion,true,
C24.1,ampullome,Ampullome,CEPIDC_2015,ORPHANET,synonyme,inclusion,true,
Y17,gaz lacrymogène,gaz lacrymogène,CEPIDC_2015,OFS,synonyme,inclusion,true,
E14.5,gangrène diabétique,Gangrène diabétique,CEPIDC_2015,OWL_ANS,synonyme,synonyme,false,
A16.5,pyothorax tuberculeux,"Pyothorax, tuberculeux",CEPIDC_2015,INDEX_CIM10_VOL3,synonyme,synonyme,false,
E87.7,hypervolémie,Hypervolémie,CEPIDC_2015,INDEX_CIM10_VOL3,synonyme,synonyme,false,
A32.1,méningite listérienne,Méningite listérienne,CEPIDC_2015,OWL_ANS,synonyme,synonyme,false,
B37.0,muguet buccal,"Muguet buccal
",CEPIDC_2015,OWL_ANS,synonyme,inclusion,true,
R23.3,pétéchies,"Pétéchies
",CEPIDC_2015,OWL_ANS,synonyme,inclusion,true,
C47.9,schwannome malin,Schwannome malin,CEPIDC_2015,ORPHANET,synonyme,inclusion,true,
K81.0,cholécystite aigüe alithiasique,Cholécystite aigue alithiasique,CEPIDC_2015,APHP_SRLF,synonyme,synonyme,false,
C92.0,leucémie aigüe myéloblastique,Leucémie aiguë myéloblastique,CEPIDC_2015,ORPHANET,synonyme,synonyme,false,
A43.0,nocardiose pulmonaire,"Nocardiose, pulmonaire",CEPIDC_2015,INDEX_CIM10_VOL3,synonyme,synonyme,false,
G40.8,coma épileptique,"Coma, épileptique",CEPIDC_2015,INDEX_CIM10_VOL3,synonyme,synonyme,false,
Q75.0,craniosynostose,Craniosynostose,CEPIDC_2015,ORPHANET,synonyme,synonyme,false,
I31.3,chylopéricarde,"Chylopéricarde
",CEPIDC_2015,OWL_ANS,synonyme,inclusion,true,
A16.2,tuberculose pulmonaire,tuberculose pulmonaire,CEPIDC_2015,APHP_NEPHROLOGIE,synonyme,synonyme,false,
R25.8,clonus,Clonus,CEPIDC_2015,INDEX_CIM10_VOL3,synonyme,synonyme,false,
D22.9,naevus géant,Naevus géant,CEPIDC_2015,APHP_DERMATOLOGIE,synonyme,synonyme,false,
L98.5,scléromyxoedème,Scléromyxoedème,CEPIDC_2015,ORPHANET,synonyme,inclusion,true,
I89.8,ascite chyleuse,Ascite chyleuse,CEPIDC_2015,ORPHANET,synonyme,inclusion,true,
J44.8,bronchiolite constrictive,Bronchiolite constrictive,CEPIDC_2015,ORPHANET,synonyme,inclusion,true,
K62.8,rectite,Rectite,CEPIDC_2015,APHP_DERMATOLOGIE,synonyme,synonyme,false,
Q87.0,cyclopie,Cyclopie,CEPIDC_2015,OWL_ANS,synonyme,synonyme,false,
Q36.9,bec-de-lièvre,bec-de-lièvre,CEPIDC_2015,OFS,synonyme,inclusion,true,
L94.2,calcification sous-cutanée,Calcification sous-cutanée,CEPIDC_2015,APHP_DERMATOLOGIE,synonyme,synonyme,false,
M33.2,polymyosite,Polymyosite,CEPIDC_2015,ORPHANET,synonyme,synonyme,false,
Q77.4,hypochondroplasie,Hypochondroplasie,CEPIDC_2015,OWL_ANS,synonyme,synonyme,false,
N12,pyonéphrite,Pyonéphrite,CEPIDC_2015,INDEX_CIM10_VOL3,synonyme,synonyme,false,
R47.1,dysarthrie,Dysarthrie,CEPIDC_2015,INDEX_CIM10_VOL3,synonyme,synonyme,false,
G93.0,kyste arachnoïdien,Kyste arachnoïdien,CEPIDC_2015,OWL_ANS,synonyme,synonyme,false,
R09.8,tension artérielle labile,"Tension, artérielle, labile",CEPIDC_2015,INDEX_CIM10_VOL3,synonyme,synonyme,false,
E23.0,nanisme hypophysaire,"Nanisme, hypophysaire",CEPIDC_2015,INDEX_CIM10_VOL3,synonyme,synonyme,false,
G95.1,hématorrachis,Hématorrachis,CEPIDC_2015,INDEX_CIM10_VOL3,synonyme,synonyme,false,
Q39.8,brachyoesophage,Brachyoesophage,CEPIDC_2015,INDEX_CIM10_VOL3,synonyme,synonyme,false,
R12,pyrosis,Pyrosis,CEPIDC_2015,INDEX_CIM10_VOL3,synonyme,synonyme,false,
R74.8,hyperamylasémie,Hyperamylasémie,CEPIDC_2015,INDEX_CIM10_VOL3,synonyme,synonyme,false,
X67,gaz lacrymogène,gaz lacrymogène,CEPIDC_2015,OFS,synonyme,inclusion,true,
L10.2,pemphigus foliacé,Pemphigus foliacé,CEPIDC_2015,ORPHANET,synonyme,inclusion,true,
Q05.9,myéloméningocèle,myéloméningocèle,CEPIDC_2015,OFS,synonyme,inclusion,true,
Q38.3,aglossie,Aglossie,CEPIDC_2015,OWL_ANS,synonyme,synonyme,false,
E74.8,oxalose,Oxalose,CEPIDC_2015,OWL_ANS,synonyme,synonyme,false,
G71.0,gamma-sarcoglycanopathie,Gamma-sarcoglycanopathie,CEPIDC_2015,ORPHANET,synonyme,inclusion,true,
E88.8,cytopathie mitochondriale,Cytopathie mitochondriale,CEPIDC_2015,APHP_METABOLISME,synonyme,synonyme,false,
B00.2,gingivostomatite herpétique,Gingivostomatite herpétique,CEPIDC_2015,APHP_DERMATOLOGIE,synonyme,synonyme,false,
N17.0,nécrose tubulaire aigüe,Nécrose tubulaire aigüe,CEPIDC_2015,OWL_ANS,synonyme,synonyme,false,
G93.1,coma anoxique,"Coma, anoxique",CEPIDC_2015,INDEX_CIM10_VOL3,synonyme,synonyme,false,
E71.1,acidémie méthylmalonique,Acidémie méthylmalonique,CEPIDC_2015,OWL_ANS,synonyme,synonyme,false,
H50.5,hypophorie,Hypophorie,CEPIDC_2015,INDEX_CIM10_VOL3,synonyme,synonyme,false,
C83.1,polypose lymphomateuse maligne,Polypose lymphomateuse maligne,CEPIDC_2015,OWL_ANS,synonyme,synonyme,false,
G71.0,Myopathie distale type Miyoshi,Myopathie distale type Miyoshi,CEPIDC_2015,ORPHANET,synonyme,inclusion,true,
A09.0,diarrhée aigüe sanglante,Diarrhée aigüe sanglante,CEPIDC_2015,OWL_ANS,synonyme,synonyme,false,
A81.2,leucoencéphalopathie multifocale progressive,Leucoencéphalopathie multifocale progressive,CEPIDC_2015,ORPHANET,synonyme,synonyme,false,
L81.4,lentigo,"Lentigo
",CEPIDC_2015,OWL_ANS,synonyme,inclusion,true,
K50.1,colite granulomateuse,Colite granulomateuse,CEPIDC_2015,OWL_ANS,synonyme,synonyme,false,
H18.5,dystrophie cornéenne,Dystrophie cornéenne,CEPIDC_2015,ORPHANET,synonyme,synonyme,false,
B83.0,toxocarose,"Toxocarose
",CEPIDC_2015,OWL_ANS,synonyme,inclusion,true,
C79.2,métastase cutanée,Métastase cutanée,CEPIDC_2015,APHP_RHUMATOLOGIE,synonyme,synonyme,false,
J86.9,abcès pleural,abcès pleural,CEPIDC_2015,OFS,synonyme,inclusion,true,
K29.4,gastrite atrophique,"Gastrite atrophique
",CEPIDC_2015,OWL_ANS,synonyme,inclusion,true,
O43.2,placenta accreta,Placenta accreta,CEPIDC_2015,OWL_ANS,synonyme,synonyme,false,
Q43.8,mégadolichocôlon,Mégadolichocôlon,CEPIDC_2015,INDEX_CIM10_VOL3,synonyme,synonyme,false,
D65,hyperfibrinolyse,Hyperfibrinolyse,CEPIDC_2015,INDEX_CIM10_VOL3,synonyme,synonyme,false,
D89.1,angéite cryoglobulinémique,"Angéite, cryoglobulinémique",CEPIDC_2015,INDEX_CIM10_VOL3,synonyme,synonyme,false,
P91.6,encéphalopathie hypoxique ischémique,Encéphalopathie hypoxique-ischémique,CEPIDC_2015,ORPHANET,synonyme,synonyme,false,
A07.1,lambliase,Lambliase,CEPIDC_2015,INDEX_CIM10_VOL3,synonyme,synonyme,false,
E70.2,tyrosinémie,Tyrosinémie,CEPIDC_2015,OWL_ANS,synonyme,synonyme,false,
I87.0,syndrome post-phlébitique,Syndrome post phlébitique,CEPIDC_2015,APHP_DERMATOLOGIE,synonyme,synonyme,false,
Z96.2,implant cochléaire,Implant cochléaire,CEPIDC_2015,OWL_ANS,synonyme,synonyme,false,
G82.5,quadriplégie,Quadriplégie,CEPIDC_2015,INDEX_CIM10_VOL3,synonyme,synonyme,false,
A18.3,péritonite tuberculeuse,Péritonite tuberculeuse,CEPIDC_2015,OWL_ANS,synonyme,synonyme,false,
C78.6,carcinose rétro-péritonéale,carcinose rétro-péritonéale,CEPIDC_2015,APHP_NEPHROLOGIE,synonyme,synonyme,false,
D72.8,lymphopénie,Lymphopénie,CEPIDC_2015,OWL_ANS,synonyme,synonyme,false,
J45.0,asthme atopique,Asthme atopique,CEPIDC_2015,OWL_ANS,synonyme,synonyme,false,
A18.4,tuberculose cutanée,Tuberculose cutanée,CEPIDC_2015,APHP_DERMATOLOGIE,synonyme,synonyme,false,
F10.2,dipsomanie,Dipsomanie,CEPIDC_2015,OWL_ANS,synonyme,synonyme,false,
J86.9,pyothorax,Pyothorax,CEPIDC_2015,INDEX_CIM10_VOL3,synonyme,synonyme,false,
K29.8,duodénite,Duodénite,CEPIDC_2015,INDEX_CIM10_VOL3,synonyme,synonyme,false,
H26.9,cataracte,Cataracte,CEPIDC_2015,INDEX_CIM10_VOL3,synonyme,synonyme,false,
K65.0,abcès abdomino-pelvien,abcès abdomino-pelvien,CEPIDC_2015,OFS,synonyme,synonyme,false,
N03.9,glomérulonéphrite chronique,glomérulonéphrite chronique,CEPIDC_2015,OFS,synonyme,inclusion,true,
Z58.7,tabagisme passif,"Tabagisme passif
",CEPIDC_2015,OWL_ANS,synonyme,inclusion,true,
B96.1,Klebsiella pneumoniae,Klebsiella pneumoniae,CEPIDC_2015,APHP_RHUMATOLOGIE,synonyme,synonyme,false,
D21.9,myxome,Myxome,CEPIDC_2015,APHP_DERMATOLOGIE,synonyme,synonyme,false,
G08,thrombophlébite cérébrale,thrombophlébite cérébrale,CEPIDC_2015,APHP_NEPHROLOGIE,synonyme,synonyme,false,
Z59.1,logement non chauffé,"Logement, non chauffé",CEPIDC_2015,INDEX_CIM10_VOL3,synonyme,synonyme,false,
I20.9,angor pectoris,Angor (pectoris),CEPIDC_2015,INDEX_CIM10_VOL3,synonyme,synonyme,false,
C49.9,liposarcome,Liposarcome,CEPIDC_2015,ORPHANET,synonyme,inclusion,true,
Q87.8,syndrome branchio-oto-rénal,Syndrome branchio-oto-rénal,CEPIDC_2015,ORPHANET,synonyme,inclusion,true,
E52,pellagre,Pellagre,CEPIDC_2015,ORPHANET,synonyme,synonyme,false,
I11.9,cardiopathie hypertensive,cardiopathie hypertensive,CEPIDC_2015,APHP_NEPHROLOGIE,synonyme,synonyme,false,
I12.9,néphroangiosclérose,Néphroangiosclérose,CEPIDC_2015,INDEX_CIM10_VOL3,synonyme,synonyme,false,
I95.8,hypotension chronique,"Hypotension chronique
",CEPIDC_2015,OWL_ANS,synonyme,inclusion,true,
G04.0,encéphalopathie post-vaccinale,encéphalopathie post-vaccinale,CEPIDC_2015,OFS,synonyme,synonyme,false,
Q77.4,achondroplasie congénitale,achondroplasie congénitale,CEPIDC_2015,APHP_NEPHROLOGIE,synonyme,synonyme,false,
N76.0,vaginite,Vaginite,CEPIDC_2015,APHP_DERMATOLOGIE,synonyme,synonyme,false,
I47.9,tachycardie paroxystique,"Tachycardie, paroxystique",CEPIDC_2015,INDEX_CIM10_VOL3,synonyme,synonyme,false,
K65.0,abcès rétro-péritonéal,abcès rétro-péritonéal,CEPIDC_2015,OFS,synonyme,synonyme,false,
R23.1,pâleur,Pâleur,CEPIDC_2015,INDEX_CIM10_VOL3,synonyme,synonyme,false,
A07.8,microsporidiose intestinale,Microsporidiose intestinale,CEPIDC_2015,OWL_ANS,synonyme,synonyme,false,
G36.9,neuromyélite,Neuromyélite,CEPIDC_2015,INDEX_CIM10_VOL3,synonyme,synonyme,false,
J81,oedème pulmonaire aigu,oedème pulmonaire aigu,CEPIDC_2015,OFS,synonyme,synonyme,false,
N17.1,nécrose corticale aigüe,Nécrose corticale aigüe,CEPIDC_2015,OWL_ANS,synonyme,synonyme,false,
C92.3,chlorome,Chlorome,CEPIDC_2015,OWL_ANS,synonyme,synonyme,false,
R50.8,fièvre persistante,Fièvre persistante,CEPIDC_2015,OWL_ANS,synonyme,synonyme,false,
Q20.4,ventricule unique,Ventricule unique,CEPIDC_2015,OWL_ANS,synonyme,synonyme,false,
R41.8,anosognosie,Anosognosie,CEPIDC_2015,INDEX_CIM10_VOL3,synonyme,synonyme,false,
E14.4,neuropathie végétative diabétique,Neuropathie végétative diabétique,CEPIDC_2015,OWL_ANS,synonyme,synonyme,false,
N20.1,calcul urétéral,"Calcul urétéral
",CEPIDC_2015,OWL_ANS,synonyme,inclusion,true,
Q53.2,cryptorchidie bilatérale,"Cryptorchidie, bilatérale",CEPIDC_2015,INDEX_CIM10_VOL3,synonyme,synonyme,false,
E85.1,amylose finlandaise,Amylose finlandaise,CEPIDC_2015,ORPHANET,synonyme,inclusion,true,
J00,rhume,Rhume,CEPIDC_2015,APHP_DERMATOLOGIE,synonyme,synonyme,false,
A69.9,tréponématose,Tréponématose,CEPIDC_2015,INDEX_CIM10_VOL3,synonyme,synonyme,false,
E78.0,hypercholestérolémie familiale,Hypercholestérolémie familiale,CEPIDC_2015,OWL_ANS,synonyme,synonyme,false,
B07,épidermodysplasie verruciforme,Epidermodysplasie verruciforme,CEPIDC_2015,INDEX_CIM10_VOL3,synonyme,synonyme,false,
Q60.0,agénésie rénale unilatérale,Agénésie rénale unilatérale,CEPIDC_2015,ORPHANET,synonyme,synonyme,false,
E26.0,hyperaldostéronisme primaire,"Hyperaldostéronisme, primaire",CEPIDC_2015,INDEX_CIM10_VOL3,synonyme,synonyme,false,
E77.1,galactosialidose,Galactosialidose,CEPIDC_2015,ORPHANET,synonyme,inclusion,true,
M31.9,angéite nécrosante,"Angéite, nécrosante",CEPIDC_2015,INDEX_CIM10_VOL3,synonyme,synonyme,false,
D74.0,méthémoglobinémie congénitale,Méthémoglobinémie congénitale,CEPIDC_2015,ORPHANET,synonyme,inclusion,true,
M45,spondylarthrite ankylosante,"Spondylarthrite, ankylosante",CEPIDC_2015,INDEX_CIM10_VOL3,synonyme,synonyme,false,
L51.2,NET,NET,CEPIDC_2015,ORPHANET,synonyme,inclusion,true,
J98.0,dyskinésie trachéobronchique,Dyskinésie trachéobronchique,CEPIDC_2015,OWL_ANS,synonyme,synonyme,false,
C78.6,ascite gélatineuse,Ascite gélatineuse,CEPIDC_2015,ORPHANET,synonyme,inclusion,true,
I71.0,dissection aortique,dissection aortique,CEPIDC_2015,APHP_NEPHROLOGIE,synonyme,synonyme,false,
K62.5,rectorragie,rectorragie,CEPIDC_2015,APHP_NEPHROLOGIE,synonyme,synonyme,false,
I27.0,hypertension artérielle pulmonaire idiopathique,Hypertension artérielle pulmonaire idiopathique,CEPIDC_2015,ORPHANET,synonyme,inclusion,true,
B44.9,aspergillose,Aspergillose,CEPIDC_2015,INDEX_CIM10_VOL3,synonyme,synonyme,false,
R41.0,confusion,Confusion,CEPIDC_2015,INDEX_CIM10_VOL3,synonyme,synonyme,false,
Q26.8,hypogénésie pulmonaire,Hypogénésie pulmonaire,CEPIDC_2015,ORPHANET,synonyme,inclusion,true,
C96.8,sarcome histiocytaire,Sarcome histiocytaire,CEPIDC_2015,ORPHANET,synonyme,synonyme,false,
L88,pyodermite gangréneuse,"Pyodermite, gangréneuse",CEPIDC_2015,INDEX_CIM10_VOL3,synonyme,synonyme,false,
K82.1,hydrocholécyste,Hydrocholécyste,CEPIDC_2015,INDEX_CIM10_VOL3,synonyme,synonyme,false,
E26.1,hyperaldostéronisme secondaire,"Hyperaldostéronisme, secondaire",CEPIDC_2015,INDEX_CIM10_VOL3,synonyme,synonyme,false,
N03.9,néphropathie chronique,néphropathie chronique,CEPIDC_2015,OFS,synonyme,inclusion,true,
F19.2,toxicomanie,Toxicomanie,CEPIDC_2015,OWL_ANS,synonyme,synonyme,false,
I80.8,pyélophlébite,Pyélophlébite,CEPIDC_2015,INDEX_CIM10_VOL3,synonyme,synonyme,false,
L29.8,prurit sénile,Prurit sénile,CEPIDC_2015,APHP_DERMATOLOGIE,synonyme,synonyme,false,
B45.7,cryptococcose généralisée,"Cryptococcose généralisée
",CEPIDC_2015,OWL_ANS,synonyme,inclusion,true,
G14,syndrome post-polio,Syndrome post-polio,CEPIDC_2015,ORPHANET,synonyme,synonyme,false,
D68.6,SAPL,SAPL,CEPIDC_2015,ORPHANET,synonyme,inclusion,true,
P77,entérocolite nécrosante,Entérocolite nécrosante,CEPIDC_2015,ORPHANET,synonyme,synonyme,false,
F10.2,alcoolisme chronique,Alcoolisme chronique,CEPIDC_2015,OWL_ANS,synonyme,synonyme,false,
E87.8,hypochlorémie,Hypochlorémie,CEPIDC_2015,OWL_ANS,synonyme,synonyme,false,
K46.9,épiplocèle,épiplocèle,CEPIDC_2015,OFS,synonyme,inclusion,true,
E46,malnutrition,Malnutrition,CEPIDC_2015,APHP_DERMATOLOGIE,synonyme,synonyme,false,
N30.4,vessie post-radique,vessie post radique,CEPIDC_2015,APHP_NEPHROLOGIE,synonyme,synonyme,false,
Q23.2,rétrécissement mitral congénital,Rétrécissement mitral congénital,CEPIDC_2015,ORPHANET,synonyme,synonyme,false,
B45.1,cryptococcose cérébrale,"Cryptococcose, cérébrale",CEPIDC_2015,INDEX_CIM10_VOL3,synonyme,synonyme,false,
B44.1,aspergillose pulmonaire,"Aspergillose, pulmonaire",CEPIDC_2015,INDEX_CIM10_VOL3,synonyme,synonyme,false,
D48.1,fibromatose type desmoïde,Fibromatose type desmoïde,CEPIDC_2015,ORPHANET,synonyme,inclusion,true,
M72.2,fasciite plantaire,"Fasciite plantaire
",CEPIDC_2015,OWL_ANS,synonyme,inclusion,true,
D13.4,adénomatose hépatique,Adénomatose hépatique,CEPIDC_2015,ORPHANET,synonyme,inclusion,true,
E83.3,hyperphosphatémie,Hyperphosphatémie,CEPIDC_2015,INDEX_CIM10_VOL3,synonyme,synonyme,false,
Z93.6,néphrostomie,Néphrostomie,CEPIDC_2015,OWL_ANS,synonyme,synonyme,false,
R64,inanition,Inanition,CEPIDC_2015,INDEX_CIM10_VOL3,synonyme,synonyme,false,
N21.0,calcul vésical,Calcul vésical,CEPIDC_2015,OWL_ANS,synonyme,synonyme,false,
D50.9,anémie hypochrome,anémie hypochrome,CEPIDC_2015,OFS,synonyme,inclusion,true,
D61.9,aplasie médullaire,Aplasie médullaire,CEPIDC_2015,APHP_DERMATOLOGIE,synonyme,synonyme,false,
T56.0,saturnisme,Saturnisme,CEPIDC_2015,ORPHANET,synonyme,synonyme,false,
D68.2,hypoprothrombinémie,Hypoprothrombinémie,CEPIDC_2015,ORPHANET,synonyme,inclusion,true,
R62.8,retard statural,retard statural,CEPIDC_2015,APHP_NEPHROLOGIE,synonyme,synonyme,false,
G97.8,myélite post-radique,Myélite post-radique,CEPIDC_2015,ORPHANET,synonyme,inclusion,true,
M72.4,fasciite nodulaire,"Fasciite nodulaire
",CEPIDC_2015,OWL_ANS,synonyme,inclusion,true,
H53.2,diplopie,Diplopie,CEPIDC_2015,INDEX_CIM10_VOL3,synonyme,synonyme,false,
Q21.1,communication interauriculaire,Communication interauriculaire,CEPIDC_2015,ORPHANET,synonyme,synonyme,false,
M33.9,dermatopolymyosite,Dermatopolymyosite,CEPIDC_2015,INDEX_CIM10_VOL3,synonyme,synonyme,false,
I78.8,capillarite,Capillarite,CEPIDC_2015,APHP_DERMATOLOGIE,synonyme,synonyme,false,
G47.4,narcolepsie-cataplexie,Narcolepsie-cataplexie,CEPIDC_2015,ORPHANET,synonyme,synonyme,false,
R61.9,hypersudation,Hypersudation,CEPIDC_2015,OWL_ANS,synonyme,synonyme,false,
C49.9,rhabdomyosarcome alvéolaire,Rhabdomyosarcome alvéolaire,CEPIDC_2015,ORPHANET,synonyme,inclusion,true,
B26.9,oreillons,Oreillons,CEPIDC_2015,INDEX_CIM10_VOL3,synonyme,synonyme,false,
M16.9,coxarthrose,Coxarthrose,CEPIDC_2015,INDEX_CIM10_VOL3,synonyme,synonyme,false,
M54.4,lombo-sciatique,Lombo-sciatique,CEPIDC_2015,INDEX_CIM10_VOL3,synonyme,synonyme,false,
Q81.1,épidermolyse bulleuse congénitale létale,"Epidermolyse, bulleuse (congénitale), létale",CEPIDC_2015,INDEX_CIM10_VOL3,synonyme,synonyme,false,
C78.6,pseudomyxome péritonéal,Pseudomyxome péritonéal,CEPIDC_2015,ORPHANET,synonyme,inclusion,true,
J98.5,médiastinite fibreuse,Médiastinite fibreuse,CEPIDC_2015,ORPHANET,synonyme,inclusion,true,
M94.8,polychondrite atrophique chronique,Polychondrite (atrophique) (chronique),CEPIDC_2015,INDEX_CIM10_VOL3,synonyme,synonyme,false,
F20.1,hébéphrénie,Hébéphrénie,CEPIDC_2015,OWL_ANS,synonyme,synonyme,false,
E85.4,amylose cutanée,"Amylose, cutanée",CEPIDC_2015,INDEX_CIM10_VOL3,synonyme,synonyme,false,
L63.9,pelade,Pelade,CEPIDC_2015,INDEX_CIM10_VOL3,synonyme,synonyme,false,
X61,neuroleptiques,neuroleptiques,CEPIDC_2015,OFS,synonyme,inclusion,true,
H91.1,presbyacousie,Presbyacousie,CEPIDC_2015,INDEX_CIM10_VOL3,synonyme,synonyme,false,
G62.9,polynévrite,Polynévrite,CEPIDC_2015,INDEX_CIM10_VOL3,synonyme,synonyme,false,
E11.3,rétinopathie diabétique,Rétinopathie diabétique,CEPIDC_2015,OWL_ANS,synonyme,synonyme,false,
D57.2,drépanocytose SC,Drépanocytose SC,CEPIDC_2015,ORPHANET,synonyme,inclusion,true,
R09.2,insuffisance cardio-respiratoire,insuffisance cardio-respiratoire,CEPIDC_2015,OFS,synonyme,synonyme,false,
L12.1,pemphigus bénin,Pemphigus bénin,CEPIDC_2015,APHP_DERMATOLOGIE,synonyme,synonyme,false,
C93.3,leucémie myélomonocytaire chronique juvénile,Leucémie myélomonocytaire chronique juvénile,CEPIDC_2015,ORPHANET,synonyme,synonyme,false,
I89.0,lymphangiectasies,Lymphangiectasies,CEPIDC_2015,APHP_DERMATOLOGIE,synonyme,synonyme,false,
D32.9,méningiome,Méningiome,CEPIDC_2015,ORPHANET,synonyme,inclusion,true,
M89.0,algoneurodystrophie,Algoneurodystrophie,CEPIDC_2015,INDEX_CIM10_VOL3,synonyme,synonyme,false,
A81.2,leucoencéphalite multifocale progressive,Leucoencéphalite multifocale progressive,CEPIDC_2015,ORPHANET,synonyme,synonyme,false,
Q23.0,sténose aortique congénitale,Sténose aortique congénitale,CEPIDC_2015,OWL_ANS,synonyme,synonyme,false,
K22.0,cardiospasme,Cardiospasme,CEPIDC_2015,OWL_ANS,synonyme,synonyme,false,
Q20.0,tronc artériel commun,Tronc artériel commun,CEPIDC_2015,ORPHANET,synonyme,synonyme,false,
C92.0,leucémie aigüe myéloïde,Leucémie aiguë myéloïde,CEPIDC_2015,ORPHANET,synonyme,synonyme,false,
C47.9,neurofibrome malin,Neurofibrome malin,CEPIDC_2015,ORPHANET,synonyme,inclusion,true,
D72.1,hyperéosinophilie,Hyperéosinophilie,CEPIDC_2015,APHP_DERMATOLOGIE,synonyme,synonyme,false,
A77.1,fièvre boutonneuse,Fièvre boutonneuse,CEPIDC_2015,ORPHANET,synonyme,inclusion,true,
E70.2,ochronose,Ochronose,CEPIDC_2015,OWL_ANS,synonyme,synonyme,false,
E74.0,glycogénose hépatique,Glycogénose hépatique,CEPIDC_2015,APHP_RHUMATOLOGIE,synonyme,synonyme,false,
M84.0,cal vicieux,"Cal vicieux
",CEPIDC_2015,OWL_ANS,synonyme,inclusion,true,
C92.4,leucémie aigüe promyélocytaire,Leucémie aiguë promyélocytaire,CEPIDC_2015,ORPHANET,synonyme,synonyme,false,
N36.8,urétrorragie,Urétrorragie,CEPIDC_2015,INDEX_CIM10_VOL3,synonyme,synonyme,false,
E75.6,lipidose,Lipidose,CEPIDC_2015,APHP_DERMATOLOGIE,synonyme,synonyme,false,
I87.1,syndrome cave supérieur,Syndrome cave supérieur,CEPIDC_2015,APHP_DERMATOLOGIE,synonyme,synonyme,false,
C79.7,métastase surrénalienne,métastase surrénalienne,CEPIDC_2015,APHP_NEPHROLOGIE,synonyme,synonyme,false,
F31.9,psychose maniaco-dépressive,psychose maniaco-dépressive,CEPIDC_2015,OFS,synonyme,inclusion,true,
A41.9,septicémie,"Septicémie
",CEPIDC_2015,OWL_ANS,synonyme,inclusion,true,
J43.9,emphysème pulmonaire bulleux,Emphysème (pulmonaire) bulleux,CEPIDC_2015,OWL_ANS,synonyme,synonyme,false,
D89.2,paraprotéinémie,Paraprotéinémie,CEPIDC_2015,INDEX_CIM10_VOL3,synonyme,synonyme,false,
K45.8,hernie lombaire,hernie lombaire,CEPIDC_2015,OFS,synonyme,inclusion,true,
M30.0,pan,PAN,CEPIDC_2015,ORPHANET,synonyme,synonyme,false,
G93.5,engagement cérébral,Engagement cérébral,CEPIDC_2015,APHP_SRLF,synonyme,synonyme,false,
F34.1,névrose dépressive,Névrose dépressive,CEPIDC_2015,OWL_ANS,synonyme,synonyme,false,
G71.2,myopathie congénitale,Myopathie congénitale,CEPIDC_2015,ORPHANET,synonyme,synonyme,false,
Q04.1,arhinencéphalie,Arhinencéphalie,CEPIDC_2015,INDEX_CIM10_VOL3,synonyme,synonyme,false,
D72.8,leucocytose,Leucocytose,CEPIDC_2015,OWL_ANS,synonyme,synonyme,false,
G60.8,acropathie ulcéromutilante,Acropathie ulcéromutilante,CEPIDC_2015,INDEX_CIM10_VOL3,synonyme,synonyme,false,
I30.1,pyopéricardite,Pyopéricardite,CEPIDC_2015,OWL_ANS,synonyme,synonyme,false,
R00.2,éréthisme cardiaque,Eréthisme cardiaque,CEPIDC_2015,INDEX_CIM10_VOL3,synonyme,synonyme,false,
Q61.1,polykystose rénale autosomique récessive,Polykystose rénale autosomique récessive,CEPIDC_2015,ORPHANET,synonyme,synonyme,false,
D58.2,hémoglobinose E,Hémoglobinose E,CEPIDC_2015,ORPHANET,synonyme,inclusion,true,
D44.4,craniopharyngiome,Craniopharyngiome,CEPIDC_2015,ORPHANET,synonyme,synonyme,false,
L10.4,pemphigus séborrhéique,Pemphigus séborrhéique,CEPIDC_2015,ORPHANET,synonyme,inclusion,true,
N70.9,pyosalpinx,pyosalpinx,CEPIDC_2015,OFS,synonyme,inclusion,true,
B45.7,cryptococcose disséminée,"Cryptococcose, disséminée",CEPIDC_2015,INDEX_CIM10_VOL3,synonyme,synonyme,false,
O47.9,faux travail,"Faux, travail",CEPIDC_2015,INDEX_CIM10_VOL3,synonyme,synonyme,false,
K51.9,rectocolite hémorragique,"Rectocolite, hémorragique",CEPIDC_2015,INDEX_CIM10_VOL3,synonyme,synonyme,false,
H34.8,OVCR,OVCR,CEPIDC_2015,ORPHANET,synonyme,inclusion,true,
R19.4,alternance diarrhée-constipation,Alternance diarrhée-constipation,CEPIDC_2015,INDEX_CIM10_VOL3,synonyme,synonyme,false,
F20.0,schizophrénie paraphrénique,"Schizophrénie paraphrénique
",CEPIDC_2015,OWL_ANS,synonyme,inclusion,true,
R46.3,suractivité,Suractivité,CEPIDC_2015,INDEX_CIM10_VOL3,synonyme,synonyme,false,
R06.5,ronflement,"Ronflement
",CEPIDC_2015,OWL_ANS,synonyme,inclusion,true,
B48.3,Géotrichose,Géotrichose,CEPIDC_2015,INDEX_CIM10_VOL3,synonyme,synonyme,false,
K65.0,péritonite aigüe généralisée,Péritonite (aigüe) généralisée,CEPIDC_2015,OWL_ANS,synonyme,synonyme,false,
I89.8,stase lymphatique,"Stase, lymphatique",CEPIDC_2015,INDEX_CIM10_VOL3,synonyme,synonyme,false,
Q82.8,cutis laxa,Cutis laxa,CEPIDC_2015,APHP_DERMATOLOGIE,synonyme,synonyme,false,
A06.4,amibiase hépatique,"Amibiase hépatique
",CEPIDC_2015,OWL_ANS,synonyme,inclusion,true,
Q80.3,érythrodermie ichtyosiforme congénitale bulleuse,Erythrodermie ichtyosiforme congénitale bulleuse,CEPIDC_2015,APHP_DERMATOLOGIE,synonyme,synonyme,false,
C25.4,gastrinome malin,Gastrinome malin,CEPIDC_2015,APHP_ENDOCRINOLOGIE,synonyme,synonyme,false,
R53,léthargie,léthargie,CEPIDC_2015,OFS,synonyme,synonyme,false,
E16.2,hypoglycémie,Hypoglycémie,CEPIDC_2015,INDEX_CIM10_VOL3,synonyme,synonyme,false,
K83.0,angiocholite sclérosante,Angiocholite sclérosante,CEPIDC_2015,OWL_ANS,synonyme,synonyme,false,
T18.5,corps étranger rectum,"Corps, étranger, rectum",CEPIDC_2015,INDEX_CIM10_VOL3,synonyme,synonyme,false,
I25.3,anévrisme pariétal,Anévrisme pariétal,CEPIDC_2015,OWL_ANS,synonyme,synonyme,false,
Q04.6,schizencéphalie,Schizencéphalie,CEPIDC_2015,OWL_ANS,synonyme,synonyme,false,
F32.8,dépression atypique,Dépression atypique,CEPIDC_2015,OWL_ANS,synonyme,synonyme,false,
J34.8,rhinorrhée,Rhinorrhée,CEPIDC_2015,INDEX_CIM10_VOL3,synonyme,synonyme,false,
C49.9,léiomyosarcome,Léiomyosarcome,CEPIDC_2015,ORPHANET,synonyme,inclusion,true,
M89.4,pachydermopériostose,Pachydermopériostose,CEPIDC_2015,OWL_ANS,synonyme,synonyme,false,
N19,urémie,Urémie,CEPIDC_2015,INDEX_CIM10_VOL3,synonyme,synonyme,false,
P35.0,rubéole congénitale,"Rubéole, congénitale",CEPIDC_2015,INDEX_CIM10_VOL3,synonyme,synonyme,false,
Q23.0,sténose aortique valvulaire congénitale,Sténose aortique valvulaire congénitale,CEPIDC_2015,ORPHANET,synonyme,synonyme,false,
A77.1,fièvre boutonneuse méditerranéenne,Fièvre boutonneuse méditerranéenne,CEPIDC_2015,ORPHANET,synonyme,inclusion,true,
G95.0,syringobulbie,Syringobulbie,CEPIDC_2015,INDEX_CIM10_VOL3,synonyme,synonyme,false,
J69.1,pneumopathie huileuse,"Pneumopathie huileuse
",CEPIDC_2015,OWL_ANS,synonyme,inclusion,true,
M79.7,fibromyosite,Fibromyosite,CEPIDC_2015,OWL_ANS,synonyme,synonyme,false,
F28,psychose hallucinatoire chronique,"Psychose hallucinatoire chronique
",CEPIDC_2015,OWL_ANS,synonyme,inclusion,true,
Q53.0,ectopie testiculaire,ectopie testiculaire,CEPIDC_2015,APHP_NEPHROLOGIE,synonyme,synonyme,false,
C64,néphroblastome,Néphroblastome,CEPIDC_2015,ORPHANET,synonyme,inclusion,true,
C79.5,métastase osseuse,métastase osseuse,CEPIDC_2015,APHP_NEPHROLOGIE,synonyme,synonyme,false,
N32.8,cystocèle,cystocèle,CEPIDC_2015,OFS,synonyme,exclusion,true,
Q75.2,hypertélorisme,Hypertélorisme,CEPIDC_2015,INDEX_CIM10_VOL3,synonyme,synonyme,false,
D89.1,purpura cryoglobulinémique,Purpura cryoglobulinémique,CEPIDC_2015,OWL_ANS,synonyme,synonyme,false,
D75.8,macrocytose,Macrocytose,CEPIDC_2015,INDEX_CIM10_VOL3,synonyme,synonyme,false,
R57.8,choc endotoxique,"Choc endotoxique
",CEPIDC_2015,OWL_ANS,synonyme,inclusion,true,
Q81.2,épidermolyse bulleuse dystrophique,Epidermolyse bulleuse dystrophique,CEPIDC_2015,ORPHANET,synonyme,synonyme,false,
E10.3,rétinopathie diabétique,Rétinopathie diabétique,CEPIDC_2015,OWL_ANS,synonyme,synonyme,false,
P02.1,hématome rétroplacentaire,Hématome rétroplacentaire,CEPIDC_2015,OWL_ANS,synonyme,synonyme,false,
E76.2,mucopolysaccharidose type III,Mucopolysaccharidose type III,CEPIDC_2015,ORPHANET,synonyme,inclusion,true,
L98.5,mucinose réticulée érythémateuse,Mucinose réticulée érythémateuse,CEPIDC_2015,OWL_ANS,synonyme,synonyme,false,
G03.9,arachnoïdite,Arachnoïdite,CEPIDC_2015,ORPHANET,synonyme,inclusion,true,
I70.9,athérome,athérome,CEPIDC_2015,OFS,synonyme,inclusion,true,
Q93.3,syndrome 4p,Syndrome 4p-,CEPIDC_2015,ORPHANET,synonyme,inclusion,true,
F63.2,kleptomanie,Kleptomanie,CEPIDC_2015,INDEX_CIM10_VOL3,synonyme,synonyme,false,
E22.0,gigantisme,Gigantisme,CEPIDC_2015,APHP_DERMATOLOGIE,synonyme,synonyme,false,
K11.2,parotidite purulente,"Parotidite, purulente",CEPIDC_2015,INDEX_CIM10_VOL3,synonyme,synonyme,false,
S27.1,hémothorax traumatique,"Hémothorax, traumatique",CEPIDC_2015,INDEX_CIM10_VOL3,synonyme,synonyme,false,
E88.1,lipodystrophie généralisée congénitale,Lipodystrophie généralisée congénitale,CEPIDC_2015,ORPHANET,synonyme,inclusion,true,
I40.0,myocardite septique,"Myocardite septique
",CEPIDC_2015,OWL_ANS,synonyme,inclusion,true,
G71.1,dystrophie myotonique,Dystrophie myotonique,CEPIDC_2015,ORPHANET,synonyme,synonyme,false,
C78.0,métastase pulmonaire,métastase pulmonaire,CEPIDC_2015,APHP_NEPHROLOGIE,synonyme,synonyme,false,
I89.0,lymphangiectasie,"Lymphangiectasie
",CEPIDC_2015,OWL_ANS,synonyme,inclusion,true,
J84.1,pneumopathie organisée cryptogénique,Pneumopathie organisée cryptogénique,CEPIDC_2015,ORPHANET,synonyme,inclusion,true,
A49.1,pneumococcie,Pneumococcie,CEPIDC_2015,INDEX_CIM10_VOL3,synonyme,synonyme,false,
C93.1,LMMC,LMMC,CEPIDC_2015,ORPHANET,synonyme,synonyme,false,
K90.0,maladie coeliaque réfractaire,Maladie coeliaque réfractaire,CEPIDC_2015,ORPHANET,synonyme,inclusion,true,
R40.1,stupeur,Stupeur,CEPIDC_2015,INDEX_CIM10_VOL3,synonyme,synonyme,false,
L84,durillon,"Durillon
",CEPIDC_2015,OWL_ANS,synonyme,inclusion,true,
F22.0,psychose paranoïaque,Psychose paranoïaque,CEPIDC_2015,OWL_ANS,synonyme,synonyme,false,
X47,gaz lacrymogène,gaz lacrymogène,CEPIDC_2015,OFS,synonyme,inclusion,true,
N04.9,néphrose lipoïdique,néphrose lipoïdique,CEPIDC_2015,OFS,synonyme,inclusion,true,
K81.9,cholécystite,Cholécystite,CEPIDC_2015,INDEX_CIM10_VOL3,synonyme,synonyme,false,
C93.1,leucémie monocytaire chronique,Leucémie monocytaire chronique,CEPIDC_2015,OWL_ANS,synonyme,synonyme,false,
I20.8,sténocardie,Sténocardie,CEPIDC_2015,OWL_ANS,synonyme,synonyme,false,
D69.5,thrombopénie toxique,"Thrombopénie, toxique",CEPIDC_2015,INDEX_CIM10_VOL3,synonyme,synonyme,false,
E87.3,alcalose respiratoire,Alcalose respiratoire,CEPIDC_2015,OWL_ANS,synonyme,synonyme,false,
Z92.3,radiothérapie,"Radiothérapie
",CEPIDC_2015,OWL_ANS,synonyme,inclusion,true,
A40.3,pneumococcémie,Pneumococcémie,CEPIDC_2015,INDEX_CIM10_VOL3,synonyme,synonyme,false,
L52,érythème noueux,"Erythème, noueux",CEPIDC_2015,INDEX_CIM10_VOL3,synonyme,synonyme,false,
Q40.2,microgastrie,Microgastrie,CEPIDC_2015,OWL_ANS,synonyme,synonyme,false,
A07.1,giardiase,Giardiase,CEPIDC_2015,INDEX_CIM10_VOL3,synonyme,synonyme,false,
K65.0,abcès péritonéal,Abcès péritonéal,CEPIDC_2015,OWL_ANS,synonyme,synonyme,false,
D59.5,hémoglobinurie paroxystique nocturne,Hémoglobinurie paroxystique nocturne,CEPIDC_2015,ORPHANET,synonyme,synonyme,false,
Q77.3,chondrodysplasie ponctuée,"Chondrodysplasie, ponctuée",CEPIDC_2015,INDEX_CIM10_VOL3,synonyme,synonyme,false,
E74.0,amylopectinose,Amylopectinose,CEPIDC_2015,ORPHANET,synonyme,inclusion,true,
N82.3,fistule recto-vaginale,fistule recto-vaginale,CEPIDC_2015,OFS,synonyme,synonyme,false,
M31.8,vascularite hypocomplémentémique,"Vascularite hypocomplémentémique
",CEPIDC_2015,OWL_ANS,synonyme,inclusion,true,
L98.5,mucinose papuleuse,Mucinose papuleuse,CEPIDC_2015,APHP_DERMATOLOGIE,synonyme,synonyme,false,
F20.1,schizophrénie désorganisée,Schizophrénie désorganisée,CEPIDC_2015,OWL_ANS,synonyme,synonyme,false,
S22.5,volet thoracique,"Volet thoracique
",CEPIDC_2015,OWL_ANS,synonyme,inclusion,true,
L51.2,nécrolyse épidermique toxique,Nécrolyse épidermique toxique,CEPIDC_2015,ORPHANET,synonyme,inclusion,true,
X61,barbituriques,barbituriques,CEPIDC_2015,OFS,synonyme,inclusion,true,
K66.1,hémopéritoine,Hémopéritoine,CEPIDC_2015,INDEX_CIM10_VOL3,synonyme,synonyme,false,
E85.4,amylose hépatique,"Amylose, hépatique",CEPIDC_2015,INDEX_CIM10_VOL3,synonyme,synonyme,false,
L08.0,pyodermite,Pyodermite,CEPIDC_2015,INDEX_CIM10_VOL3,synonyme,synonyme,false,
J98.5,fibrose médiastinale,Fibrose médiastinale,CEPIDC_2015,ORPHANET,synonyme,inclusion,true,
C69.3,mélanome choroïdien,Mélanome choroïdien,CEPIDC_2015,ORPHANET,synonyme,inclusion,true,
N13.6,hydropyonéphrose,Hydropyonéphrose,CEPIDC_2015,INDEX_CIM10_VOL3,synonyme,synonyme,false,
L40.1,psoriasis pustuleux généralisé,Psoriasis pustuleux généralisé,CEPIDC_2015,ORPHANET,synonyme,synonyme,false,
K60.3,fistule anale,Fistule anale,CEPIDC_2015,ORPHANET,synonyme,synonyme,false,
J32.3,sphénoïdite chronique,Sphénoïdite (chronique),CEPIDC_2015,INDEX_CIM10_VOL3,synonyme,synonyme,false,
E88.2,lipomatose,Lipomatose,CEPIDC_2015,APHP_DERMATOLOGIE,synonyme,synonyme,false,
K65.0,abcès sous-phrénique,abcès sous-phrénique,CEPIDC_2015,OFS,synonyme,synonyme,false,
J84.0,protéinose alvéolaire pulmonaire congénitale,Protéinose alvéolaire pulmonaire congénitale,CEPIDC_2015,ORPHANET,synonyme,inclusion,true,
H04.4,dacryocystite chronique,Dacryocystite chronique,CEPIDC_2015,OWL_ANS,synonyme,synonyme,false,
G71.0,myopathie facio-scapulo-humérale,Myopathie facio-scapulo-humérale,CEPIDC_2015,ORPHANET,synonyme,inclusion,true,
J84.1,fibrose pulmonaire diffuse,Fibrose pulmonaire diffuse,CEPIDC_2015,OWL_ANS,synonyme,synonyme,false,
C83.3,réticulosarcome,réticulosarcome,CEPIDC_2015,OFS,synonyme,synonyme,false,
B17.1,hépatite virale aigüe C,hépatite virale aiguë C,CEPIDC_2015,APHP_NEPHROLOGIE,synonyme,synonyme,false,
I49.0,flutter ventriculaire,"Flutter, ventriculaire",CEPIDC_2015,INDEX_CIM10_VOL3,synonyme,synonyme,false,
C24.1,ampullome vatérien,Ampullome vatérien,CEPIDC_2015,ORPHANET,synonyme,inclusion,true,
Q89.3,situs inversus complet,Situs inversus complet,CEPIDC_2015,ORPHANET,synonyme,inclusion,true,
P83.2,ascite foetale,"Ascite, foetale",CEPIDC_2015,INDEX_CIM10_VOL3,synonyme,synonyme,false,
R16.0,hépatomégalie,Hépatomégalie,CEPIDC_2015,INDEX_CIM10_VOL3,synonyme,synonyme,false,
R04.2,hémoptysie,Hémoptysie,CEPIDC_2015,INDEX_CIM10_VOL3,synonyme,synonyme,false,
N00.9,syndrome néphritique aigu,syndrome néphritique aigu,CEPIDC_2015,APHP_NEPHROLOGIE,synonyme,synonyme,false,
E21.2,hyperparathyroïdie tertiaire,"Hyperparathyroïdie tertiaire
",CEPIDC_2015,OWL_ANS,synonyme,inclusion,true,
E70.0,phénylcétonurie,Phénylcétonurie,CEPIDC_2015,ORPHANET,synonyme,inclusion,true,
E72.3,acidurie glutarique,Acidurie glutarique,CEPIDC_2015,OWL_ANS,synonyme,synonyme,false,
Q81.9,épidermolyse bulleuse congénitale,"Epidermolyse, bulleuse (congénitale)",CEPIDC_2015,INDEX_CIM10_VOL3,synonyme,synonyme,false,
M30.0,polyangéite,Polyangéite,CEPIDC_2015,INDEX_CIM10_VOL3,synonyme,synonyme,false,
C83.1,lymphome centrocytique,Lymphome centrocytique,CEPIDC_2015,OWL_ANS,synonyme,synonyme,false,
T17.4,corps étranger trachée,"Corps, étranger, trachée",CEPIDC_2015,INDEX_CIM10_VOL3,synonyme,synonyme,false,
K25.9,ulcère pylorique,ulcère pylorique,CEPIDC_2015,OFS,synonyme,inclusion,true,
