rec_id,code,role,source_exclusion,texte_exclusion,reference_cible_meme_consigne
GM2026-V-AVC-02,I60.0,interdit_association,ANS,"accidents ischémiques cérébraux transitoires et syndromes apparentés (G45.-)
affections disséminées du tissu conjonctif (M30-M36)
certaines affections dont l'origine se situe dans la période périnatale (P00-P96)
certaines maladies infectieuses et parasitaires (A00-B99)
complications de la grossesse, de l'accouchement et de la puerpéralité (O00-O99)
lésions traumatiques, empoisonnements et certaines autres conséquences de causes externes (S00-T98)
maladies endocriniennes, nutritionnelles et métaboliques (E00-E90)
malformations congénitales et anomalies chromosomiques (Q00-Q99)
symptômes, signes et résultats anormaux d'examens cliniques et de laboratoire, non classés ailleurs (R00-R99)
tumeurs (C00-D48)
",non
GM2026-V-AVC-02,I60.0,interdit_association,ANS,"accidents ischémiques cérébraux transitoires et syndromes apparentés (G45.-)
démence vasculaire (F01.-)
hémorragie intracrânienne traumatique (S06.-)
",non
GM2026-V-AVC-02,I60.0,interdit_association,ANS,"séquelles d'hémorragie sousarachnoïdienne (I69.0)
",non
GM2026-V-AVC-02,I60.0,interdit_association,CIM-10,accidents ischémiques cérébraux transitoires et syndromes apparentés,non
GM2026-V-AVC-02,I60.0,interdit_association,CIM-10,démence vasculaire,non
GM2026-V-AVC-02,I60.0,interdit_association,CIM-10,hémorragie intracrânienne traumatique,non
GM2026-V-AVC-02,I60.0,interdit_association,CIM-10,séquelles d'hémorragie sous-arachnoïdienne,non
GM2026-V-AVC-02,I60.1,interdit_association,ANS,"accidents ischémiques cérébraux transitoires et syndromes apparentés (G45.-)
affections disséminées du tissu conjonctif (M30-M36)
certaines affections dont l'origine se situe dans la période périnatale (P00-P96)
certaines maladies infectieuses et parasitaires (A00-B99)
complications de la grossesse, de l'accouchement et de la puerpéralité (O00-O99)
lésions traumatiques, empoisonnements et certaines autres conséquences de causes externes (S00-T98)
maladies endocriniennes, nutritionnelles et métaboliques (E00-E90)
malformations congénitales et anomalies chromosomiques (Q00-Q99)
symptômes, signes et résultats anormaux d'examens cliniques et de laboratoire, non classés ailleurs (R00-R99)
tumeurs (C00-D48)
",non
GM2026-V-AVC-02,I60.1,interdit_association,ANS,"accidents ischémiques cérébraux transitoires et syndromes apparentés (G45.-)
démence vasculaire (F01.-)
hémorragie intracrânienne traumatique (S06.-)
",non
GM2026-V-AVC-02,I60.1,interdit_association,ANS,"séquelles d'hémorragie sousarachnoïdienne (I69.0)
",non
GM2026-V-AVC-02,I60.1,interdit_association,CIM-10,accidents ischémiques cérébraux transitoires et syndromes apparentés,non
GM2026-V-AVC-02,I60.1,interdit_association,CIM-10,démence vasculaire,non
GM2026-V-AVC-02,I60.1,interdit_association,CIM-10,hémorragie intracrânienne traumatique,non
GM2026-V-AVC-02,I60.1,interdit_association,CIM-10,séquelles d'hémorragie sous-arachnoïdienne,non
GM2026-V-AVC-02,I60.2,interdit_association,ANS,"accidents ischémiques cérébraux transitoires et syndromes apparentés (G45.-)
affections disséminées du tissu conjonctif (M30-M36)
certaines affections dont l'origine se situe dans la période périnatale (P00-P96)
certaines maladies infectieuses et parasitaires (A00-B99)
complications de la grossesse, de l'accouchement et de la puerpéralité (O00-O99)
lésions traumatiques, empoisonnements et certaines autres conséquences de causes externes (S00-T98)
maladies endocriniennes, nutritionnelles et métaboliques (E00-E90)
malformations congénitales et anomalies chromosomiques (Q00-Q99)
symptômes, signes et résultats anormaux d'examens cliniques et de laboratoire, non classés ailleurs (R00-R99)
tumeurs (C00-D48)
",non
GM2026-V-AVC-02,I60.2,interdit_association,ANS,"accidents ischémiques cérébraux transitoires et syndromes apparentés (G45.-)
démence vasculaire (F01.-)
hémorragie intracrânienne traumatique (S06.-)
",non
GM2026-V-AVC-02,I60.2,interdit_association,ANS,"séquelles d'hémorragie sousarachnoïdienne (I69.0)
",non
GM2026-V-AVC-02,I60.2,interdit_association,CIM-10,accidents ischémiques cérébraux transitoires et syndromes apparentés,non
GM2026-V-AVC-02,I60.2,interdit_association,CIM-10,démence vasculaire,non
GM2026-V-AVC-02,I60.2,interdit_association,CIM-10,hémorragie intracrânienne traumatique,non
GM2026-V-AVC-02,I60.2,interdit_association,CIM-10,séquelles d'hémorragie sous-arachnoïdienne,non
GM2026-V-AVC-02,I60.3,interdit_association,ANS,"accidents ischémiques cérébraux transitoires et syndromes apparentés (G45.-)
affections disséminées du tissu conjonctif (M30-M36)
certaines affections dont l'origine se situe dans la période périnatale (P00-P96)
certaines maladies infectieuses et parasitaires (A00-B99)
complications de la grossesse, de l'accouchement et de la puerpéralité (O00-O99)
lésions traumatiques, empoisonnements et certaines autres conséquences de causes externes (S00-T98)
maladies endocriniennes, nutritionnelles et métaboliques (E00-E90)
malformations congénitales et anomalies chromosomiques (Q00-Q99)
symptômes, signes et résultats anormaux d'examens cliniques et de laboratoire, non classés ailleurs (R00-R99)
tumeurs (C00-D48)
",non
GM2026-V-AVC-02,I60.3,interdit_association,ANS,"accidents ischémiques cérébraux transitoires et syndromes apparentés (G45.-)
démence vasculaire (F01.-)
hémorragie intracrânienne traumatique (S06.-)
",non
GM2026-V-AVC-02,I60.3,interdit_association,ANS,"séquelles d'hémorragie sousarachnoïdienne (I69.0)
",non
GM2026-V-AVC-02,I60.3,interdit_association,CIM-10,accidents ischémiques cérébraux transitoires et syndromes apparentés,non
GM2026-V-AVC-02,I60.3,interdit_association,CIM-10,démence vasculaire,non
GM2026-V-AVC-02,I60.3,interdit_association,CIM-10,hémorragie intracrânienne traumatique,non
GM2026-V-AVC-02,I60.3,interdit_association,CIM-10,séquelles d'hémorragie sous-arachnoïdienne,non
GM2026-V-AVC-02,I60.4,interdit_association,ANS,"accidents ischémiques cérébraux transitoires et syndromes apparentés (G45.-)
affections disséminées du tissu conjonctif (M30-M36)
certaines affections dont l'origine se situe dans la période périnatale (P00-P96)
certaines maladies infectieuses et parasitaires (A00-B99)
complications de la grossesse, de l'accouchement et de la puerpéralité (O00-O99)
lésions traumatiques, empoisonnements et certaines autres conséquences de causes externes (S00-T98)
maladies endocriniennes, nutritionnelles et métaboliques (E00-E90)
malformations congénitales et anomalies chromosomiques (Q00-Q99)
symptômes, signes et résultats anormaux d'examens cliniques et de laboratoire, non classés ailleurs (R00-R99)
tumeurs (C00-D48)
",non
GM2026-V-AVC-02,I60.4,interdit_association,ANS,"accidents ischémiques cérébraux transitoires et syndromes apparentés (G45.-)
démence vasculaire (F01.-)
hémorragie intracrânienne traumatique (S06.-)
",non
GM2026-V-AVC-02,I60.4,interdit_association,ANS,"séquelles d'hémorragie sousarachnoïdienne (I69.0)
",non
GM2026-V-AVC-02,I60.4,interdit_association,CIM-10,accidents ischémiques cérébraux transitoires et syndromes apparentés,non
GM2026-V-AVC-02,I60.4,interdit_association,CIM-10,démence vasculaire,non
GM2026-V-AVC-02,I60.4,interdit_association,CIM-10,hémorragie intracrânienne traumatique,non
GM2026-V-AVC-02,I60.4,interdit_association,CIM-10,séquelles d'hémorragie sous-arachnoïdienne,non
GM2026-V-AVC-02,I60.5,interdit_association,ANS,"accidents ischémiques cérébraux transitoires et syndromes apparentés (G45.-)
affections disséminées du tissu conjonctif (M30-M36)
certaines affections dont l'origine se situe dans la période périnatale (P00-P96)
certaines maladies infectieuses et parasitaires (A00-B99)
complications de la grossesse, de l'accouchement et de la puerpéralité (O00-O99)
lésions traumatiques, empoisonnements et certaines autres conséquences de causes externes (S00-T98)
maladies endocriniennes, nutritionnelles et métaboliques (E00-E90)
malformations congénitales et anomalies chromosomiques (Q00-Q99)
symptômes, signes et résultats anormaux d'examens cliniques et de laboratoire, non classés ailleurs (R00-R99)
tumeurs (C00-D48)
",non
GM2026-V-AVC-02,I60.5,interdit_association,ANS,"accidents ischémiques cérébraux transitoires et syndromes apparentés (G45.-)
démence vasculaire (F01.-)
hémorragie intracrânienne traumatique (S06.-)
",non
GM2026-V-AVC-02,I60.5,interdit_association,ANS,"séquelles d'hémorragie sousarachnoïdienne (I69.0)
",non
GM2026-V-AVC-02,I60.5,interdit_association,CIM-10,accidents ischémiques cérébraux transitoires et syndromes apparentés,non
GM2026-V-AVC-02,I60.5,interdit_association,CIM-10,démence vasculaire,non
GM2026-V-AVC-02,I60.5,interdit_association,CIM-10,hémorragie intracrânienne traumatique,non
GM2026-V-AVC-02,I60.5,interdit_association,CIM-10,séquelles d'hémorragie sous-arachnoïdienne,non
GM2026-V-AVC-02,I60.6,interdit_association,ANS,"accidents ischémiques cérébraux transitoires et syndromes apparentés (G45.-)
affections disséminées du tissu conjonctif (M30-M36)
certaines affections dont l'origine se situe dans la période périnatale (P00-P96)
certaines maladies infectieuses et parasitaires (A00-B99)
complications de la grossesse, de l'accouchement et de la puerpéralité (O00-O99)
lésions traumatiques, empoisonnements et certaines autres conséquences de causes externes (S00-T98)
maladies endocriniennes, nutritionnelles et métaboliques (E00-E90)
malformations congénitales et anomalies chromosomiques (Q00-Q99)
symptômes, signes et résultats anormaux d'examens cliniques et de laboratoire, non classés ailleurs (R00-R99)
tumeurs (C00-D48)
",non
GM2026-V-AVC-02,I60.6,interdit_association,ANS,"accidents ischémiques cérébraux transitoires et syndromes apparentés (G45.-)
démence vasculaire (F01.-)
hémorragie intracrânienne traumatique (S06.-)
",non
GM2026-V-AVC-02,I60.6,interdit_association,ANS,"séquelles d'hémorragie sousarachnoïdienne (I69.0)
",non
GM2026-V-AVC-02,I60.6,interdit_association,CIM-10,accidents ischémiques cérébraux transitoires et syndromes apparentés,non
GM2026-V-AVC-02,I60.6,interdit_association,CIM-10,démence vasculaire,non
GM2026-V-AVC-02,I60.6,interdit_association,CIM-10,hémorragie intracrânienne traumatique,non
GM2026-V-AVC-02,I60.6,interdit_association,CIM-10,séquelles d'hémorragie sous-arachnoïdienne,non
GM2026-V-AVC-02,I60.7,interdit_association,ANS,"accidents ischémiques cérébraux transitoires et syndromes apparentés (G45.-)
affections disséminées du tissu conjonctif (M30-M36)
certaines affections dont l'origine se situe dans la période périnatale (P00-P96)
certaines maladies infectieuses et parasitaires (A00-B99)
complications de la grossesse, de l'accouchement et de la puerpéralité (O00-O99)
lésions traumatiques, empoisonnements et certaines autres conséquences de causes externes (S00-T98)
maladies endocriniennes, nutritionnelles et métaboliques (E00-E90)
malformations congénitales et anomalies chromosomiques (Q00-Q99)
symptômes, signes et résultats anormaux d'examens cliniques et de laboratoire, non classés ailleurs (R00-R99)
tumeurs (C00-D48)
",non
GM2026-V-AVC-02,I60.7,interdit_association,ANS,"accidents ischémiques cérébraux transitoires et syndromes apparentés (G45.-)
démence vasculaire (F01.-)
hémorragie intracrânienne traumatique (S06.-)
",non
GM2026-V-AVC-02,I60.7,interdit_association,ANS,"séquelles d'hémorragie sousarachnoïdienne (I69.0)
",non
GM2026-V-AVC-02,I60.7,interdit_association,CIM-10,accidents ischémiques cérébraux transitoires et syndromes apparentés,non
GM2026-V-AVC-02,I60.7,interdit_association,CIM-10,démence vasculaire,non
GM2026-V-AVC-02,I60.7,interdit_association,CIM-10,hémorragie intracrânienne traumatique,non
GM2026-V-AVC-02,I60.7,interdit_association,CIM-10,séquelles d'hémorragie sous-arachnoïdienne,non
GM2026-V-AVC-02,I60.8,interdit_association,ANS,"accidents ischémiques cérébraux transitoires et syndromes apparentés (G45.-)
affections disséminées du tissu conjonctif (M30-M36)
certaines affections dont l'origine se situe dans la période périnatale (P00-P96)
certaines maladies infectieuses et parasitaires (A00-B99)
complications de la grossesse, de l'accouchement et de la puerpéralité (O00-O99)
lésions traumatiques, empoisonnements et certaines autres conséquences de causes externes (S00-T98)
maladies endocriniennes, nutritionnelles et métaboliques (E00-E90)
malformations congénitales et anomalies chromosomiques (Q00-Q99)
symptômes, signes et résultats anormaux d'examens cliniques et de laboratoire, non classés ailleurs (R00-R99)
tumeurs (C00-D48)
",non
GM2026-V-AVC-02,I60.8,interdit_association,ANS,"accidents ischémiques cérébraux transitoires et syndromes apparentés (G45.-)
démence vasculaire (F01.-)
hémorragie intracrânienne traumatique (S06.-)
",non
GM2026-V-AVC-02,I60.8,interdit_association,ANS,"séquelles d'hémorragie sousarachnoïdienne (I69.0)
",non
GM2026-V-AVC-02,I60.8,interdit_association,CIM-10,accidents ischémiques cérébraux transitoires et syndromes apparentés,non
GM2026-V-AVC-02,I60.8,interdit_association,CIM-10,démence vasculaire,non
GM2026-V-AVC-02,I60.8,interdit_association,CIM-10,hémorragie intracrânienne traumatique,non
GM2026-V-AVC-02,I60.8,interdit_association,CIM-10,séquelles d'hémorragie sous-arachnoïdienne,non
GM2026-V-AVC-02,I60.8,interdit_association,CIM-10 frères,Hémorragie sousarachnoïdienne d'autres artères intracrâniennes (I60.6),non
GM2026-V-AVC-02,I60.8,interdit_association,CIM-10 frères,"Hémorragie sousarachnoïdienne d'une artère intracrânienne, sans précision (I60.7)",non
GM2026-V-AVC-02,I60.8,interdit_association,CIM-10 frères,Hémorragie sousarachnoïdienne de l'artère basilaire (I60.4),non
GM2026-V-AVC-02,I60.8,interdit_association,CIM-10 frères,Hémorragie sousarachnoïdienne de l'artère communicante antérieure (I60.2),non
GM2026-V-AVC-02,I60.8,interdit_association,CIM-10 frères,Hémorragie sousarachnoïdienne de l'artère communicante postérieure (I60.3),non
GM2026-V-AVC-02,I60.8,interdit_association,CIM-10 frères,Hémorragie sousarachnoïdienne de l'artère cérébrale moyenne (I60.1),non
GM2026-V-AVC-02,I60.8,interdit_association,CIM-10 frères,Hémorragie sousarachnoïdienne de l'artère vertébrale (I60.5),non
GM2026-V-AVC-02,I60.8,interdit_association,CIM-10 frères,Hémorragie sousarachnoïdienne de la bifurcation et du siphon carotidien (I60.0),non
GM2026-V-AVC-02,I60.9,interdit_association,ANS,"accidents ischémiques cérébraux transitoires et syndromes apparentés (G45.-)
affections disséminées du tissu conjonctif (M30-M36)
certaines affections dont l'origine se situe dans la période périnatale (P00-P96)
certaines maladies infectieuses et parasitaires (A00-B99)
complications de la grossesse, de l'accouchement et de la puerpéralité (O00-O99)
lésions traumatiques, empoisonnements et certaines autres conséquences de causes externes (S00-T98)
maladies endocriniennes, nutritionnelles et métaboliques (E00-E90)
malformations congénitales et anomalies chromosomiques (Q00-Q99)
symptômes, signes et résultats anormaux d'examens cliniques et de laboratoire, non classés ailleurs (R00-R99)
tumeurs (C00-D48)
",non
GM2026-V-AVC-02,I60.9,interdit_association,ANS,"accidents ischémiques cérébraux transitoires et syndromes apparentés (G45.-)
démence vasculaire (F01.-)
hémorragie intracrânienne traumatique (S06.-)
",non
GM2026-V-AVC-02,I60.9,interdit_association,ANS,"séquelles d'hémorragie sousarachnoïdienne (I69.0)
",non
GM2026-V-AVC-02,I60.9,interdit_association,CIM-10,accidents ischémiques cérébraux transitoires et syndromes apparentés,non
GM2026-V-AVC-02,I60.9,interdit_association,CIM-10,démence vasculaire,non
GM2026-V-AVC-02,I60.9,interdit_association,CIM-10,hémorragie intracrânienne traumatique,non
GM2026-V-AVC-02,I60.9,interdit_association,CIM-10,séquelles d'hémorragie sous-arachnoïdienne,non
GM2026-V-AVC-02,I61.0,interdit_association,ANS,"accidents ischémiques cérébraux transitoires et syndromes apparentés (G45.-)
affections disséminées du tissu conjonctif (M30-M36)
certaines affections dont l'origine se situe dans la période périnatale (P00-P96)
certaines maladies infectieuses et parasitaires (A00-B99)
complications de la grossesse, de l'accouchement et de la puerpéralité (O00-O99)
lésions traumatiques, empoisonnements et certaines autres conséquences de causes externes (S00-T98)
maladies endocriniennes, nutritionnelles et métaboliques (E00-E90)
malformations congénitales et anomalies chromosomiques (Q00-Q99)
symptômes, signes et résultats anormaux d'examens cliniques et de laboratoire, non classés ailleurs (R00-R99)
tumeurs (C00-D48)
",non
GM2026-V-AVC-02,I61.0,interdit_association,ANS,"accidents ischémiques cérébraux transitoires et syndromes apparentés (G45.-)
démence vasculaire (F01.-)
hémorragie intracrânienne traumatique (S06.-)
",non
GM2026-V-AVC-02,I61.0,interdit_association,ANS,"séquelles d'hémorragie intracérébrale (I69.1)
",non
GM2026-V-AVC-02,I61.0,interdit_association,CIM-10,accidents ischémiques cérébraux transitoires et syndromes apparentés,non
GM2026-V-AVC-02,I61.0,interdit_association,CIM-10,démence vasculaire,non
GM2026-V-AVC-02,I61.0,interdit_association,CIM-10,hémorragie intracrânienne traumatique,non
GM2026-V-AVC-02,I61.0,interdit_association,CIM-10,séquelles d'hémorragie intracérébrale,non
GM2026-V-AVC-02,I61.1,interdit_association,ANS,"accidents ischémiques cérébraux transitoires et syndromes apparentés (G45.-)
affections disséminées du tissu conjonctif (M30-M36)
certaines affections dont l'origine se situe dans la période périnatale (P00-P96)
certaines maladies infectieuses et parasitaires (A00-B99)
complications de la grossesse, de l'accouchement et de la puerpéralité (O00-O99)
lésions traumatiques, empoisonnements et certaines autres conséquences de causes externes (S00-T98)
maladies endocriniennes, nutritionnelles et métaboliques (E00-E90)
malformations congénitales et anomalies chromosomiques (Q00-Q99)
symptômes, signes et résultats anormaux d'examens cliniques et de laboratoire, non classés ailleurs (R00-R99)
tumeurs (C00-D48)
",non
GM2026-V-AVC-02,I61.1,interdit_association,ANS,"accidents ischémiques cérébraux transitoires et syndromes apparentés (G45.-)
démence vasculaire (F01.-)
hémorragie intracrânienne traumatique (S06.-)
",non
GM2026-V-AVC-02,I61.1,interdit_association,ANS,"séquelles d'hémorragie intracérébrale (I69.1)
",non
GM2026-V-AVC-02,I61.1,interdit_association,CIM-10,accidents ischémiques cérébraux transitoires et syndromes apparentés,non
GM2026-V-AVC-02,I61.1,interdit_association,CIM-10,démence vasculaire,non
GM2026-V-AVC-02,I61.1,interdit_association,CIM-10,hémorragie intracrânienne traumatique,non
GM2026-V-AVC-02,I61.1,interdit_association,CIM-10,séquelles d'hémorragie intracérébrale,non
GM2026-V-AVC-02,I61.2,interdit_association,ANS,"accidents ischémiques cérébraux transitoires et syndromes apparentés (G45.-)
affections disséminées du tissu conjonctif (M30-M36)
certaines affections dont l'origine se situe dans la période périnatale (P00-P96)
certaines maladies infectieuses et parasitaires (A00-B99)
complications de la grossesse, de l'accouchement et de la puerpéralité (O00-O99)
lésions traumatiques, empoisonnements et certaines autres conséquences de causes externes (S00-T98)
maladies endocriniennes, nutritionnelles et métaboliques (E00-E90)
malformations congénitales et anomalies chromosomiques (Q00-Q99)
symptômes, signes et résultats anormaux d'examens cliniques et de laboratoire, non classés ailleurs (R00-R99)
tumeurs (C00-D48)
",non
GM2026-V-AVC-02,I61.2,interdit_association,ANS,"accidents ischémiques cérébraux transitoires et syndromes apparentés (G45.-)
démence vasculaire (F01.-)
hémorragie intracrânienne traumatique (S06.-)
",non
GM2026-V-AVC-02,I61.2,interdit_association,ANS,"séquelles d'hémorragie intracérébrale (I69.1)
",non
GM2026-V-AVC-02,I61.2,interdit_association,CIM-10,accidents ischémiques cérébraux transitoires et syndromes apparentés,non
GM2026-V-AVC-02,I61.2,interdit_association,CIM-10,démence vasculaire,non
GM2026-V-AVC-02,I61.2,interdit_association,CIM-10,hémorragie intracrânienne traumatique,non
GM2026-V-AVC-02,I61.2,interdit_association,CIM-10,séquelles d'hémorragie intracérébrale,non
GM2026-V-AVC-02,I61.3,interdit_association,ANS,"accidents ischémiques cérébraux transitoires et syndromes apparentés (G45.-)
affections disséminées du tissu conjonctif (M30-M36)
certaines affections dont l'origine se situe dans la période périnatale (P00-P96)
certaines maladies infectieuses et parasitaires (A00-B99)
complications de la grossesse, de l'accouchement et de la puerpéralité (O00-O99)
lésions traumatiques, empoisonnements et certaines autres conséquences de causes externes (S00-T98)
maladies endocriniennes, nutritionnelles et métaboliques (E00-E90)
malformations congénitales et anomalies chromosomiques (Q00-Q99)
symptômes, signes et résultats anormaux d'examens cliniques et de laboratoire, non classés ailleurs (R00-R99)
tumeurs (C00-D48)
",non
GM2026-V-AVC-02,I61.3,interdit_association,ANS,"accidents ischémiques cérébraux transitoires et syndromes apparentés (G45.-)
démence vasculaire (F01.-)
hémorragie intracrânienne traumatique (S06.-)
",non
GM2026-V-AVC-02,I61.3,interdit_association,ANS,"séquelles d'hémorragie intracérébrale (I69.1)
",non
GM2026-V-AVC-02,I61.3,interdit_association,CIM-10,accidents ischémiques cérébraux transitoires et syndromes apparentés,non
GM2026-V-AVC-02,I61.3,interdit_association,CIM-10,démence vasculaire,non
GM2026-V-AVC-02,I61.3,interdit_association,CIM-10,hémorragie intracrânienne traumatique,non
GM2026-V-AVC-02,I61.3,interdit_association,CIM-10,séquelles d'hémorragie intracérébrale,non
GM2026-V-AVC-02,I61.4,interdit_association,ANS,"accidents ischémiques cérébraux transitoires et syndromes apparentés (G45.-)
affections disséminées du tissu conjonctif (M30-M36)
certaines affections dont l'origine se situe dans la période périnatale (P00-P96)
certaines maladies infectieuses et parasitaires (A00-B99)
complications de la grossesse, de l'accouchement et de la puerpéralité (O00-O99)
lésions traumatiques, empoisonnements et certaines autres conséquences de causes externes (S00-T98)
maladies endocriniennes, nutritionnelles et métaboliques (E00-E90)
malformations congénitales et anomalies chromosomiques (Q00-Q99)
symptômes, signes et résultats anormaux d'examens cliniques et de laboratoire, non classés ailleurs (R00-R99)
tumeurs (C00-D48)
",non
GM2026-V-AVC-02,I61.4,interdit_association,ANS,"accidents ischémiques cérébraux transitoires et syndromes apparentés (G45.-)
démence vasculaire (F01.-)
hémorragie intracrânienne traumatique (S06.-)
",non
GM2026-V-AVC-02,I61.4,interdit_association,ANS,"séquelles d'hémorragie intracérébrale (I69.1)
",non
GM2026-V-AVC-02,I61.4,interdit_association,CIM-10,accidents ischémiques cérébraux transitoires et syndromes apparentés,non
GM2026-V-AVC-02,I61.4,interdit_association,CIM-10,démence vasculaire,non
GM2026-V-AVC-02,I61.4,interdit_association,CIM-10,hémorragie intracrânienne traumatique,non
GM2026-V-AVC-02,I61.4,interdit_association,CIM-10,séquelles d'hémorragie intracérébrale,non
GM2026-V-AVC-02,I61.5,interdit_association,ANS,"accidents ischémiques cérébraux transitoires et syndromes apparentés (G45.-)
affections disséminées du tissu conjonctif (M30-M36)
certaines affections dont l'origine se situe dans la période périnatale (P00-P96)
certaines maladies infectieuses et parasitaires (A00-B99)
complications de la grossesse, de l'accouchement et de la puerpéralité (O00-O99)
lésions traumatiques, empoisonnements et certaines autres conséquences de causes externes (S00-T98)
maladies endocriniennes, nutritionnelles et métaboliques (E00-E90)
malformations congénitales et anomalies chromosomiques (Q00-Q99)
symptômes, signes et résultats anormaux d'examens cliniques et de laboratoire, non classés ailleurs (R00-R99)
tumeurs (C00-D48)
",non
GM2026-V-AVC-02,I61.5,interdit_association,ANS,"accidents ischémiques cérébraux transitoires et syndromes apparentés (G45.-)
démence vasculaire (F01.-)
hémorragie intracrânienne traumatique (S06.-)
",non
GM2026-V-AVC-02,I61.5,interdit_association,ANS,"séquelles d'hémorragie intracérébrale (I69.1)
",non
GM2026-V-AVC-02,I61.5,interdit_association,CIM-10,accidents ischémiques cérébraux transitoires et syndromes apparentés,non
GM2026-V-AVC-02,I61.5,interdit_association,CIM-10,démence vasculaire,non
GM2026-V-AVC-02,I61.5,interdit_association,CIM-10,hémorragie intracrânienne traumatique,non
GM2026-V-AVC-02,I61.5,interdit_association,CIM-10,séquelles d'hémorragie intracérébrale,non
GM2026-V-AVC-02,I61.6,interdit_association,ANS,"accidents ischémiques cérébraux transitoires et syndromes apparentés (G45.-)
affections disséminées du tissu conjonctif (M30-M36)
certaines affections dont l'origine se situe dans la période périnatale (P00-P96)
certaines maladies infectieuses et parasitaires (A00-B99)
complications de la grossesse, de l'accouchement et de la puerpéralité (O00-O99)
lésions traumatiques, empoisonnements et certaines autres conséquences de causes externes (S00-T98)
maladies endocriniennes, nutritionnelles et métaboliques (E00-E90)
malformations congénitales et anomalies chromosomiques (Q00-Q99)
symptômes, signes et résultats anormaux d'examens cliniques et de laboratoire, non classés ailleurs (R00-R99)
tumeurs (C00-D48)
",non
GM2026-V-AVC-02,I61.6,interdit_association,ANS,"accidents ischémiques cérébraux transitoires et syndromes apparentés (G45.-)
démence vasculaire (F01.-)
hémorragie intracrânienne traumatique (S06.-)
",non
GM2026-V-AVC-02,I61.6,interdit_association,ANS,"séquelles d'hémorragie intracérébrale (I69.1)
",non
GM2026-V-AVC-02,I61.6,interdit_association,CIM-10,accidents ischémiques cérébraux transitoires et syndromes apparentés,non
GM2026-V-AVC-02,I61.6,interdit_association,CIM-10,démence vasculaire,non
GM2026-V-AVC-02,I61.6,interdit_association,CIM-10,hémorragie intracrânienne traumatique,non
GM2026-V-AVC-02,I61.6,interdit_association,CIM-10,séquelles d'hémorragie intracérébrale,non
GM2026-V-AVC-02,I61.8,interdit_association,ANS,"accidents ischémiques cérébraux transitoires et syndromes apparentés (G45.-)
affections disséminées du tissu conjonctif (M30-M36)
certaines affections dont l'origine se situe dans la période périnatale (P00-P96)
certaines maladies infectieuses et parasitaires (A00-B99)
complications de la grossesse, de l'accouchement et de la puerpéralité (O00-O99)
lésions traumatiques, empoisonnements et certaines autres conséquences de causes externes (S00-T98)
maladies endocriniennes, nutritionnelles et métaboliques (E00-E90)
malformations congénitales et anomalies chromosomiques (Q00-Q99)
symptômes, signes et résultats anormaux d'examens cliniques et de laboratoire, non classés ailleurs (R00-R99)
tumeurs (C00-D48)
",non
GM2026-V-AVC-02,I61.8,interdit_association,ANS,"accidents ischémiques cérébraux transitoires et syndromes apparentés (G45.-)
démence vasculaire (F01.-)
hémorragie intracrânienne traumatique (S06.-)
",non
GM2026-V-AVC-02,I61.8,interdit_association,ANS,"séquelles d'hémorragie intracérébrale (I69.1)
",non
GM2026-V-AVC-02,I61.8,interdit_association,CIM-10,accidents ischémiques cérébraux transitoires et syndromes apparentés,non
GM2026-V-AVC-02,I61.8,interdit_association,CIM-10,démence vasculaire,non
GM2026-V-AVC-02,I61.8,interdit_association,CIM-10,hémorragie intracrânienne traumatique,non
GM2026-V-AVC-02,I61.8,interdit_association,CIM-10,séquelles d'hémorragie intracérébrale,non
GM2026-V-AVC-02,I61.8,interdit_association,CIM-10 frères,Hémorragie intracérébrale cérébelleuse (I61.4),non
GM2026-V-AVC-02,I61.8,interdit_association,CIM-10 frères,Hémorragie intracérébrale du tronc cérébral (I61.3),non
GM2026-V-AVC-02,I61.8,interdit_association,CIM-10 frères,"Hémorragie intracérébrale hémisphérique, corticale (I61.1)",non
GM2026-V-AVC-02,I61.8,interdit_association,CIM-10 frères,"Hémorragie intracérébrale hémisphérique, non précisée (I61.2)",non
GM2026-V-AVC-02,I61.8,interdit_association,CIM-10 frères,"Hémorragie intracérébrale hémisphérique, souscorticale (I61.0)",non
GM2026-V-AVC-02,I61.8,interdit_association,CIM-10 frères,Hémorragie intracérébrale intraventriculaire (I61.5),non
GM2026-V-AVC-02,I61.8,interdit_association,CIM-10 frères,"Hémorragie intracérébrale, localisations multiples (I61.6)",non
GM2026-V-AVC-02,I61.9,interdit_association,ANS,"accidents ischémiques cérébraux transitoires et syndromes apparentés (G45.-)
affections disséminées du tissu conjonctif (M30-M36)
certaines affections dont l'origine se situe dans la période périnatale (P00-P96)
certaines maladies infectieuses et parasitaires (A00-B99)
complications de la grossesse, de l'accouchement et de la puerpéralité (O00-O99)
lésions traumatiques, empoisonnements et certaines autres conséquences de causes externes (S00-T98)
maladies endocriniennes, nutritionnelles et métaboliques (E00-E90)
malformations congénitales et anomalies chromosomiques (Q00-Q99)
symptômes, signes et résultats anormaux d'examens cliniques et de laboratoire, non classés ailleurs (R00-R99)
tumeurs (C00-D48)
",non
GM2026-V-AVC-02,I61.9,interdit_association,ANS,"accidents ischémiques cérébraux transitoires et syndromes apparentés (G45.-)
démence vasculaire (F01.-)
hémorragie intracrânienne traumatique (S06.-)
",non
GM2026-V-AVC-02,I61.9,interdit_association,ANS,"séquelles d'hémorragie intracérébrale (I69.1)
",non
GM2026-V-AVC-02,I61.9,interdit_association,CIM-10,accidents ischémiques cérébraux transitoires et syndromes apparentés,non
GM2026-V-AVC-02,I61.9,interdit_association,CIM-10,démence vasculaire,non
GM2026-V-AVC-02,I61.9,interdit_association,CIM-10,hémorragie intracrânienne traumatique,non
GM2026-V-AVC-02,I61.9,interdit_association,CIM-10,séquelles d'hémorragie intracérébrale,non
GM2026-V-AVC-02,I62.0,interdit_association,ANS,"accidents ischémiques cérébraux transitoires et syndromes apparentés (G45.-)
affections disséminées du tissu conjonctif (M30-M36)
certaines affections dont l'origine se situe dans la période périnatale (P00-P96)
certaines maladies infectieuses et parasitaires (A00-B99)
complications de la grossesse, de l'accouchement et de la puerpéralité (O00-O99)
lésions traumatiques, empoisonnements et certaines autres conséquences de causes externes (S00-T98)
maladies endocriniennes, nutritionnelles et métaboliques (E00-E90)
malformations congénitales et anomalies chromosomiques (Q00-Q99)
symptômes, signes et résultats anormaux d'examens cliniques et de laboratoire, non classés ailleurs (R00-R99)
tumeurs (C00-D48)
",non
GM2026-V-AVC-02,I62.0,interdit_association,ANS,"accidents ischémiques cérébraux transitoires et syndromes apparentés (G45.-)
démence vasculaire (F01.-)
hémorragie intracrânienne traumatique (S06.-)
",non
GM2026-V-AVC-02,I62.0,interdit_association,ANS,"séquelles d'hémorragie intracrânienne (I69.2)
",non
GM2026-V-AVC-02,I62.0,interdit_association,CIM-10,accidents ischémiques cérébraux transitoires et syndromes apparentés,non
GM2026-V-AVC-02,I62.0,interdit_association,CIM-10,démence vasculaire,non
GM2026-V-AVC-02,I62.0,interdit_association,CIM-10,hémorragie intracrânienne traumatique,non
GM2026-V-AVC-02,I62.0,interdit_association,CIM-10,séquelles d'hémorragie intracrânienne,non
GM2026-V-AVC-02,I62.1,interdit_association,ANS,"accidents ischémiques cérébraux transitoires et syndromes apparentés (G45.-)
affections disséminées du tissu conjonctif (M30-M36)
certaines affections dont l'origine se situe dans la période périnatale (P00-P96)
certaines maladies infectieuses et parasitaires (A00-B99)
complications de la grossesse, de l'accouchement et de la puerpéralité (O00-O99)
lésions traumatiques, empoisonnements et certaines autres conséquences de causes externes (S00-T98)
maladies endocriniennes, nutritionnelles et métaboliques (E00-E90)
malformations congénitales et anomalies chromosomiques (Q00-Q99)
symptômes, signes et résultats anormaux d'examens cliniques et de laboratoire, non classés ailleurs (R00-R99)
tumeurs (C00-D48)
",non
GM2026-V-AVC-02,I62.1,interdit_association,ANS,"accidents ischémiques cérébraux transitoires et syndromes apparentés (G45.-)
démence vasculaire (F01.-)
hémorragie intracrânienne traumatique (S06.-)
",non
GM2026-V-AVC-02,I62.1,interdit_association,ANS,"séquelles d'hémorragie intracrânienne (I69.2)
",non
GM2026-V-AVC-02,I62.1,interdit_association,CIM-10,accidents ischémiques cérébraux transitoires et syndromes apparentés,non
GM2026-V-AVC-02,I62.1,interdit_association,CIM-10,démence vasculaire,non
GM2026-V-AVC-02,I62.1,interdit_association,CIM-10,hémorragie intracrânienne traumatique,non
GM2026-V-AVC-02,I62.1,interdit_association,CIM-10,séquelles d'hémorragie intracrânienne,non
GM2026-V-AVC-02,I62.9,interdit_association,ANS,"accidents ischémiques cérébraux transitoires et syndromes apparentés (G45.-)
affections disséminées du tissu conjonctif (M30-M36)
certaines affections dont l'origine se situe dans la période périnatale (P00-P96)
certaines maladies infectieuses et parasitaires (A00-B99)
complications de la grossesse, de l'accouchement et de la puerpéralité (O00-O99)
lésions traumatiques, empoisonnements et certaines autres conséquences de causes externes (S00-T98)
maladies endocriniennes, nutritionnelles et métaboliques (E00-E90)
malformations congénitales et anomalies chromosomiques (Q00-Q99)
symptômes, signes et résultats anormaux d'examens cliniques et de laboratoire, non classés ailleurs (R00-R99)
tumeurs (C00-D48)
",non
GM2026-V-AVC-02,I62.9,interdit_association,ANS,"accidents ischémiques cérébraux transitoires et syndromes apparentés (G45.-)
démence vasculaire (F01.-)
hémorragie intracrânienne traumatique (S06.-)
",non
GM2026-V-AVC-02,I62.9,interdit_association,ANS,"séquelles d'hémorragie intracrânienne (I69.2)
",non
GM2026-V-AVC-02,I62.9,interdit_association,CIM-10,accidents ischémiques cérébraux transitoires et syndromes apparentés,non
GM2026-V-AVC-02,I62.9,interdit_association,CIM-10,démence vasculaire,non
GM2026-V-AVC-02,I62.9,interdit_association,CIM-10,hémorragie intracrânienne traumatique,non
GM2026-V-AVC-02,I62.9,interdit_association,CIM-10,séquelles d'hémorragie intracrânienne,non
GM2026-V-AVC-02,I63.0,interdit_association,ANS,"accidents ischémiques cérébraux transitoires et syndromes apparentés (G45.-)
affections disséminées du tissu conjonctif (M30-M36)
certaines affections dont l'origine se situe dans la période périnatale (P00-P96)
certaines maladies infectieuses et parasitaires (A00-B99)
complications de la grossesse, de l'accouchement et de la puerpéralité (O00-O99)
lésions traumatiques, empoisonnements et certaines autres conséquences de causes externes (S00-T98)
maladies endocriniennes, nutritionnelles et métaboliques (E00-E90)
malformations congénitales et anomalies chromosomiques (Q00-Q99)
symptômes, signes et résultats anormaux d'examens cliniques et de laboratoire, non classés ailleurs (R00-R99)
tumeurs (C00-D48)
",non
GM2026-V-AVC-02,I63.0,interdit_association,ANS,"accidents ischémiques cérébraux transitoires et syndromes apparentés (G45.-)
démence vasculaire (F01.-)
hémorragie intracrânienne traumatique (S06.-)
",non
GM2026-V-AVC-02,I63.0,interdit_association,ANS,"séquelles d'infarctus cérébral (I69.3)
",non
GM2026-V-AVC-02,I63.0,interdit_association,CIM-10,accidents ischémiques cérébraux transitoires et syndromes apparentés,non
GM2026-V-AVC-02,I63.0,interdit_association,CIM-10,démence vasculaire,non
GM2026-V-AVC-02,I63.0,interdit_association,CIM-10,hémorragie intracrânienne traumatique,non
GM2026-V-AVC-02,I63.0,interdit_association,CIM-10,séquelles d'infarctus cérébral,non
GM2026-V-AVC-02,I63.1,interdit_association,ANS,"accidents ischémiques cérébraux transitoires et syndromes apparentés (G45.-)
affections disséminées du tissu conjonctif (M30-M36)
certaines affections dont l'origine se situe dans la période périnatale (P00-P96)
certaines maladies infectieuses et parasitaires (A00-B99)
complications de la grossesse, de l'accouchement et de la puerpéralité (O00-O99)
lésions traumatiques, empoisonnements et certaines autres conséquences de causes externes (S00-T98)
maladies endocriniennes, nutritionnelles et métaboliques (E00-E90)
malformations congénitales et anomalies chromosomiques (Q00-Q99)
symptômes, signes et résultats anormaux d'examens cliniques et de laboratoire, non classés ailleurs (R00-R99)
tumeurs (C00-D48)
",non
GM2026-V-AVC-02,I63.1,interdit_association,ANS,"accidents ischémiques cérébraux transitoires et syndromes apparentés (G45.-)
démence vasculaire (F01.-)
hémorragie intracrânienne traumatique (S06.-)
",non
GM2026-V-AVC-02,I63.1,interdit_association,ANS,"séquelles d'infarctus cérébral (I69.3)
",non
GM2026-V-AVC-02,I63.1,interdit_association,CIM-10,accidents ischémiques cérébraux transitoires et syndromes apparentés,non
GM2026-V-AVC-02,I63.1,interdit_association,CIM-10,démence vasculaire,non
GM2026-V-AVC-02,I63.1,interdit_association,CIM-10,hémorragie intracrânienne traumatique,non
GM2026-V-AVC-02,I63.1,interdit_association,CIM-10,séquelles d'infarctus cérébral,non
GM2026-V-AVC-02,I63.2,interdit_association,ANS,"accidents ischémiques cérébraux transitoires et syndromes apparentés (G45.-)
affections disséminées du tissu conjonctif (M30-M36)
certaines affections dont l'origine se situe dans la période périnatale (P00-P96)
certaines maladies infectieuses et parasitaires (A00-B99)
complications de la grossesse, de l'accouchement et de la puerpéralité (O00-O99)
lésions traumatiques, empoisonnements et certaines autres conséquences de causes externes (S00-T98)
maladies endocriniennes, nutritionnelles et métaboliques (E00-E90)
malformations congénitales et anomalies chromosomiques (Q00-Q99)
symptômes, signes et résultats anormaux d'examens cliniques et de laboratoire, non classés ailleurs (R00-R99)
tumeurs (C00-D48)
",non
GM2026-V-AVC-02,I63.2,interdit_association,ANS,"accidents ischémiques cérébraux transitoires et syndromes apparentés (G45.-)
démence vasculaire (F01.-)
hémorragie intracrânienne traumatique (S06.-)
",non
GM2026-V-AVC-02,I63.2,interdit_association,ANS,"séquelles d'infarctus cérébral (I69.3)
",non
GM2026-V-AVC-02,I63.2,interdit_association,CIM-10,accidents ischémiques cérébraux transitoires et syndromes apparentés,non
GM2026-V-AVC-02,I63.2,interdit_association,CIM-10,démence vasculaire,non
GM2026-V-AVC-02,I63.2,interdit_association,CIM-10,hémorragie intracrânienne traumatique,non
GM2026-V-AVC-02,I63.2,interdit_association,CIM-10,séquelles d'infarctus cérébral,non
GM2026-V-AVC-02,I63.3,interdit_association,ANS,"accidents ischémiques cérébraux transitoires et syndromes apparentés (G45.-)
affections disséminées du tissu conjonctif (M30-M36)
certaines affections dont l'origine se situe dans la période périnatale (P00-P96)
certaines maladies infectieuses et parasitaires (A00-B99)
complications de la grossesse, de l'accouchement et de la puerpéralité (O00-O99)
lésions traumatiques, empoisonnements et certaines autres conséquences de causes externes (S00-T98)
maladies endocriniennes, nutritionnelles et métaboliques (E00-E90)
malformations congénitales et anomalies chromosomiques (Q00-Q99)
symptômes, signes et résultats anormaux d'examens cliniques et de laboratoire, non classés ailleurs (R00-R99)
tumeurs (C00-D48)
",non
GM2026-V-AVC-02,I63.3,interdit_association,ANS,"accidents ischémiques cérébraux transitoires et syndromes apparentés (G45.-)
démence vasculaire (F01.-)
hémorragie intracrânienne traumatique (S06.-)
",non
GM2026-V-AVC-02,I63.3,interdit_association,ANS,"séquelles d'infarctus cérébral (I69.3)
",non
GM2026-V-AVC-02,I63.3,interdit_association,CIM-10,accidents ischémiques cérébraux transitoires et syndromes apparentés,non
GM2026-V-AVC-02,I63.3,interdit_association,CIM-10,démence vasculaire,non
GM2026-V-AVC-02,I63.3,interdit_association,CIM-10,hémorragie intracrânienne traumatique,non
GM2026-V-AVC-02,I63.3,interdit_association,CIM-10,séquelles d'infarctus cérébral,non
GM2026-V-AVC-02,I63.4,interdit_association,ANS,"accidents ischémiques cérébraux transitoires et syndromes apparentés (G45.-)
affections disséminées du tissu conjonctif (M30-M36)
certaines affections dont l'origine se situe dans la période périnatale (P00-P96)
certaines maladies infectieuses et parasitaires (A00-B99)
complications de la grossesse, de l'accouchement et de la puerpéralité (O00-O99)
lésions traumatiques, empoisonnements et certaines autres conséquences de causes externes (S00-T98)
maladies endocriniennes, nutritionnelles et métaboliques (E00-E90)
malformations congénitales et anomalies chromosomiques (Q00-Q99)
symptômes, signes et résultats anormaux d'examens cliniques et de laboratoire, non classés ailleurs (R00-R99)
tumeurs (C00-D48)
",non
GM2026-V-AVC-02,I63.4,interdit_association,ANS,"accidents ischémiques cérébraux transitoires et syndromes apparentés (G45.-)
démence vasculaire (F01.-)
hémorragie intracrânienne traumatique (S06.-)
",non
GM2026-V-AVC-02,I63.4,interdit_association,ANS,"séquelles d'infarctus cérébral (I69.3)
",non
GM2026-V-AVC-02,I63.4,interdit_association,CIM-10,accidents ischémiques cérébraux transitoires et syndromes apparentés,non
GM2026-V-AVC-02,I63.4,interdit_association,CIM-10,démence vasculaire,non
GM2026-V-AVC-02,I63.4,interdit_association,CIM-10,hémorragie intracrânienne traumatique,non
GM2026-V-AVC-02,I63.4,interdit_association,CIM-10,séquelles d'infarctus cérébral,non
GM2026-V-AVC-02,I63.5,interdit_association,ANS,"accidents ischémiques cérébraux transitoires et syndromes apparentés (G45.-)
affections disséminées du tissu conjonctif (M30-M36)
certaines affections dont l'origine se situe dans la période périnatale (P00-P96)
certaines maladies infectieuses et parasitaires (A00-B99)
complications de la grossesse, de l'accouchement et de la puerpéralité (O00-O99)
lésions traumatiques, empoisonnements et certaines autres conséquences de causes externes (S00-T98)
maladies endocriniennes, nutritionnelles et métaboliques (E00-E90)
malformations congénitales et anomalies chromosomiques (Q00-Q99)
symptômes, signes et résultats anormaux d'examens cliniques et de laboratoire, non classés ailleurs (R00-R99)
tumeurs (C00-D48)
",non
GM2026-V-AVC-02,I63.5,interdit_association,ANS,"accidents ischémiques cérébraux transitoires et syndromes apparentés (G45.-)
démence vasculaire (F01.-)
hémorragie intracrânienne traumatique (S06.-)
",non
GM2026-V-AVC-02,I63.5,interdit_association,ANS,"séquelles d'infarctus cérébral (I69.3)
",non
GM2026-V-AVC-02,I63.5,interdit_association,CIM-10,accidents ischémiques cérébraux transitoires et syndromes apparentés,non
GM2026-V-AVC-02,I63.5,interdit_association,CIM-10,démence vasculaire,non
GM2026-V-AVC-02,I63.5,interdit_association,CIM-10,hémorragie intracrânienne traumatique,non
GM2026-V-AVC-02,I63.5,interdit_association,CIM-10,séquelles d'infarctus cérébral,non
GM2026-V-AVC-02,I63.6,interdit_association,ANS,"accidents ischémiques cérébraux transitoires et syndromes apparentés (G45.-)
affections disséminées du tissu conjonctif (M30-M36)
certaines affections dont l'origine se situe dans la période périnatale (P00-P96)
certaines maladies infectieuses et parasitaires (A00-B99)
complications de la grossesse, de l'accouchement et de la puerpéralité (O00-O99)
lésions traumatiques, empoisonnements et certaines autres conséquences de causes externes (S00-T98)
maladies endocriniennes, nutritionnelles et métaboliques (E00-E90)
malformations congénitales et anomalies chromosomiques (Q00-Q99)
symptômes, signes et résultats anormaux d'examens cliniques et de laboratoire, non classés ailleurs (R00-R99)
tumeurs (C00-D48)
",non
GM2026-V-AVC-02,I63.6,interdit_association,ANS,"accidents ischémiques cérébraux transitoires et syndromes apparentés (G45.-)
démence vasculaire (F01.-)
hémorragie intracrânienne traumatique (S06.-)
",non
GM2026-V-AVC-02,I63.6,interdit_association,ANS,"séquelles d'infarctus cérébral (I69.3)
",non
GM2026-V-AVC-02,I63.6,interdit_association,CIM-10,accidents ischémiques cérébraux transitoires et syndromes apparentés,non
GM2026-V-AVC-02,I63.6,interdit_association,CIM-10,démence vasculaire,non
GM2026-V-AVC-02,I63.6,interdit_association,CIM-10,hémorragie intracrânienne traumatique,non
GM2026-V-AVC-02,I63.6,interdit_association,CIM-10,séquelles d'infarctus cérébral,non
GM2026-V-AVC-02,I63.8,interdit_association,ANS,"accidents ischémiques cérébraux transitoires et syndromes apparentés (G45.-)
affections disséminées du tissu conjonctif (M30-M36)
certaines affections dont l'origine se situe dans la période périnatale (P00-P96)
certaines maladies infectieuses et parasitaires (A00-B99)
complications de la grossesse, de l'accouchement et de la puerpéralité (O00-O99)
lésions traumatiques, empoisonnements et certaines autres conséquences de causes externes (S00-T98)
maladies endocriniennes, nutritionnelles et métaboliques (E00-E90)
malformations congénitales et anomalies chromosomiques (Q00-Q99)
symptômes, signes et résultats anormaux d'examens cliniques et de laboratoire, non classés ailleurs (R00-R99)
tumeurs (C00-D48)
",non
GM2026-V-AVC-02,I63.8,interdit_association,ANS,"accidents ischémiques cérébraux transitoires et syndromes apparentés (G45.-)
démence vasculaire (F01.-)
hémorragie intracrânienne traumatique (S06.-)
",non
GM2026-V-AVC-02,I63.8,interdit_association,ANS,"séquelles d'infarctus cérébral (I69.3)
",non
GM2026-V-AVC-02,I63.8,interdit_association,CIM-10,accidents ischémiques cérébraux transitoires et syndromes apparentés,non
GM2026-V-AVC-02,I63.8,interdit_association,CIM-10,démence vasculaire,non
GM2026-V-AVC-02,I63.8,interdit_association,CIM-10,hémorragie intracrânienne traumatique,non
GM2026-V-AVC-02,I63.8,interdit_association,CIM-10,séquelles d'infarctus cérébral,non
GM2026-V-AVC-02,I63.8,interdit_association,CIM-10 frères,Infarctus cérébral dû à une embolie des artères cérébrales (I63.4),non
GM2026-V-AVC-02,I63.8,interdit_association,CIM-10 frères,Infarctus cérébral dû à une embolie des artères précérébrales (I63.1),non
GM2026-V-AVC-02,I63.8,interdit_association,CIM-10 frères,"Infarctus cérébral dû à une occlusion ou sténose des artères cérébrales, de mécanisme non précisé (I63.5)",non
GM2026-V-AVC-02,I63.8,interdit_association,CIM-10 frères,"Infarctus cérébral dû à une occlusion ou sténose des artères précérébrales, de mécanisme non précisé (I63.2)",non
GM2026-V-AVC-02,I63.8,interdit_association,CIM-10 frères,Infarctus cérébral dû à une thrombose des artères cérébrales (I63.3),non
GM2026-V-AVC-02,I63.8,interdit_association,CIM-10 frères,Infarctus cérébral dû à une thrombose des artères précérébrales (I63.0),non
GM2026-V-AVC-02,I63.8,interdit_association,CIM-10 frères,"Infarctus cérébral dû à une thrombose veineuse cérébrale, non pyogène (I63.6)",non
GM2026-V-AVC-02,I63.9,interdit_association,ANS,"accidents ischémiques cérébraux transitoires et syndromes apparentés (G45.-)
affections disséminées du tissu conjonctif (M30-M36)
certaines affections dont l'origine se situe dans la période périnatale (P00-P96)
certaines maladies infectieuses et parasitaires (A00-B99)
complications de la grossesse, de l'accouchement et de la puerpéralité (O00-O99)
lésions traumatiques, empoisonnements et certaines autres conséquences de causes externes (S00-T98)
maladies endocriniennes, nutritionnelles et métaboliques (E00-E90)
malformations congénitales et anomalies chromosomiques (Q00-Q99)
symptômes, signes et résultats anormaux d'examens cliniques et de laboratoire, non classés ailleurs (R00-R99)
tumeurs (C00-D48)
",non
GM2026-V-AVC-02,I63.9,interdit_association,ANS,"accidents ischémiques cérébraux transitoires et syndromes apparentés (G45.-)
démence vasculaire (F01.-)
hémorragie intracrânienne traumatique (S06.-)
",non
GM2026-V-AVC-02,I63.9,interdit_association,ANS,"séquelles d'infarctus cérébral (I69.3)
",non
GM2026-V-AVC-02,I63.9,interdit_association,CIM-10,accidents ischémiques cérébraux transitoires et syndromes apparentés,non
GM2026-V-AVC-02,I63.9,interdit_association,CIM-10,démence vasculaire,non
GM2026-V-AVC-02,I63.9,interdit_association,CIM-10,hémorragie intracrânienne traumatique,non
GM2026-V-AVC-02,I63.9,interdit_association,CIM-10,séquelles d'infarctus cérébral,non
GM2026-V-AVC-03,G46.0,interdit_association,ANS,"certaines affections dont l'origine se situe dans la période périnatale (P00-P96)
certaines maladies infectieuses et parasitaires (A00-B99)
complications de la grossesse, de l'accouchement et de la puerpéralité (O00-O99)
lésions traumatiques, empoisonnements et certaines autres conséquences de causes externes (S00-T98)
maladies endocriniennes, nutritionnelles et métaboliques (E00-E90)
malformations congénitales et anomalies chromosomiques (Q00-Q99)
symptômes, signes et résultats anormaux d'examens cliniques et de laboratoire, non classés ailleurs (R00-R99)
tumeurs (C00-D48)
",non
GM2026-V-AVC-03,G46.1,interdit_association,ANS,"certaines affections dont l'origine se situe dans la période périnatale (P00-P96)
certaines maladies infectieuses et parasitaires (A00-B99)
complications de la grossesse, de l'accouchement et de la puerpéralité (O00-O99)
lésions traumatiques, empoisonnements et certaines autres conséquences de causes externes (S00-T98)
maladies endocriniennes, nutritionnelles et métaboliques (E00-E90)
malformations congénitales et anomalies chromosomiques (Q00-Q99)
symptômes, signes et résultats anormaux d'examens cliniques et de laboratoire, non classés ailleurs (R00-R99)
tumeurs (C00-D48)
",non
GM2026-V-AVC-03,G46.2,interdit_association,ANS,"certaines affections dont l'origine se situe dans la période périnatale (P00-P96)
certaines maladies infectieuses et parasitaires (A00-B99)
complications de la grossesse, de l'accouchement et de la puerpéralité (O00-O99)
lésions traumatiques, empoisonnements et certaines autres conséquences de causes externes (S00-T98)
maladies endocriniennes, nutritionnelles et métaboliques (E00-E90)
malformations congénitales et anomalies chromosomiques (Q00-Q99)
symptômes, signes et résultats anormaux d'examens cliniques et de laboratoire, non classés ailleurs (R00-R99)
tumeurs (C00-D48)
",non
GM2026-V-AVC-03,I65.0,interdit_association,ANS,"accidents ischémiques cérébraux transitoires et syndromes apparentés (G45.-)
affections disséminées du tissu conjonctif (M30-M36)
certaines affections dont l'origine se situe dans la période périnatale (P00-P96)
certaines maladies infectieuses et parasitaires (A00-B99)
complications de la grossesse, de l'accouchement et de la puerpéralité (O00-O99)
lésions traumatiques, empoisonnements et certaines autres conséquences de causes externes (S00-T98)
maladies endocriniennes, nutritionnelles et métaboliques (E00-E90)
malformations congénitales et anomalies chromosomiques (Q00-Q99)
symptômes, signes et résultats anormaux d'examens cliniques et de laboratoire, non classés ailleurs (R00-R99)
tumeurs (C00-D48)
",non
GM2026-V-AVC-03,I65.0,interdit_association,ANS,"accidents ischémiques cérébraux transitoires et syndromes apparentés (G45.-)
démence vasculaire (F01.-)
hémorragie intracrânienne traumatique (S06.-)
",non
GM2026-V-AVC-03,I65.0,interdit_association,ANS,"entraînant un infarctus cérébral (I63.-)
",oui
GM2026-V-AVC-03,I65.0,interdit_association,CIM-10,accidents ischémiques cérébraux transitoires et syndromes apparentés,non
GM2026-V-AVC-03,I65.0,interdit_association,CIM-10,démence vasculaire,non
GM2026-V-AVC-03,I65.0,interdit_association,CIM-10,entraînant un infarctus cérébral,non
GM2026-V-AVC-03,I65.0,interdit_association,CIM-10,hémorragie intracrânienne traumatique,non
GM2026-V-AVC-03,I65.1,interdit_association,ANS,"accidents ischémiques cérébraux transitoires et syndromes apparentés (G45.-)
affections disséminées du tissu conjonctif (M30-M36)
certaines affections dont l'origine se situe dans la période périnatale (P00-P96)
certaines maladies infectieuses et parasitaires (A00-B99)
complications de la grossesse, de l'accouchement et de la puerpéralité (O00-O99)
lésions traumatiques, empoisonnements et certaines autres conséquences de causes externes (S00-T98)
maladies endocriniennes, nutritionnelles et métaboliques (E00-E90)
malformations congénitales et anomalies chromosomiques (Q00-Q99)
symptômes, signes et résultats anormaux d'examens cliniques et de laboratoire, non classés ailleurs (R00-R99)
tumeurs (C00-D48)
",non
GM2026-V-AVC-03,I65.1,interdit_association,ANS,"accidents ischémiques cérébraux transitoires et syndromes apparentés (G45.-)
démence vasculaire (F01.-)
hémorragie intracrânienne traumatique (S06.-)
",non
GM2026-V-AVC-03,I65.1,interdit_association,ANS,"entraînant un infarctus cérébral (I63.-)
",oui
GM2026-V-AVC-03,I65.1,interdit_association,CIM-10,accidents ischémiques cérébraux transitoires et syndromes apparentés,non
GM2026-V-AVC-03,I65.1,interdit_association,CIM-10,démence vasculaire,non
GM2026-V-AVC-03,I65.1,interdit_association,CIM-10,entraînant un infarctus cérébral,non
GM2026-V-AVC-03,I65.1,interdit_association,CIM-10,hémorragie intracrânienne traumatique,non
GM2026-V-AVC-03,I65.2,interdit_association,ANS,"accidents ischémiques cérébraux transitoires et syndromes apparentés (G45.-)
affections disséminées du tissu conjonctif (M30-M36)
certaines affections dont l'origine se situe dans la période périnatale (P00-P96)
certaines maladies infectieuses et parasitaires (A00-B99)
complications de la grossesse, de l'accouchement et de la puerpéralité (O00-O99)
lésions traumatiques, empoisonnements et certaines autres conséquences de causes externes (S00-T98)
maladies endocriniennes, nutritionnelles et métaboliques (E00-E90)
malformations congénitales et anomalies chromosomiques (Q00-Q99)
symptômes, signes et résultats anormaux d'examens cliniques et de laboratoire, non classés ailleurs (R00-R99)
tumeurs (C00-D48)
",non
GM2026-V-AVC-03,I65.2,interdit_association,ANS,"accidents ischémiques cérébraux transitoires et syndromes apparentés (G45.-)
démence vasculaire (F01.-)
hémorragie intracrânienne traumatique (S06.-)
",non
GM2026-V-AVC-03,I65.2,interdit_association,ANS,"entraînant un infarctus cérébral (I63.-)
",oui
GM2026-V-AVC-03,I65.2,interdit_association,CIM-10,accidents ischémiques cérébraux transitoires et syndromes apparentés,non
GM2026-V-AVC-03,I65.2,interdit_association,CIM-10,démence vasculaire,non
GM2026-V-AVC-03,I65.2,interdit_association,CIM-10,entraînant un infarctus cérébral,non
GM2026-V-AVC-03,I65.2,interdit_association,CIM-10,hémorragie intracrânienne traumatique,non
GM2026-V-AVC-03,I65.3,interdit_association,ANS,"accidents ischémiques cérébraux transitoires et syndromes apparentés (G45.-)
affections disséminées du tissu conjonctif (M30-M36)
certaines affections dont l'origine se situe dans la période périnatale (P00-P96)
certaines maladies infectieuses et parasitaires (A00-B99)
complications de la grossesse, de l'accouchement et de la puerpéralité (O00-O99)
lésions traumatiques, empoisonnements et certaines autres conséquences de causes externes (S00-T98)
maladies endocriniennes, nutritionnelles et métaboliques (E00-E90)
malformations congénitales et anomalies chromosomiques (Q00-Q99)
symptômes, signes et résultats anormaux d'examens cliniques et de laboratoire, non classés ailleurs (R00-R99)
tumeurs (C00-D48)
",non
GM2026-V-AVC-03,I65.3,interdit_association,ANS,"accidents ischémiques cérébraux transitoires et syndromes apparentés (G45.-)
démence vasculaire (F01.-)
hémorragie intracrânienne traumatique (S06.-)
",non
GM2026-V-AVC-03,I65.3,interdit_association,ANS,"entraînant un infarctus cérébral (I63.-)
",oui
GM2026-V-AVC-03,I65.3,interdit_association,CIM-10,accidents ischémiques cérébraux transitoires et syndromes apparentés,non
GM2026-V-AVC-03,I65.3,interdit_association,CIM-10,démence vasculaire,non
GM2026-V-AVC-03,I65.3,interdit_association,CIM-10,entraînant un infarctus cérébral,non
GM2026-V-AVC-03,I65.3,interdit_association,CIM-10,hémorragie intracrânienne traumatique,non
GM2026-V-AVC-03,I65.8,interdit_association,ANS,"accidents ischémiques cérébraux transitoires et syndromes apparentés (G45.-)
affections disséminées du tissu conjonctif (M30-M36)
certaines affections dont l'origine se situe dans la période périnatale (P00-P96)
certaines maladies infectieuses et parasitaires (A00-B99)
complications de la grossesse, de l'accouchement et de la puerpéralité (O00-O99)
lésions traumatiques, empoisonnements et certaines autres conséquences de causes externes (S00-T98)
maladies endocriniennes, nutritionnelles et métaboliques (E00-E90)
malformations congénitales et anomalies chromosomiques (Q00-Q99)
symptômes, signes et résultats anormaux d'examens cliniques et de laboratoire, non classés ailleurs (R00-R99)
tumeurs (C00-D48)
",non
GM2026-V-AVC-03,I65.8,interdit_association,ANS,"accidents ischémiques cérébraux transitoires et syndromes apparentés (G45.-)
démence vasculaire (F01.-)
hémorragie intracrânienne traumatique (S06.-)
",non
GM2026-V-AVC-03,I65.8,interdit_association,ANS,"entraînant un infarctus cérébral (I63.-)
",oui
GM2026-V-AVC-03,I65.8,interdit_association,CIM-10,accidents ischémiques cérébraux transitoires et syndromes apparentés,non
GM2026-V-AVC-03,I65.8,interdit_association,CIM-10,démence vasculaire,non
GM2026-V-AVC-03,I65.8,interdit_association,CIM-10,entraînant un infarctus cérébral,non
GM2026-V-AVC-03,I65.8,interdit_association,CIM-10,hémorragie intracrânienne traumatique,non
GM2026-V-AVC-03,I65.8,interdit_association,CIM-10 frères,Occlusion et sténose de l'artère basilaire (I65.1),non
GM2026-V-AVC-03,I65.8,interdit_association,CIM-10 frères,Occlusion et sténose de l'artère carotide (I65.2),non
GM2026-V-AVC-03,I65.8,interdit_association,CIM-10 frères,Occlusion et sténose de l'artère vertébrale (I65.0),non
GM2026-V-AVC-03,I65.8,interdit_association,CIM-10 frères,"Occlusion et sténose des artères précérébrales, multiples et bilatérales (I65.3)",non
GM2026-V-AVC-03,I65.9,interdit_association,ANS,"accidents ischémiques cérébraux transitoires et syndromes apparentés (G45.-)
affections disséminées du tissu conjonctif (M30-M36)
certaines affections dont l'origine se situe dans la période périnatale (P00-P96)
certaines maladies infectieuses et parasitaires (A00-B99)
complications de la grossesse, de l'accouchement et de la puerpéralité (O00-O99)
lésions traumatiques, empoisonnements et certaines autres conséquences de causes externes (S00-T98)
maladies endocriniennes, nutritionnelles et métaboliques (E00-E90)
malformations congénitales et anomalies chromosomiques (Q00-Q99)
symptômes, signes et résultats anormaux d'examens cliniques et de laboratoire, non classés ailleurs (R00-R99)
tumeurs (C00-D48)
",non
GM2026-V-AVC-03,I65.9,interdit_association,ANS,"accidents ischémiques cérébraux transitoires et syndromes apparentés (G45.-)
démence vasculaire (F01.-)
hémorragie intracrânienne traumatique (S06.-)
",non
GM2026-V-AVC-03,I65.9,interdit_association,ANS,"entraînant un infarctus cérébral (I63.-)
",oui
GM2026-V-AVC-03,I65.9,interdit_association,CIM-10,accidents ischémiques cérébraux transitoires et syndromes apparentés,non
GM2026-V-AVC-03,I65.9,interdit_association,CIM-10,démence vasculaire,non
GM2026-V-AVC-03,I65.9,interdit_association,CIM-10,entraînant un infarctus cérébral,non
GM2026-V-AVC-03,I65.9,interdit_association,CIM-10,hémorragie intracrânienne traumatique,non
GM2026-V-AVC-03,I66.0,interdit_association,ANS,"accidents ischémiques cérébraux transitoires et syndromes apparentés (G45.-)
affections disséminées du tissu conjonctif (M30-M36)
certaines affections dont l'origine se situe dans la période périnatale (P00-P96)
certaines maladies infectieuses et parasitaires (A00-B99)
complications de la grossesse, de l'accouchement et de la puerpéralité (O00-O99)
lésions traumatiques, empoisonnements et certaines autres conséquences de causes externes (S00-T98)
maladies endocriniennes, nutritionnelles et métaboliques (E00-E90)
malformations congénitales et anomalies chromosomiques (Q00-Q99)
symptômes, signes et résultats anormaux d'examens cliniques et de laboratoire, non classés ailleurs (R00-R99)
tumeurs (C00-D48)
",non
GM2026-V-AVC-03,I66.0,interdit_association,ANS,"accidents ischémiques cérébraux transitoires et syndromes apparentés (G45.-)
démence vasculaire (F01.-)
hémorragie intracrânienne traumatique (S06.-)
",non
GM2026-V-AVC-03,I66.0,interdit_association,ANS,"entraînant un infarctus cérébral (I63.-)
",oui
GM2026-V-AVC-03,I66.0,interdit_association,CIM-10,accidents ischémiques cérébraux transitoires et syndromes apparentés,non
GM2026-V-AVC-03,I66.0,interdit_association,CIM-10,démence vasculaire,non
GM2026-V-AVC-03,I66.0,interdit_association,CIM-10,entraînant un infarctus cérébral,non
GM2026-V-AVC-03,I66.0,interdit_association,CIM-10,hémorragie intracrânienne traumatique,non
GM2026-V-AVC-03,I66.1,interdit_association,ANS,"accidents ischémiques cérébraux transitoires et syndromes apparentés (G45.-)
affections disséminées du tissu conjonctif (M30-M36)
certaines affections dont l'origine se situe dans la période périnatale (P00-P96)
certaines maladies infectieuses et parasitaires (A00-B99)
complications de la grossesse, de l'accouchement et de la puerpéralité (O00-O99)
lésions traumatiques, empoisonnements et certaines autres conséquences de causes externes (S00-T98)
maladies endocriniennes, nutritionnelles et métaboliques (E00-E90)
malformations congénitales et anomalies chromosomiques (Q00-Q99)
symptômes, signes et résultats anormaux d'examens cliniques et de laboratoire, non classés ailleurs (R00-R99)
tumeurs (C00-D48)
",non
GM2026-V-AVC-03,I66.1,interdit_association,ANS,"accidents ischémiques cérébraux transitoires et syndromes apparentés (G45.-)
démence vasculaire (F01.-)
hémorragie intracrânienne traumatique (S06.-)
",non
GM2026-V-AVC-03,I66.1,interdit_association,ANS,"entraînant un infarctus cérébral (I63.-)
",oui
GM2026-V-AVC-03,I66.1,interdit_association,CIM-10,accidents ischémiques cérébraux transitoires et syndromes apparentés,non
GM2026-V-AVC-03,I66.1,interdit_association,CIM-10,démence vasculaire,non
GM2026-V-AVC-03,I66.1,interdit_association,CIM-10,entraînant un infarctus cérébral,non
GM2026-V-AVC-03,I66.1,interdit_association,CIM-10,hémorragie intracrânienne traumatique,non
GM2026-V-AVC-03,I66.2,interdit_association,ANS,"accidents ischémiques cérébraux transitoires et syndromes apparentés (G45.-)
affections disséminées du tissu conjonctif (M30-M36)
certaines affections dont l'origine se situe dans la période périnatale (P00-P96)
certaines maladies infectieuses et parasitaires (A00-B99)
complications de la grossesse, de l'accouchement et de la puerpéralité (O00-O99)
lésions traumatiques, empoisonnements et certaines autres conséquences de causes externes (S00-T98)
maladies endocriniennes, nutritionnelles et métaboliques (E00-E90)
malformations congénitales et anomalies chromosomiques (Q00-Q99)
symptômes, signes et résultats anormaux d'examens cliniques et de laboratoire, non classés ailleurs (R00-R99)
tumeurs (C00-D48)
",non
GM2026-V-AVC-03,I66.2,interdit_association,ANS,"accidents ischémiques cérébraux transitoires et syndromes apparentés (G45.-)
démence vasculaire (F01.-)
hémorragie intracrânienne traumatique (S06.-)
",non
GM2026-V-AVC-03,I66.2,interdit_association,ANS,"entraînant un infarctus cérébral (I63.-)
",oui
GM2026-V-AVC-03,I66.2,interdit_association,CIM-10,accidents ischémiques cérébraux transitoires et syndromes apparentés,non
GM2026-V-AVC-03,I66.2,interdit_association,CIM-10,démence vasculaire,non
GM2026-V-AVC-03,I66.2,interdit_association,CIM-10,entraînant un infarctus cérébral,non
GM2026-V-AVC-03,I66.2,interdit_association,CIM-10,hémorragie intracrânienne traumatique,non
GM2026-V-AVC-03,I66.3,interdit_association,ANS,"accidents ischémiques cérébraux transitoires et syndromes apparentés (G45.-)
affections disséminées du tissu conjonctif (M30-M36)
certaines affections dont l'origine se situe dans la période périnatale (P00-P96)
certaines maladies infectieuses et parasitaires (A00-B99)
complications de la grossesse, de l'accouchement et de la puerpéralité (O00-O99)
lésions traumatiques, empoisonnements et certaines autres conséquences de causes externes (S00-T98)
maladies endocriniennes, nutritionnelles et métaboliques (E00-E90)
malformations congénitales et anomalies chromosomiques (Q00-Q99)
symptômes, signes et résultats anormaux d'examens cliniques et de laboratoire, non classés ailleurs (R00-R99)
tumeurs (C00-D48)
",non
GM2026-V-AVC-03,I66.3,interdit_association,ANS,"accidents ischémiques cérébraux transitoires et syndromes apparentés (G45.-)
démence vasculaire (F01.-)
hémorragie intracrânienne traumatique (S06.-)
",non
GM2026-V-AVC-03,I66.3,interdit_association,ANS,"entraînant un infarctus cérébral (I63.-)
",oui
GM2026-V-AVC-03,I66.3,interdit_association,CIM-10,accidents ischémiques cérébraux transitoires et syndromes apparentés,non
GM2026-V-AVC-03,I66.3,interdit_association,CIM-10,démence vasculaire,non
GM2026-V-AVC-03,I66.3,interdit_association,CIM-10,entraînant un infarctus cérébral,non
GM2026-V-AVC-03,I66.3,interdit_association,CIM-10,hémorragie intracrânienne traumatique,non
GM2026-V-AVC-03,I66.4,interdit_association,ANS,"accidents ischémiques cérébraux transitoires et syndromes apparentés (G45.-)
affections disséminées du tissu conjonctif (M30-M36)
certaines affections dont l'origine se situe dans la période périnatale (P00-P96)
certaines maladies infectieuses et parasitaires (A00-B99)
complications de la grossesse, de l'accouchement et de la puerpéralité (O00-O99)
lésions traumatiques, empoisonnements et certaines autres conséquences de causes externes (S00-T98)
maladies endocriniennes, nutritionnelles et métaboliques (E00-E90)
malformations congénitales et anomalies chromosomiques (Q00-Q99)
symptômes, signes et résultats anormaux d'examens cliniques et de laboratoire, non classés ailleurs (R00-R99)
tumeurs (C00-D48)
",non
GM2026-V-AVC-03,I66.4,interdit_association,ANS,"accidents ischémiques cérébraux transitoires et syndromes apparentés (G45.-)
démence vasculaire (F01.-)
hémorragie intracrânienne traumatique (S06.-)
",non
GM2026-V-AVC-03,I66.4,interdit_association,ANS,"entraînant un infarctus cérébral (I63.-)
",oui
GM2026-V-AVC-03,I66.4,interdit_association,CIM-10,accidents ischémiques cérébraux transitoires et syndromes apparentés,non
GM2026-V-AVC-03,I66.4,interdit_association,CIM-10,démence vasculaire,non
GM2026-V-AVC-03,I66.4,interdit_association,CIM-10,entraînant un infarctus cérébral,non
GM2026-V-AVC-03,I66.4,interdit_association,CIM-10,hémorragie intracrânienne traumatique,non
GM2026-V-AVC-03,I66.8,interdit_association,ANS,"accidents ischémiques cérébraux transitoires et syndromes apparentés (G45.-)
affections disséminées du tissu conjonctif (M30-M36)
certaines affections dont l'origine se situe dans la période périnatale (P00-P96)
certaines maladies infectieuses et parasitaires (A00-B99)
complications de la grossesse, de l'accouchement et de la puerpéralité (O00-O99)
lésions traumatiques, empoisonnements et certaines autres conséquences de causes externes (S00-T98)
maladies endocriniennes, nutritionnelles et métaboliques (E00-E90)
malformations congénitales et anomalies chromosomiques (Q00-Q99)
symptômes, signes et résultats anormaux d'examens cliniques et de laboratoire, non classés ailleurs (R00-R99)
tumeurs (C00-D48)
",non
GM2026-V-AVC-03,I66.8,interdit_association,ANS,"accidents ischémiques cérébraux transitoires et syndromes apparentés (G45.-)
démence vasculaire (F01.-)
hémorragie intracrânienne traumatique (S06.-)
",non
GM2026-V-AVC-03,I66.8,interdit_association,ANS,"entraînant un infarctus cérébral (I63.-)
",oui
GM2026-V-AVC-03,I66.8,interdit_association,CIM-10,accidents ischémiques cérébraux transitoires et syndromes apparentés,non
GM2026-V-AVC-03,I66.8,interdit_association,CIM-10,démence vasculaire,non
GM2026-V-AVC-03,I66.8,interdit_association,CIM-10,entraînant un infarctus cérébral,non
GM2026-V-AVC-03,I66.8,interdit_association,CIM-10,hémorragie intracrânienne traumatique,non
GM2026-V-AVC-03,I66.8,interdit_association,CIM-10 frères,Occlusion et sténose de l'artère cérébrale antérieure (I66.1),non
GM2026-V-AVC-03,I66.8,interdit_association,CIM-10 frères,Occlusion et sténose de l'artère cérébrale moyenne (I66.0),non
GM2026-V-AVC-03,I66.8,interdit_association,CIM-10 frères,Occlusion et sténose de l'artère cérébrale postérieure (I66.2),non
GM2026-V-AVC-03,I66.8,interdit_association,CIM-10 frères,Occlusion et sténose des artères cérébelleuses (I66.3),non
GM2026-V-AVC-03,I66.8,interdit_association,CIM-10 frères,"Occlusion et sténose des artères cérébrales, multiples et bilatérales (I66.4)",non
GM2026-V-AVC-03,I66.9,interdit_association,ANS,"accidents ischémiques cérébraux transitoires et syndromes apparentés (G45.-)
affections disséminées du tissu conjonctif (M30-M36)
certaines affections dont l'origine se situe dans la période périnatale (P00-P96)
certaines maladies infectieuses et parasitaires (A00-B99)
complications de la grossesse, de l'accouchement et de la puerpéralité (O00-O99)
lésions traumatiques, empoisonnements et certaines autres conséquences de causes externes (S00-T98)
maladies endocriniennes, nutritionnelles et métaboliques (E00-E90)
malformations congénitales et anomalies chromosomiques (Q00-Q99)
symptômes, signes et résultats anormaux d'examens cliniques et de laboratoire, non classés ailleurs (R00-R99)
tumeurs (C00-D48)
",non
GM2026-V-AVC-03,I66.9,interdit_association,ANS,"accidents ischémiques cérébraux transitoires et syndromes apparentés (G45.-)
démence vasculaire (F01.-)
hémorragie intracrânienne traumatique (S06.-)
",non
GM2026-V-AVC-03,I66.9,interdit_association,ANS,"entraînant un infarctus cérébral (I63.-)
",oui
GM2026-V-AVC-03,I66.9,interdit_association,CIM-10,accidents ischémiques cérébraux transitoires et syndromes apparentés,non
GM2026-V-AVC-03,I66.9,interdit_association,CIM-10,démence vasculaire,non
GM2026-V-AVC-03,I66.9,interdit_association,CIM-10,entraînant un infarctus cérébral,non
GM2026-V-AVC-03,I66.9,interdit_association,CIM-10,hémorragie intracrânienne traumatique,non
GM2026-V-AVC-03,I67.0,interdit_association,ANS,"accidents ischémiques cérébraux transitoires et syndromes apparentés (G45.-)
affections disséminées du tissu conjonctif (M30-M36)
certaines affections dont l'origine se situe dans la période périnatale (P00-P96)
certaines maladies infectieuses et parasitaires (A00-B99)
complications de la grossesse, de l'accouchement et de la puerpéralité (O00-O99)
lésions traumatiques, empoisonnements et certaines autres conséquences de causes externes (S00-T98)
maladies endocriniennes, nutritionnelles et métaboliques (E00-E90)
malformations congénitales et anomalies chromosomiques (Q00-Q99)
symptômes, signes et résultats anormaux d'examens cliniques et de laboratoire, non classés ailleurs (R00-R99)
tumeurs (C00-D48)
",non
GM2026-V-AVC-03,I67.0,interdit_association,ANS,"accidents ischémiques cérébraux transitoires et syndromes apparentés (G45.-)
démence vasculaire (F01.-)
hémorragie intracrânienne traumatique (S06.-)
",non
GM2026-V-AVC-03,I67.0,interdit_association,ANS,"artères cérébrales rompues (I60.7)
",oui
GM2026-V-AVC-03,I67.0,interdit_association,ANS,"séquelles des états mentionnés (I69.8)
",non
GM2026-V-AVC-03,I67.0,interdit_association,CIM-10,accidents ischémiques cérébraux transitoires et syndromes apparentés,non
GM2026-V-AVC-03,I67.0,interdit_association,CIM-10,artères cérébrales rompues,non
GM2026-V-AVC-03,I67.0,interdit_association,CIM-10,démence vasculaire,non
GM2026-V-AVC-03,I67.0,interdit_association,CIM-10,hémorragie intracrânienne traumatique,non
GM2026-V-AVC-03,I67.0,interdit_association,CIM-10,séquelles des états mentionnés,non
GM2026-V-AVC-03,I67.1,interdit_association,ANS,"accidents ischémiques cérébraux transitoires et syndromes apparentés (G45.-)
affections disséminées du tissu conjonctif (M30-M36)
certaines affections dont l'origine se situe dans la période périnatale (P00-P96)
certaines maladies infectieuses et parasitaires (A00-B99)
complications de la grossesse, de l'accouchement et de la puerpéralité (O00-O99)
lésions traumatiques, empoisonnements et certaines autres conséquences de causes externes (S00-T98)
maladies endocriniennes, nutritionnelles et métaboliques (E00-E90)
malformations congénitales et anomalies chromosomiques (Q00-Q99)
symptômes, signes et résultats anormaux d'examens cliniques et de laboratoire, non classés ailleurs (R00-R99)
tumeurs (C00-D48)
",non
GM2026-V-AVC-03,I67.1,interdit_association,ANS,"accidents ischémiques cérébraux transitoires et syndromes apparentés (G45.-)
démence vasculaire (F01.-)
hémorragie intracrânienne traumatique (S06.-)
",non
GM2026-V-AVC-03,I67.1,interdit_association,ANS,"anévrisme cérébral :
 - congénital, non rompu (Q28.-) 
 - rompu [I60.–] 
",oui
GM2026-V-AVC-03,I67.1,interdit_association,ANS,"séquelles des états mentionnés (I69.8)
",non
GM2026-V-AVC-03,I67.1,interdit_association,CIM-10,accidents ischémiques cérébraux transitoires et syndromes apparentés,non
GM2026-V-AVC-03,I67.1,interdit_association,CIM-10,"anévrisme cérébral congénital, non rompu",non
GM2026-V-AVC-03,I67.1,interdit_association,CIM-10,anévrisme cérébral rompu,non
GM2026-V-AVC-03,I67.1,interdit_association,CIM-10,démence vasculaire,non
GM2026-V-AVC-03,I67.1,interdit_association,CIM-10,hémorragie intracrânienne traumatique,non
GM2026-V-AVC-03,I67.1,interdit_association,CIM-10,séquelles des états mentionnés,non
GM2026-V-AVC-07,G45.0,interdit_association,ANS,"certaines affections dont l'origine se situe dans la période périnatale (P00-P96)
certaines maladies infectieuses et parasitaires (A00-B99)
complications de la grossesse, de l'accouchement et de la puerpéralité (O00-O99)
lésions traumatiques, empoisonnements et certaines autres conséquences de causes externes (S00-T98)
maladies endocriniennes, nutritionnelles et métaboliques (E00-E90)
malformations congénitales et anomalies chromosomiques (Q00-Q99)
symptômes, signes et résultats anormaux d'examens cliniques et de laboratoire, non classés ailleurs (R00-R99)
tumeurs (C00-D48)
",non
GM2026-V-AVC-07,G45.0,interdit_association,ANS,"ischémie cérébrale du nouveau-né (P91.0)
",non
GM2026-V-AVC-07,G45.0,interdit_association,CIM-10,ischémie cérébrale néonatale,non
GM2026-V-AVC-07,G45.1,interdit_association,ANS,"certaines affections dont l'origine se situe dans la période périnatale (P00-P96)
certaines maladies infectieuses et parasitaires (A00-B99)
complications de la grossesse, de l'accouchement et de la puerpéralité (O00-O99)
lésions traumatiques, empoisonnements et certaines autres conséquences de causes externes (S00-T98)
maladies endocriniennes, nutritionnelles et métaboliques (E00-E90)
malformations congénitales et anomalies chromosomiques (Q00-Q99)
symptômes, signes et résultats anormaux d'examens cliniques et de laboratoire, non classés ailleurs (R00-R99)
tumeurs (C00-D48)
",non
GM2026-V-AVC-07,G45.1,interdit_association,ANS,"ischémie cérébrale du nouveau-né (P91.0)
",non
GM2026-V-AVC-07,G45.1,interdit_association,CIM-10,ischémie cérébrale néonatale,non
GM2026-V-AVC-07,G45.2,interdit_association,ANS,"certaines affections dont l'origine se situe dans la période périnatale (P00-P96)
certaines maladies infectieuses et parasitaires (A00-B99)
complications de la grossesse, de l'accouchement et de la puerpéralité (O00-O99)
lésions traumatiques, empoisonnements et certaines autres conséquences de causes externes (S00-T98)
maladies endocriniennes, nutritionnelles et métaboliques (E00-E90)
malformations congénitales et anomalies chromosomiques (Q00-Q99)
symptômes, signes et résultats anormaux d'examens cliniques et de laboratoire, non classés ailleurs (R00-R99)
tumeurs (C00-D48)
",non
GM2026-V-AVC-07,G45.2,interdit_association,ANS,"ischémie cérébrale du nouveau-né (P91.0)
",non
GM2026-V-AVC-07,G45.2,interdit_association,CIM-10,ischémie cérébrale néonatale,non
GM2026-V-AVC-07,G45.3,interdit_association,ANS,"certaines affections dont l'origine se situe dans la période périnatale (P00-P96)
certaines maladies infectieuses et parasitaires (A00-B99)
complications de la grossesse, de l'accouchement et de la puerpéralité (O00-O99)
lésions traumatiques, empoisonnements et certaines autres conséquences de causes externes (S00-T98)
maladies endocriniennes, nutritionnelles et métaboliques (E00-E90)
malformations congénitales et anomalies chromosomiques (Q00-Q99)
symptômes, signes et résultats anormaux d'examens cliniques et de laboratoire, non classés ailleurs (R00-R99)
tumeurs (C00-D48)
",non
GM2026-V-AVC-07,G45.3,interdit_association,ANS,"ischémie cérébrale du nouveau-né (P91.0)
",non
GM2026-V-AVC-07,G45.3,interdit_association,CIM-10,ischémie cérébrale néonatale,non
GM2026-V-AVC-07,G45.4,interdit_association,ANS,"amnésie SAI (R41.3)
",non
GM2026-V-AVC-07,G45.4,interdit_association,ANS,"certaines affections dont l'origine se situe dans la période périnatale (P00-P96)
certaines maladies infectieuses et parasitaires (A00-B99)
complications de la grossesse, de l'accouchement et de la puerpéralité (O00-O99)
lésions traumatiques, empoisonnements et certaines autres conséquences de causes externes (S00-T98)
maladies endocriniennes, nutritionnelles et métaboliques (E00-E90)
malformations congénitales et anomalies chromosomiques (Q00-Q99)
symptômes, signes et résultats anormaux d'examens cliniques et de laboratoire, non classés ailleurs (R00-R99)
tumeurs (C00-D48)
",non
GM2026-V-AVC-07,G45.4,interdit_association,ANS,"ischémie cérébrale du nouveau-né (P91.0)
",non
GM2026-V-AVC-07,G45.4,interdit_association,CIM-10,amnésie  SAI,non
GM2026-V-AVC-07,G45.4,interdit_association,CIM-10,ischémie cérébrale néonatale,non
GM2026-V-AVC-07,G45.8,interdit_association,ANS,"certaines affections dont l'origine se situe dans la période périnatale (P00-P96)
certaines maladies infectieuses et parasitaires (A00-B99)
complications de la grossesse, de l'accouchement et de la puerpéralité (O00-O99)
lésions traumatiques, empoisonnements et certaines autres conséquences de causes externes (S00-T98)
maladies endocriniennes, nutritionnelles et métaboliques (E00-E90)
malformations congénitales et anomalies chromosomiques (Q00-Q99)
symptômes, signes et résultats anormaux d'examens cliniques et de laboratoire, non classés ailleurs (R00-R99)
tumeurs (C00-D48)
",non
GM2026-V-AVC-07,G45.8,interdit_association,ANS,"ischémie cérébrale du nouveau-né (P91.0)
",non
GM2026-V-AVC-07,G45.8,interdit_association,CIM-10,ischémie cérébrale néonatale,non
GM2026-V-AVC-07,G45.8,interdit_association,CIM-10 frères,Accident ischémique transitoire de territoires artériels précérébraux multiples et bilatéraux (G45.2),non
GM2026-V-AVC-07,G45.8,interdit_association,CIM-10 frères,Amaurose fugace (G45.3),non
GM2026-V-AVC-07,G45.8,interdit_association,CIM-10 frères,Amnésie globale transitoire (G45.4),non
GM2026-V-AVC-07,G45.8,interdit_association,CIM-10 frères,Syndrome carotidien (hémisphérique) (G45.1),non
GM2026-V-AVC-07,G45.8,interdit_association,CIM-10 frères,Syndrome vertébrobasilaire (G45.0),non
GM2026-V-AVC-07,G45.9,interdit_association,ANS,"certaines affections dont l'origine se situe dans la période périnatale (P00-P96)
certaines maladies infectieuses et parasitaires (A00-B99)
complications de la grossesse, de l'accouchement et de la puerpéralité (O00-O99)
lésions traumatiques, empoisonnements et certaines autres conséquences de causes externes (S00-T98)
maladies endocriniennes, nutritionnelles et métaboliques (E00-E90)
malformations congénitales et anomalies chromosomiques (Q00-Q99)
symptômes, signes et résultats anormaux d'examens cliniques et de laboratoire, non classés ailleurs (R00-R99)
tumeurs (C00-D48)
",non
GM2026-V-AVC-07,G45.9,interdit_association,ANS,"ischémie cérébrale du nouveau-né (P91.0)
",non
GM2026-V-AVC-07,G45.9,interdit_association,CIM-10,ischémie cérébrale néonatale,non
GM2026-V-AVC-07,I60.0,interdit_association,ANS,"accidents ischémiques cérébraux transitoires et syndromes apparentés (G45.-)
affections disséminées du tissu conjonctif (M30-M36)
certaines affections dont l'origine se situe dans la période périnatale (P00-P96)
certaines maladies infectieuses et parasitaires (A00-B99)
complications de la grossesse, de l'accouchement et de la puerpéralité (O00-O99)
lésions traumatiques, empoisonnements et certaines autres conséquences de causes externes (S00-T98)
maladies endocriniennes, nutritionnelles et métaboliques (E00-E90)
malformations congénitales et anomalies chromosomiques (Q00-Q99)
symptômes, signes et résultats anormaux d'examens cliniques et de laboratoire, non classés ailleurs (R00-R99)
tumeurs (C00-D48)
",oui
GM2026-V-AVC-07,I60.0,interdit_association,ANS,"accidents ischémiques cérébraux transitoires et syndromes apparentés (G45.-)
démence vasculaire (F01.-)
hémorragie intracrânienne traumatique (S06.-)
",oui
GM2026-V-AVC-07,I60.0,interdit_association,ANS,"séquelles d'hémorragie sousarachnoïdienne (I69.0)
",non
GM2026-V-AVC-07,I60.0,interdit_association,CIM-10,accidents ischémiques cérébraux transitoires et syndromes apparentés,non
GM2026-V-AVC-07,I60.0,interdit_association,CIM-10,démence vasculaire,non
GM2026-V-AVC-07,I60.0,interdit_association,CIM-10,hémorragie intracrânienne traumatique,non
GM2026-V-AVC-07,I60.0,interdit_association,CIM-10,séquelles d'hémorragie sous-arachnoïdienne,non
GM2026-V-AVC-07,I60.1,interdit_association,ANS,"accidents ischémiques cérébraux transitoires et syndromes apparentés (G45.-)
affections disséminées du tissu conjonctif (M30-M36)
certaines affections dont l'origine se situe dans la période périnatale (P00-P96)
certaines maladies infectieuses et parasitaires (A00-B99)
complications de la grossesse, de l'accouchement et de la puerpéralité (O00-O99)
lésions traumatiques, empoisonnements et certaines autres conséquences de causes externes (S00-T98)
maladies endocriniennes, nutritionnelles et métaboliques (E00-E90)
malformations congénitales et anomalies chromosomiques (Q00-Q99)
symptômes, signes et résultats anormaux d'examens cliniques et de laboratoire, non classés ailleurs (R00-R99)
tumeurs (C00-D48)
",oui
GM2026-V-AVC-07,I60.1,interdit_association,ANS,"accidents ischémiques cérébraux transitoires et syndromes apparentés (G45.-)
démence vasculaire (F01.-)
hémorragie intracrânienne traumatique (S06.-)
",oui
GM2026-V-AVC-07,I60.1,interdit_association,ANS,"séquelles d'hémorragie sousarachnoïdienne (I69.0)
",non
GM2026-V-AVC-07,I60.1,interdit_association,CIM-10,accidents ischémiques cérébraux transitoires et syndromes apparentés,non
GM2026-V-AVC-07,I60.1,interdit_association,CIM-10,démence vasculaire,non
GM2026-V-AVC-07,I60.1,interdit_association,CIM-10,hémorragie intracrânienne traumatique,non
GM2026-V-AVC-07,I60.1,interdit_association,CIM-10,séquelles d'hémorragie sous-arachnoïdienne,non
GM2026-V-AVC-07,I60.2,interdit_association,ANS,"accidents ischémiques cérébraux transitoires et syndromes apparentés (G45.-)
affections disséminées du tissu conjonctif (M30-M36)
certaines affections dont l'origine se situe dans la période périnatale (P00-P96)
certaines maladies infectieuses et parasitaires (A00-B99)
complications de la grossesse, de l'accouchement et de la puerpéralité (O00-O99)
lésions traumatiques, empoisonnements et certaines autres conséquences de causes externes (S00-T98)
maladies endocriniennes, nutritionnelles et métaboliques (E00-E90)
malformations congénitales et anomalies chromosomiques (Q00-Q99)
symptômes, signes et résultats anormaux d'examens cliniques et de laboratoire, non classés ailleurs (R00-R99)
tumeurs (C00-D48)
",oui
GM2026-V-AVC-07,I60.2,interdit_association,ANS,"accidents ischémiques cérébraux transitoires et syndromes apparentés (G45.-)
démence vasculaire (F01.-)
hémorragie intracrânienne traumatique (S06.-)
",oui
GM2026-V-AVC-07,I60.2,interdit_association,ANS,"séquelles d'hémorragie sousarachnoïdienne (I69.0)
",non
GM2026-V-AVC-07,I60.2,interdit_association,CIM-10,accidents ischémiques cérébraux transitoires et syndromes apparentés,non
GM2026-V-AVC-07,I60.2,interdit_association,CIM-10,démence vasculaire,non
GM2026-V-AVC-07,I60.2,interdit_association,CIM-10,hémorragie intracrânienne traumatique,non
GM2026-V-AVC-07,I60.2,interdit_association,CIM-10,séquelles d'hémorragie sous-arachnoïdienne,non
GM2026-V-AVC-07,I60.3,interdit_association,ANS,"accidents ischémiques cérébraux transitoires et syndromes apparentés (G45.-)
affections disséminées du tissu conjonctif (M30-M36)
certaines affections dont l'origine se situe dans la période périnatale (P00-P96)
certaines maladies infectieuses et parasitaires (A00-B99)
complications de la grossesse, de l'accouchement et de la puerpéralité (O00-O99)
lésions traumatiques, empoisonnements et certaines autres conséquences de causes externes (S00-T98)
maladies endocriniennes, nutritionnelles et métaboliques (E00-E90)
malformations congénitales et anomalies chromosomiques (Q00-Q99)
symptômes, signes et résultats anormaux d'examens cliniques et de laboratoire, non classés ailleurs (R00-R99)
tumeurs (C00-D48)
",oui
GM2026-V-AVC-07,I60.3,interdit_association,ANS,"accidents ischémiques cérébraux transitoires et syndromes apparentés (G45.-)
démence vasculaire (F01.-)
hémorragie intracrânienne traumatique (S06.-)
",oui
GM2026-V-AVC-07,I60.3,interdit_association,ANS,"séquelles d'hémorragie sousarachnoïdienne (I69.0)
",non
GM2026-V-AVC-07,I60.3,interdit_association,CIM-10,accidents ischémiques cérébraux transitoires et syndromes apparentés,non
GM2026-V-AVC-07,I60.3,interdit_association,CIM-10,démence vasculaire,non
GM2026-V-AVC-07,I60.3,interdit_association,CIM-10,hémorragie intracrânienne traumatique,non
GM2026-V-AVC-07,I60.3,interdit_association,CIM-10,séquelles d'hémorragie sous-arachnoïdienne,non
GM2026-V-AVC-07,I60.4,interdit_association,ANS,"accidents ischémiques cérébraux transitoires et syndromes apparentés (G45.-)
affections disséminées du tissu conjonctif (M30-M36)
certaines affections dont l'origine se situe dans la période périnatale (P00-P96)
certaines maladies infectieuses et parasitaires (A00-B99)
complications de la grossesse, de l'accouchement et de la puerpéralité (O00-O99)
lésions traumatiques, empoisonnements et certaines autres conséquences de causes externes (S00-T98)
maladies endocriniennes, nutritionnelles et métaboliques (E00-E90)
malformations congénitales et anomalies chromosomiques (Q00-Q99)
symptômes, signes et résultats anormaux d'examens cliniques et de laboratoire, non classés ailleurs (R00-R99)
tumeurs (C00-D48)
",oui
GM2026-V-AVC-07,I60.4,interdit_association,ANS,"accidents ischémiques cérébraux transitoires et syndromes apparentés (G45.-)
démence vasculaire (F01.-)
hémorragie intracrânienne traumatique (S06.-)
",oui
GM2026-V-AVC-07,I60.4,interdit_association,ANS,"séquelles d'hémorragie sousarachnoïdienne (I69.0)
",non
GM2026-V-AVC-07,I60.4,interdit_association,CIM-10,accidents ischémiques cérébraux transitoires et syndromes apparentés,non
GM2026-V-AVC-07,I60.4,interdit_association,CIM-10,démence vasculaire,non
GM2026-V-AVC-07,I60.4,interdit_association,CIM-10,hémorragie intracrânienne traumatique,non
GM2026-V-AVC-07,I60.4,interdit_association,CIM-10,séquelles d'hémorragie sous-arachnoïdienne,non
GM2026-V-AVC-07,I60.5,interdit_association,ANS,"accidents ischémiques cérébraux transitoires et syndromes apparentés (G45.-)
affections disséminées du tissu conjonctif (M30-M36)
certaines affections dont l'origine se situe dans la période périnatale (P00-P96)
certaines maladies infectieuses et parasitaires (A00-B99)
complications de la grossesse, de l'accouchement et de la puerpéralité (O00-O99)
lésions traumatiques, empoisonnements et certaines autres conséquences de causes externes (S00-T98)
maladies endocriniennes, nutritionnelles et métaboliques (E00-E90)
malformations congénitales et anomalies chromosomiques (Q00-Q99)
symptômes, signes et résultats anormaux d'examens cliniques et de laboratoire, non classés ailleurs (R00-R99)
tumeurs (C00-D48)
",oui
GM2026-V-AVC-07,I60.5,interdit_association,ANS,"accidents ischémiques cérébraux transitoires et syndromes apparentés (G45.-)
démence vasculaire (F01.-)
hémorragie intracrânienne traumatique (S06.-)
",oui
GM2026-V-AVC-07,I60.5,interdit_association,ANS,"séquelles d'hémorragie sousarachnoïdienne (I69.0)
",non
GM2026-V-AVC-07,I60.5,interdit_association,CIM-10,accidents ischémiques cérébraux transitoires et syndromes apparentés,non
GM2026-V-AVC-07,I60.5,interdit_association,CIM-10,démence vasculaire,non
GM2026-V-AVC-07,I60.5,interdit_association,CIM-10,hémorragie intracrânienne traumatique,non
GM2026-V-AVC-07,I60.5,interdit_association,CIM-10,séquelles d'hémorragie sous-arachnoïdienne,non
GM2026-V-AVC-07,I60.6,interdit_association,ANS,"accidents ischémiques cérébraux transitoires et syndromes apparentés (G45.-)
affections disséminées du tissu conjonctif (M30-M36)
certaines affections dont l'origine se situe dans la période périnatale (P00-P96)
certaines maladies infectieuses et parasitaires (A00-B99)
complications de la grossesse, de l'accouchement et de la puerpéralité (O00-O99)
lésions traumatiques, empoisonnements et certaines autres conséquences de causes externes (S00-T98)
maladies endocriniennes, nutritionnelles et métaboliques (E00-E90)
malformations congénitales et anomalies chromosomiques (Q00-Q99)
symptômes, signes et résultats anormaux d'examens cliniques et de laboratoire, non classés ailleurs (R00-R99)
tumeurs (C00-D48)
",oui
GM2026-V-AVC-07,I60.6,interdit_association,ANS,"accidents ischémiques cérébraux transitoires et syndromes apparentés (G45.-)
démence vasculaire (F01.-)
hémorragie intracrânienne traumatique (S06.-)
",oui
GM2026-V-AVC-07,I60.6,interdit_association,ANS,"séquelles d'hémorragie sousarachnoïdienne (I69.0)
",non
GM2026-V-AVC-07,I60.6,interdit_association,CIM-10,accidents ischémiques cérébraux transitoires et syndromes apparentés,non
GM2026-V-AVC-07,I60.6,interdit_association,CIM-10,démence vasculaire,non
GM2026-V-AVC-07,I60.6,interdit_association,CIM-10,hémorragie intracrânienne traumatique,non
GM2026-V-AVC-07,I60.6,interdit_association,CIM-10,séquelles d'hémorragie sous-arachnoïdienne,non
GM2026-V-AVC-07,I60.7,interdit_association,ANS,"accidents ischémiques cérébraux transitoires et syndromes apparentés (G45.-)
affections disséminées du tissu conjonctif (M30-M36)
certaines affections dont l'origine se situe dans la période périnatale (P00-P96)
certaines maladies infectieuses et parasitaires (A00-B99)
complications de la grossesse, de l'accouchement et de la puerpéralité (O00-O99)
lésions traumatiques, empoisonnements et certaines autres conséquences de causes externes (S00-T98)
maladies endocriniennes, nutritionnelles et métaboliques (E00-E90)
malformations congénitales et anomalies chromosomiques (Q00-Q99)
symptômes, signes et résultats anormaux d'examens cliniques et de laboratoire, non classés ailleurs (R00-R99)
tumeurs (C00-D48)
",oui
GM2026-V-AVC-07,I60.7,interdit_association,ANS,"accidents ischémiques cérébraux transitoires et syndromes apparentés (G45.-)
démence vasculaire (F01.-)
hémorragie intracrânienne traumatique (S06.-)
",oui
GM2026-V-AVC-07,I60.7,interdit_association,ANS,"séquelles d'hémorragie sousarachnoïdienne (I69.0)
",non
GM2026-V-AVC-07,I60.7,interdit_association,CIM-10,accidents ischémiques cérébraux transitoires et syndromes apparentés,non
GM2026-V-AVC-07,I60.7,interdit_association,CIM-10,démence vasculaire,non
GM2026-V-AVC-07,I60.7,interdit_association,CIM-10,hémorragie intracrânienne traumatique,non
GM2026-V-AVC-07,I60.7,interdit_association,CIM-10,séquelles d'hémorragie sous-arachnoïdienne,non
GM2026-V-AVC-07,I60.8,interdit_association,ANS,"accidents ischémiques cérébraux transitoires et syndromes apparentés (G45.-)
affections disséminées du tissu conjonctif (M30-M36)
certaines affections dont l'origine se situe dans la période périnatale (P00-P96)
certaines maladies infectieuses et parasitaires (A00-B99)
complications de la grossesse, de l'accouchement et de la puerpéralité (O00-O99)
lésions traumatiques, empoisonnements et certaines autres conséquences de causes externes (S00-T98)
maladies endocriniennes, nutritionnelles et métaboliques (E00-E90)
malformations congénitales et anomalies chromosomiques (Q00-Q99)
symptômes, signes et résultats anormaux d'examens cliniques et de laboratoire, non classés ailleurs (R00-R99)
tumeurs (C00-D48)
",oui
GM2026-V-AVC-07,I60.8,interdit_association,ANS,"accidents ischémiques cérébraux transitoires et syndromes apparentés (G45.-)
démence vasculaire (F01.-)
hémorragie intracrânienne traumatique (S06.-)
",oui
GM2026-V-AVC-07,I60.8,interdit_association,ANS,"séquelles d'hémorragie sousarachnoïdienne (I69.0)
",non
GM2026-V-AVC-07,I60.8,interdit_association,CIM-10,accidents ischémiques cérébraux transitoires et syndromes apparentés,non
GM2026-V-AVC-07,I60.8,interdit_association,CIM-10,démence vasculaire,non
GM2026-V-AVC-07,I60.8,interdit_association,CIM-10,hémorragie intracrânienne traumatique,non
GM2026-V-AVC-07,I60.8,interdit_association,CIM-10,séquelles d'hémorragie sous-arachnoïdienne,non
GM2026-V-AVC-07,I60.8,interdit_association,CIM-10 frères,Hémorragie sousarachnoïdienne d'autres artères intracrâniennes (I60.6),non
GM2026-V-AVC-07,I60.8,interdit_association,CIM-10 frères,"Hémorragie sousarachnoïdienne d'une artère intracrânienne, sans précision (I60.7)",non
GM2026-V-AVC-07,I60.8,interdit_association,CIM-10 frères,Hémorragie sousarachnoïdienne de l'artère basilaire (I60.4),non
GM2026-V-AVC-07,I60.8,interdit_association,CIM-10 frères,Hémorragie sousarachnoïdienne de l'artère communicante antérieure (I60.2),non
GM2026-V-AVC-07,I60.8,interdit_association,CIM-10 frères,Hémorragie sousarachnoïdienne de l'artère communicante postérieure (I60.3),non
GM2026-V-AVC-07,I60.8,interdit_association,CIM-10 frères,Hémorragie sousarachnoïdienne de l'artère cérébrale moyenne (I60.1),non
GM2026-V-AVC-07,I60.8,interdit_association,CIM-10 frères,Hémorragie sousarachnoïdienne de l'artère vertébrale (I60.5),non
GM2026-V-AVC-07,I60.8,interdit_association,CIM-10 frères,Hémorragie sousarachnoïdienne de la bifurcation et du siphon carotidien (I60.0),non
GM2026-V-AVC-07,I60.9,interdit_association,ANS,"accidents ischémiques cérébraux transitoires et syndromes apparentés (G45.-)
affections disséminées du tissu conjonctif (M30-M36)
certaines affections dont l'origine se situe dans la période périnatale (P00-P96)
certaines maladies infectieuses et parasitaires (A00-B99)
complications de la grossesse, de l'accouchement et de la puerpéralité (O00-O99)
lésions traumatiques, empoisonnements et certaines autres conséquences de causes externes (S00-T98)
maladies endocriniennes, nutritionnelles et métaboliques (E00-E90)
malformations congénitales et anomalies chromosomiques (Q00-Q99)
symptômes, signes et résultats anormaux d'examens cliniques et de laboratoire, non classés ailleurs (R00-R99)
tumeurs (C00-D48)
",oui
GM2026-V-AVC-07,I60.9,interdit_association,ANS,"accidents ischémiques cérébraux transitoires et syndromes apparentés (G45.-)
démence vasculaire (F01.-)
hémorragie intracrânienne traumatique (S06.-)
",oui
GM2026-V-AVC-07,I60.9,interdit_association,ANS,"séquelles d'hémorragie sousarachnoïdienne (I69.0)
",non
GM2026-V-AVC-07,I60.9,interdit_association,CIM-10,accidents ischémiques cérébraux transitoires et syndromes apparentés,non
GM2026-V-AVC-07,I60.9,interdit_association,CIM-10,démence vasculaire,non
GM2026-V-AVC-07,I60.9,interdit_association,CIM-10,hémorragie intracrânienne traumatique,non
GM2026-V-AVC-07,I60.9,interdit_association,CIM-10,séquelles d'hémorragie sous-arachnoïdienne,non
GM2026-V-AVC-07,I61.0,interdit_association,ANS,"accidents ischémiques cérébraux transitoires et syndromes apparentés (G45.-)
affections disséminées du tissu conjonctif (M30-M36)
certaines affections dont l'origine se situe dans la période périnatale (P00-P96)
certaines maladies infectieuses et parasitaires (A00-B99)
complications de la grossesse, de l'accouchement et de la puerpéralité (O00-O99)
lésions traumatiques, empoisonnements et certaines autres conséquences de causes externes (S00-T98)
maladies endocriniennes, nutritionnelles et métaboliques (E00-E90)
malformations congénitales et anomalies chromosomiques (Q00-Q99)
symptômes, signes et résultats anormaux d'examens cliniques et de laboratoire, non classés ailleurs (R00-R99)
tumeurs (C00-D48)
",oui
GM2026-V-AVC-07,I61.0,interdit_association,ANS,"accidents ischémiques cérébraux transitoires et syndromes apparentés (G45.-)
démence vasculaire (F01.-)
hémorragie intracrânienne traumatique (S06.-)
",oui
GM2026-V-AVC-07,I61.0,interdit_association,ANS,"séquelles d'hémorragie intracérébrale (I69.1)
",non
GM2026-V-AVC-07,I61.0,interdit_association,CIM-10,accidents ischémiques cérébraux transitoires et syndromes apparentés,non
GM2026-V-AVC-07,I61.0,interdit_association,CIM-10,démence vasculaire,non
GM2026-V-AVC-07,I61.0,interdit_association,CIM-10,hémorragie intracrânienne traumatique,non
GM2026-V-AVC-07,I61.0,interdit_association,CIM-10,séquelles d'hémorragie intracérébrale,non
GM2026-V-AVC-07,I61.1,interdit_association,ANS,"accidents ischémiques cérébraux transitoires et syndromes apparentés (G45.-)
affections disséminées du tissu conjonctif (M30-M36)
certaines affections dont l'origine se situe dans la période périnatale (P00-P96)
certaines maladies infectieuses et parasitaires (A00-B99)
complications de la grossesse, de l'accouchement et de la puerpéralité (O00-O99)
lésions traumatiques, empoisonnements et certaines autres conséquences de causes externes (S00-T98)
maladies endocriniennes, nutritionnelles et métaboliques (E00-E90)
malformations congénitales et anomalies chromosomiques (Q00-Q99)
symptômes, signes et résultats anormaux d'examens cliniques et de laboratoire, non classés ailleurs (R00-R99)
tumeurs (C00-D48)
",oui
GM2026-V-AVC-07,I61.1,interdit_association,ANS,"accidents ischémiques cérébraux transitoires et syndromes apparentés (G45.-)
démence vasculaire (F01.-)
hémorragie intracrânienne traumatique (S06.-)
",oui
GM2026-V-AVC-07,I61.1,interdit_association,ANS,"séquelles d'hémorragie intracérébrale (I69.1)
",non
GM2026-V-AVC-07,I61.1,interdit_association,CIM-10,accidents ischémiques cérébraux transitoires et syndromes apparentés,non
GM2026-V-AVC-07,I61.1,interdit_association,CIM-10,démence vasculaire,non
GM2026-V-AVC-07,I61.1,interdit_association,CIM-10,hémorragie intracrânienne traumatique,non
GM2026-V-AVC-07,I61.1,interdit_association,CIM-10,séquelles d'hémorragie intracérébrale,non
GM2026-V-AVC-07,I61.2,interdit_association,ANS,"accidents ischémiques cérébraux transitoires et syndromes apparentés (G45.-)
affections disséminées du tissu conjonctif (M30-M36)
certaines affections dont l'origine se situe dans la période périnatale (P00-P96)
certaines maladies infectieuses et parasitaires (A00-B99)
complications de la grossesse, de l'accouchement et de la puerpéralité (O00-O99)
lésions traumatiques, empoisonnements et certaines autres conséquences de causes externes (S00-T98)
maladies endocriniennes, nutritionnelles et métaboliques (E00-E90)
malformations congénitales et anomalies chromosomiques (Q00-Q99)
symptômes, signes et résultats anormaux d'examens cliniques et de laboratoire, non classés ailleurs (R00-R99)
tumeurs (C00-D48)
",oui
GM2026-V-AVC-07,I61.2,interdit_association,ANS,"accidents ischémiques cérébraux transitoires et syndromes apparentés (G45.-)
démence vasculaire (F01.-)
hémorragie intracrânienne traumatique (S06.-)
",oui
GM2026-V-AVC-07,I61.2,interdit_association,ANS,"séquelles d'hémorragie intracérébrale (I69.1)
",non
GM2026-V-AVC-07,I61.2,interdit_association,CIM-10,accidents ischémiques cérébraux transitoires et syndromes apparentés,non
GM2026-V-AVC-07,I61.2,interdit_association,CIM-10,démence vasculaire,non
GM2026-V-AVC-07,I61.2,interdit_association,CIM-10,hémorragie intracrânienne traumatique,non
GM2026-V-AVC-07,I61.2,interdit_association,CIM-10,séquelles d'hémorragie intracérébrale,non
GM2026-V-AVC-07,I61.3,interdit_association,ANS,"accidents ischémiques cérébraux transitoires et syndromes apparentés (G45.-)
affections disséminées du tissu conjonctif (M30-M36)
certaines affections dont l'origine se situe dans la période périnatale (P00-P96)
certaines maladies infectieuses et parasitaires (A00-B99)
complications de la grossesse, de l'accouchement et de la puerpéralité (O00-O99)
lésions traumatiques, empoisonnements et certaines autres conséquences de causes externes (S00-T98)
maladies endocriniennes, nutritionnelles et métaboliques (E00-E90)
malformations congénitales et anomalies chromosomiques (Q00-Q99)
symptômes, signes et résultats anormaux d'examens cliniques et de laboratoire, non classés ailleurs (R00-R99)
tumeurs (C00-D48)
",oui
GM2026-V-AVC-07,I61.3,interdit_association,ANS,"accidents ischémiques cérébraux transitoires et syndromes apparentés (G45.-)
démence vasculaire (F01.-)
hémorragie intracrânienne traumatique (S06.-)
",oui
GM2026-V-AVC-07,I61.3,interdit_association,ANS,"séquelles d'hémorragie intracérébrale (I69.1)
",non
GM2026-V-AVC-07,I61.3,interdit_association,CIM-10,accidents ischémiques cérébraux transitoires et syndromes apparentés,non
GM2026-V-AVC-07,I61.3,interdit_association,CIM-10,démence vasculaire,non
GM2026-V-AVC-07,I61.3,interdit_association,CIM-10,hémorragie intracrânienne traumatique,non
GM2026-V-AVC-07,I61.3,interdit_association,CIM-10,séquelles d'hémorragie intracérébrale,non
GM2026-V-AVC-07,I61.4,interdit_association,ANS,"accidents ischémiques cérébraux transitoires et syndromes apparentés (G45.-)
affections disséminées du tissu conjonctif (M30-M36)
certaines affections dont l'origine se situe dans la période périnatale (P00-P96)
certaines maladies infectieuses et parasitaires (A00-B99)
complications de la grossesse, de l'accouchement et de la puerpéralité (O00-O99)
lésions traumatiques, empoisonnements et certaines autres conséquences de causes externes (S00-T98)
maladies endocriniennes, nutritionnelles et métaboliques (E00-E90)
malformations congénitales et anomalies chromosomiques (Q00-Q99)
symptômes, signes et résultats anormaux d'examens cliniques et de laboratoire, non classés ailleurs (R00-R99)
tumeurs (C00-D48)
",oui
GM2026-V-AVC-07,I61.4,interdit_association,ANS,"accidents ischémiques cérébraux transitoires et syndromes apparentés (G45.-)
démence vasculaire (F01.-)
hémorragie intracrânienne traumatique (S06.-)
",oui
GM2026-V-AVC-07,I61.4,interdit_association,ANS,"séquelles d'hémorragie intracérébrale (I69.1)
",non
GM2026-V-AVC-07,I61.4,interdit_association,CIM-10,accidents ischémiques cérébraux transitoires et syndromes apparentés,non
GM2026-V-AVC-07,I61.4,interdit_association,CIM-10,démence vasculaire,non
GM2026-V-AVC-07,I61.4,interdit_association,CIM-10,hémorragie intracrânienne traumatique,non
GM2026-V-AVC-07,I61.4,interdit_association,CIM-10,séquelles d'hémorragie intracérébrale,non
GM2026-V-AVC-07,I61.5,interdit_association,ANS,"accidents ischémiques cérébraux transitoires et syndromes apparentés (G45.-)
affections disséminées du tissu conjonctif (M30-M36)
certaines affections dont l'origine se situe dans la période périnatale (P00-P96)
certaines maladies infectieuses et parasitaires (A00-B99)
complications de la grossesse, de l'accouchement et de la puerpéralité (O00-O99)
lésions traumatiques, empoisonnements et certaines autres conséquences de causes externes (S00-T98)
maladies endocriniennes, nutritionnelles et métaboliques (E00-E90)
malformations congénitales et anomalies chromosomiques (Q00-Q99)
symptômes, signes et résultats anormaux d'examens cliniques et de laboratoire, non classés ailleurs (R00-R99)
tumeurs (C00-D48)
",oui
GM2026-V-AVC-07,I61.5,interdit_association,ANS,"accidents ischémiques cérébraux transitoires et syndromes apparentés (G45.-)
démence vasculaire (F01.-)
hémorragie intracrânienne traumatique (S06.-)
",oui
GM2026-V-AVC-07,I61.5,interdit_association,ANS,"séquelles d'hémorragie intracérébrale (I69.1)
",non
GM2026-V-AVC-07,I61.5,interdit_association,CIM-10,accidents ischémiques cérébraux transitoires et syndromes apparentés,non
GM2026-V-AVC-07,I61.5,interdit_association,CIM-10,démence vasculaire,non
GM2026-V-AVC-07,I61.5,interdit_association,CIM-10,hémorragie intracrânienne traumatique,non
GM2026-V-AVC-07,I61.5,interdit_association,CIM-10,séquelles d'hémorragie intracérébrale,non
GM2026-V-AVC-07,I61.6,interdit_association,ANS,"accidents ischémiques cérébraux transitoires et syndromes apparentés (G45.-)
affections disséminées du tissu conjonctif (M30-M36)
certaines affections dont l'origine se situe dans la période périnatale (P00-P96)
certaines maladies infectieuses et parasitaires (A00-B99)
complications de la grossesse, de l'accouchement et de la puerpéralité (O00-O99)
lésions traumatiques, empoisonnements et certaines autres conséquences de causes externes (S00-T98)
maladies endocriniennes, nutritionnelles et métaboliques (E00-E90)
malformations congénitales et anomalies chromosomiques (Q00-Q99)
symptômes, signes et résultats anormaux d'examens cliniques et de laboratoire, non classés ailleurs (R00-R99)
tumeurs (C00-D48)
",oui
GM2026-V-AVC-07,I61.6,interdit_association,ANS,"accidents ischémiques cérébraux transitoires et syndromes apparentés (G45.-)
démence vasculaire (F01.-)
hémorragie intracrânienne traumatique (S06.-)
",oui
GM2026-V-AVC-07,I61.6,interdit_association,ANS,"séquelles d'hémorragie intracérébrale (I69.1)
",non
GM2026-V-AVC-07,I61.6,interdit_association,CIM-10,accidents ischémiques cérébraux transitoires et syndromes apparentés,non
GM2026-V-AVC-07,I61.6,interdit_association,CIM-10,démence vasculaire,non
GM2026-V-AVC-07,I61.6,interdit_association,CIM-10,hémorragie intracrânienne traumatique,non
GM2026-V-AVC-07,I61.6,interdit_association,CIM-10,séquelles d'hémorragie intracérébrale,non
GM2026-V-AVC-07,I61.8,interdit_association,ANS,"accidents ischémiques cérébraux transitoires et syndromes apparentés (G45.-)
affections disséminées du tissu conjonctif (M30-M36)
certaines affections dont l'origine se situe dans la période périnatale (P00-P96)
certaines maladies infectieuses et parasitaires (A00-B99)
complications de la grossesse, de l'accouchement et de la puerpéralité (O00-O99)
lésions traumatiques, empoisonnements et certaines autres conséquences de causes externes (S00-T98)
maladies endocriniennes, nutritionnelles et métaboliques (E00-E90)
malformations congénitales et anomalies chromosomiques (Q00-Q99)
symptômes, signes et résultats anormaux d'examens cliniques et de laboratoire, non classés ailleurs (R00-R99)
tumeurs (C00-D48)
",oui
GM2026-V-AVC-07,I61.8,interdit_association,ANS,"accidents ischémiques cérébraux transitoires et syndromes apparentés (G45.-)
démence vasculaire (F01.-)
hémorragie intracrânienne traumatique (S06.-)
",oui
GM2026-V-AVC-07,I61.8,interdit_association,ANS,"séquelles d'hémorragie intracérébrale (I69.1)
",non
GM2026-V-AVC-07,I61.8,interdit_association,CIM-10,accidents ischémiques cérébraux transitoires et syndromes apparentés,non
GM2026-V-AVC-07,I61.8,interdit_association,CIM-10,démence vasculaire,non
GM2026-V-AVC-07,I61.8,interdit_association,CIM-10,hémorragie intracrânienne traumatique,non
GM2026-V-AVC-07,I61.8,interdit_association,CIM-10,séquelles d'hémorragie intracérébrale,non
GM2026-V-AVC-07,I61.8,interdit_association,CIM-10 frères,Hémorragie intracérébrale cérébelleuse (I61.4),non
GM2026-V-AVC-07,I61.8,interdit_association,CIM-10 frères,Hémorragie intracérébrale du tronc cérébral (I61.3),non
GM2026-V-AVC-07,I61.8,interdit_association,CIM-10 frères,"Hémorragie intracérébrale hémisphérique, corticale (I61.1)",non
GM2026-V-AVC-07,I61.8,interdit_association,CIM-10 frères,"Hémorragie intracérébrale hémisphérique, non précisée (I61.2)",non
GM2026-V-AVC-07,I61.8,interdit_association,CIM-10 frères,"Hémorragie intracérébrale hémisphérique, souscorticale (I61.0)",non
GM2026-V-AVC-07,I61.8,interdit_association,CIM-10 frères,Hémorragie intracérébrale intraventriculaire (I61.5),non
GM2026-V-AVC-07,I61.8,interdit_association,CIM-10 frères,"Hémorragie intracérébrale, localisations multiples (I61.6)",non
GM2026-V-AVC-07,I61.9,interdit_association,ANS,"accidents ischémiques cérébraux transitoires et syndromes apparentés (G45.-)
affections disséminées du tissu conjonctif (M30-M36)
certaines affections dont l'origine se situe dans la période périnatale (P00-P96)
certaines maladies infectieuses et parasitaires (A00-B99)
complications de la grossesse, de l'accouchement et de la puerpéralité (O00-O99)
lésions traumatiques, empoisonnements et certaines autres conséquences de causes externes (S00-T98)
maladies endocriniennes, nutritionnelles et métaboliques (E00-E90)
malformations congénitales et anomalies chromosomiques (Q00-Q99)
symptômes, signes et résultats anormaux d'examens cliniques et de laboratoire, non classés ailleurs (R00-R99)
tumeurs (C00-D48)
",oui
GM2026-V-AVC-07,I61.9,interdit_association,ANS,"accidents ischémiques cérébraux transitoires et syndromes apparentés (G45.-)
démence vasculaire (F01.-)
hémorragie intracrânienne traumatique (S06.-)
",oui
GM2026-V-AVC-07,I61.9,interdit_association,ANS,"séquelles d'hémorragie intracérébrale (I69.1)
",non
GM2026-V-AVC-07,I61.9,interdit_association,CIM-10,accidents ischémiques cérébraux transitoires et syndromes apparentés,non
GM2026-V-AVC-07,I61.9,interdit_association,CIM-10,démence vasculaire,non
GM2026-V-AVC-07,I61.9,interdit_association,CIM-10,hémorragie intracrânienne traumatique,non
GM2026-V-AVC-07,I61.9,interdit_association,CIM-10,séquelles d'hémorragie intracérébrale,non
GM2026-V-AVC-07,I62.0,interdit_association,ANS,"accidents ischémiques cérébraux transitoires et syndromes apparentés (G45.-)
affections disséminées du tissu conjonctif (M30-M36)
certaines affections dont l'origine se situe dans la période périnatale (P00-P96)
certaines maladies infectieuses et parasitaires (A00-B99)
complications de la grossesse, de l'accouchement et de la puerpéralité (O00-O99)
lésions traumatiques, empoisonnements et certaines autres conséquences de causes externes (S00-T98)
maladies endocriniennes, nutritionnelles et métaboliques (E00-E90)
malformations congénitales et anomalies chromosomiques (Q00-Q99)
symptômes, signes et résultats anormaux d'examens cliniques et de laboratoire, non classés ailleurs (R00-R99)
tumeurs (C00-D48)
",oui
GM2026-V-AVC-07,I62.0,interdit_association,ANS,"accidents ischémiques cérébraux transitoires et syndromes apparentés (G45.-)
démence vasculaire (F01.-)
hémorragie intracrânienne traumatique (S06.-)
",oui
GM2026-V-AVC-07,I62.0,interdit_association,ANS,"séquelles d'hémorragie intracrânienne (I69.2)
",non
GM2026-V-AVC-07,I62.0,interdit_association,CIM-10,accidents ischémiques cérébraux transitoires et syndromes apparentés,non
GM2026-V-AVC-07,I62.0,interdit_association,CIM-10,démence vasculaire,non
GM2026-V-AVC-07,I62.0,interdit_association,CIM-10,hémorragie intracrânienne traumatique,non
GM2026-V-AVC-07,I62.0,interdit_association,CIM-10,séquelles d'hémorragie intracrânienne,non
GM2026-V-AVC-07,I62.1,interdit_association,ANS,"accidents ischémiques cérébraux transitoires et syndromes apparentés (G45.-)
affections disséminées du tissu conjonctif (M30-M36)
certaines affections dont l'origine se situe dans la période périnatale (P00-P96)
certaines maladies infectieuses et parasitaires (A00-B99)
complications de la grossesse, de l'accouchement et de la puerpéralité (O00-O99)
lésions traumatiques, empoisonnements et certaines autres conséquences de causes externes (S00-T98)
maladies endocriniennes, nutritionnelles et métaboliques (E00-E90)
malformations congénitales et anomalies chromosomiques (Q00-Q99)
symptômes, signes et résultats anormaux d'examens cliniques et de laboratoire, non classés ailleurs (R00-R99)
tumeurs (C00-D48)
",oui
GM2026-V-AVC-07,I62.1,interdit_association,ANS,"accidents ischémiques cérébraux transitoires et syndromes apparentés (G45.-)
démence vasculaire (F01.-)
hémorragie intracrânienne traumatique (S06.-)
",oui
GM2026-V-AVC-07,I62.1,interdit_association,ANS,"séquelles d'hémorragie intracrânienne (I69.2)
",non
GM2026-V-AVC-07,I62.1,interdit_association,CIM-10,accidents ischémiques cérébraux transitoires et syndromes apparentés,non
GM2026-V-AVC-07,I62.1,interdit_association,CIM-10,démence vasculaire,non
GM2026-V-AVC-07,I62.1,interdit_association,CIM-10,hémorragie intracrânienne traumatique,non
GM2026-V-AVC-07,I62.1,interdit_association,CIM-10,séquelles d'hémorragie intracrânienne,non
GM2026-V-AVC-07,I62.9,interdit_association,ANS,"accidents ischémiques cérébraux transitoires et syndromes apparentés (G45.-)
affections disséminées du tissu conjonctif (M30-M36)
certaines affections dont l'origine se situe dans la période périnatale (P00-P96)
certaines maladies infectieuses et parasitaires (A00-B99)
complications de la grossesse, de l'accouchement et de la puerpéralité (O00-O99)
lésions traumatiques, empoisonnements et certaines autres conséquences de causes externes (S00-T98)
maladies endocriniennes, nutritionnelles et métaboliques (E00-E90)
malformations congénitales et anomalies chromosomiques (Q00-Q99)
symptômes, signes et résultats anormaux d'examens cliniques et de laboratoire, non classés ailleurs (R00-R99)
tumeurs (C00-D48)
",oui
GM2026-V-AVC-07,I62.9,interdit_association,ANS,"accidents ischémiques cérébraux transitoires et syndromes apparentés (G45.-)
démence vasculaire (F01.-)
hémorragie intracrânienne traumatique (S06.-)
",oui
GM2026-V-AVC-07,I62.9,interdit_association,ANS,"séquelles d'hémorragie intracrânienne (I69.2)
",non
GM2026-V-AVC-07,I62.9,interdit_association,CIM-10,accidents ischémiques cérébraux transitoires et syndromes apparentés,non
GM2026-V-AVC-07,I62.9,interdit_association,CIM-10,démence vasculaire,non
GM2026-V-AVC-07,I62.9,interdit_association,CIM-10,hémorragie intracrânienne traumatique,non
GM2026-V-AVC-07,I62.9,interdit_association,CIM-10,séquelles d'hémorragie intracrânienne,non
GM2026-V-AVC-07,I63.0,interdit_association,ANS,"accidents ischémiques cérébraux transitoires et syndromes apparentés (G45.-)
affections disséminées du tissu conjonctif (M30-M36)
certaines affections dont l'origine se situe dans la période périnatale (P00-P96)
certaines maladies infectieuses et parasitaires (A00-B99)
complications de la grossesse, de l'accouchement et de la puerpéralité (O00-O99)
lésions traumatiques, empoisonnements et certaines autres conséquences de causes externes (S00-T98)
maladies endocriniennes, nutritionnelles et métaboliques (E00-E90)
malformations congénitales et anomalies chromosomiques (Q00-Q99)
symptômes, signes et résultats anormaux d'examens cliniques et de laboratoire, non classés ailleurs (R00-R99)
tumeurs (C00-D48)
",oui
GM2026-V-AVC-07,I63.0,interdit_association,ANS,"accidents ischémiques cérébraux transitoires et syndromes apparentés (G45.-)
démence vasculaire (F01.-)
hémorragie intracrânienne traumatique (S06.-)
",oui
GM2026-V-AVC-07,I63.0,interdit_association,ANS,"séquelles d'infarctus cérébral (I69.3)
",non
GM2026-V-AVC-07,I63.0,interdit_association,CIM-10,accidents ischémiques cérébraux transitoires et syndromes apparentés,non
GM2026-V-AVC-07,I63.0,interdit_association,CIM-10,démence vasculaire,non
GM2026-V-AVC-07,I63.0,interdit_association,CIM-10,hémorragie intracrânienne traumatique,non
GM2026-V-AVC-07,I63.0,interdit_association,CIM-10,séquelles d'infarctus cérébral,non
GM2026-V-AVC-07,I63.1,interdit_association,ANS,"accidents ischémiques cérébraux transitoires et syndromes apparentés (G45.-)
affections disséminées du tissu conjonctif (M30-M36)
certaines affections dont l'origine se situe dans la période périnatale (P00-P96)
certaines maladies infectieuses et parasitaires (A00-B99)
complications de la grossesse, de l'accouchement et de la puerpéralité (O00-O99)
lésions traumatiques, empoisonnements et certaines autres conséquences de causes externes (S00-T98)
maladies endocriniennes, nutritionnelles et métaboliques (E00-E90)
malformations congénitales et anomalies chromosomiques (Q00-Q99)
symptômes, signes et résultats anormaux d'examens cliniques et de laboratoire, non classés ailleurs (R00-R99)
tumeurs (C00-D48)
",oui
GM2026-V-AVC-07,I63.1,interdit_association,ANS,"accidents ischémiques cérébraux transitoires et syndromes apparentés (G45.-)
démence vasculaire (F01.-)
hémorragie intracrânienne traumatique (S06.-)
",oui
GM2026-V-AVC-07,I63.1,interdit_association,ANS,"séquelles d'infarctus cérébral (I69.3)
",non
GM2026-V-AVC-07,I63.1,interdit_association,CIM-10,accidents ischémiques cérébraux transitoires et syndromes apparentés,non
GM2026-V-AVC-07,I63.1,interdit_association,CIM-10,démence vasculaire,non
GM2026-V-AVC-07,I63.1,interdit_association,CIM-10,hémorragie intracrânienne traumatique,non
GM2026-V-AVC-07,I63.1,interdit_association,CIM-10,séquelles d'infarctus cérébral,non
GM2026-V-AVC-07,I63.2,interdit_association,ANS,"accidents ischémiques cérébraux transitoires et syndromes apparentés (G45.-)
affections disséminées du tissu conjonctif (M30-M36)
certaines affections dont l'origine se situe dans la période périnatale (P00-P96)
certaines maladies infectieuses et parasitaires (A00-B99)
complications de la grossesse, de l'accouchement et de la puerpéralité (O00-O99)
lésions traumatiques, empoisonnements et certaines autres conséquences de causes externes (S00-T98)
maladies endocriniennes, nutritionnelles et métaboliques (E00-E90)
malformations congénitales et anomalies chromosomiques (Q00-Q99)
symptômes, signes et résultats anormaux d'examens cliniques et de laboratoire, non classés ailleurs (R00-R99)
tumeurs (C00-D48)
",oui
GM2026-V-AVC-07,I63.2,interdit_association,ANS,"accidents ischémiques cérébraux transitoires et syndromes apparentés (G45.-)
démence vasculaire (F01.-)
hémorragie intracrânienne traumatique (S06.-)
",oui
GM2026-V-AVC-07,I63.2,interdit_association,ANS,"séquelles d'infarctus cérébral (I69.3)
",non
GM2026-V-AVC-07,I63.2,interdit_association,CIM-10,accidents ischémiques cérébraux transitoires et syndromes apparentés,non
GM2026-V-AVC-07,I63.2,interdit_association,CIM-10,démence vasculaire,non
GM2026-V-AVC-07,I63.2,interdit_association,CIM-10,hémorragie intracrânienne traumatique,non
GM2026-V-AVC-07,I63.2,interdit_association,CIM-10,séquelles d'infarctus cérébral,non
GM2026-V-AVC-07,I63.3,interdit_association,ANS,"accidents ischémiques cérébraux transitoires et syndromes apparentés (G45.-)
affections disséminées du tissu conjonctif (M30-M36)
certaines affections dont l'origine se situe dans la période périnatale (P00-P96)
certaines maladies infectieuses et parasitaires (A00-B99)
complications de la grossesse, de l'accouchement et de la puerpéralité (O00-O99)
lésions traumatiques, empoisonnements et certaines autres conséquences de causes externes (S00-T98)
maladies endocriniennes, nutritionnelles et métaboliques (E00-E90)
malformations congénitales et anomalies chromosomiques (Q00-Q99)
symptômes, signes et résultats anormaux d'examens cliniques et de laboratoire, non classés ailleurs (R00-R99)
tumeurs (C00-D48)
",oui
GM2026-V-AVC-07,I63.3,interdit_association,ANS,"accidents ischémiques cérébraux transitoires et syndromes apparentés (G45.-)
démence vasculaire (F01.-)
hémorragie intracrânienne traumatique (S06.-)
",oui
GM2026-V-AVC-07,I63.3,interdit_association,ANS,"séquelles d'infarctus cérébral (I69.3)
",non
GM2026-V-AVC-07,I63.3,interdit_association,CIM-10,accidents ischémiques cérébraux transitoires et syndromes apparentés,non
GM2026-V-AVC-07,I63.3,interdit_association,CIM-10,démence vasculaire,non
GM2026-V-AVC-07,I63.3,interdit_association,CIM-10,hémorragie intracrânienne traumatique,non
GM2026-V-AVC-07,I63.3,interdit_association,CIM-10,séquelles d'infarctus cérébral,non
GM2026-V-AVC-07,I63.4,interdit_association,ANS,"accidents ischémiques cérébraux transitoires et syndromes apparentés (G45.-)
affections disséminées du tissu conjonctif (M30-M36)
certaines affections dont l'origine se situe dans la période périnatale (P00-P96)
certaines maladies infectieuses et parasitaires (A00-B99)
complications de la grossesse, de l'accouchement et de la puerpéralité (O00-O99)
lésions traumatiques, empoisonnements et certaines autres conséquences de causes externes (S00-T98)
maladies endocriniennes, nutritionnelles et métaboliques (E00-E90)
malformations congénitales et anomalies chromosomiques (Q00-Q99)
symptômes, signes et résultats anormaux d'examens cliniques et de laboratoire, non classés ailleurs (R00-R99)
tumeurs (C00-D48)
",oui
GM2026-V-AVC-07,I63.4,interdit_association,ANS,"accidents ischémiques cérébraux transitoires et syndromes apparentés (G45.-)
démence vasculaire (F01.-)
hémorragie intracrânienne traumatique (S06.-)
",oui
GM2026-V-AVC-07,I63.4,interdit_association,ANS,"séquelles d'infarctus cérébral (I69.3)
",non
GM2026-V-AVC-07,I63.4,interdit_association,CIM-10,accidents ischémiques cérébraux transitoires et syndromes apparentés,non
GM2026-V-AVC-07,I63.4,interdit_association,CIM-10,démence vasculaire,non
GM2026-V-AVC-07,I63.4,interdit_association,CIM-10,hémorragie intracrânienne traumatique,non
GM2026-V-AVC-07,I63.4,interdit_association,CIM-10,séquelles d'infarctus cérébral,non
GM2026-V-AVC-07,I63.5,interdit_association,ANS,"accidents ischémiques cérébraux transitoires et syndromes apparentés (G45.-)
affections disséminées du tissu conjonctif (M30-M36)
certaines affections dont l'origine se situe dans la période périnatale (P00-P96)
certaines maladies infectieuses et parasitaires (A00-B99)
complications de la grossesse, de l'accouchement et de la puerpéralité (O00-O99)
lésions traumatiques, empoisonnements et certaines autres conséquences de causes externes (S00-T98)
maladies endocriniennes, nutritionnelles et métaboliques (E00-E90)
malformations congénitales et anomalies chromosomiques (Q00-Q99)
symptômes, signes et résultats anormaux d'examens cliniques et de laboratoire, non classés ailleurs (R00-R99)
tumeurs (C00-D48)
",oui
GM2026-V-AVC-07,I63.5,interdit_association,ANS,"accidents ischémiques cérébraux transitoires et syndromes apparentés (G45.-)
démence vasculaire (F01.-)
hémorragie intracrânienne traumatique (S06.-)
",oui
GM2026-V-AVC-07,I63.5,interdit_association,ANS,"séquelles d'infarctus cérébral (I69.3)
",non
GM2026-V-AVC-07,I63.5,interdit_association,CIM-10,accidents ischémiques cérébraux transitoires et syndromes apparentés,non
GM2026-V-AVC-07,I63.5,interdit_association,CIM-10,démence vasculaire,non
GM2026-V-AVC-07,I63.5,interdit_association,CIM-10,hémorragie intracrânienne traumatique,non
GM2026-V-AVC-07,I63.5,interdit_association,CIM-10,séquelles d'infarctus cérébral,non
GM2026-V-AVC-07,I63.6,interdit_association,ANS,"accidents ischémiques cérébraux transitoires et syndromes apparentés (G45.-)
affections disséminées du tissu conjonctif (M30-M36)
certaines affections dont l'origine se situe dans la période périnatale (P00-P96)
certaines maladies infectieuses et parasitaires (A00-B99)
complications de la grossesse, de l'accouchement et de la puerpéralité (O00-O99)
lésions traumatiques, empoisonnements et certaines autres conséquences de causes externes (S00-T98)
maladies endocriniennes, nutritionnelles et métaboliques (E00-E90)
malformations congénitales et anomalies chromosomiques (Q00-Q99)
symptômes, signes et résultats anormaux d'examens cliniques et de laboratoire, non classés ailleurs (R00-R99)
tumeurs (C00-D48)
",oui
GM2026-V-AVC-07,I63.6,interdit_association,ANS,"accidents ischémiques cérébraux transitoires et syndromes apparentés (G45.-)
démence vasculaire (F01.-)
hémorragie intracrânienne traumatique (S06.-)
",oui
GM2026-V-AVC-07,I63.6,interdit_association,ANS,"séquelles d'infarctus cérébral (I69.3)
",non
GM2026-V-AVC-07,I63.6,interdit_association,CIM-10,accidents ischémiques cérébraux transitoires et syndromes apparentés,non
GM2026-V-AVC-07,I63.6,interdit_association,CIM-10,démence vasculaire,non
GM2026-V-AVC-07,I63.6,interdit_association,CIM-10,hémorragie intracrânienne traumatique,non
GM2026-V-AVC-07,I63.6,interdit_association,CIM-10,séquelles d'infarctus cérébral,non
GM2026-V-AVC-07,I63.8,interdit_association,ANS,"accidents ischémiques cérébraux transitoires et syndromes apparentés (G45.-)
affections disséminées du tissu conjonctif (M30-M36)
certaines affections dont l'origine se situe dans la période périnatale (P00-P96)
certaines maladies infectieuses et parasitaires (A00-B99)
complications de la grossesse, de l'accouchement et de la puerpéralité (O00-O99)
lésions traumatiques, empoisonnements et certaines autres conséquences de causes externes (S00-T98)
maladies endocriniennes, nutritionnelles et métaboliques (E00-E90)
malformations congénitales et anomalies chromosomiques (Q00-Q99)
symptômes, signes et résultats anormaux d'examens cliniques et de laboratoire, non classés ailleurs (R00-R99)
tumeurs (C00-D48)
",oui
GM2026-V-AVC-07,I63.8,interdit_association,ANS,"accidents ischémiques cérébraux transitoires et syndromes apparentés (G45.-)
démence vasculaire (F01.-)
hémorragie intracrânienne traumatique (S06.-)
",oui
GM2026-V-AVC-07,I63.8,interdit_association,ANS,"séquelles d'infarctus cérébral (I69.3)
",non
GM2026-V-AVC-07,I63.8,interdit_association,CIM-10,accidents ischémiques cérébraux transitoires et syndromes apparentés,non
GM2026-V-AVC-07,I63.8,interdit_association,CIM-10,démence vasculaire,non
GM2026-V-AVC-07,I63.8,interdit_association,CIM-10,hémorragie intracrânienne traumatique,non
GM2026-V-AVC-07,I63.8,interdit_association,CIM-10,séquelles d'infarctus cérébral,non
GM2026-V-AVC-07,I63.8,interdit_association,CIM-10 frères,Infarctus cérébral dû à une embolie des artères cérébrales (I63.4),non
GM2026-V-AVC-07,I63.8,interdit_association,CIM-10 frères,Infarctus cérébral dû à une embolie des artères précérébrales (I63.1),non
GM2026-V-AVC-07,I63.8,interdit_association,CIM-10 frères,"Infarctus cérébral dû à une occlusion ou sténose des artères cérébrales, de mécanisme non précisé (I63.5)",non
GM2026-V-AVC-07,I63.8,interdit_association,CIM-10 frères,"Infarctus cérébral dû à une occlusion ou sténose des artères précérébrales, de mécanisme non précisé (I63.2)",non
GM2026-V-AVC-07,I63.8,interdit_association,CIM-10 frères,Infarctus cérébral dû à une thrombose des artères cérébrales (I63.3),non
GM2026-V-AVC-07,I63.8,interdit_association,CIM-10 frères,Infarctus cérébral dû à une thrombose des artères précérébrales (I63.0),non
GM2026-V-AVC-07,I63.8,interdit_association,CIM-10 frères,"Infarctus cérébral dû à une thrombose veineuse cérébrale, non pyogène (I63.6)",non
GM2026-V-AVC-07,I63.9,interdit_association,ANS,"accidents ischémiques cérébraux transitoires et syndromes apparentés (G45.-)
affections disséminées du tissu conjonctif (M30-M36)
certaines affections dont l'origine se situe dans la période périnatale (P00-P96)
certaines maladies infectieuses et parasitaires (A00-B99)
complications de la grossesse, de l'accouchement et de la puerpéralité (O00-O99)
lésions traumatiques, empoisonnements et certaines autres conséquences de causes externes (S00-T98)
maladies endocriniennes, nutritionnelles et métaboliques (E00-E90)
malformations congénitales et anomalies chromosomiques (Q00-Q99)
symptômes, signes et résultats anormaux d'examens cliniques et de laboratoire, non classés ailleurs (R00-R99)
tumeurs (C00-D48)
",oui
GM2026-V-AVC-07,I63.9,interdit_association,ANS,"accidents ischémiques cérébraux transitoires et syndromes apparentés (G45.-)
démence vasculaire (F01.-)
hémorragie intracrânienne traumatique (S06.-)
",oui
GM2026-V-AVC-07,I63.9,interdit_association,ANS,"séquelles d'infarctus cérébral (I69.3)
",non
GM2026-V-AVC-07,I63.9,interdit_association,CIM-10,accidents ischémiques cérébraux transitoires et syndromes apparentés,non
GM2026-V-AVC-07,I63.9,interdit_association,CIM-10,démence vasculaire,non
GM2026-V-AVC-07,I63.9,interdit_association,CIM-10,hémorragie intracrânienne traumatique,non
GM2026-V-AVC-07,I63.9,interdit_association,CIM-10,séquelles d'infarctus cérébral,non
GM2026-V-AVC-07,I64,interdit_association,ANS,"accidents ischémiques cérébraux transitoires et syndromes apparentés (G45.-)
affections disséminées du tissu conjonctif (M30-M36)
certaines affections dont l'origine se situe dans la période périnatale (P00-P96)
certaines maladies infectieuses et parasitaires (A00-B99)
complications de la grossesse, de l'accouchement et de la puerpéralité (O00-O99)
lésions traumatiques, empoisonnements et certaines autres conséquences de causes externes (S00-T98)
maladies endocriniennes, nutritionnelles et métaboliques (E00-E90)
malformations congénitales et anomalies chromosomiques (Q00-Q99)
symptômes, signes et résultats anormaux d'examens cliniques et de laboratoire, non classés ailleurs (R00-R99)
tumeurs (C00-D48)
",oui
GM2026-V-AVC-07,I64,interdit_association,ANS,"accidents ischémiques cérébraux transitoires et syndromes apparentés (G45.-)
démence vasculaire (F01.-)
hémorragie intracrânienne traumatique (S06.-)
",oui
GM2026-V-AVC-07,I64,interdit_association,ANS,"séquelles d'accident vasculaire cérébral (I69.4)
",non
GM2026-V-AVC-07,I64,interdit_association,CIM-10,accidents ischémiques cérébraux transitoires et syndromes apparentés,non
GM2026-V-AVC-07,I64,interdit_association,CIM-10,démence vasculaire,non
GM2026-V-AVC-07,I64,interdit_association,CIM-10,hémorragie intracrânienne traumatique,non
GM2026-V-AVC-07,I64,interdit_association,CIM-10,séquelles d'accident vasculaire cérébral,non
GM2026-V-AVC-09,G46.0,interdit_association,ANS,"certaines affections dont l'origine se situe dans la période périnatale (P00-P96)
certaines maladies infectieuses et parasitaires (A00-B99)
complications de la grossesse, de l'accouchement et de la puerpéralité (O00-O99)
lésions traumatiques, empoisonnements et certaines autres conséquences de causes externes (S00-T98)
maladies endocriniennes, nutritionnelles et métaboliques (E00-E90)
malformations congénitales et anomalies chromosomiques (Q00-Q99)
symptômes, signes et résultats anormaux d'examens cliniques et de laboratoire, non classés ailleurs (R00-R99)
tumeurs (C00-D48)
",non
GM2026-V-AVC-09,G46.1,interdit_association,ANS,"certaines affections dont l'origine se situe dans la période périnatale (P00-P96)
certaines maladies infectieuses et parasitaires (A00-B99)
complications de la grossesse, de l'accouchement et de la puerpéralité (O00-O99)
lésions traumatiques, empoisonnements et certaines autres conséquences de causes externes (S00-T98)
maladies endocriniennes, nutritionnelles et métaboliques (E00-E90)
malformations congénitales et anomalies chromosomiques (Q00-Q99)
symptômes, signes et résultats anormaux d'examens cliniques et de laboratoire, non classés ailleurs (R00-R99)
tumeurs (C00-D48)
",non
GM2026-V-AVC-09,G46.2,interdit_association,ANS,"certaines affections dont l'origine se situe dans la période périnatale (P00-P96)
certaines maladies infectieuses et parasitaires (A00-B99)
complications de la grossesse, de l'accouchement et de la puerpéralité (O00-O99)
lésions traumatiques, empoisonnements et certaines autres conséquences de causes externes (S00-T98)
maladies endocriniennes, nutritionnelles et métaboliques (E00-E90)
malformations congénitales et anomalies chromosomiques (Q00-Q99)
symptômes, signes et résultats anormaux d'examens cliniques et de laboratoire, non classés ailleurs (R00-R99)
tumeurs (C00-D48)
",non
GM2026-V-AVC-11,I69.0,interdit_association,ANS,"accidents ischémiques cérébraux transitoires et syndromes apparentés (G45.-)
affections disséminées du tissu conjonctif (M30-M36)
certaines affections dont l'origine se situe dans la période périnatale (P00-P96)
certaines maladies infectieuses et parasitaires (A00-B99)
complications de la grossesse, de l'accouchement et de la puerpéralité (O00-O99)
lésions traumatiques, empoisonnements et certaines autres conséquences de causes externes (S00-T98)
maladies endocriniennes, nutritionnelles et métaboliques (E00-E90)
malformations congénitales et anomalies chromosomiques (Q00-Q99)
symptômes, signes et résultats anormaux d'examens cliniques et de laboratoire, non classés ailleurs (R00-R99)
tumeurs (C00-D48)
",non
GM2026-V-AVC-11,I69.0,interdit_association,ANS,"accidents ischémiques cérébraux transitoires et syndromes apparentés (G45.-)
démence vasculaire (F01.-)
hémorragie intracrânienne traumatique (S06.-)
",non
GM2026-V-AVC-11,I69.0,interdit_association,CIM-10,accidents ischémiques cérébraux transitoires et syndromes apparentés,non
GM2026-V-AVC-11,I69.0,interdit_association,CIM-10,démence vasculaire,non
GM2026-V-AVC-11,I69.0,interdit_association,CIM-10,hémorragie intracrânienne traumatique,non
GM2026-V-AVC-11,I69.1,interdit_association,ANS,"accidents ischémiques cérébraux transitoires et syndromes apparentés (G45.-)
affections disséminées du tissu conjonctif (M30-M36)
certaines affections dont l'origine se situe dans la période périnatale (P00-P96)
certaines maladies infectieuses et parasitaires (A00-B99)
complications de la grossesse, de l'accouchement et de la puerpéralité (O00-O99)
lésions traumatiques, empoisonnements et certaines autres conséquences de causes externes (S00-T98)
maladies endocriniennes, nutritionnelles et métaboliques (E00-E90)
malformations congénitales et anomalies chromosomiques (Q00-Q99)
symptômes, signes et résultats anormaux d'examens cliniques et de laboratoire, non classés ailleurs (R00-R99)
tumeurs (C00-D48)
",non
GM2026-V-AVC-11,I69.1,interdit_association,ANS,"accidents ischémiques cérébraux transitoires et syndromes apparentés (G45.-)
démence vasculaire (F01.-)
hémorragie intracrânienne traumatique (S06.-)
",non
GM2026-V-AVC-11,I69.1,interdit_association,CIM-10,accidents ischémiques cérébraux transitoires et syndromes apparentés,non
GM2026-V-AVC-11,I69.1,interdit_association,CIM-10,démence vasculaire,non
GM2026-V-AVC-11,I69.1,interdit_association,CIM-10,hémorragie intracrânienne traumatique,non
GM2026-V-AVC-11,I69.2,interdit_association,ANS,"accidents ischémiques cérébraux transitoires et syndromes apparentés (G45.-)
affections disséminées du tissu conjonctif (M30-M36)
certaines affections dont l'origine se situe dans la période périnatale (P00-P96)
certaines maladies infectieuses et parasitaires (A00-B99)
complications de la grossesse, de l'accouchement et de la puerpéralité (O00-O99)
lésions traumatiques, empoisonnements et certaines autres conséquences de causes externes (S00-T98)
maladies endocriniennes, nutritionnelles et métaboliques (E00-E90)
malformations congénitales et anomalies chromosomiques (Q00-Q99)
symptômes, signes et résultats anormaux d'examens cliniques et de laboratoire, non classés ailleurs (R00-R99)
tumeurs (C00-D48)
",non
GM2026-V-AVC-11,I69.2,interdit_association,ANS,"accidents ischémiques cérébraux transitoires et syndromes apparentés (G45.-)
démence vasculaire (F01.-)
hémorragie intracrânienne traumatique (S06.-)
",non
GM2026-V-AVC-11,I69.2,interdit_association,CIM-10,accidents ischémiques cérébraux transitoires et syndromes apparentés,non
GM2026-V-AVC-11,I69.2,interdit_association,CIM-10,démence vasculaire,non
GM2026-V-AVC-11,I69.2,interdit_association,CIM-10,hémorragie intracrânienne traumatique,non
GM2026-V-AVC-11,I69.3,interdit_association,ANS,"accidents ischémiques cérébraux transitoires et syndromes apparentés (G45.-)
affections disséminées du tissu conjonctif (M30-M36)
certaines affections dont l'origine se situe dans la période périnatale (P00-P96)
certaines maladies infectieuses et parasitaires (A00-B99)
complications de la grossesse, de l'accouchement et de la puerpéralité (O00-O99)
lésions traumatiques, empoisonnements et certaines autres conséquences de causes externes (S00-T98)
maladies endocriniennes, nutritionnelles et métaboliques (E00-E90)
malformations congénitales et anomalies chromosomiques (Q00-Q99)
symptômes, signes et résultats anormaux d'examens cliniques et de laboratoire, non classés ailleurs (R00-R99)
tumeurs (C00-D48)
",non
GM2026-V-AVC-11,I69.3,interdit_association,ANS,"accidents ischémiques cérébraux transitoires et syndromes apparentés (G45.-)
démence vasculaire (F01.-)
hémorragie intracrânienne traumatique (S06.-)
",non
GM2026-V-AVC-11,I69.3,interdit_association,CIM-10,accidents ischémiques cérébraux transitoires et syndromes apparentés,non
GM2026-V-AVC-11,I69.3,interdit_association,CIM-10,démence vasculaire,non
GM2026-V-AVC-11,I69.3,interdit_association,CIM-10,hémorragie intracrânienne traumatique,non
GM2026-V-AVC-11,I69.4,interdit_association,ANS,"accidents ischémiques cérébraux transitoires et syndromes apparentés (G45.-)
affections disséminées du tissu conjonctif (M30-M36)
certaines affections dont l'origine se situe dans la période périnatale (P00-P96)
certaines maladies infectieuses et parasitaires (A00-B99)
complications de la grossesse, de l'accouchement et de la puerpéralité (O00-O99)
lésions traumatiques, empoisonnements et certaines autres conséquences de causes externes (S00-T98)
maladies endocriniennes, nutritionnelles et métaboliques (E00-E90)
malformations congénitales et anomalies chromosomiques (Q00-Q99)
symptômes, signes et résultats anormaux d'examens cliniques et de laboratoire, non classés ailleurs (R00-R99)
tumeurs (C00-D48)
",non
GM2026-V-AVC-11,I69.4,interdit_association,ANS,"accidents ischémiques cérébraux transitoires et syndromes apparentés (G45.-)
démence vasculaire (F01.-)
hémorragie intracrânienne traumatique (S06.-)
",non
GM2026-V-AVC-11,I69.4,interdit_association,CIM-10,accidents ischémiques cérébraux transitoires et syndromes apparentés,non
GM2026-V-AVC-11,I69.4,interdit_association,CIM-10,démence vasculaire,non
GM2026-V-AVC-11,I69.4,interdit_association,CIM-10,hémorragie intracrânienne traumatique,non
GM2026-V-AVC-11,I69.8,interdit_association,ANS,"accidents ischémiques cérébraux transitoires et syndromes apparentés (G45.-)
affections disséminées du tissu conjonctif (M30-M36)
certaines affections dont l'origine se situe dans la période périnatale (P00-P96)
certaines maladies infectieuses et parasitaires (A00-B99)
complications de la grossesse, de l'accouchement et de la puerpéralité (O00-O99)
lésions traumatiques, empoisonnements et certaines autres conséquences de causes externes (S00-T98)
maladies endocriniennes, nutritionnelles et métaboliques (E00-E90)
malformations congénitales et anomalies chromosomiques (Q00-Q99)
symptômes, signes et résultats anormaux d'examens cliniques et de laboratoire, non classés ailleurs (R00-R99)
tumeurs (C00-D48)
",non
GM2026-V-AVC-11,I69.8,interdit_association,ANS,"accidents ischémiques cérébraux transitoires et syndromes apparentés (G45.-)
démence vasculaire (F01.-)
hémorragie intracrânienne traumatique (S06.-)
",non
GM2026-V-AVC-11,I69.8,interdit_association,CIM-10,accidents ischémiques cérébraux transitoires et syndromes apparentés,non
GM2026-V-AVC-11,I69.8,interdit_association,CIM-10,démence vasculaire,non
GM2026-V-AVC-11,I69.8,interdit_association,CIM-10,hémorragie intracrânienne traumatique,non
GM2026-V-AVC-11,I69.8,interdit_association,CIM-10 frères,"Séquelles d'accident vasculaire cérébral, non précisé comme étant hémorragique ou par infarctus (I69.4)",non
GM2026-V-AVC-11,I69.8,interdit_association,CIM-10 frères,Séquelles d'autres hémorragies intracrâniennes non traumatiques (I69.2),non
GM2026-V-AVC-11,I69.8,interdit_association,CIM-10 frères,Séquelles d'hémorragie intracérébrale (I69.1),non
GM2026-V-AVC-11,I69.8,interdit_association,CIM-10 frères,Séquelles d'hémorragie sousarachnoïdienne (I69.0),non
GM2026-V-AVC-11,I69.8,interdit_association,CIM-10 frères,Séquelles d'infarctus cérébral (I69.3),non
GM2026-V-D62-01,D62,interdit,ANS,"anémie congénitale par perte de sang fœtal (P61.3)
",non
GM2026-V-D62-01,D62,interdit,ANS,"certaines affections dont l'origine se situe dans la période périnatale (P00-P96)
complications de la grossesse, de l'accouchement et de la puerpéralité (O00-O99)
lésions traumatiques, empoisonnements et certaines autres conséquences de causes externes (S00-T98)
maladies auto-immunes (systémiques) SAI (M35.9)
maladies dues au virus de l'immunodéficience humaine [VIH] (B20-B24)
maladies endocriniennes, nutritionnelles et métaboliques (E00-E90)
malformations congénitales et anomalies chromosomiques (Q00-Q99)
symptômes, signes et résultats anormaux d'examens cliniques et de laboratoire, non classés ailleurs (R00-R99)
tumeurs (C00-D48)
",non
GM2026-V-D62-01,D62,interdit,CIM-10,anémie congénitale par perte de sang foetal,non
GM2026-V-DEN-07,E44.0,interdit,ANS,"anomalies endocriniennes et métaboliques transitoires spécifiques au fœtus et au nouveau-né (P70-P74)
complications de la grossesse, de l'accouchement et de la puerpéralité (O00-O99)
symptômes, signes et résultats anormaux d'examens cliniques et de laboratoire, non classés ailleurs (R00-R99)
",non
GM2026-V-DEN-07,E44.0,interdit,ANS,"anémies nutritionnelles (D50-D53)
famine (T73.0)
malabsorption intestinale (K90.-)
séquelles de malnutrition protéinoénergétique (E64.0)
syndrome cachectique dû à infection à VIH (B22.2)
",non
GM2026-V-DEN-07,E44.0,interdit,CIM-10,anémies nutritionnelles,non
GM2026-V-DEN-07,E44.0,interdit,CIM-10,famine,non
GM2026-V-DEN-07,E44.0,interdit,CIM-10,malabsorption intestinale,non
GM2026-V-DEN-07,E44.0,interdit,CIM-10,syndrome cachectique dû à infection à VIH,non
GM2026-V-DEN-07,E44.0,interdit,CIM-10,séquelles de malnutrition protéino-énergétique,non
GM2026-V-XXI-08,Z04.800,interdit,ANS,"examens relatifs à la grossesse et à la reproduction (Z30-Z36)  (Z39.-)
",non
GM2026-V-XXI-08,Z04.800,interdit,CIM-10,examens relatifs à la grossesse et à la reproduction,non
GM2026-V-XXI-08,Z04.801,interdit,ANS,"examens relatifs à la grossesse et à la reproduction (Z30-Z36)  (Z39.-)
",non
GM2026-V-XXI-08,Z04.801,interdit,CIM-10,examens relatifs à la grossesse et à la reproduction,non
GM2026-V-XXI-08,Z04.802,interdit,ANS,"examens relatifs à la grossesse et à la reproduction (Z30-Z36)  (Z39.-)
",non
GM2026-V-XXI-08,Z04.802,interdit,CIM-10,examens relatifs à la grossesse et à la reproduction,non
GM2026-V-XXI-08,Z04.880,interdit,ANS,"examens relatifs à la grossesse et à la reproduction (Z30-Z36)  (Z39.-)
",non
GM2026-V-XXI-08,Z04.880,interdit,CIM-10,examens relatifs à la grossesse et à la reproduction,non
GM2026-V-XXI-09,Z04.9,interdit,ANS,"examens relatifs à la grossesse et à la reproduction (Z30-Z36)  (Z39.-)
",non
GM2026-V-XXI-09,Z04.9,interdit,CIM-10,examens relatifs à la grossesse et à la reproduction,non
GM2026-V-XXI-13,Z10.0,interdit,ANS,"examen d'embauche (Z02.1)
",non
GM2026-V-XXI-13,Z10.0,interdit,ANS,"examen médical à des fins administratives (Z02.-)
",non
GM2026-V-XXI-13,Z10.0,interdit,ANS,"examens relatifs à la grossesse et à la reproduction (Z30-Z36)  (Z39.-)
",non
GM2026-V-XXI-13,Z10.0,interdit,CIM-10,examen d'embauche,non
GM2026-V-XXI-13,Z10.0,interdit,CIM-10,examen médical à des fins administratives,non
GM2026-V-XXI-13,Z10.0,interdit,CIM-10,examens relatifs à la grossesse et à la reproduction,non
GM2026-V-XXI-13,Z10.1,interdit,ANS,"examen d'admission dans une institution (Z02.2)
",non
GM2026-V-XXI-13,Z10.1,interdit,ANS,"examen médical à des fins administratives (Z02.-)
",non
GM2026-V-XXI-13,Z10.1,interdit,ANS,"examens relatifs à la grossesse et à la reproduction (Z30-Z36)  (Z39.-)
",non
GM2026-V-XXI-13,Z10.1,interdit,CIM-10,examen d'admission dans une institution,non
GM2026-V-XXI-13,Z10.1,interdit,CIM-10,examen médical à des fins administratives,non
GM2026-V-XXI-13,Z10.1,interdit,CIM-10,examens relatifs à la grossesse et à la reproduction,non
GM2026-V-XXI-13,Z10.2,interdit,ANS,"examen d'incorporation (Z02.3)
",non
GM2026-V-XXI-13,Z10.2,interdit,ANS,"examen médical à des fins administratives (Z02.-)
",non
GM2026-V-XXI-13,Z10.2,interdit,ANS,"examens relatifs à la grossesse et à la reproduction (Z30-Z36)  (Z39.-)
",non
GM2026-V-XXI-13,Z10.2,interdit,CIM-10,examen d'incorporation,non
GM2026-V-XXI-13,Z10.2,interdit,CIM-10,examen médical à des fins administratives,non
GM2026-V-XXI-13,Z10.2,interdit,CIM-10,examens relatifs à la grossesse et à la reproduction,non
GM2026-V-XXI-13,Z10.3,interdit,ANS,"alcootest et recherche de substances pharmacologiques dans le sang (Z04.0)
examen pour la pratique d'un sport (Z02.5)
",non
GM2026-V-XXI-13,Z10.3,interdit,ANS,"examen médical à des fins administratives (Z02.-)
",non
GM2026-V-XXI-13,Z10.3,interdit,ANS,"examens relatifs à la grossesse et à la reproduction (Z30-Z36)  (Z39.-)
",non
GM2026-V-XXI-13,Z10.3,interdit,CIM-10,alcootest et recherche de substances pharmacologiques dans le sang,non
GM2026-V-XXI-13,Z10.3,interdit,CIM-10,examen médical à des fins administratives,non
GM2026-V-XXI-13,Z10.3,interdit,CIM-10,examen pour la pratique d'un sport,non
GM2026-V-XXI-13,Z10.3,interdit,CIM-10,examens relatifs à la grossesse et à la reproduction,non
GM2026-V-XXI-13,Z10.8,interdit,ANS,"examen médical à des fins administratives (Z02.-)
",non
GM2026-V-XXI-13,Z10.8,interdit,ANS,"examens relatifs à la grossesse et à la reproduction (Z30-Z36)  (Z39.-)
",non
GM2026-V-XXI-13,Z10.8,interdit,CIM-10,examen médical à des fins administratives,non
GM2026-V-XXI-13,Z10.8,interdit,CIM-10,examens relatifs à la grossesse et à la reproduction,non
GM2026-V-XXI-13,Z10.8,interdit,CIM-10 frères,Examen de médecine du travail (Z10.0),non
GM2026-V-XXI-13,Z10.8,interdit,CIM-10 frères,Examen général de routine des forces armées (Z10.2),non
GM2026-V-XXI-13,Z10.8,interdit,CIM-10 frères,Examen général de routine des résidents d'institutions (Z10.1),non
GM2026-V-XXI-13,Z10.8,interdit,CIM-10 frères,Examen général de routine des équipes sportives (Z10.3),non
GM2026-V-XXI-14,Z11.0,interdit,ANS,"examens relatifs à la grossesse et à la reproduction (Z30-Z36)  (Z39.-)
",non
GM2026-V-XXI-14,Z11.0,interdit,CIM-10,examens relatifs à la grossesse et à la reproduction,non
GM2026-V-XXI-14,Z11.1,interdit,ANS,"examens relatifs à la grossesse et à la reproduction (Z30-Z36)  (Z39.-)
",non
GM2026-V-XXI-14,Z11.1,interdit,CIM-10,examens relatifs à la grossesse et à la reproduction,non
GM2026-V-XXI-14,Z11.2,interdit,ANS,"examens relatifs à la grossesse et à la reproduction (Z30-Z36)  (Z39.-)
",non
GM2026-V-XXI-14,Z11.2,interdit,CIM-10,examens relatifs à la grossesse et à la reproduction,non
GM2026-V-XXI-14,Z11.3,interdit,ANS,"examens relatifs à la grossesse et à la reproduction (Z30-Z36)  (Z39.-)
",non
GM2026-V-XXI-14,Z11.3,interdit,CIM-10,examens relatifs à la grossesse et à la reproduction,non
GM2026-V-XXI-14,Z11.4,interdit,ANS,"examens relatifs à la grossesse et à la reproduction (Z30-Z36)  (Z39.-)
",non
GM2026-V-XXI-14,Z11.4,interdit,CIM-10,examens relatifs à la grossesse et à la reproduction,non
GM2026-V-XXI-14,Z11.5,interdit,ANS,"examens relatifs à la grossesse et à la reproduction (Z30-Z36)  (Z39.-)
",non
GM2026-V-XXI-14,Z11.5,interdit,ANS,"maladies intestinales à virus (Z11.0)
",non
GM2026-V-XXI-14,Z11.5,interdit,CIM-10,examens relatifs à la grossesse et à la reproduction,non
GM2026-V-XXI-14,Z11.5,interdit,CIM-10,maladies intestinales à virus,non
GM2026-V-XXI-14,Z11.6,interdit,ANS,"examens relatifs à la grossesse et à la reproduction (Z30-Z36)  (Z39.-)
",non
GM2026-V-XXI-14,Z11.6,interdit,ANS,"maladies intestinales à protozoaires (Z11.0)
",non
GM2026-V-XXI-14,Z11.6,interdit,CIM-10,examens relatifs à la grossesse et à la reproduction,non
GM2026-V-XXI-14,Z11.6,interdit,CIM-10,maladies intestinales à protozoaires,non
GM2026-V-XXI-14,Z11.8,interdit,ANS,"examens relatifs à la grossesse et à la reproduction (Z30-Z36)  (Z39.-)
",non
GM2026-V-XXI-14,Z11.8,interdit,CIM-10,examens relatifs à la grossesse et à la reproduction,non
GM2026-V-XXI-14,Z11.8,interdit,CIM-10 frères,Examen spécial de dépistage d'autres maladies bactériennes (Z11.2),non
GM2026-V-XXI-14,Z11.8,interdit,CIM-10 frères,Examen spécial de dépistage d'autres maladies à protozoaires et helminthiases (Z11.6),non
GM2026-V-XXI-14,Z11.8,interdit,CIM-10 frères,Examen spécial de dépistage d'autres maladies à virus (Z11.5),non
GM2026-V-XXI-14,Z11.8,interdit,CIM-10 frères,Examen spécial de dépistage de maladies infectieuses intestinales (Z11.0),non
GM2026-V-XXI-14,Z11.8,interdit,CIM-10 frères,Examen spécial de dépistage de tuberculose pulmonaire (Z11.1),non
GM2026-V-XXI-14,Z11.8,interdit,CIM-10 frères,Examen spécial de dépistage des infections dont le mode de transmission est essentiellement sexuel (Z11.3),non
GM2026-V-XXI-14,Z11.8,interdit,CIM-10 frères,Examen spécial de dépistage du virus de l'immunodéficience humaine [VIH] (Z11.4),non
GM2026-V-XXI-14,Z11.9,interdit,ANS,"examens relatifs à la grossesse et à la reproduction (Z30-Z36)  (Z39.-)
",non
GM2026-V-XXI-14,Z11.9,interdit,CIM-10,examens relatifs à la grossesse et à la reproduction,non
GM2026-V-XXI-14,Z12.0,interdit,ANS,"examens relatifs à la grossesse et à la reproduction (Z30-Z36)  (Z39.-)
",non
GM2026-V-XXI-14,Z12.0,interdit,CIM-10,examens relatifs à la grossesse et à la reproduction,non
GM2026-V-XXI-14,Z12.1,interdit,ANS,"examens relatifs à la grossesse et à la reproduction (Z30-Z36)  (Z39.-)
",non
GM2026-V-XXI-14,Z12.1,interdit,CIM-10,examens relatifs à la grossesse et à la reproduction,non
GM2026-V-XXI-14,Z12.2,interdit,ANS,"examens relatifs à la grossesse et à la reproduction (Z30-Z36)  (Z39.-)
",non
GM2026-V-XXI-14,Z12.2,interdit,CIM-10,examens relatifs à la grossesse et à la reproduction,non
GM2026-V-XXI-14,Z12.3,interdit,ANS,"examens relatifs à la grossesse et à la reproduction (Z30-Z36)  (Z39.-)
",non
GM2026-V-XXI-14,Z12.3,interdit,ANS,"mammographie de routine (Z01.6)
",non
GM2026-V-XXI-14,Z12.3,interdit,CIM-10,examens relatifs à la grossesse et à la reproduction,non
GM2026-V-XXI-14,Z12.3,interdit,CIM-10,mammographie de routine,non
GM2026-V-XXI-14,Z12.4,interdit,ANS,"examens relatifs à la grossesse et à la reproduction (Z30-Z36)  (Z39.-)
",non
GM2026-V-XXI-14,Z12.4,interdit,ANS,"test de routine ou dans le cadre d'un examen général gynécologique (Z01.4)
",non
GM2026-V-XXI-14,Z12.4,interdit,CIM-10,examens relatifs à la grossesse et à la reproduction,non
GM2026-V-XXI-14,Z12.4,interdit,CIM-10,test de routine ou dans le cadre d'un examen général gynécologique,non
GM2026-V-XXI-14,Z12.5,interdit,ANS,"examens relatifs à la grossesse et à la reproduction (Z30-Z36)  (Z39.-)
",non
GM2026-V-XXI-14,Z12.5,interdit,CIM-10,examens relatifs à la grossesse et à la reproduction,non
GM2026-V-XXI-14,Z12.6,interdit,ANS,"examens relatifs à la grossesse et à la reproduction (Z30-Z36)  (Z39.-)
",non
GM2026-V-XXI-14,Z12.6,interdit,CIM-10,examens relatifs à la grossesse et à la reproduction,non
GM2026-V-XXI-14,Z12.8,interdit,ANS,"examens relatifs à la grossesse et à la reproduction (Z30-Z36)  (Z39.-)
",non
GM2026-V-XXI-14,Z12.8,interdit,CIM-10,examens relatifs à la grossesse et à la reproduction,non
GM2026-V-XXI-14,Z12.8,interdit,CIM-10 frères,Examen spécial de dépistage de tumeur de l'appareil respiratoire (Z12.2),non
GM2026-V-XXI-14,Z12.8,interdit,CIM-10 frères,Examen spécial de dépistage de tumeur de l'estomac (Z12.0),non
GM2026-V-XXI-14,Z12.8,interdit,CIM-10 frères,Examen spécial de dépistage de tumeur de l'intestin (Z12.1),non
GM2026-V-XXI-14,Z12.8,interdit,CIM-10 frères,Examen spécial de dépistage de tumeur de la prostate (Z12.5),non
GM2026-V-XXI-14,Z12.8,interdit,CIM-10 frères,Examen spécial de dépistage de tumeur de la vessie (Z12.6),non
GM2026-V-XXI-14,Z12.8,interdit,CIM-10 frères,Examen spécial de dépistage de tumeur du col de l'utérus (Z12.4),non
GM2026-V-XXI-14,Z12.8,interdit,CIM-10 frères,Examen spécial de dépistage de tumeur du sein (Z12.3),non
GM2026-V-XXI-14,Z12.9,interdit,ANS,"examens relatifs à la grossesse et à la reproduction (Z30-Z36)  (Z39.-)
",non
GM2026-V-XXI-14,Z12.9,interdit,CIM-10,examens relatifs à la grossesse et à la reproduction,non
GM2026-V-XXI-14,Z13.0,interdit,ANS,"examens relatifs à la grossesse et à la reproduction (Z30-Z36)  (Z39.-)
",non
GM2026-V-XXI-14,Z13.0,interdit,CIM-10,examens relatifs à la grossesse et à la reproduction,non
GM2026-V-XXI-14,Z13.1,interdit,ANS,"examens relatifs à la grossesse et à la reproduction (Z30-Z36)  (Z39.-)
",non
GM2026-V-XXI-14,Z13.1,interdit,CIM-10,examens relatifs à la grossesse et à la reproduction,non
GM2026-V-XXI-14,Z13.2,interdit,ANS,"examens relatifs à la grossesse et à la reproduction (Z30-Z36)  (Z39.-)
",non
GM2026-V-XXI-14,Z13.2,interdit,CIM-10,examens relatifs à la grossesse et à la reproduction,non
GM2026-V-XXI-14,Z13.3,interdit,ANS,"examens relatifs à la grossesse et à la reproduction (Z30-Z36)  (Z39.-)
",non
GM2026-V-XXI-14,Z13.3,interdit,CIM-10,examens relatifs à la grossesse et à la reproduction,non
GM2026-V-XXI-14,Z13.4,interdit,ANS,"examen de routine pendant la croissance du nourrisson ou de l'enfant (Z00.1)
",non
GM2026-V-XXI-14,Z13.4,interdit,ANS,"examens relatifs à la grossesse et à la reproduction (Z30-Z36)  (Z39.-)
",non
GM2026-V-XXI-14,Z13.4,interdit,CIM-10,examen de routine pendant la croissance du nourrisson ou de l'enfant,non
GM2026-V-XXI-14,Z13.4,interdit,CIM-10,examens relatifs à la grossesse et à la reproduction,non
GM2026-V-XXI-14,Z13.50,interdit,ANS,"examens relatifs à la grossesse et à la reproduction (Z30-Z36)  (Z39.-)
",non
GM2026-V-XXI-14,Z13.50,interdit,CIM-10,examens relatifs à la grossesse et à la reproduction,non
GM2026-V-XXI-14,Z13.51,interdit,ANS,"examens relatifs à la grossesse et à la reproduction (Z30-Z36)  (Z39.-)
",non
GM2026-V-XXI-14,Z13.51,interdit,CIM-10,examens relatifs à la grossesse et à la reproduction,non
GM2026-V-XXI-14,Z13.6,interdit,ANS,"examens relatifs à la grossesse et à la reproduction (Z30-Z36)  (Z39.-)
",non
GM2026-V-XXI-14,Z13.6,interdit,CIM-10,examens relatifs à la grossesse et à la reproduction,non
GM2026-V-XXI-14,Z13.7,interdit,ANS,"examens relatifs à la grossesse et à la reproduction (Z30-Z36)  (Z39.-)
",non
GM2026-V-XXI-14,Z13.7,interdit,CIM-10,examens relatifs à la grossesse et à la reproduction,non
GM2026-V-XXI-14,Z13.8,interdit,ANS,"diabète sucré (Z13.1)
",non
GM2026-V-XXI-14,Z13.8,interdit,ANS,"examens relatifs à la grossesse et à la reproduction (Z30-Z36)  (Z39.-)
",non
GM2026-V-XXI-14,Z13.8,interdit,CIM-10,diabète sucré,non
GM2026-V-XXI-14,Z13.8,interdit,CIM-10,examens relatifs à la grossesse et à la reproduction,non
GM2026-V-XXI-14,Z13.8,interdit,CIM-10 frères,Examen spécial de dépistage de certains troubles du développement de l'enfance (Z13.4),non
GM2026-V-XXI-14,Z13.8,interdit,CIM-10 frères,Examen spécial de dépistage de diabète sucré (Z13.1),non
GM2026-V-XXI-14,Z13.8,interdit,CIM-10 frères,"Examen spécial de dépistage de maladies du sang, des organes hématopoïétiques et de certains troubles du système immunitaire (Z13.0)",non
GM2026-V-XXI-14,Z13.8,interdit,CIM-10 frères,Examen spécial de dépistage des affections cardiovasculaires (Z13.6),non
GM2026-V-XXI-14,Z13.8,interdit,CIM-10 frères,Examen spécial de dépistage des affections des yeux et des oreilles (Z13.5),non
GM2026-V-XXI-14,Z13.8,interdit,CIM-10 frères,Examen spécial de dépistage des malformations congénitales et anomalies chromosomiques (Z13.7),non
GM2026-V-XXI-14,Z13.8,interdit,CIM-10 frères,Examen spécial de dépistage des troubles de la nutrition (Z13.2),non
GM2026-V-XXI-14,Z13.8,interdit,CIM-10 frères,Examen spécial de dépistage des troubles mentaux et du comportement (Z13.3),non
GM2026-V-XXI-14,Z13.9,interdit,ANS,"examens relatifs à la grossesse et à la reproduction (Z30-Z36)  (Z39.-)
",non
GM2026-V-XXI-14,Z13.9,interdit,CIM-10,examens relatifs à la grossesse et à la reproduction,non
GM2026-V-XXI-17,B20.0,interdit_association,ANS,"certaines infections localisées – voir les chapitres relatifs aux divers systèmes, appareils et organes
grippe et autres affections aigües des voies respiratoires (J00-J22)
infections spécifiques de la période périnatale [à l'exception du tétanos du nouveau-né, de la coqueluche, de la syphilis congénitale, des infections périnatales à gonocoques et des maladies périnatales dues au virus de l'immunodéficience humaine [VIH]] (P35-P39)
maladies infectieuses et parasitaires de la mère compliquant la grossesse, l'accouchement et la puerpéralité [à l'exception du tétanos obstétrical] (O98.-)
sujet porteur ou suspecté porteur d'une maladie infectieuse (Z22.-)
",non
GM2026-V-XXI-17,B20.0,interdit_association,ANS,"infection asymptomatique par le virus de l'immunodéficience humaine [VIH] (Z21)
infection compliquant la grossesse, l’accouchement et la puerpéralité (O98.7)
",oui
GM2026-V-XXI-17,B20.0,interdit_association,ANS,"syndrome d'infection aigüe par VIH (B23.0)
",oui
GM2026-V-XXI-17,B20.0,interdit_association,CIM-10,infection asymptomatique par le virus de l'immunodéficience humaine [VIH],non
GM2026-V-XXI-17,B20.0,interdit_association,CIM-10,syndrome d'infection aiguë par VIH,non
GM2026-V-XXI-17,B20.1,interdit_association,ANS,"certaines infections localisées – voir les chapitres relatifs aux divers systèmes, appareils et organes
grippe et autres affections aigües des voies respiratoires (J00-J22)
infections spécifiques de la période périnatale [à l'exception du tétanos du nouveau-né, de la coqueluche, de la syphilis congénitale, des infections périnatales à gonocoques et des maladies périnatales dues au virus de l'immunodéficience humaine [VIH]] (P35-P39)
maladies infectieuses et parasitaires de la mère compliquant la grossesse, l'accouchement et la puerpéralité [à l'exception du tétanos obstétrical] (O98.-)
sujet porteur ou suspecté porteur d'une maladie infectieuse (Z22.-)
",non
GM2026-V-XXI-17,B20.1,interdit_association,ANS,"infection asymptomatique par le virus de l'immunodéficience humaine [VIH] (Z21)
infection compliquant la grossesse, l’accouchement et la puerpéralité (O98.7)
",oui
GM2026-V-XXI-17,B20.1,interdit_association,ANS,"syndrome d'infection aigüe par VIH (B23.0)
",oui
GM2026-V-XXI-17,B20.1,interdit_association,CIM-10,infection asymptomatique par le virus de l'immunodéficience humaine [VIH],non
GM2026-V-XXI-17,B20.1,interdit_association,CIM-10,syndrome d'infection aiguë par VIH,non
GM2026-V-XXI-17,B20.2,interdit_association,ANS,"certaines infections localisées – voir les chapitres relatifs aux divers systèmes, appareils et organes
grippe et autres affections aigües des voies respiratoires (J00-J22)
infections spécifiques de la période périnatale [à l'exception du tétanos du nouveau-né, de la coqueluche, de la syphilis congénitale, des infections périnatales à gonocoques et des maladies périnatales dues au virus de l'immunodéficience humaine [VIH]] (P35-P39)
maladies infectieuses et parasitaires de la mère compliquant la grossesse, l'accouchement et la puerpéralité [à l'exception du tétanos obstétrical] (O98.-)
sujet porteur ou suspecté porteur d'une maladie infectieuse (Z22.-)
",non
GM2026-V-XXI-17,B20.2,interdit_association,ANS,"infection asymptomatique par le virus de l'immunodéficience humaine [VIH] (Z21)
infection compliquant la grossesse, l’accouchement et la puerpéralité (O98.7)
",oui
GM2026-V-XXI-17,B20.2,interdit_association,ANS,"syndrome d'infection aigüe par VIH (B23.0)
",oui
GM2026-V-XXI-17,B20.2,interdit_association,CIM-10,infection asymptomatique par le virus de l'immunodéficience humaine [VIH],non
GM2026-V-XXI-17,B20.2,interdit_association,CIM-10,syndrome d'infection aiguë par VIH,non
GM2026-V-XXI-17,B20.3,interdit_association,ANS,"certaines infections localisées – voir les chapitres relatifs aux divers systèmes, appareils et organes
grippe et autres affections aigües des voies respiratoires (J00-J22)
infections spécifiques de la période périnatale [à l'exception du tétanos du nouveau-né, de la coqueluche, de la syphilis congénitale, des infections périnatales à gonocoques et des maladies périnatales dues au virus de l'immunodéficience humaine [VIH]] (P35-P39)
maladies infectieuses et parasitaires de la mère compliquant la grossesse, l'accouchement et la puerpéralité [à l'exception du tétanos obstétrical] (O98.-)
sujet porteur ou suspecté porteur d'une maladie infectieuse (Z22.-)
",non
GM2026-V-XXI-17,B20.3,interdit_association,ANS,"infection asymptomatique par le virus de l'immunodéficience humaine [VIH] (Z21)
infection compliquant la grossesse, l’accouchement et la puerpéralité (O98.7)
",oui
GM2026-V-XXI-17,B20.3,interdit_association,ANS,"syndrome d'infection aigüe par VIH (B23.0)
",oui
GM2026-V-XXI-17,B20.3,interdit_association,CIM-10,infection asymptomatique par le virus de l'immunodéficience humaine [VIH],non
GM2026-V-XXI-17,B20.3,interdit_association,CIM-10,syndrome d'infection aiguë par VIH,non
GM2026-V-XXI-17,B20.4,interdit_association,ANS,"certaines infections localisées – voir les chapitres relatifs aux divers systèmes, appareils et organes
grippe et autres affections aigües des voies respiratoires (J00-J22)
infections spécifiques de la période périnatale [à l'exception du tétanos du nouveau-né, de la coqueluche, de la syphilis congénitale, des infections périnatales à gonocoques et des maladies périnatales dues au virus de l'immunodéficience humaine [VIH]] (P35-P39)
maladies infectieuses et parasitaires de la mère compliquant la grossesse, l'accouchement et la puerpéralité [à l'exception du tétanos obstétrical] (O98.-)
sujet porteur ou suspecté porteur d'une maladie infectieuse (Z22.-)
",non
GM2026-V-XXI-17,B20.4,interdit_association,ANS,"infection asymptomatique par le virus de l'immunodéficience humaine [VIH] (Z21)
infection compliquant la grossesse, l’accouchement et la puerpéralité (O98.7)
",oui
GM2026-V-XXI-17,B20.4,interdit_association,ANS,"syndrome d'infection aigüe par VIH (B23.0)
",oui
GM2026-V-XXI-17,B20.4,interdit_association,CIM-10,infection asymptomatique par le virus de l'immunodéficience humaine [VIH],non
GM2026-V-XXI-17,B20.4,interdit_association,CIM-10,syndrome d'infection aiguë par VIH,non
GM2026-V-XXI-17,B20.5,interdit_association,ANS,"certaines infections localisées – voir les chapitres relatifs aux divers systèmes, appareils et organes
grippe et autres affections aigües des voies respiratoires (J00-J22)
infections spécifiques de la période périnatale [à l'exception du tétanos du nouveau-né, de la coqueluche, de la syphilis congénitale, des infections périnatales à gonocoques et des maladies périnatales dues au virus de l'immunodéficience humaine [VIH]] (P35-P39)
maladies infectieuses et parasitaires de la mère compliquant la grossesse, l'accouchement et la puerpéralité [à l'exception du tétanos obstétrical] (O98.-)
sujet porteur ou suspecté porteur d'une maladie infectieuse (Z22.-)
",non
GM2026-V-XXI-17,B20.5,interdit_association,ANS,"infection asymptomatique par le virus de l'immunodéficience humaine [VIH] (Z21)
infection compliquant la grossesse, l’accouchement et la puerpéralité (O98.7)
",oui
GM2026-V-XXI-17,B20.5,interdit_association,ANS,"syndrome d'infection aigüe par VIH (B23.0)
",oui
GM2026-V-XXI-17,B20.5,interdit_association,CIM-10,infection asymptomatique par le virus de l'immunodéficience humaine [VIH],non
GM2026-V-XXI-17,B20.5,interdit_association,CIM-10,syndrome d'infection aiguë par VIH,non
GM2026-V-XXI-17,B20.6,interdit_association,ANS,"certaines infections localisées – voir les chapitres relatifs aux divers systèmes, appareils et organes
grippe et autres affections aigües des voies respiratoires (J00-J22)
infections spécifiques de la période périnatale [à l'exception du tétanos du nouveau-né, de la coqueluche, de la syphilis congénitale, des infections périnatales à gonocoques et des maladies périnatales dues au virus de l'immunodéficience humaine [VIH]] (P35-P39)
maladies infectieuses et parasitaires de la mère compliquant la grossesse, l'accouchement et la puerpéralité [à l'exception du tétanos obstétrical] (O98.-)
sujet porteur ou suspecté porteur d'une maladie infectieuse (Z22.-)
",non
GM2026-V-XXI-17,B20.6,interdit_association,ANS,"infection asymptomatique par le virus de l'immunodéficience humaine [VIH] (Z21)
infection compliquant la grossesse, l’accouchement et la puerpéralité (O98.7)
",oui
GM2026-V-XXI-17,B20.6,interdit_association,ANS,"syndrome d'infection aigüe par VIH (B23.0)
",oui
GM2026-V-XXI-17,B20.6,interdit_association,CIM-10,infection asymptomatique par le virus de l'immunodéficience humaine [VIH],non
GM2026-V-XXI-17,B20.6,interdit_association,CIM-10,syndrome d'infection aiguë par VIH,non
GM2026-V-XXI-17,B20.7,interdit_association,ANS,"certaines infections localisées – voir les chapitres relatifs aux divers systèmes, appareils et organes
grippe et autres affections aigües des voies respiratoires (J00-J22)
infections spécifiques de la période périnatale [à l'exception du tétanos du nouveau-né, de la coqueluche, de la syphilis congénitale, des infections périnatales à gonocoques et des maladies périnatales dues au virus de l'immunodéficience humaine [VIH]] (P35-P39)
maladies infectieuses et parasitaires de la mère compliquant la grossesse, l'accouchement et la puerpéralité [à l'exception du tétanos obstétrical] (O98.-)
sujet porteur ou suspecté porteur d'une maladie infectieuse (Z22.-)
",non
GM2026-V-XXI-17,B20.7,interdit_association,ANS,"infection asymptomatique par le virus de l'immunodéficience humaine [VIH] (Z21)
infection compliquant la grossesse, l’accouchement et la puerpéralité (O98.7)
",oui
GM2026-V-XXI-17,B20.7,interdit_association,ANS,"syndrome d'infection aigüe par VIH (B23.0)
",oui
GM2026-V-XXI-17,B20.7,interdit_association,CIM-10,infection asymptomatique par le virus de l'immunodéficience humaine [VIH],non
GM2026-V-XXI-17,B20.7,interdit_association,CIM-10,syndrome d'infection aiguë par VIH,non
GM2026-V-XXI-17,B20.8,interdit_association,ANS,"certaines infections localisées – voir les chapitres relatifs aux divers systèmes, appareils et organes
grippe et autres affections aigües des voies respiratoires (J00-J22)
infections spécifiques de la période périnatale [à l'exception du tétanos du nouveau-né, de la coqueluche, de la syphilis congénitale, des infections périnatales à gonocoques et des maladies périnatales dues au virus de l'immunodéficience humaine [VIH]] (P35-P39)
maladies infectieuses et parasitaires de la mère compliquant la grossesse, l'accouchement et la puerpéralité [à l'exception du tétanos obstétrical] (O98.-)
sujet porteur ou suspecté porteur d'une maladie infectieuse (Z22.-)
",non
GM2026-V-XXI-17,B20.8,interdit_association,ANS,"infection asymptomatique par le virus de l'immunodéficience humaine [VIH] (Z21)
infection compliquant la grossesse, l’accouchement et la puerpéralité (O98.7)
",oui
GM2026-V-XXI-17,B20.8,interdit_association,ANS,"syndrome d'infection aigüe par VIH (B23.0)
",oui
GM2026-V-XXI-17,B20.8,interdit_association,CIM-10,infection asymptomatique par le virus de l'immunodéficience humaine [VIH],non
GM2026-V-XXI-17,B20.8,interdit_association,CIM-10,syndrome d'infection aiguë par VIH,non
GM2026-V-XXI-17,B20.8,interdit_association,CIM-10 frères,Maladie par VIH à l'origine d'autres infections bactériennes (B20.1),non
GM2026-V-XXI-17,B20.8,interdit_association,CIM-10 frères,Maladie par VIH à l'origine d'autres infections virales (B20.3),non
GM2026-V-XXI-17,B20.8,interdit_association,CIM-10 frères,Maladie par VIH à l'origine d'autres mycoses (B20.5),non
GM2026-V-XXI-17,B20.8,interdit_association,CIM-10 frères,Maladie par VIH à l'origine d'infections multiples (B20.7),non
GM2026-V-XXI-17,B20.8,interdit_association,CIM-10 frères,Maladie par VIH à l'origine d'infections à cytomégalovirus (B20.2),non
GM2026-V-XXI-17,B20.8,interdit_association,CIM-10 frères,Maladie par VIH à l'origine d'une infection mycobactérienne (B20.0),non
GM2026-V-XXI-17,B20.8,interdit_association,CIM-10 frères,Maladie par VIH à l'origine de candidose (B20.4),non
GM2026-V-XXI-17,B20.8,interdit_association,CIM-10 frères,Maladie par VIH à l'origine de pneumopathie à Pneumocystis carinii (B20.6),non
GM2026-V-XXI-17,B20.9,interdit_association,ANS,"certaines infections localisées – voir les chapitres relatifs aux divers systèmes, appareils et organes
grippe et autres affections aigües des voies respiratoires (J00-J22)
infections spécifiques de la période périnatale [à l'exception du tétanos du nouveau-né, de la coqueluche, de la syphilis congénitale, des infections périnatales à gonocoques et des maladies périnatales dues au virus de l'immunodéficience humaine [VIH]] (P35-P39)
maladies infectieuses et parasitaires de la mère compliquant la grossesse, l'accouchement et la puerpéralité [à l'exception du tétanos obstétrical] (O98.-)
sujet porteur ou suspecté porteur d'une maladie infectieuse (Z22.-)
",non
GM2026-V-XXI-17,B20.9,interdit_association,ANS,"infection asymptomatique par le virus de l'immunodéficience humaine [VIH] (Z21)
infection compliquant la grossesse, l’accouchement et la puerpéralité (O98.7)
",oui
GM2026-V-XXI-17,B20.9,interdit_association,ANS,"syndrome d'infection aigüe par VIH (B23.0)
",oui
GM2026-V-XXI-17,B20.9,interdit_association,CIM-10,infection asymptomatique par le virus de l'immunodéficience humaine [VIH],non
GM2026-V-XXI-17,B20.9,interdit_association,CIM-10,syndrome d'infection aiguë par VIH,non
GM2026-V-XXI-17,B21.0,interdit_association,ANS,"certaines infections localisées – voir les chapitres relatifs aux divers systèmes, appareils et organes
grippe et autres affections aigües des voies respiratoires (J00-J22)
infections spécifiques de la période périnatale [à l'exception du tétanos du nouveau-né, de la coqueluche, de la syphilis congénitale, des infections périnatales à gonocoques et des maladies périnatales dues au virus de l'immunodéficience humaine [VIH]] (P35-P39)
maladies infectieuses et parasitaires de la mère compliquant la grossesse, l'accouchement et la puerpéralité [à l'exception du tétanos obstétrical] (O98.-)
sujet porteur ou suspecté porteur d'une maladie infectieuse (Z22.-)
",non
GM2026-V-XXI-17,B21.0,interdit_association,ANS,"infection asymptomatique par le virus de l'immunodéficience humaine [VIH] (Z21)
infection compliquant la grossesse, l’accouchement et la puerpéralité (O98.7)
",oui
GM2026-V-XXI-17,B21.0,interdit_association,CIM-10,infection asymptomatique par le virus de l'immunodéficience humaine [VIH],non
GM2026-V-XXI-17,B21.1,interdit_association,ANS,"certaines infections localisées – voir les chapitres relatifs aux divers systèmes, appareils et organes
grippe et autres affections aigües des voies respiratoires (J00-J22)
infections spécifiques de la période périnatale [à l'exception du tétanos du nouveau-né, de la coqueluche, de la syphilis congénitale, des infections périnatales à gonocoques et des maladies périnatales dues au virus de l'immunodéficience humaine [VIH]] (P35-P39)
maladies infectieuses et parasitaires de la mère compliquant la grossesse, l'accouchement et la puerpéralité [à l'exception du tétanos obstétrical] (O98.-)
sujet porteur ou suspecté porteur d'une maladie infectieuse (Z22.-)
",non
GM2026-V-XXI-17,B21.1,interdit_association,ANS,"infection asymptomatique par le virus de l'immunodéficience humaine [VIH] (Z21)
infection compliquant la grossesse, l’accouchement et la puerpéralité (O98.7)
",oui
GM2026-V-XXI-17,B21.1,interdit_association,CIM-10,infection asymptomatique par le virus de l'immunodéficience humaine [VIH],non
GM2026-V-XXI-17,B21.2,interdit_association,ANS,"certaines infections localisées – voir les chapitres relatifs aux divers systèmes, appareils et organes
grippe et autres affections aigües des voies respiratoires (J00-J22)
infections spécifiques de la période périnatale [à l'exception du tétanos du nouveau-né, de la coqueluche, de la syphilis congénitale, des infections périnatales à gonocoques et des maladies périnatales dues au virus de l'immunodéficience humaine [VIH]] (P35-P39)
maladies infectieuses et parasitaires de la mère compliquant la grossesse, l'accouchement et la puerpéralité [à l'exception du tétanos obstétrical] (O98.-)
sujet porteur ou suspecté porteur d'une maladie infectieuse (Z22.-)
",non
GM2026-V-XXI-17,B21.2,interdit_association,ANS,"infection asymptomatique par le virus de l'immunodéficience humaine [VIH] (Z21)
infection compliquant la grossesse, l’accouchement et la puerpéralité (O98.7)
",oui
GM2026-V-XXI-17,B21.2,interdit_association,CIM-10,infection asymptomatique par le virus de l'immunodéficience humaine [VIH],non
GM2026-V-XXI-17,B21.3,interdit_association,ANS,"certaines infections localisées – voir les chapitres relatifs aux divers systèmes, appareils et organes
grippe et autres affections aigües des voies respiratoires (J00-J22)
infections spécifiques de la période périnatale [à l'exception du tétanos du nouveau-né, de la coqueluche, de la syphilis congénitale, des infections périnatales à gonocoques et des maladies périnatales dues au virus de l'immunodéficience humaine [VIH]] (P35-P39)
maladies infectieuses et parasitaires de la mère compliquant la grossesse, l'accouchement et la puerpéralité [à l'exception du tétanos obstétrical] (O98.-)
sujet porteur ou suspecté porteur d'une maladie infectieuse (Z22.-)
",non
GM2026-V-XXI-17,B21.3,interdit_association,ANS,"infection asymptomatique par le virus de l'immunodéficience humaine [VIH] (Z21)
infection compliquant la grossesse, l’accouchement et la puerpéralité (O98.7)
",oui
GM2026-V-XXI-17,B21.3,interdit_association,CIM-10,infection asymptomatique par le virus de l'immunodéficience humaine [VIH],non
GM2026-V-XXI-17,B21.7,interdit_association,ANS,"certaines infections localisées – voir les chapitres relatifs aux divers systèmes, appareils et organes
grippe et autres affections aigües des voies respiratoires (J00-J22)
infections spécifiques de la période périnatale [à l'exception du tétanos du nouveau-né, de la coqueluche, de la syphilis congénitale, des infections périnatales à gonocoques et des maladies périnatales dues au virus de l'immunodéficience humaine [VIH]] (P35-P39)
maladies infectieuses et parasitaires de la mère compliquant la grossesse, l'accouchement et la puerpéralité [à l'exception du tétanos obstétrical] (O98.-)
sujet porteur ou suspecté porteur d'une maladie infectieuse (Z22.-)
",non
GM2026-V-XXI-17,B21.7,interdit_association,ANS,"infection asymptomatique par le virus de l'immunodéficience humaine [VIH] (Z21)
infection compliquant la grossesse, l’accouchement et la puerpéralité (O98.7)
",oui
GM2026-V-XXI-17,B21.7,interdit_association,CIM-10,infection asymptomatique par le virus de l'immunodéficience humaine [VIH],non
GM2026-V-XXI-17,B21.8,interdit_association,ANS,"certaines infections localisées – voir les chapitres relatifs aux divers systèmes, appareils et organes
grippe et autres affections aigües des voies respiratoires (J00-J22)
infections spécifiques de la période périnatale [à l'exception du tétanos du nouveau-né, de la coqueluche, de la syphilis congénitale, des infections périnatales à gonocoques et des maladies périnatales dues au virus de l'immunodéficience humaine [VIH]] (P35-P39)
maladies infectieuses et parasitaires de la mère compliquant la grossesse, l'accouchement et la puerpéralité [à l'exception du tétanos obstétrical] (O98.-)
sujet porteur ou suspecté porteur d'une maladie infectieuse (Z22.-)
",non
GM2026-V-XXI-17,B21.8,interdit_association,ANS,"infection asymptomatique par le virus de l'immunodéficience humaine [VIH] (Z21)
infection compliquant la grossesse, l’accouchement et la puerpéralité (O98.7)
",oui
GM2026-V-XXI-17,B21.8,interdit_association,CIM-10,infection asymptomatique par le virus de l'immunodéficience humaine [VIH],non
GM2026-V-XXI-17,B21.8,interdit_association,CIM-10 frères,Maladie par VIH à l'origine d'autres lymphomes non hodgkiniens (B21.2),non
GM2026-V-XXI-17,B21.8,interdit_association,CIM-10 frères,"Maladie par VIH à l'origine d'autres tumeurs malignes des tissus lymphoïde, hématopoïétique et apparentés (B21.3)",non
GM2026-V-XXI-17,B21.8,interdit_association,CIM-10 frères,Maladie par VIH à l'origine d'un lymphome de Burkitt (B21.1),non
GM2026-V-XXI-17,B21.8,interdit_association,CIM-10 frères,Maladie par VIH à l'origine d'un sarcome de Kaposi (B21.0),non
GM2026-V-XXI-17,B21.8,interdit_association,CIM-10 frères,Maladie par VIH à l'origine de tumeurs malignes multiples (B21.7),non
GM2026-V-XXI-17,B21.9,interdit_association,ANS,"certaines infections localisées – voir les chapitres relatifs aux divers systèmes, appareils et organes
grippe et autres affections aigües des voies respiratoires (J00-J22)
infections spécifiques de la période périnatale [à l'exception du tétanos du nouveau-né, de la coqueluche, de la syphilis congénitale, des infections périnatales à gonocoques et des maladies périnatales dues au virus de l'immunodéficience humaine [VIH]] (P35-P39)
maladies infectieuses et parasitaires de la mère compliquant la grossesse, l'accouchement et la puerpéralité [à l'exception du tétanos obstétrical] (O98.-)
sujet porteur ou suspecté porteur d'une maladie infectieuse (Z22.-)
",non
GM2026-V-XXI-17,B21.9,interdit_association,ANS,"infection asymptomatique par le virus de l'immunodéficience humaine [VIH] (Z21)
infection compliquant la grossesse, l’accouchement et la puerpéralité (O98.7)
",oui
GM2026-V-XXI-17,B21.9,interdit_association,CIM-10,infection asymptomatique par le virus de l'immunodéficience humaine [VIH],non
GM2026-V-XXI-17,B22.0,interdit_association,ANS,"certaines infections localisées – voir les chapitres relatifs aux divers systèmes, appareils et organes
grippe et autres affections aigües des voies respiratoires (J00-J22)
infections spécifiques de la période périnatale [à l'exception du tétanos du nouveau-né, de la coqueluche, de la syphilis congénitale, des infections périnatales à gonocoques et des maladies périnatales dues au virus de l'immunodéficience humaine [VIH]] (P35-P39)
maladies infectieuses et parasitaires de la mère compliquant la grossesse, l'accouchement et la puerpéralité [à l'exception du tétanos obstétrical] (O98.-)
sujet porteur ou suspecté porteur d'une maladie infectieuse (Z22.-)
",non
GM2026-V-XXI-17,B22.0,interdit_association,ANS,"infection asymptomatique par le virus de l'immunodéficience humaine [VIH] (Z21)
infection compliquant la grossesse, l’accouchement et la puerpéralité (O98.7)
",oui
GM2026-V-XXI-17,B22.0,interdit_association,CIM-10,infection asymptomatique par le virus de l'immunodéficience humaine [VIH],non
GM2026-V-XXI-17,B22.1,interdit_association,ANS,"certaines infections localisées – voir les chapitres relatifs aux divers systèmes, appareils et organes
grippe et autres affections aigües des voies respiratoires (J00-J22)
infections spécifiques de la période périnatale [à l'exception du tétanos du nouveau-né, de la coqueluche, de la syphilis congénitale, des infections périnatales à gonocoques et des maladies périnatales dues au virus de l'immunodéficience humaine [VIH]] (P35-P39)
maladies infectieuses et parasitaires de la mère compliquant la grossesse, l'accouchement et la puerpéralité [à l'exception du tétanos obstétrical] (O98.-)
sujet porteur ou suspecté porteur d'une maladie infectieuse (Z22.-)
",non
GM2026-V-XXI-17,B22.1,interdit_association,ANS,"infection asymptomatique par le virus de l'immunodéficience humaine [VIH] (Z21)
infection compliquant la grossesse, l’accouchement et la puerpéralité (O98.7)
",oui
GM2026-V-XXI-17,B22.1,interdit_association,CIM-10,infection asymptomatique par le virus de l'immunodéficience humaine [VIH],non
GM2026-V-XXI-17,B22.2,interdit_association,ANS,"certaines infections localisées – voir les chapitres relatifs aux divers systèmes, appareils et organes
grippe et autres affections aigües des voies respiratoires (J00-J22)
infections spécifiques de la période périnatale [à l'exception du tétanos du nouveau-né, de la coqueluche, de la syphilis congénitale, des infections périnatales à gonocoques et des maladies périnatales dues au virus de l'immunodéficience humaine [VIH]] (P35-P39)
maladies infectieuses et parasitaires de la mère compliquant la grossesse, l'accouchement et la puerpéralité [à l'exception du tétanos obstétrical] (O98.-)
sujet porteur ou suspecté porteur d'une maladie infectieuse (Z22.-)
",non
GM2026-V-XXI-17,B22.2,interdit_association,ANS,"infection asymptomatique par le virus de l'immunodéficience humaine [VIH] (Z21)
infection compliquant la grossesse, l’accouchement et la puerpéralité (O98.7)
",oui
GM2026-V-XXI-17,B22.2,interdit_association,CIM-10,infection asymptomatique par le virus de l'immunodéficience humaine [VIH],non
GM2026-V-XXI-17,B22.7,interdit_association,ANS,"certaines infections localisées – voir les chapitres relatifs aux divers systèmes, appareils et organes
grippe et autres affections aigües des voies respiratoires (J00-J22)
infections spécifiques de la période périnatale [à l'exception du tétanos du nouveau-né, de la coqueluche, de la syphilis congénitale, des infections périnatales à gonocoques et des maladies périnatales dues au virus de l'immunodéficience humaine [VIH]] (P35-P39)
maladies infectieuses et parasitaires de la mère compliquant la grossesse, l'accouchement et la puerpéralité [à l'exception du tétanos obstétrical] (O98.-)
sujet porteur ou suspecté porteur d'une maladie infectieuse (Z22.-)
",non
GM2026-V-XXI-17,B22.7,interdit_association,ANS,"infection asymptomatique par le virus de l'immunodéficience humaine [VIH] (Z21)
infection compliquant la grossesse, l’accouchement et la puerpéralité (O98.7)
",oui
GM2026-V-XXI-17,B22.7,interdit_association,CIM-10,infection asymptomatique par le virus de l'immunodéficience humaine [VIH],non
GM2026-V-XXI-17,B23.0,interdit_association,ANS,"certaines infections localisées – voir les chapitres relatifs aux divers systèmes, appareils et organes
grippe et autres affections aigües des voies respiratoires (J00-J22)
infections spécifiques de la période périnatale [à l'exception du tétanos du nouveau-né, de la coqueluche, de la syphilis congénitale, des infections périnatales à gonocoques et des maladies périnatales dues au virus de l'immunodéficience humaine [VIH]] (P35-P39)
maladies infectieuses et parasitaires de la mère compliquant la grossesse, l'accouchement et la puerpéralité [à l'exception du tétanos obstétrical] (O98.-)
sujet porteur ou suspecté porteur d'une maladie infectieuse (Z22.-)
",non
GM2026-V-XXI-17,B23.0,interdit_association,ANS,"infection asymptomatique par le virus de l'immunodéficience humaine [VIH] (Z21)
infection compliquant la grossesse, l’accouchement et la puerpéralité (O98.7)
",oui
GM2026-V-XXI-17,B23.0,interdit_association,CIM-10,infection asymptomatique par le virus de l'immunodéficience humaine [VIH],non
GM2026-V-XXI-17,B23.1,interdit_association,ANS,"certaines infections localisées – voir les chapitres relatifs aux divers systèmes, appareils et organes
grippe et autres affections aigües des voies respiratoires (J00-J22)
infections spécifiques de la période périnatale [à l'exception du tétanos du nouveau-né, de la coqueluche, de la syphilis congénitale, des infections périnatales à gonocoques et des maladies périnatales dues au virus de l'immunodéficience humaine [VIH]] (P35-P39)
maladies infectieuses et parasitaires de la mère compliquant la grossesse, l'accouchement et la puerpéralité [à l'exception du tétanos obstétrical] (O98.-)
sujet porteur ou suspecté porteur d'une maladie infectieuse (Z22.-)
",non
GM2026-V-XXI-17,B23.1,interdit_association,ANS,"infection asymptomatique par le virus de l'immunodéficience humaine [VIH] (Z21)
infection compliquant la grossesse, l’accouchement et la puerpéralité (O98.7)
",oui
GM2026-V-XXI-17,B23.1,interdit_association,CIM-10,infection asymptomatique par le virus de l'immunodéficience humaine [VIH],non
GM2026-V-XXI-17,B23.2,interdit_association,ANS,"certaines infections localisées – voir les chapitres relatifs aux divers systèmes, appareils et organes
grippe et autres affections aigües des voies respiratoires (J00-J22)
infections spécifiques de la période périnatale [à l'exception du tétanos du nouveau-né, de la coqueluche, de la syphilis congénitale, des infections périnatales à gonocoques et des maladies périnatales dues au virus de l'immunodéficience humaine [VIH]] (P35-P39)
maladies infectieuses et parasitaires de la mère compliquant la grossesse, l'accouchement et la puerpéralité [à l'exception du tétanos obstétrical] (O98.-)
sujet porteur ou suspecté porteur d'une maladie infectieuse (Z22.-)
",non
GM2026-V-XXI-17,B23.2,interdit_association,ANS,"infection asymptomatique par le virus de l'immunodéficience humaine [VIH] (Z21)
infection compliquant la grossesse, l’accouchement et la puerpéralité (O98.7)
",oui
GM2026-V-XXI-17,B23.2,interdit_association,CIM-10,infection asymptomatique par le virus de l'immunodéficience humaine [VIH],non
GM2026-V-XXI-17,B23.8,interdit_association,ANS,"certaines infections localisées – voir les chapitres relatifs aux divers systèmes, appareils et organes
grippe et autres affections aigües des voies respiratoires (J00-J22)
infections spécifiques de la période périnatale [à l'exception du tétanos du nouveau-né, de la coqueluche, de la syphilis congénitale, des infections périnatales à gonocoques et des maladies périnatales dues au virus de l'immunodéficience humaine [VIH]] (P35-P39)
maladies infectieuses et parasitaires de la mère compliquant la grossesse, l'accouchement et la puerpéralité [à l'exception du tétanos obstétrical] (O98.-)
sujet porteur ou suspecté porteur d'une maladie infectieuse (Z22.-)
",non
GM2026-V-XXI-17,B23.8,interdit_association,ANS,"infection asymptomatique par le virus de l'immunodéficience humaine [VIH] (Z21)
infection compliquant la grossesse, l’accouchement et la puerpéralité (O98.7)
",oui
GM2026-V-XXI-17,B23.8,interdit_association,CIM-10,infection asymptomatique par le virus de l'immunodéficience humaine [VIH],non
GM2026-V-XXI-17,B23.8,interdit_association,CIM-10 frères,Maladie par VIH à l'origine d'adénopathies généralisées (persistantes) (B23.1),non
GM2026-V-XXI-17,B23.8,interdit_association,CIM-10 frères,"Maladie par VIH à l'origine d'anomalies hématologiques et immunologiques, non classées ailleurs (B23.2)",non
GM2026-V-XXI-17,B23.8,interdit_association,CIM-10 frères,Syndrome d'infection aigüe par VIH (B23.0),non
GM2026-V-XXI-17,B24.+0,interdit_association,ANS,"certaines infections localisées – voir les chapitres relatifs aux divers systèmes, appareils et organes
grippe et autres affections aigües des voies respiratoires (J00-J22)
infections spécifiques de la période périnatale [à l'exception du tétanos du nouveau-né, de la coqueluche, de la syphilis congénitale, des infections périnatales à gonocoques et des maladies périnatales dues au virus de l'immunodéficience humaine [VIH]] (P35-P39)
maladies infectieuses et parasitaires de la mère compliquant la grossesse, l'accouchement et la puerpéralité [à l'exception du tétanos obstétrical] (O98.-)
sujet porteur ou suspecté porteur d'une maladie infectieuse (Z22.-)
",non
GM2026-V-XXI-17,B24.+0,interdit_association,ANS,"infection asymptomatique par le virus de l'immunodéficience humaine [VIH] (Z21)
infection compliquant la grossesse, l’accouchement et la puerpéralité (O98.7)
",oui
GM2026-V-XXI-17,B24.+0,interdit_association,CIM-10,infection asymptomatique par le virus de l'immunodéficience humaine [VIH],non
GM2026-V-XXI-17,B24.+1,interdit_association,ANS,"certaines infections localisées – voir les chapitres relatifs aux divers systèmes, appareils et organes
grippe et autres affections aigües des voies respiratoires (J00-J22)
infections spécifiques de la période périnatale [à l'exception du tétanos du nouveau-né, de la coqueluche, de la syphilis congénitale, des infections périnatales à gonocoques et des maladies périnatales dues au virus de l'immunodéficience humaine [VIH]] (P35-P39)
maladies infectieuses et parasitaires de la mère compliquant la grossesse, l'accouchement et la puerpéralité [à l'exception du tétanos obstétrical] (O98.-)
sujet porteur ou suspecté porteur d'une maladie infectieuse (Z22.-)
",non
GM2026-V-XXI-17,B24.+1,interdit_association,ANS,"infection asymptomatique par le virus de l'immunodéficience humaine [VIH] (Z21)
infection compliquant la grossesse, l’accouchement et la puerpéralité (O98.7)
",oui
GM2026-V-XXI-17,B24.+1,interdit_association,CIM-10,infection asymptomatique par le virus de l'immunodéficience humaine [VIH],non
GM2026-V-XXI-17,B24.+9,interdit_association,ANS,"certaines infections localisées – voir les chapitres relatifs aux divers systèmes, appareils et organes
grippe et autres affections aigües des voies respiratoires (J00-J22)
infections spécifiques de la période périnatale [à l'exception du tétanos du nouveau-né, de la coqueluche, de la syphilis congénitale, des infections périnatales à gonocoques et des maladies périnatales dues au virus de l'immunodéficience humaine [VIH]] (P35-P39)
maladies infectieuses et parasitaires de la mère compliquant la grossesse, l'accouchement et la puerpéralité [à l'exception du tétanos obstétrical] (O98.-)
sujet porteur ou suspecté porteur d'une maladie infectieuse (Z22.-)
",non
GM2026-V-XXI-17,B24.+9,interdit_association,ANS,"infection asymptomatique par le virus de l'immunodéficience humaine [VIH] (Z21)
infection compliquant la grossesse, l’accouchement et la puerpéralité (O98.7)
",oui
GM2026-V-XXI-17,B24.+9,interdit_association,CIM-10,infection asymptomatique par le virus de l'immunodéficience humaine [VIH],non
GM2026-V-XXI-31,J95.0,interdit_association,ANS,"affections pulmonaires dues à une irradiation (J70.0-J70.1)
emphysème (souscutané) résultant d'un acte à visée diagnostique et thérapeutique (T81.8)
",non
GM2026-V-XXI-31,J95.0,interdit_association,ANS,"certaines affections dont l'origine se situe dans la période périnatale (P00-P96)
certaines maladies infectieuses et parasitaires (A00-B99)
complications de la grossesse, de l'accouchement et de la puerpéralité (O00-O99)
lésions traumatiques, empoisonnements et certaines autres conséquences de causes externes (S00-T98)
maladies endocriniennes, nutritionnelles et métaboliques (E00-E90)
malformations congénitales et anomalies chromosomiques (Q00-Q99)
symptômes, signes et résultats anormaux d'examens cliniques et de laboratoire, non classés ailleurs (R00-R99)
tumeurs (C00-D48)
",non
GM2026-V-XXI-31,J95.0,interdit_association,CIM-10,affections pulmonaires dues à une irradiation,non
GM2026-V-XXI-31,J95.0,interdit_association,CIM-10,emphysème (sous-cutané) résultant d'un acte à visée diagnostique et thérapeutique,non
GM2026-V-XXI-31,K91.4,interdit_association,ANS,"certaines affections dont l'origine se situe dans la période périnatale (P00-P96)
certaines maladies infectieuses et parasitaires (A00-B99)
complications de la grossesse, de l'accouchement et de la puerpéralité (O00-O99)
lésions traumatiques, empoisonnements et certaines autres conséquences de causes externes (S00-T98)
maladies endocriniennes, nutritionnelles et métaboliques (E00-E90)
malformations congénitales et anomalies chromosomiques (Q00-Q99)
symptômes, signes et résultats anormaux d'examens cliniques et de laboratoire, non classés ailleurs (R00-R99)
tumeurs (C00-D48)
",non
GM2026-V-XXI-31,K91.4,interdit_association,ANS,"colite (K52.0)  due à une irradiation
gastroentérite (K52.0)  due à une irradiation
rectite (K62.7)  due à une irradiation
ulcère gastrojéjunal (K28.-)
",non
GM2026-V-XXI-31,K91.4,interdit_association,CIM-10,colite due à une irradiation,non
GM2026-V-XXI-31,K91.4,interdit_association,CIM-10,gastro-entérite due à une irradiation,non
GM2026-V-XXI-31,K91.4,interdit_association,CIM-10,rectite due à une irradiation,non
GM2026-V-XXI-31,K91.4,interdit_association,CIM-10,ulcère gastro-jéjunal,non
GM2026-V-XXI-31,N99.5,interdit_association,ANS,"certaines affections dont l'origine se situe dans la période périnatale (P00-P96)
certaines maladies infectieuses et parasitaires (A00-B99)
complications de la grossesse, de l'accouchement et de la puerpéralité (O00-O99)
lésions traumatiques, empoisonnements et certaines autres conséquences de causes externes (S00-T98)
maladies endocriniennes, nutritionnelles et métaboliques (E00-E90)
malformations congénitales et anomalies chromosomiques (Q00-Q99)
symptômes, signes et résultats anormaux d'examens cliniques et de laboratoire, non classés ailleurs (R00-R99)
tumeurs (C00-D48)
",non
GM2026-V-XXI-31,N99.5,interdit_association,ANS,"cystite due à une irradiation (N30.4)
ostéoporose après ovariectomie (M81.1)  - avec fracture pathologique  (M80.1) 
troubles au cours d'une ménopause artificielle  (N95.3) 
",non
GM2026-V-XXI-31,N99.5,interdit_association,CIM-10,cystite due à une irradiation,non
GM2026-V-XXI-31,N99.5,interdit_association,CIM-10,ostéoporose après ovariectomie,non
GM2026-V-XXI-31,N99.5,interdit_association,CIM-10,ostéoporose après ovariectomie avec fracture pathologique,non
GM2026-V-XXI-31,N99.5,interdit_association,CIM-10,troubles au cours d'une ménopause artificielle,non
GM2026-V-XXI-31,Z93.0,interdit_association,ANS,"complications de stomies (J95.0)  (K91.4)  (N99.5)
stomies nécessitant une surveillance (Z43.-)
",oui
GM2026-V-XXI-31,Z93.0,interdit_association,ANS,"dépistage spécial, autre examen ou investigation en raison d'antécédents familiaux ou personnels (Z00-Z13)
examen de contrôle (Z08-Z09)
mise en observation ou intervention au cours de la grossesse en raison d'un risque d'atteinte du fœtus (O35.-)
soins de contrôle médicaux et de convalescence (Z42-Z51)  (Z54.-)
",non
GM2026-V-XXI-31,Z93.0,interdit_association,CIM-10,complications de stomies,non
GM2026-V-XXI-31,Z93.0,interdit_association,CIM-10,"dépistage spécial, autre examen ou investigation en raison d'antécédents familiaux ou personnels",non
GM2026-V-XXI-31,Z93.0,interdit_association,CIM-10,examen de contrôle,non
GM2026-V-XXI-31,Z93.0,interdit_association,CIM-10,mise en observation ou intervention au cours de la grossesse en raison d'un risque d'atteinte du foetus,non
GM2026-V-XXI-31,Z93.0,interdit_association,CIM-10,soins de contrôle médicaux et de convalescence,non
GM2026-V-XXI-31,Z93.0,interdit_association,CIM-10,stomies nécessitant une surveillance,non
GM2026-V-XXI-31,Z93.1,interdit_association,ANS,"complications de stomies (J95.0)  (K91.4)  (N99.5)
stomies nécessitant une surveillance (Z43.-)
",oui
GM2026-V-XXI-31,Z93.1,interdit_association,ANS,"dépistage spécial, autre examen ou investigation en raison d'antécédents familiaux ou personnels (Z00-Z13)
examen de contrôle (Z08-Z09)
mise en observation ou intervention au cours de la grossesse en raison d'un risque d'atteinte du fœtus (O35.-)
soins de contrôle médicaux et de convalescence (Z42-Z51)  (Z54.-)
",non
GM2026-V-XXI-31,Z93.1,interdit_association,CIM-10,complications de stomies,non
GM2026-V-XXI-31,Z93.1,interdit_association,CIM-10,"dépistage spécial, autre examen ou investigation en raison d'antécédents familiaux ou personnels",non
GM2026-V-XXI-31,Z93.1,interdit_association,CIM-10,examen de contrôle,non
GM2026-V-XXI-31,Z93.1,interdit_association,CIM-10,mise en observation ou intervention au cours de la grossesse en raison d'un risque d'atteinte du foetus,non
GM2026-V-XXI-31,Z93.1,interdit_association,CIM-10,soins de contrôle médicaux et de convalescence,non
GM2026-V-XXI-31,Z93.1,interdit_association,CIM-10,stomies nécessitant une surveillance,non
GM2026-V-XXI-31,Z93.2,interdit_association,ANS,"complications de stomies (J95.0)  (K91.4)  (N99.5)
stomies nécessitant une surveillance (Z43.-)
",oui
GM2026-V-XXI-31,Z93.2,interdit_association,ANS,"dépistage spécial, autre examen ou investigation en raison d'antécédents familiaux ou personnels (Z00-Z13)
examen de contrôle (Z08-Z09)
mise en observation ou intervention au cours de la grossesse en raison d'un risque d'atteinte du fœtus (O35.-)
soins de contrôle médicaux et de convalescence (Z42-Z51)  (Z54.-)
",non
GM2026-V-XXI-31,Z93.2,interdit_association,CIM-10,complications de stomies,non
GM2026-V-XXI-31,Z93.2,interdit_association,CIM-10,"dépistage spécial, autre examen ou investigation en raison d'antécédents familiaux ou personnels",non
GM2026-V-XXI-31,Z93.2,interdit_association,CIM-10,examen de contrôle,non
GM2026-V-XXI-31,Z93.2,interdit_association,CIM-10,mise en observation ou intervention au cours de la grossesse en raison d'un risque d'atteinte du foetus,non
GM2026-V-XXI-31,Z93.2,interdit_association,CIM-10,soins de contrôle médicaux et de convalescence,non
GM2026-V-XXI-31,Z93.2,interdit_association,CIM-10,stomies nécessitant une surveillance,non
GM2026-V-XXI-31,Z93.3,interdit_association,ANS,"complications de stomies (J95.0)  (K91.4)  (N99.5)
stomies nécessitant une surveillance (Z43.-)
",oui
GM2026-V-XXI-31,Z93.3,interdit_association,ANS,"dépistage spécial, autre examen ou investigation en raison d'antécédents familiaux ou personnels (Z00-Z13)
examen de contrôle (Z08-Z09)
mise en observation ou intervention au cours de la grossesse en raison d'un risque d'atteinte du fœtus (O35.-)
soins de contrôle médicaux et de convalescence (Z42-Z51)  (Z54.-)
",non
GM2026-V-XXI-31,Z93.3,interdit_association,CIM-10,complications de stomies,non
GM2026-V-XXI-31,Z93.3,interdit_association,CIM-10,"dépistage spécial, autre examen ou investigation en raison d'antécédents familiaux ou personnels",non
GM2026-V-XXI-31,Z93.3,interdit_association,CIM-10,examen de contrôle,non
GM2026-V-XXI-31,Z93.3,interdit_association,CIM-10,mise en observation ou intervention au cours de la grossesse en raison d'un risque d'atteinte du foetus,non
GM2026-V-XXI-31,Z93.3,interdit_association,CIM-10,soins de contrôle médicaux et de convalescence,non
GM2026-V-XXI-31,Z93.3,interdit_association,CIM-10,stomies nécessitant une surveillance,non
GM2026-V-XXI-31,Z93.4,interdit_association,ANS,"complications de stomies (J95.0)  (K91.4)  (N99.5)
stomies nécessitant une surveillance (Z43.-)
",oui
GM2026-V-XXI-31,Z93.4,interdit_association,ANS,"dépistage spécial, autre examen ou investigation en raison d'antécédents familiaux ou personnels (Z00-Z13)
examen de contrôle (Z08-Z09)
mise en observation ou intervention au cours de la grossesse en raison d'un risque d'atteinte du fœtus (O35.-)
soins de contrôle médicaux et de convalescence (Z42-Z51)  (Z54.-)
",non
GM2026-V-XXI-31,Z93.4,interdit_association,CIM-10,complications de stomies,non
GM2026-V-XXI-31,Z93.4,interdit_association,CIM-10,"dépistage spécial, autre examen ou investigation en raison d'antécédents familiaux ou personnels",non
GM2026-V-XXI-31,Z93.4,interdit_association,CIM-10,examen de contrôle,non
GM2026-V-XXI-31,Z93.4,interdit_association,CIM-10,mise en observation ou intervention au cours de la grossesse en raison d'un risque d'atteinte du foetus,non
GM2026-V-XXI-31,Z93.4,interdit_association,CIM-10,soins de contrôle médicaux et de convalescence,non
GM2026-V-XXI-31,Z93.4,interdit_association,CIM-10,stomies nécessitant une surveillance,non
GM2026-V-XXI-31,Z93.5,interdit_association,ANS,"complications de stomies (J95.0)  (K91.4)  (N99.5)
stomies nécessitant une surveillance (Z43.-)
",oui
GM2026-V-XXI-31,Z93.5,interdit_association,ANS,"dépistage spécial, autre examen ou investigation en raison d'antécédents familiaux ou personnels (Z00-Z13)
examen de contrôle (Z08-Z09)
mise en observation ou intervention au cours de la grossesse en raison d'un risque d'atteinte du fœtus (O35.-)
soins de contrôle médicaux et de convalescence (Z42-Z51)  (Z54.-)
",non
GM2026-V-XXI-31,Z93.5,interdit_association,CIM-10,complications de stomies,non
GM2026-V-XXI-31,Z93.5,interdit_association,CIM-10,"dépistage spécial, autre examen ou investigation en raison d'antécédents familiaux ou personnels",non
GM2026-V-XXI-31,Z93.5,interdit_association,CIM-10,examen de contrôle,non
GM2026-V-XXI-31,Z93.5,interdit_association,CIM-10,mise en observation ou intervention au cours de la grossesse en raison d'un risque d'atteinte du foetus,non
GM2026-V-XXI-31,Z93.5,interdit_association,CIM-10,soins de contrôle médicaux et de convalescence,non
GM2026-V-XXI-31,Z93.5,interdit_association,CIM-10,stomies nécessitant une surveillance,non
GM2026-V-XXI-31,Z93.6,interdit_association,ANS,"complications de stomies (J95.0)  (K91.4)  (N99.5)
stomies nécessitant une surveillance (Z43.-)
",oui
GM2026-V-XXI-31,Z93.6,interdit_association,ANS,"dépistage spécial, autre examen ou investigation en raison d'antécédents familiaux ou personnels (Z00-Z13)
examen de contrôle (Z08-Z09)
mise en observation ou intervention au cours de la grossesse en raison d'un risque d'atteinte du fœtus (O35.-)
soins de contrôle médicaux et de convalescence (Z42-Z51)  (Z54.-)
",non
GM2026-V-XXI-31,Z93.6,interdit_association,CIM-10,complications de stomies,non
GM2026-V-XXI-31,Z93.6,interdit_association,CIM-10,"dépistage spécial, autre examen ou investigation en raison d'antécédents familiaux ou personnels",non
GM2026-V-XXI-31,Z93.6,interdit_association,CIM-10,examen de contrôle,non
GM2026-V-XXI-31,Z93.6,interdit_association,CIM-10,mise en observation ou intervention au cours de la grossesse en raison d'un risque d'atteinte du foetus,non
GM2026-V-XXI-31,Z93.6,interdit_association,CIM-10,soins de contrôle médicaux et de convalescence,non
GM2026-V-XXI-31,Z93.6,interdit_association,CIM-10,stomies nécessitant une surveillance,non
GM2026-V-XXI-31,Z93.8,interdit_association,ANS,"complications de stomies (J95.0)  (K91.4)  (N99.5)
stomies nécessitant une surveillance (Z43.-)
",oui
GM2026-V-XXI-31,Z93.8,interdit_association,ANS,"dépistage spécial, autre examen ou investigation en raison d'antécédents familiaux ou personnels (Z00-Z13)
examen de contrôle (Z08-Z09)
mise en observation ou intervention au cours de la grossesse en raison d'un risque d'atteinte du fœtus (O35.-)
soins de contrôle médicaux et de convalescence (Z42-Z51)  (Z54.-)
",non
GM2026-V-XXI-31,Z93.8,interdit_association,CIM-10,complications de stomies,non
GM2026-V-XXI-31,Z93.8,interdit_association,CIM-10,"dépistage spécial, autre examen ou investigation en raison d'antécédents familiaux ou personnels",non
GM2026-V-XXI-31,Z93.8,interdit_association,CIM-10,examen de contrôle,non
GM2026-V-XXI-31,Z93.8,interdit_association,CIM-10,mise en observation ou intervention au cours de la grossesse en raison d'un risque d'atteinte du foetus,non
GM2026-V-XXI-31,Z93.8,interdit_association,CIM-10,soins de contrôle médicaux et de convalescence,non
GM2026-V-XXI-31,Z93.8,interdit_association,CIM-10,stomies nécessitant une surveillance,non
GM2026-V-XXI-31,Z93.8,interdit_association,CIM-10 frères,Autres stomies de l'appareil digestif (Z93.4),non
GM2026-V-XXI-31,Z93.8,interdit_association,CIM-10 frères,Autres stomies de l'appareil urinaire (Z93.6),non
GM2026-V-XXI-31,Z93.8,interdit_association,CIM-10 frères,Colostomie (Z93.3),non
GM2026-V-XXI-31,Z93.8,interdit_association,CIM-10 frères,Cystostomie (Z93.5),non
GM2026-V-XXI-31,Z93.8,interdit_association,CIM-10 frères,Gastrostomie (Z93.1),non
GM2026-V-XXI-31,Z93.8,interdit_association,CIM-10 frères,Iléostomie (Z93.2),non
GM2026-V-XXI-31,Z93.8,interdit_association,CIM-10 frères,Trachéostomie (Z93.0),non
GM2026-V-XXI-31,Z93.9,interdit_association,ANS,"complications de stomies (J95.0)  (K91.4)  (N99.5)
stomies nécessitant une surveillance (Z43.-)
",oui
GM2026-V-XXI-31,Z93.9,interdit_association,ANS,"dépistage spécial, autre examen ou investigation en raison d'antécédents familiaux ou personnels (Z00-Z13)
examen de contrôle (Z08-Z09)
mise en observation ou intervention au cours de la grossesse en raison d'un risque d'atteinte du fœtus (O35.-)
soins de contrôle médicaux et de convalescence (Z42-Z51)  (Z54.-)
",non
GM2026-V-XXI-31,Z93.9,interdit_association,CIM-10,complications de stomies,non
GM2026-V-XXI-31,Z93.9,interdit_association,CIM-10,"dépistage spécial, autre examen ou investigation en raison d'antécédents familiaux ou personnels",non
GM2026-V-XXI-31,Z93.9,interdit_association,CIM-10,examen de contrôle,non
GM2026-V-XXI-31,Z93.9,interdit_association,CIM-10,mise en observation ou intervention au cours de la grossesse en raison d'un risque d'atteinte du foetus,non
GM2026-V-XXI-31,Z93.9,interdit_association,CIM-10,soins de contrôle médicaux et de convalescence,non
GM2026-V-XXI-31,Z93.9,interdit_association,CIM-10,stomies nécessitant une surveillance,non
GM2026-V-XXI-51,Z43.0,interdit_association,ANS,"complications de stomies (J95.0)  (K91.4)  (N99.5)
mise en place et ajustement de prothèses et d'autres appareils (Z44-Z46)
stomie ne nécessitant pas de soins médicaux (Z93.-)
",oui
GM2026-V-XXI-51,Z43.0,interdit_association,ANS,"examen de contrôle pour surveillance médicale après traitement (Z08-Z09)
",non
GM2026-V-XXI-51,Z43.0,interdit_association,CIM-10,complications de stomies,non
GM2026-V-XXI-51,Z43.0,interdit_association,CIM-10,examen de contrôle pour surveillance médicale après traitement,non
GM2026-V-XXI-51,Z43.0,interdit_association,CIM-10,mise en place et ajustement de prothèses et d'autres appareils,non
GM2026-V-XXI-51,Z43.0,interdit_association,CIM-10,stomie ne nécessitant pas de soins médicaux,non
GM2026-V-XXI-51,Z43.1,interdit_association,ANS,"complications de stomies (J95.0)  (K91.4)  (N99.5)
mise en place et ajustement de prothèses et d'autres appareils (Z44-Z46)
stomie ne nécessitant pas de soins médicaux (Z93.-)
",oui
GM2026-V-XXI-51,Z43.1,interdit_association,ANS,"examen de contrôle pour surveillance médicale après traitement (Z08-Z09)
",non
GM2026-V-XXI-51,Z43.1,interdit_association,CIM-10,complications de stomies,non
GM2026-V-XXI-51,Z43.1,interdit_association,CIM-10,examen de contrôle pour surveillance médicale après traitement,non
GM2026-V-XXI-51,Z43.1,interdit_association,CIM-10,mise en place et ajustement de prothèses et d'autres appareils,non
GM2026-V-XXI-51,Z43.1,interdit_association,CIM-10,stomie ne nécessitant pas de soins médicaux,non
GM2026-V-XXI-51,Z43.2,interdit_association,ANS,"complications de stomies (J95.0)  (K91.4)  (N99.5)
mise en place et ajustement de prothèses et d'autres appareils (Z44-Z46)
stomie ne nécessitant pas de soins médicaux (Z93.-)
",oui
GM2026-V-XXI-51,Z43.2,interdit_association,ANS,"examen de contrôle pour surveillance médicale après traitement (Z08-Z09)
",non
GM2026-V-XXI-51,Z43.2,interdit_association,CIM-10,complications de stomies,non
GM2026-V-XXI-51,Z43.2,interdit_association,CIM-10,examen de contrôle pour surveillance médicale après traitement,non
GM2026-V-XXI-51,Z43.2,interdit_association,CIM-10,mise en place et ajustement de prothèses et d'autres appareils,non
GM2026-V-XXI-51,Z43.2,interdit_association,CIM-10,stomie ne nécessitant pas de soins médicaux,non
GM2026-V-XXI-51,Z43.3,interdit_association,ANS,"complications de stomies (J95.0)  (K91.4)  (N99.5)
mise en place et ajustement de prothèses et d'autres appareils (Z44-Z46)
stomie ne nécessitant pas de soins médicaux (Z93.-)
",oui
GM2026-V-XXI-51,Z43.3,interdit_association,ANS,"examen de contrôle pour surveillance médicale après traitement (Z08-Z09)
",non
GM2026-V-XXI-51,Z43.3,interdit_association,CIM-10,complications de stomies,non
GM2026-V-XXI-51,Z43.3,interdit_association,CIM-10,examen de contrôle pour surveillance médicale après traitement,non
GM2026-V-XXI-51,Z43.3,interdit_association,CIM-10,mise en place et ajustement de prothèses et d'autres appareils,non
GM2026-V-XXI-51,Z43.3,interdit_association,CIM-10,stomie ne nécessitant pas de soins médicaux,non
GM2026-V-XXI-51,Z43.4,interdit_association,ANS,"complications de stomies (J95.0)  (K91.4)  (N99.5)
mise en place et ajustement de prothèses et d'autres appareils (Z44-Z46)
stomie ne nécessitant pas de soins médicaux (Z93.-)
",oui
GM2026-V-XXI-51,Z43.4,interdit_association,ANS,"examen de contrôle pour surveillance médicale après traitement (Z08-Z09)
",non
GM2026-V-XXI-51,Z43.4,interdit_association,CIM-10,complications de stomies,non
GM2026-V-XXI-51,Z43.4,interdit_association,CIM-10,examen de contrôle pour surveillance médicale après traitement,non
GM2026-V-XXI-51,Z43.4,interdit_association,CIM-10,mise en place et ajustement de prothèses et d'autres appareils,non
GM2026-V-XXI-51,Z43.4,interdit_association,CIM-10,stomie ne nécessitant pas de soins médicaux,non
GM2026-V-XXI-51,Z43.5,interdit_association,ANS,"complications de stomies (J95.0)  (K91.4)  (N99.5)
mise en place et ajustement de prothèses et d'autres appareils (Z44-Z46)
stomie ne nécessitant pas de soins médicaux (Z93.-)
",oui
GM2026-V-XXI-51,Z43.5,interdit_association,ANS,"examen de contrôle pour surveillance médicale après traitement (Z08-Z09)
",non
GM2026-V-XXI-51,Z43.5,interdit_association,CIM-10,complications de stomies,non
GM2026-V-XXI-51,Z43.5,interdit_association,CIM-10,examen de contrôle pour surveillance médicale après traitement,non
GM2026-V-XXI-51,Z43.5,interdit_association,CIM-10,mise en place et ajustement de prothèses et d'autres appareils,non
GM2026-V-XXI-51,Z43.5,interdit_association,CIM-10,stomie ne nécessitant pas de soins médicaux,non
GM2026-V-XXI-51,Z43.6,interdit_association,ANS,"complications de stomies (J95.0)  (K91.4)  (N99.5)
mise en place et ajustement de prothèses et d'autres appareils (Z44-Z46)
stomie ne nécessitant pas de soins médicaux (Z93.-)
",oui
GM2026-V-XXI-51,Z43.6,interdit_association,ANS,"examen de contrôle pour surveillance médicale après traitement (Z08-Z09)
",non
GM2026-V-XXI-51,Z43.6,interdit_association,CIM-10,complications de stomies,non
GM2026-V-XXI-51,Z43.6,interdit_association,CIM-10,examen de contrôle pour surveillance médicale après traitement,non
GM2026-V-XXI-51,Z43.6,interdit_association,CIM-10,mise en place et ajustement de prothèses et d'autres appareils,non
GM2026-V-XXI-51,Z43.6,interdit_association,CIM-10,stomie ne nécessitant pas de soins médicaux,non
GM2026-V-XXI-51,Z43.7,interdit_association,ANS,"complications de stomies (J95.0)  (K91.4)  (N99.5)
mise en place et ajustement de prothèses et d'autres appareils (Z44-Z46)
stomie ne nécessitant pas de soins médicaux (Z93.-)
",oui
GM2026-V-XXI-51,Z43.7,interdit_association,ANS,"examen de contrôle pour surveillance médicale après traitement (Z08-Z09)
",non
GM2026-V-XXI-51,Z43.7,interdit_association,CIM-10,complications de stomies,non
GM2026-V-XXI-51,Z43.7,interdit_association,CIM-10,examen de contrôle pour surveillance médicale après traitement,non
GM2026-V-XXI-51,Z43.7,interdit_association,CIM-10,mise en place et ajustement de prothèses et d'autres appareils,non
GM2026-V-XXI-51,Z43.7,interdit_association,CIM-10,stomie ne nécessitant pas de soins médicaux,non
GM2026-V-XXI-51,Z43.8,interdit_association,ANS,"complications de stomies (J95.0)  (K91.4)  (N99.5)
mise en place et ajustement de prothèses et d'autres appareils (Z44-Z46)
stomie ne nécessitant pas de soins médicaux (Z93.-)
",oui
GM2026-V-XXI-51,Z43.8,interdit_association,ANS,"examen de contrôle pour surveillance médicale après traitement (Z08-Z09)
",non
GM2026-V-XXI-51,Z43.8,interdit_association,CIM-10,complications de stomies,non
GM2026-V-XXI-51,Z43.8,interdit_association,CIM-10,examen de contrôle pour surveillance médicale après traitement,non
GM2026-V-XXI-51,Z43.8,interdit_association,CIM-10,mise en place et ajustement de prothèses et d'autres appareils,non
GM2026-V-XXI-51,Z43.8,interdit_association,CIM-10,stomie ne nécessitant pas de soins médicaux,non
GM2026-V-XXI-51,Z43.8,interdit_association,CIM-10 frères,Surveillance d'autres stomies de l'appareil digestif (Z43.4),non
GM2026-V-XXI-51,Z43.8,interdit_association,CIM-10 frères,Surveillance d'autres stomies des voies urinaires (Z43.6),non
GM2026-V-XXI-51,Z43.8,interdit_association,CIM-10 frères,Surveillance d'iléostomie (Z43.2),non
GM2026-V-XXI-51,Z43.8,interdit_association,CIM-10 frères,Surveillance de colostomie (Z43.3),non
GM2026-V-XXI-51,Z43.8,interdit_association,CIM-10 frères,Surveillance de cystostomie (Z43.5),non
GM2026-V-XXI-51,Z43.8,interdit_association,CIM-10 frères,Surveillance de gastrostomie (Z43.1),non
GM2026-V-XXI-51,Z43.8,interdit_association,CIM-10 frères,Surveillance de trachéostomie (Z43.0),non
GM2026-V-XXI-51,Z43.8,interdit_association,CIM-10 frères,Surveillance de vagin artificiel (Z43.7),non
GM2026-V-XXI-51,Z43.9,interdit_association,ANS,"complications de stomies (J95.0)  (K91.4)  (N99.5)
mise en place et ajustement de prothèses et d'autres appareils (Z44-Z46)
stomie ne nécessitant pas de soins médicaux (Z93.-)
",oui
GM2026-V-XXI-51,Z43.9,interdit_association,ANS,"examen de contrôle pour surveillance médicale après traitement (Z08-Z09)
",non
GM2026-V-XXI-51,Z43.9,interdit_association,CIM-10,complications de stomies,non
GM2026-V-XXI-51,Z43.9,interdit_association,CIM-10,examen de contrôle pour surveillance médicale après traitement,non
GM2026-V-XXI-51,Z43.9,interdit_association,CIM-10,mise en place et ajustement de prothèses et d'autres appareils,non
GM2026-V-XXI-51,Z43.9,interdit_association,CIM-10,stomie ne nécessitant pas de soins médicaux,non
GM2026-V-XXI-55,Z99.0,interdit,ANS,"dépistage spécial, autre examen ou investigation en raison d'antécédents familiaux ou personnels (Z00-Z13)
examen de contrôle (Z08-Z09)
mise en observation ou intervention au cours de la grossesse en raison d'un risque d'atteinte du fœtus (O35.-)
soins de contrôle médicaux et de convalescence (Z42-Z51)  (Z54.-)
",non
GM2026-V-XXI-55,Z99.0,interdit,CIM-10,"dépistage spécial, autre examen ou investigation en raison d'antécédents familiaux ou personnels",non
GM2026-V-XXI-55,Z99.0,interdit,CIM-10,examen de contrôle,non
GM2026-V-XXI-55,Z99.0,interdit,CIM-10,mise en observation ou intervention au cours de la grossesse en raison d'un risque d'atteinte du foetus,non
GM2026-V-XXI-55,Z99.0,interdit,CIM-10,soins de contrôle médicaux et de convalescence,non
GM2026-V-XXI-55,Z99.0,interdit,ANS,"dépistage spécial, autre examen ou investigation en raison d'antécédents familiaux ou personnels (Z00-Z13)
examen de contrôle (Z08-Z09)
mise en observation ou intervention au cours de la grossesse en raison d'un risque d'atteinte du fœtus (O35.-)
soins de contrôle médicaux et de convalescence (Z42-Z51)  (Z54.-)
",non
GM2026-V-XXI-55,Z99.0,interdit,CIM-10,"dépistage spécial, autre examen ou investigation en raison d'antécédents familiaux ou personnels",non
GM2026-V-XXI-55,Z99.0,interdit,CIM-10,examen de contrôle,non
GM2026-V-XXI-55,Z99.0,interdit,CIM-10,mise en observation ou intervention au cours de la grossesse en raison d'un risque d'atteinte du foetus,non
GM2026-V-XXI-55,Z99.0,interdit,CIM-10,soins de contrôle médicaux et de convalescence,non
GM2026-V-XXI-55,Z99.1+0,interdit,ANS,"dépistage spécial, autre examen ou investigation en raison d'antécédents familiaux ou personnels (Z00-Z13)
examen de contrôle (Z08-Z09)
mise en observation ou intervention au cours de la grossesse en raison d'un risque d'atteinte du fœtus (O35.-)
soins de contrôle médicaux et de convalescence (Z42-Z51)  (Z54.-)
",non
GM2026-V-XXI-55,Z99.1+0,interdit,CIM-10,"dépistage spécial, autre examen ou investigation en raison d'antécédents familiaux ou personnels",non
GM2026-V-XXI-55,Z99.1+0,interdit,CIM-10,examen de contrôle,non
GM2026-V-XXI-55,Z99.1+0,interdit,CIM-10,mise en observation ou intervention au cours de la grossesse en raison d'un risque d'atteinte du foetus,non
GM2026-V-XXI-55,Z99.1+0,interdit,CIM-10,soins de contrôle médicaux et de convalescence,non
GM2026-V-XXI-55,Z99.1+0,interdit,ANS,"dépistage spécial, autre examen ou investigation en raison d'antécédents familiaux ou personnels (Z00-Z13)
examen de contrôle (Z08-Z09)
mise en observation ou intervention au cours de la grossesse en raison d'un risque d'atteinte du fœtus (O35.-)
soins de contrôle médicaux et de convalescence (Z42-Z51)  (Z54.-)
",non
GM2026-V-XXI-55,Z99.1+0,interdit,CIM-10,"dépistage spécial, autre examen ou investigation en raison d'antécédents familiaux ou personnels",non
GM2026-V-XXI-55,Z99.1+0,interdit,CIM-10,examen de contrôle,non
GM2026-V-XXI-55,Z99.1+0,interdit,CIM-10,mise en observation ou intervention au cours de la grossesse en raison d'un risque d'atteinte du foetus,non
GM2026-V-XXI-55,Z99.1+0,interdit,CIM-10,soins de contrôle médicaux et de convalescence,non
GM2026-V-XXI-55,Z99.1+1,interdit,ANS,"dépistage spécial, autre examen ou investigation en raison d'antécédents familiaux ou personnels (Z00-Z13)
examen de contrôle (Z08-Z09)
mise en observation ou intervention au cours de la grossesse en raison d'un risque d'atteinte du fœtus (O35.-)
soins de contrôle médicaux et de convalescence (Z42-Z51)  (Z54.-)
",non
GM2026-V-XXI-55,Z99.1+1,interdit,CIM-10,"dépistage spécial, autre examen ou investigation en raison d'antécédents familiaux ou personnels",non
GM2026-V-XXI-55,Z99.1+1,interdit,CIM-10,examen de contrôle,non
GM2026-V-XXI-55,Z99.1+1,interdit,CIM-10,mise en observation ou intervention au cours de la grossesse en raison d'un risque d'atteinte du foetus,non
GM2026-V-XXI-55,Z99.1+1,interdit,CIM-10,soins de contrôle médicaux et de convalescence,non
GM2026-V-XXI-55,Z99.1+1,interdit,ANS,"dépistage spécial, autre examen ou investigation en raison d'antécédents familiaux ou personnels (Z00-Z13)
examen de contrôle (Z08-Z09)
mise en observation ou intervention au cours de la grossesse en raison d'un risque d'atteinte du fœtus (O35.-)
soins de contrôle médicaux et de convalescence (Z42-Z51)  (Z54.-)
",non
GM2026-V-XXI-55,Z99.1+1,interdit,CIM-10,"dépistage spécial, autre examen ou investigation en raison d'antécédents familiaux ou personnels",non
GM2026-V-XXI-55,Z99.1+1,interdit,CIM-10,examen de contrôle,non
GM2026-V-XXI-55,Z99.1+1,interdit,CIM-10,mise en observation ou intervention au cours de la grossesse en raison d'un risque d'atteinte du foetus,non
GM2026-V-XXI-55,Z99.1+1,interdit,CIM-10,soins de contrôle médicaux et de convalescence,non
GM2026-V-XXI-55,Z99.1+8,interdit,ANS,"dépistage spécial, autre examen ou investigation en raison d'antécédents familiaux ou personnels (Z00-Z13)
examen de contrôle (Z08-Z09)
mise en observation ou intervention au cours de la grossesse en raison d'un risque d'atteinte du fœtus (O35.-)
soins de contrôle médicaux et de convalescence (Z42-Z51)  (Z54.-)
",non
GM2026-V-XXI-55,Z99.1+8,interdit,CIM-10,"dépistage spécial, autre examen ou investigation en raison d'antécédents familiaux ou personnels",non
GM2026-V-XXI-55,Z99.1+8,interdit,CIM-10,examen de contrôle,non
GM2026-V-XXI-55,Z99.1+8,interdit,CIM-10,mise en observation ou intervention au cours de la grossesse en raison d'un risque d'atteinte du foetus,non
GM2026-V-XXI-55,Z99.1+8,interdit,CIM-10,soins de contrôle médicaux et de convalescence,non
GM2026-V-XXI-55,Z99.1+8,interdit,ANS,"dépistage spécial, autre examen ou investigation en raison d'antécédents familiaux ou personnels (Z00-Z13)
examen de contrôle (Z08-Z09)
mise en observation ou intervention au cours de la grossesse en raison d'un risque d'atteinte du fœtus (O35.-)
soins de contrôle médicaux et de convalescence (Z42-Z51)  (Z54.-)
",non
GM2026-V-XXI-55,Z99.1+8,interdit,CIM-10,"dépistage spécial, autre examen ou investigation en raison d'antécédents familiaux ou personnels",non
GM2026-V-XXI-55,Z99.1+8,interdit,CIM-10,examen de contrôle,non
GM2026-V-XXI-55,Z99.1+8,interdit,CIM-10,mise en observation ou intervention au cours de la grossesse en raison d'un risque d'atteinte du foetus,non
GM2026-V-XXI-55,Z99.1+8,interdit,CIM-10,soins de contrôle médicaux et de convalescence,non
GM2026-V-XXI-55,Z99.2+0,interdit,ANS,"dépistage spécial, autre examen ou investigation en raison d'antécédents familiaux ou personnels (Z00-Z13)
examen de contrôle (Z08-Z09)
mise en observation ou intervention au cours de la grossesse en raison d'un risque d'atteinte du fœtus (O35.-)
soins de contrôle médicaux et de convalescence (Z42-Z51)  (Z54.-)
",non
GM2026-V-XXI-55,Z99.2+0,interdit,ANS,"préparation à une dialyse, traitement ou séance (Z49.-)
",non
GM2026-V-XXI-55,Z99.2+0,interdit,CIM-10,"dépistage spécial, autre examen ou investigation en raison d'antécédents familiaux ou personnels",non
GM2026-V-XXI-55,Z99.2+0,interdit,CIM-10,examen de contrôle,non
GM2026-V-XXI-55,Z99.2+0,interdit,CIM-10,mise en observation ou intervention au cours de la grossesse en raison d'un risque d'atteinte du foetus,non
GM2026-V-XXI-55,Z99.2+0,interdit,CIM-10,"préparation à une dialyse, traitement ou séance",non
GM2026-V-XXI-55,Z99.2+0,interdit,CIM-10,soins de contrôle médicaux et de convalescence,non
GM2026-V-XXI-55,Z99.2+0,interdit,ANS,"dépistage spécial, autre examen ou investigation en raison d'antécédents familiaux ou personnels (Z00-Z13)
examen de contrôle (Z08-Z09)
mise en observation ou intervention au cours de la grossesse en raison d'un risque d'atteinte du fœtus (O35.-)
soins de contrôle médicaux et de convalescence (Z42-Z51)  (Z54.-)
",non
GM2026-V-XXI-55,Z99.2+0,interdit,ANS,"préparation à une dialyse, traitement ou séance (Z49.-)
",non
GM2026-V-XXI-55,Z99.2+0,interdit,CIM-10,"dépistage spécial, autre examen ou investigation en raison d'antécédents familiaux ou personnels",non
GM2026-V-XXI-55,Z99.2+0,interdit,CIM-10,examen de contrôle,non
GM2026-V-XXI-55,Z99.2+0,interdit,CIM-10,mise en observation ou intervention au cours de la grossesse en raison d'un risque d'atteinte du foetus,non
GM2026-V-XXI-55,Z99.2+0,interdit,CIM-10,"préparation à une dialyse, traitement ou séance",non
GM2026-V-XXI-55,Z99.2+0,interdit,CIM-10,soins de contrôle médicaux et de convalescence,non
GM2026-V-XXI-55,Z99.2+1,interdit,ANS,"dépistage spécial, autre examen ou investigation en raison d'antécédents familiaux ou personnels (Z00-Z13)
examen de contrôle (Z08-Z09)
mise en observation ou intervention au cours de la grossesse en raison d'un risque d'atteinte du fœtus (O35.-)
soins de contrôle médicaux et de convalescence (Z42-Z51)  (Z54.-)
",non
GM2026-V-XXI-55,Z99.2+1,interdit,ANS,"préparation à une dialyse, traitement ou séance (Z49.-)
",non
GM2026-V-XXI-55,Z99.2+1,interdit,CIM-10,"dépistage spécial, autre examen ou investigation en raison d'antécédents familiaux ou personnels",non
GM2026-V-XXI-55,Z99.2+1,interdit,CIM-10,examen de contrôle,non
GM2026-V-XXI-55,Z99.2+1,interdit,CIM-10,mise en observation ou intervention au cours de la grossesse en raison d'un risque d'atteinte du foetus,non
GM2026-V-XXI-55,Z99.2+1,interdit,CIM-10,"préparation à une dialyse, traitement ou séance",non
GM2026-V-XXI-55,Z99.2+1,interdit,CIM-10,soins de contrôle médicaux et de convalescence,non
GM2026-V-XXI-55,Z99.2+1,interdit,ANS,"dépistage spécial, autre examen ou investigation en raison d'antécédents familiaux ou personnels (Z00-Z13)
examen de contrôle (Z08-Z09)
mise en observation ou intervention au cours de la grossesse en raison d'un risque d'atteinte du fœtus (O35.-)
soins de contrôle médicaux et de convalescence (Z42-Z51)  (Z54.-)
",non
GM2026-V-XXI-55,Z99.2+1,interdit,ANS,"préparation à une dialyse, traitement ou séance (Z49.-)
",non
GM2026-V-XXI-55,Z99.2+1,interdit,CIM-10,"dépistage spécial, autre examen ou investigation en raison d'antécédents familiaux ou personnels",non
GM2026-V-XXI-55,Z99.2+1,interdit,CIM-10,examen de contrôle,non
GM2026-V-XXI-55,Z99.2+1,interdit,CIM-10,mise en observation ou intervention au cours de la grossesse en raison d'un risque d'atteinte du foetus,non
GM2026-V-XXI-55,Z99.2+1,interdit,CIM-10,"préparation à une dialyse, traitement ou séance",non
GM2026-V-XXI-55,Z99.2+1,interdit,CIM-10,soins de contrôle médicaux et de convalescence,non
GM2026-V-XXI-55,Z99.2+8,interdit,ANS,"dépistage spécial, autre examen ou investigation en raison d'antécédents familiaux ou personnels (Z00-Z13)
examen de contrôle (Z08-Z09)
mise en observation ou intervention au cours de la grossesse en raison d'un risque d'atteinte du fœtus (O35.-)
soins de contrôle médicaux et de convalescence (Z42-Z51)  (Z54.-)
",non
GM2026-V-XXI-55,Z99.2+8,interdit,ANS,"préparation à une dialyse, traitement ou séance (Z49.-)
",non
GM2026-V-XXI-55,Z99.2+8,interdit,CIM-10,"dépistage spécial, autre examen ou investigation en raison d'antécédents familiaux ou personnels",non
GM2026-V-XXI-55,Z99.2+8,interdit,CIM-10,examen de contrôle,non
GM2026-V-XXI-55,Z99.2+8,interdit,CIM-10,mise en observation ou intervention au cours de la grossesse en raison d'un risque d'atteinte du foetus,non
GM2026-V-XXI-55,Z99.2+8,interdit,CIM-10,"préparation à une dialyse, traitement ou séance",non
GM2026-V-XXI-55,Z99.2+8,interdit,CIM-10,soins de contrôle médicaux et de convalescence,non
GM2026-V-XXI-55,Z99.2+8,interdit,ANS,"dépistage spécial, autre examen ou investigation en raison d'antécédents familiaux ou personnels (Z00-Z13)
examen de contrôle (Z08-Z09)
mise en observation ou intervention au cours de la grossesse en raison d'un risque d'atteinte du fœtus (O35.-)
soins de contrôle médicaux et de convalescence (Z42-Z51)  (Z54.-)
",non
GM2026-V-XXI-55,Z99.2+8,interdit,ANS,"préparation à une dialyse, traitement ou séance (Z49.-)
",non
GM2026-V-XXI-55,Z99.2+8,interdit,CIM-10,"dépistage spécial, autre examen ou investigation en raison d'antécédents familiaux ou personnels",non
GM2026-V-XXI-55,Z99.2+8,interdit,CIM-10,examen de contrôle,non
GM2026-V-XXI-55,Z99.2+8,interdit,CIM-10,mise en observation ou intervention au cours de la grossesse en raison d'un risque d'atteinte du foetus,non
GM2026-V-XXI-55,Z99.2+8,interdit,CIM-10,"préparation à une dialyse, traitement ou séance",non
GM2026-V-XXI-55,Z99.2+8,interdit,CIM-10,soins de contrôle médicaux et de convalescence,non
GM2026-V-XXI-55,Z99.3,interdit,ANS,"dépistage spécial, autre examen ou investigation en raison d'antécédents familiaux ou personnels (Z00-Z13)
examen de contrôle (Z08-Z09)
mise en observation ou intervention au cours de la grossesse en raison d'un risque d'atteinte du fœtus (O35.-)
soins de contrôle médicaux et de convalescence (Z42-Z51)  (Z54.-)
",non
GM2026-V-XXI-55,Z99.3,interdit,CIM-10,"dépistage spécial, autre examen ou investigation en raison d'antécédents familiaux ou personnels",non
GM2026-V-XXI-55,Z99.3,interdit,CIM-10,examen de contrôle,non
GM2026-V-XXI-55,Z99.3,interdit,CIM-10,mise en observation ou intervention au cours de la grossesse en raison d'un risque d'atteinte du foetus,non
GM2026-V-XXI-55,Z99.3,interdit,CIM-10,soins de contrôle médicaux et de convalescence,non
GM2026-V-XXI-55,Z99.4,interdit,ANS,"dépistage spécial, autre examen ou investigation en raison d'antécédents familiaux ou personnels (Z00-Z13)
examen de contrôle (Z08-Z09)
mise en observation ou intervention au cours de la grossesse en raison d'un risque d'atteinte du fœtus (O35.-)
soins de contrôle médicaux et de convalescence (Z42-Z51)  (Z54.-)
",non
GM2026-V-XXI-55,Z99.4,interdit,CIM-10,"dépistage spécial, autre examen ou investigation en raison d'antécédents familiaux ou personnels",non
GM2026-V-XXI-55,Z99.4,interdit,CIM-10,examen de contrôle,non
GM2026-V-XXI-55,Z99.4,interdit,CIM-10,mise en observation ou intervention au cours de la grossesse en raison d'un risque d'atteinte du foetus,non
GM2026-V-XXI-55,Z99.4,interdit,CIM-10,soins de contrôle médicaux et de convalescence,non
GM2026-V-XXI-55,Z99.8,interdit,ANS,"dépistage spécial, autre examen ou investigation en raison d'antécédents familiaux ou personnels (Z00-Z13)
examen de contrôle (Z08-Z09)
mise en observation ou intervention au cours de la grossesse en raison d'un risque d'atteinte du fœtus (O35.-)
soins de contrôle médicaux et de convalescence (Z42-Z51)  (Z54.-)
",non
GM2026-V-XXI-55,Z99.8,interdit,CIM-10,"dépistage spécial, autre examen ou investigation en raison d'antécédents familiaux ou personnels",non
GM2026-V-XXI-55,Z99.8,interdit,CIM-10,examen de contrôle,non
GM2026-V-XXI-55,Z99.8,interdit,CIM-10,mise en observation ou intervention au cours de la grossesse en raison d'un risque d'atteinte du foetus,non
GM2026-V-XXI-55,Z99.8,interdit,CIM-10,soins de contrôle médicaux et de convalescence,non
GM2026-V-XXI-55,Z99.8,interdit,CIM-10 frères,Dépendance envers un aspirateur (Z99.0),non
GM2026-V-XXI-55,Z99.8,interdit,CIM-10 frères,Dépendance envers un cœur artificiel (Z99.4),non
GM2026-V-XXI-55,Z99.8,interdit,CIM-10 frères,Dépendance envers un fauteuil roulant (Z99.3),non
GM2026-V-XXI-55,Z99.8,interdit,CIM-10 frères,Dépendance envers un respirateur (Z99.1),non
GM2026-V-XXI-55,Z99.8,interdit,CIM-10 frères,Dépendance envers une dialyse rénale (Z99.2),non
GM2026-V-XXI-55,Z99.9,interdit,ANS,"dépistage spécial, autre examen ou investigation en raison d'antécédents familiaux ou personnels (Z00-Z13)
examen de contrôle (Z08-Z09)
mise en observation ou intervention au cours de la grossesse en raison d'un risque d'atteinte du fœtus (O35.-)
soins de contrôle médicaux et de convalescence (Z42-Z51)  (Z54.-)
",non
GM2026-V-XXI-55,Z99.9,interdit,CIM-10,"dépistage spécial, autre examen ou investigation en raison d'antécédents familiaux ou personnels",non
GM2026-V-XXI-55,Z99.9,interdit,CIM-10,examen de contrôle,non
GM2026-V-XXI-55,Z99.9,interdit,CIM-10,mise en observation ou intervention au cours de la grossesse en raison d'un risque d'atteinte du foetus,non
GM2026-V-XXI-55,Z99.9,interdit,CIM-10,soins de contrôle médicaux et de convalescence,non
