code,abbrev,label,type
(A00-B99),(A00-B99),certaines maladies infectieuses et parasitaires,chapter
(A90-A99),(A90-A99),fièvres virales transmises par des arthropodes et fièvres virales hémorragiques,block
(B95-B97),(B95-B97),"agents d'infections bactériennes, virales et autres",block
(C00-D48),(C00-D48),tumeurs,chapter
(D50-D89),(D50-D89),maladies du sang et des organes hématopoïétiques et certains troubles du système immunitaire,chapter
(E00-E90),(E00-E90),"maladies endocriniennes, nutritionnelles et métaboliques",chapter
(F00-F99),(F00-F99),troubles mentaux et du comportement,chapter
(G00-G99),(G00-G99),maladies du système nerveux,chapter
(G10-G13),(G10-G13),affections dégénératives systémiques affectant principalement le système nerveux central,block
(H00-H59),(H00-H59),maladies de l'oeil et de ses annexes,chapter
(H60-H95),(H60-H95),maladies de l'oreille et de l'apophyse mastoïde,chapter
(I00-I99),(I00-I99),maladies de l'appareil circulatoire,chapter
(J00-J99),(J00-J99),maladies de l'appareil respiratoire,chapter
(K00-K93),(K00-K93),maladies de l'appareil digestif,chapter
(K55-K63),(K55-K63),autres maladies de l'intestin,block
(L00-L99),(L00-L99),maladies de la peau et du tissu cellulaire sous-cutané,chapter
(M00-M99),(M00-M99),"maladies du système ostéo-articulaire, des muscles et du tissu conjonctif",chapter
(N00-N99),(N00-N99),maladies de l'appareil génito-urinaire,chapter
(O00-O99),(O00-O99),"grossesse, accouchement et puerpéralité",chapter
(O95-O99),(O95-O99),"autres problèmes obstétricaux, non classés ailleurs",block
(P00-P96),(P00-P96),certaines affections dont l'origine se situe dans la période périnatale,chapter
(Q00-Q99),(Q00-Q99),malformations congénitales et anomalies chromosomiques,chapter
(R00-R99),(R00-R99),"symptômes, signes et résultats anormaux d'examens cliniques et de laboratoire, non classés ailleurs",chapter
(S00-T98),(S00-T98),"lésions traumatiques, empoisonnements et certaines autres conséquences de causes externes",chapter
(V01-Y98),(V01-Y98),causes externes de morbidité et de mortalité,chapter
(Z00-Z99),(Z00-Z99),facteurs influant sur l'état de santé et motifs de recours aux services de santé,chapter
A90,A90,dengue [dengue classique],category
A91,A91,fièvre hémorragique due au virus de la dengue,category
B59,B59,pneumocystose,category
C83.2,C832,mélange de petites et grandes cellules (diffus),category
C83.4,C834,immunoblastique (diffus),category
C83.6,C836,indifférencié (diffus),category
C84.2,C842,lymphome de la zone T,category
C84.3,C843,lymphome lympho-épithélioïde,category
C85.0,C850,lymphosarcome,category
C88.1,C881,maladie des chaînes lourdes alpha,category
C91.2,C912,leucémie lymphoïde subaiguë,category
C93.2,C932,leucémie monocytaire subaiguë,category
C94.1,C941,polyglobulie primitive chronique,category
C94.5,C945,myélofibrose aiguë,category
C95.2,C952,leucémie subaiguë à cellules non précisées,category
C96.1,C961,histiocytose maligne,category
C96.3,C963,lymphome histiocytaire vrai,category
D46.3,D463,anémie réfractaire avec excès de blastes en transformation,category
D75.2,D752,thrombocytose essentielle,category
D76.0,D760,"histiocytose des cellules de Langerhans, non classée ailleurs",category
F66.00,F6600,trouble de la maturation sexuelle | hétérosexualité,category
F66.01,F6601,trouble de la maturation sexuelle | homosexualité,category
F66.02,F6602,trouble de la maturation sexuelle | bisexualité,category
F66.08,F6608,"trouble de la maturation sexuelle | autre, y compris prépubertaire",category
F66.10,F6610,orientation sexuelle égodystonique | hétérosexualité,category
F66.11,F6611,orientation sexuelle égodystonique | homosexualité,category
F66.12,F6612,orientation sexuelle égodystonique | bisexualité,category
F66.18,F6618,"orientation sexuelle égodystonique | autre, y compris prépubertaire",category
F66.20,F6620,problème sexuel relationnel | hétérosexualité,category
F66.21,F6621,problème sexuel relationnel | homosexualité,category
F66.22,F6622,problème sexuel relationnel | bisexualité,category
F66.28,F6628,"problème sexuel relationnel | autre, y compris prépubertaire",category
F66.80,F6680,autres troubles du développement psychosexuel | hétérosexualité,category
F66.81,F6681,autres troubles du développement psychosexuel | homosexualité,category
F66.82,F6682,autres troubles du développement psychosexuel | bisexualité,category
F66.88,F6688,"autres troubles du développement psychosexuel | autre, y compris prépubertaire",category
F66.90,F6690,"trouble du développement psychosexuel, sans précision | hétérosexualité",category
F66.91,F6691,"trouble du développement psychosexuel, sans précision | homosexualité",category
F66.92,F6692,"trouble du développement psychosexuel, sans précision | bisexualité",category
F66.98,F6698,"trouble du développement psychosexuel, sans précision | autre, y compris prépubertaire",category
G56.4,G564,causalgie,category
G90.3,G903,dégénérescence disséminée,category
H54.7,H547,"perte de vision, sans précision",category
I84,I84,hémorroïdes,category
I84.0,I840,hémorroïdes internes thrombosées,category
I84.1,I841,hémorroïdes internes avec autres complications,category
I84.2,I842,"hémorroïdes internes, sans complication",category
I84.3,I843,hémorroïdes externes thrombosées,category
I84.4,I844,hémorroïdes externes avec d'autres complications,category
I84.5,I845,"hémorroïdes externes, sans complication",category
I84.6,I846,cicatrices hémorroïdaires cutanées résiduelles,category
I84.7,I847,hémorroïdes thrombosées non précisées,category
I84.8,I848,hémorroïdes non précisées avec d'autres complications,category
I84.9,I849,"hémorroïdes sans complication, sans précision",category
K35.0,K350,appendicite aiguë avec péritonite généralisée,category
K35.1,K351,appendicite aiguë avec abcès péritonéal,category
K35.9,K359,"appendicite aiguë, sans précision",category
K51.1,K511,iléo-colite ulcéreuse (chronique),category
K58.0,K580,"syndrome de l'intestin irritable, avec diarrhée",category
K58.9,K589,"syndrome de l'intestin irritable, sans diarrhée",category
L41.2,L412,papulose lymphomatoïde,category
M13.01,M1301,"polyarthrite, sans précision | région scapulaire",category
M13.02,M1302,"polyarthrite, sans précision | bras",category
M13.03,M1303,"polyarthrite, sans précision | avant-bras",category
M13.04,M1304,"polyarthrite, sans précision | main",category
M13.05,M1305,"polyarthrite, sans précision | région pelvienne et cuisse",category
M13.06,M1306,"polyarthrite, sans précision | jambe",category
M13.07,M1307,"polyarthrite, sans précision | cheville et pied",category
M13.08,M1308,"polyarthrite, sans précision | autres",category
M13.09,M1309,"polyarthrite, sans précision | siège non précisé",category
M13.90,M1390,"arthrite, sans précision | sièges multiples",category
M31.2,M312,granulome malin de la ligne médiane,category
M45.X,M45X,"spondylarthrite ankylosante, sans précision",category
M45.X0,M45X0,"spondylarthrite ankylosante, sans précision | localisations vertébrales multiples",category
M45.X1,M45X1,"spondylarthrite ankylosante, sans précision | région occipito-atloïdo-axoïdienne",category
M45.X2,M45X2,"spondylarthrite ankylosante, sans précision | région cervicale",category
M45.X3,M45X3,"spondylarthrite ankylosante, sans précision | région cervico-dorsale",category
M45.X4,M45X4,"spondylarthrite ankylosante, sans précision | région dorsale",category
M45.X5,M45X5,"spondylarthrite ankylosante, sans précision | région dorso-lombaire",category
M45.X6,M45X6,"spondylarthrite ankylosante, sans précision | région lombaire",category
M45.X7,M45X7,"spondylarthrite ankylosante, sans précision | région lombo-sacrée",category
M45.X8,M45X8,"spondylarthrite ankylosante, sans précision | région sacrée et sacro-coccygienne",category
M45.X9,M45X9,"spondylarthrite ankylosante, sans précision | localisation non précisée",category
M72.3,M723,fasciite nodulaire,category
M72.30,M7230,fasciite nodulaire | sièges multiples,category
M72.31,M7231,fasciite nodulaire | région scapulaire,category
M72.32,M7232,fasciite nodulaire | bras,category
M72.33,M7233,fasciite nodulaire | avant-bras,category
M72.34,M7234,fasciite nodulaire | main,category
M72.35,M7235,fasciite nodulaire | région pelvienne et cuisse,category
M72.36,M7236,fasciite nodulaire | jambe,category
M72.37,M7237,fasciite nodulaire | cheville et pied,category
M72.38,M7238,fasciite nodulaire | autres,category
M72.39,M7239,fasciite nodulaire | siège non précisé,category
M72.5,M725,"fasciite, non classée ailleurs",category
M72.50,M7250,"fasciite, non classée ailleurs | sièges multiples",category
M72.51,M7251,"fasciite, non classée ailleurs | région scapulaire",category
M72.52,M7252,"fasciite, non classée ailleurs | bras",category
M72.53,M7253,"fasciite, non classée ailleurs | avant-bras",category
M72.54,M7254,"fasciite, non classée ailleurs | main",category
M72.55,M7255,"fasciite, non classée ailleurs | région pelvienne et cuisse",category
M72.56,M7256,"fasciite, non classée ailleurs | jambe",category
M72.57,M7257,"fasciite, non classée ailleurs | cheville et pied",category
M72.58,M7258,"fasciite, non classée ailleurs | autres",category
M72.59,M7259,"fasciite, non classée ailleurs | siège non précisé",category
N18.0,N180,insuffisance rénale terminale,category
N18.8,N188,autres insuffisances rénales chroniques,category
O04.0,O040,"avortement médical | incomplet, compliqué d'une infection de l'appareil génital et des organes pelviens",category
O04.1,O041,"avortement médical | incomplet, compliqué d'une hémorragie retardée ou sévère",category
O04.2,O042,"avortement médical | incomplet, compliqué d'une embolie",category
O04.3,O043,"avortement médical | incomplet, avec complications autres et non précisées",category
O04.4,O044,"avortement médical | incomplet, sans complication",category
O04.5,O045,"avortement médical | complet ou sans précision, compliqué d'une infection de l'appareil génital et des organes pelviens",category
O04.6,O046,"avortement médical | complet ou sans précision, compliqué d'une hémorragie retardée ou sévère",category
O04.7,O047,"avortement médical | complet ou sans précision, compliqué d'une embolie",category
O04.8,O048,"avortement médical | complet ou sans précision, avec complications autres et non précisées",category
O04.9,O049,"avortement médical | complet ou sans précision, sans complication",category
Q31.4,Q314,stridor laryngé congénital,category
Q35.6,Q356,fente médiane du palais,category
R50.0,R500,fièvre avec frissons,category
R50.1,R501,fièvre persistante,category
T08.X,T08X,"fracture du rachis, niveau non précisé",category
T08.X0,T08X0,"fracture du rachis, niveau non précisé | fracture fermée",category
T08.X1,T08X1,"fracture du rachis, niveau non précisé | fracture ouverte",category
T10.X,T10X,"fracture du membre supérieur, niveau non précisé",category
T10.X0,T10X0,"fracture du membre supérieur, niveau non précisé | fracture fermée",category
T10.X1,T10X1,"fracture du membre supérieur, niveau non précisé | fracture ouverte",category
T12.X,T12X,"fracture du membre inférieur, niveau non précisé",category
T12.X0,T12X0,"fracture du membre inférieur, niveau non précisé | fracture fermée",category
T12.X1,T12X1,"fracture du membre inférieur, niveau non précisé | fracture ouverte",category
W00.0,W000,chute de plain-pied due à la glace et la neige | domicile,category
W00.1,W001,chute de plain-pied due à la glace et la neige | établissement collectif,category
W00.2,W002,"chute de plain-pied due à la glace et la neige | école, autre institution et lieu d'administration publique",category
W00.3,W003,chute de plain-pied due à la glace et la neige | lieu de sport et d'athlétisme,category
W00.4,W004,chute de plain-pied due à la glace et la neige | rue ou route,category
W00.5,W005,chute de plain-pied due à la glace et la neige | zone de commerce et de service,category
W00.6,W006,chute de plain-pied due à la glace et la neige | local industriel et chantier de construction,category
W00.7,W007,chute de plain-pied due à la glace et la neige | exploitation agricole,category
W00.8,W008,chute de plain-pied due à la glace et la neige | autres lieux précisés,category
W00.9,W009,"chute de plain-pied due à la glace et la neige | lieu, sans précision",category
W01.0,W010,"chute de plain-pied résultant de glissade, faux-pas et trébuchement | domicile",category
W01.1,W011,"chute de plain-pied résultant de glissade, faux-pas et trébuchement | établissement collectif",category
W01.2,W012,"chute de plain-pied résultant de glissade, faux-pas et trébuchement | école, autre institution et lieu d'administration publique",category
W01.3,W013,"chute de plain-pied résultant de glissade, faux-pas et trébuchement | lieu de sport et d'athlétisme",category
W01.4,W014,"chute de plain-pied résultant de glissade, faux-pas et trébuchement | rue ou route",category
W01.5,W015,"chute de plain-pied résultant de glissade, faux-pas et trébuchement | zone de commerce et de service",category
W01.6,W016,"chute de plain-pied résultant de glissade, faux-pas et trébuchement | local industriel et chantier de construction",category
W01.7,W017,"chute de plain-pied résultant de glissade, faux-pas et trébuchement | exploitation agricole",category
W01.8,W018,"chute de plain-pied résultant de glissade, faux-pas et trébuchement | autres lieux précisés",category
W01.9,W019,"chute de plain-pied résultant de glissade, faux-pas et trébuchement | lieu, sans précision",category
W02.0,W020,"chute impliquant des patins à glace, des skis, des patins à roulettes ou une planche à roulettes | domicile",category
W02.1,W021,"chute impliquant des patins à glace, des skis, des patins à roulettes ou une planche à roulettes | établissement collectif",category
W02.2,W022,"chute impliquant des patins à glace, des skis, des patins à roulettes ou une planche à roulettes | école, autre institution et lieu d'administration publique",category
W02.3,W023,"chute impliquant des patins à glace, des skis, des patins à roulettes ou une planche à roulettes | lieu de sport et d'athlétisme",category
W02.4,W024,"chute impliquant des patins à glace, des skis, des patins à roulettes ou une planche à roulettes | rue ou route",category
W02.5,W025,"chute impliquant des patins à glace, des skis, des patins à roulettes ou une planche à roulettes | zone de commerce et de service",category
W02.6,W026,"chute impliquant des patins à glace, des skis, des patins à roulettes ou une planche à roulettes | local industriel et chantier de construction",category
W02.7,W027,"chute impliquant des patins à glace, des skis, des patins à roulettes ou une planche à roulettes | exploitation agricole",category
W02.8,W028,"chute impliquant des patins à glace, des skis, des patins à roulettes ou une planche à roulettes | autres lieux précisés",category
W02.9,W029,"chute impliquant des patins à glace, des skis, des patins à roulettes ou une planche à roulettes | lieu, sans précision",category
W03.0,W030,"autre chute de plain-pied due à une collision avec, ou une poussée par un tiers | domicile",category
W03.1,W031,"autre chute de plain-pied due à une collision avec, ou une poussée par un tiers | établissement collectif",category
W03.2,W032,"autre chute de plain-pied due à une collision avec, ou une poussée par un tiers | école, autre institution et lieu d'administration publique",category
W03.3,W033,"autre chute de plain-pied due à une collision avec, ou une poussée par un tiers | lieu de sport et d'athlétisme",category
W03.4,W034,"autre chute de plain-pied due à une collision avec, ou une poussée par un tiers | rue ou route",category
W03.5,W035,"autre chute de plain-pied due à une collision avec, ou une poussée par un tiers | zone de commerce et de service",category
W03.6,W036,"autre chute de plain-pied due à une collision avec, ou une poussée par un tiers | local industriel et chantier de construction",category
W03.7,W037,"autre chute de plain-pied due à une collision avec, ou une poussée par un tiers | exploitation agricole",category
W03.8,W038,"autre chute de plain-pied due à une collision avec, ou une poussée par un tiers | autres lieux précisés",category
W03.9,W039,"autre chute de plain-pied due à une collision avec, ou une poussée par un tiers | lieu, sans précision",category
W04.0,W040,"chute, en étant porté ou soutenu par des tiers | domicile",category
W04.1,W041,"chute, en étant porté ou soutenu par des tiers | établissement collectif",category
W04.2,W042,"chute, en étant porté ou soutenu par des tiers | école, autre institution et lieu d'administration publique",category
W04.3,W043,"chute, en étant porté ou soutenu par des tiers | lieu de sport et d'athlétisme",category
W04.4,W044,"chute, en étant porté ou soutenu par des tiers | rue ou route",category
W04.5,W045,"chute, en étant porté ou soutenu par des tiers | zone de commerce et de service",category
W04.6,W046,"chute, en étant porté ou soutenu par des tiers | local industriel et chantier de construction",category
W04.7,W047,"chute, en étant porté ou soutenu par des tiers | exploitation agricole",category
W04.8,W048,"chute, en étant porté ou soutenu par des tiers | autres lieux précisés",category
W04.9,W049,"chute, en étant porté ou soutenu par des tiers | lieu, sans précision",category
W05.0,W050,chute d'un fauteuil roulant | domicile,category
W05.1,W051,chute d'un fauteuil roulant | établissement collectif,category
W05.2,W052,"chute d'un fauteuil roulant | école, autre institution et lieu d'administration publique",category
W05.3,W053,chute d'un fauteuil roulant | lieu de sport et d'athlétisme,category
W05.4,W054,chute d'un fauteuil roulant | rue ou route,category
W05.5,W055,chute d'un fauteuil roulant | zone de commerce et de service,category
W05.6,W056,chute d'un fauteuil roulant | local industriel et chantier de construction,category
W05.7,W057,chute d'un fauteuil roulant | exploitation agricole,category
W05.8,W058,chute d'un fauteuil roulant | autres lieux précisés,category
W05.9,W059,"chute d'un fauteuil roulant | lieu, sans précision",category
W06.0,W060,chute d'un lit | domicile,category
W06.1,W061,chute d'un lit | établissement collectif,category
W06.2,W062,"chute d'un lit | école, autre institution et lieu d'administration publique",category
W06.3,W063,chute d'un lit | lieu de sport et d'athlétisme,category
W06.4,W064,chute d'un lit | rue ou route,category
W06.5,W065,chute d'un lit | zone de commerce et de service,category
W06.6,W066,chute d'un lit | local industriel et chantier de construction,category
W06.7,W067,chute d'un lit | exploitation agricole,category
W06.8,W068,chute d'un lit | autres lieux précisés,category
W06.9,W069,"chute d'un lit | lieu, sans précision",category
W07.0,W070,chute d'une chaise | domicile,category
W07.1,W071,chute d'une chaise | établissement collectif,category
W07.2,W072,"chute d'une chaise | école, autre institution et lieu d'administration publique",category
W07.3,W073,chute d'une chaise | lieu de sport et d'athlétisme,category
W07.4,W074,chute d'une chaise | rue ou route,category
W07.5,W075,chute d'une chaise | zone de commerce et de service,category
W07.6,W076,chute d'une chaise | local industriel et chantier de construction,category
W07.7,W077,chute d'une chaise | exploitation agricole,category
W07.8,W078,chute d'une chaise | autres lieux précisés,category
W07.9,W079,"chute d'une chaise | lieu, sans précision",category
W08.0,W080,chute d'un autre meuble | domicile,category
W08.1,W081,chute d'un autre meuble | établissement collectif,category
W08.2,W082,"chute d'un autre meuble | école, autre institution et lieu d'administration publique",category
W08.3,W083,chute d'un autre meuble | lieu de sport et d'athlétisme,category
W08.4,W084,chute d'un autre meuble | rue ou route,category
W08.5,W085,chute d'un autre meuble | zone de commerce et de service,category
W08.6,W086,chute d'un autre meuble | local industriel et chantier de construction,category
W08.7,W087,chute d'un autre meuble | exploitation agricole,category
W08.8,W088,chute d'un autre meuble | autres lieux précisés,category
W08.9,W089,"chute d'un autre meuble | lieu, sans précision",category
W09.0,W090,chute du haut d'agrès équipant un terrain de jeux | domicile,category
W09.1,W091,chute du haut d'agrès équipant un terrain de jeux | établissement collectif,category
W09.2,W092,"chute du haut d'agrès équipant un terrain de jeux | école, autre institution et lieu d'administration publique",category
W09.3,W093,chute du haut d'agrès équipant un terrain de jeux | lieu de sport et d'athlétisme,category
W09.4,W094,chute du haut d'agrès équipant un terrain de jeux | rue ou route,category
W09.5,W095,chute du haut d'agrès équipant un terrain de jeux | zone de commerce et de service,category
W09.6,W096,chute du haut d'agrès équipant un terrain de jeux | local industriel et chantier de construction,category
W09.7,W097,chute du haut d'agrès équipant un terrain de jeux | exploitation agricole,category
W09.8,W098,chute du haut d'agrès équipant un terrain de jeux | autres lieux précisés,category
W09.9,W099,"chute du haut d'agrès équipant un terrain de jeux | lieu, sans précision",category
W10.0,W100,chute dans et d'un escalier et de marches | domicile,category
W10.1,W101,chute dans et d'un escalier et de marches | établissement collectif,category
W10.2,W102,"chute dans et d'un escalier et de marches | école, autre institution et lieu d'administration publique",category
W10.3,W103,chute dans et d'un escalier et de marches | lieu de sport et d'athlétisme,category
W10.4,W104,chute dans et d'un escalier et de marches | rue ou route,category
W10.5,W105,chute dans et d'un escalier et de marches | zone de commerce et de service,category
W10.6,W106,chute dans et d'un escalier et de marches | local industriel et chantier de construction,category
W10.7,W107,chute dans et d'un escalier et de marches | exploitation agricole,category
W10.8,W108,chute dans et d'un escalier et de marches | autres lieux précisés,category
W10.9,W109,"chute dans et d'un escalier et de marches | lieu, sans précision",category
W11.0,W110,chute sur ou d'une échelle | domicile,category
W11.1,W111,chute sur ou d'une échelle | établissement collectif,category
W11.2,W112,"chute sur ou d'une échelle | école, autre institution et lieu d'administration publique",category
W11.3,W113,chute sur ou d'une échelle | lieu de sport et d'athlétisme,category
W11.4,W114,chute sur ou d'une échelle | rue ou route,category
W11.5,W115,chute sur ou d'une échelle | zone de commerce et de service,category
W11.6,W116,chute sur ou d'une échelle | local industriel et chantier de construction,category
W11.7,W117,chute sur ou d'une échelle | exploitation agricole,category
W11.8,W118,chute sur ou d'une échelle | autres lieux précisés,category
W11.9,W119,"chute sur ou d'une échelle | lieu, sans précision",category
W12.0,W120,chute sur ou d'un échafaudage | domicile,category
W12.1,W121,chute sur ou d'un échafaudage | établissement collectif,category
W12.2,W122,"chute sur ou d'un échafaudage | école, autre institution et lieu d'administration publique",category
W12.3,W123,chute sur ou d'un échafaudage | lieu de sport et d'athlétisme,category
W12.4,W124,chute sur ou d'un échafaudage | rue ou route,category
W12.5,W125,chute sur ou d'un échafaudage | zone de commerce et de service,category
W12.6,W126,chute sur ou d'un échafaudage | local industriel et chantier de construction,category
W12.7,W127,chute sur ou d'un échafaudage | exploitation agricole,category
W12.8,W128,chute sur ou d'un échafaudage | autres lieux précisés,category
W12.9,W129,"chute sur ou d'un échafaudage | lieu, sans précision",category
W13.0,W130,chute du haut d'un bâtiment ou d'un autre ouvrage | domicile,category
W13.1,W131,chute du haut d'un bâtiment ou d'un autre ouvrage | établissement collectif,category
W13.2,W132,"chute du haut d'un bâtiment ou d'un autre ouvrage | école, autre institution et lieu d'administration publique",category
W13.3,W133,chute du haut d'un bâtiment ou d'un autre ouvrage | lieu de sport et d'athlétisme,category
W13.4,W134,chute du haut d'un bâtiment ou d'un autre ouvrage | rue ou route,category
W13.5,W135,chute du haut d'un bâtiment ou d'un autre ouvrage | zone de commerce et de service,category
W13.6,W136,chute du haut d'un bâtiment ou d'un autre ouvrage | local industriel et chantier de construction,category
W13.7,W137,chute du haut d'un bâtiment ou d'un autre ouvrage | exploitation agricole,category
W13.8,W138,chute du haut d'un bâtiment ou d'un autre ouvrage | autres lieux précisés,category
W13.9,W139,"chute du haut d'un bâtiment ou d'un autre ouvrage | lieu, sans précision",category
W14.0,W140,chute du haut d'un arbre | domicile,category
W14.1,W141,chute du haut d'un arbre | établissement collectif,category
W14.2,W142,"chute du haut d'un arbre | école, autre institution et lieu d'administration publique",category
W14.3,W143,chute du haut d'un arbre | lieu de sport et d'athlétisme,category
W14.4,W144,chute du haut d'un arbre | rue ou route,category
W14.5,W145,chute du haut d'un arbre | zone de commerce et de service,category
W14.6,W146,chute du haut d'un arbre | local industriel et chantier de construction,category
W14.7,W147,chute du haut d'un arbre | exploitation agricole,category
W14.8,W148,chute du haut d'un arbre | autres lieux précisés,category
W14.9,W149,"chute du haut d'un arbre | lieu, sans précision",category
W15.0,W150,chute d'une falaise | domicile,category
W15.1,W151,chute d'une falaise | établissement collectif,category
W15.2,W152,"chute d'une falaise | école, autre institution et lieu d'administration publique",category
W15.3,W153,chute d'une falaise | lieu de sport et d'athlétisme,category
W15.4,W154,chute d'une falaise | rue ou route,category
W15.5,W155,chute d'une falaise | zone de commerce et de service,category
W15.6,W156,chute d'une falaise | local industriel et chantier de construction,category
W15.7,W157,chute d'une falaise | exploitation agricole,category
W15.8,W158,chute d'une falaise | autres lieux précisés,category
W15.9,W159,"chute d'une falaise | lieu, sans précision",category
W16.0,W160,plongée ou saut dans l'eau provoquant une lésion traumatique autre que noyade ou submersion | domicile,category
W16.1,W161,plongée ou saut dans l'eau provoquant une lésion traumatique autre que noyade ou submersion | établissement collectif,category
W16.2,W162,"plongée ou saut dans l'eau provoquant une lésion traumatique autre que noyade ou submersion | école, autre institution et lieu d'administration publique",category
W16.3,W163,plongée ou saut dans l'eau provoquant une lésion traumatique autre que noyade ou submersion | lieu de sport et d'athlétisme,category
W16.4,W164,plongée ou saut dans l'eau provoquant une lésion traumatique autre que noyade ou submersion | rue ou route,category
W16.5,W165,plongée ou saut dans l'eau provoquant une lésion traumatique autre que noyade ou submersion | zone de commerce et de service,category
W16.6,W166,plongée ou saut dans l'eau provoquant une lésion traumatique autre que noyade ou submersion | local industriel et chantier de construction,category
W16.7,W167,plongée ou saut dans l'eau provoquant une lésion traumatique autre que noyade ou submersion | exploitation agricole,category
W16.8,W168,plongée ou saut dans l'eau provoquant une lésion traumatique autre que noyade ou submersion | autres lieux précisés,category
W16.9,W169,"plongée ou saut dans l'eau provoquant une lésion traumatique autre que noyade ou submersion | lieu, sans précision",category
W17.0,W170,autre chute d'un niveau à un autre | domicile,category
W17.1,W171,autre chute d'un niveau à un autre | établissement collectif,category
W17.2,W172,"autre chute d'un niveau à un autre | école, autre institution et lieu d'administration publique",category
W17.3,W173,autre chute d'un niveau à un autre | lieu de sport et d'athlétisme,category
W17.4,W174,autre chute d'un niveau à un autre | rue ou route,category
W17.5,W175,autre chute d'un niveau à un autre | zone de commerce et de service,category
W17.6,W176,autre chute d'un niveau à un autre | local industriel et chantier de construction,category
W17.7,W177,autre chute d'un niveau à un autre | exploitation agricole,category
W17.8,W178,autre chute d'un niveau à un autre | autres lieux précisés,category
W17.9,W179,"autre chute d'un niveau à un autre | lieu, sans précision",category
W18.0,W180,autre chute de plain-pied | domicile,category
W18.1,W181,autre chute de plain-pied | établissement collectif,category
W18.2,W182,"autre chute de plain-pied | école, autre institution et lieu d'administration publique",category
W18.3,W183,autre chute de plain-pied | lieu de sport et d'athlétisme,category
W18.4,W184,autre chute de plain-pied | rue ou route,category
W18.5,W185,autre chute de plain-pied | zone de commerce et de service,category
W18.6,W186,autre chute de plain-pied | local industriel et chantier de construction,category
W18.7,W187,autre chute de plain-pied | exploitation agricole,category
W18.8,W188,autre chute de plain-pied | autres lieux précisés,category
W18.9,W189,"autre chute de plain-pied | lieu, sans précision",category
W19.0,W190,"chute, sans précision | domicile",category
W19.1,W191,"chute, sans précision | établissement collectif",category
W19.2,W192,"chute, sans précision | école, autre institution et lieu d'administration publique",category
W19.3,W193,"chute, sans précision | lieu de sport et d'athlétisme",category
W19.4,W194,"chute, sans précision | rue ou route",category
W19.5,W195,"chute, sans précision | zone de commerce et de service",category
W19.6,W196,"chute, sans précision | local industriel et chantier de construction",category
W19.7,W197,"chute, sans précision | exploitation agricole",category
W19.8,W198,"chute, sans précision | autres lieux précisés",category
W19.9,W199,"chute, sans précision | lieu, sans précision",category
W20.0,W200,heurt causé par le lancement ou la chute d'un objet | domicile,category
W20.1,W201,heurt causé par le lancement ou la chute d'un objet | établissement collectif,category
W20.2,W202,"heurt causé par le lancement ou la chute d'un objet | école, autre institution et lieu d'administration publique",category
W20.3,W203,heurt causé par le lancement ou la chute d'un objet | lieu de sport et d'athlétisme,category
W20.4,W204,heurt causé par le lancement ou la chute d'un objet | rue ou route,category
W20.5,W205,heurt causé par le lancement ou la chute d'un objet | zone de commerce et de service,category
W20.6,W206,heurt causé par le lancement ou la chute d'un objet | local industriel et chantier de construction,category
W20.7,W207,heurt causé par le lancement ou la chute d'un objet | exploitation agricole,category
W20.8,W208,heurt causé par le lancement ou la chute d'un objet | autres lieux précisés,category
W20.9,W209,"heurt causé par le lancement ou la chute d'un objet | lieu, sans précision",category
W21.0,W210,heurt contre ou par du matériel de sport | domicile,category
W21.1,W211,heurt contre ou par du matériel de sport | établissement collectif,category
W21.2,W212,"heurt contre ou par du matériel de sport | école, autre institution et lieu d'administration publique",category
W21.3,W213,heurt contre ou par du matériel de sport | lieu de sport et d'athlétisme,category
W21.4,W214,heurt contre ou par du matériel de sport | rue ou route,category
W21.5,W215,heurt contre ou par du matériel de sport | zone de commerce et de service,category
W21.6,W216,heurt contre ou par du matériel de sport | local industriel et chantier de construction,category
W21.7,W217,heurt contre ou par du matériel de sport | exploitation agricole,category
W21.8,W218,heurt contre ou par du matériel de sport | autres lieux précisés,category
W21.9,W219,"heurt contre ou par du matériel de sport | lieu, sans précision",category
W22.0,W220,heurt contre ou par d'autres objets | domicile,category
W22.1,W221,heurt contre ou par d'autres objets | établissement collectif,category
W22.2,W222,"heurt contre ou par d'autres objets | école, autre institution et lieu d'administration publique",category
W22.3,W223,heurt contre ou par d'autres objets | lieu de sport et d'athlétisme,category
W22.4,W224,heurt contre ou par d'autres objets | rue ou route,category
W22.5,W225,heurt contre ou par d'autres objets | zone de commerce et de service,category
W22.6,W226,heurt contre ou par d'autres objets | local industriel et chantier de construction,category
W22.7,W227,heurt contre ou par d'autres objets | exploitation agricole,category
W22.8,W228,heurt contre ou par d'autres objets | autres lieux précisés,category
W22.9,W229,"heurt contre ou par d'autres objets | lieu, sans précision",category
W23.0,W230,"compression, écrasement ou blocage dans des objets ou entre des objets | domicile",category
W23.1,W231,"compression, écrasement ou blocage dans des objets ou entre des objets | établissement collectif",category
W23.2,W232,"compression, écrasement ou blocage dans des objets ou entre des objets | école, autre institution et lieu d'administration publique",category
W23.3,W233,"compression, écrasement ou blocage dans des objets ou entre des objets | lieu de sport et d'athlétisme",category
W23.4,W234,"compression, écrasement ou blocage dans des objets ou entre des objets | rue ou route",category
W23.5,W235,"compression, écrasement ou blocage dans des objets ou entre des objets | zone de commerce et de service",category
W23.6,W236,"compression, écrasement ou blocage dans des objets ou entre des objets | local industriel et chantier de construction",category
W23.7,W237,"compression, écrasement ou blocage dans des objets ou entre des objets | exploitation agricole",category
W23.8,W238,"compression, écrasement ou blocage dans des objets ou entre des objets | autres lieux précisés",category
W23.9,W239,"compression, écrasement ou blocage dans des objets ou entre des objets | lieu, sans précision",category
W24.0,W240,"contact avec des dispositifs de levage et de transmission, non classés ailleurs | domicile",category
W24.1,W241,"contact avec des dispositifs de levage et de transmission, non classés ailleurs | établissement collectif",category
W24.2,W242,"contact avec des dispositifs de levage et de transmission, non classés ailleurs | école, autre institution et lieu d'administration publique",category
W24.3,W243,"contact avec des dispositifs de levage et de transmission, non classés ailleurs | lieu de sport et d'athlétisme",category
W24.4,W244,"contact avec des dispositifs de levage et de transmission, non classés ailleurs | rue ou route",category
W24.5,W245,"contact avec des dispositifs de levage et de transmission, non classés ailleurs | zone de commerce et de service",category
W24.6,W246,"contact avec des dispositifs de levage et de transmission, non classés ailleurs | local industriel et chantier de construction",category
W24.7,W247,"contact avec des dispositifs de levage et de transmission, non classés ailleurs | exploitation agricole",category
W24.8,W248,"contact avec des dispositifs de levage et de transmission, non classés ailleurs | autres lieux précisés",category
W24.9,W249,"contact avec des dispositifs de levage et de transmission, non classés ailleurs | lieu, sans précision",category
W25.0,W250,contact avec du verre tranchant | domicile,category
W25.1,W251,contact avec du verre tranchant | établissement collectif,category
W25.2,W252,"contact avec du verre tranchant | école, autre institution et lieu d'administration publique",category
W25.3,W253,contact avec du verre tranchant | lieu de sport et d'athlétisme,category
W25.4,W254,contact avec du verre tranchant | rue ou route,category
W25.5,W255,contact avec du verre tranchant | zone de commerce et de service,category
W25.6,W256,contact avec du verre tranchant | local industriel et chantier de construction,category
W25.7,W257,contact avec du verre tranchant | exploitation agricole,category
W25.8,W258,contact avec du verre tranchant | autres lieux précisés,category
W25.9,W259,"contact avec du verre tranchant | lieu, sans précision",category
W26.1,W261,"contact avec un couteau, une épée ou un poignard | établissement collectif",category
W26.2,W262,"contact avec un couteau, une épée ou un poignard | école, autre institution et lieu d'administration publique",category
W26.3,W263,"contact avec un couteau, une épée ou un poignard | lieu de sport et d'athlétisme",category
W26.4,W264,"contact avec un couteau, une épée ou un poignard | rue ou route",category
W26.5,W265,"contact avec un couteau, une épée ou un poignard | zone de commerce et de service",category
W26.6,W266,"contact avec un couteau, une épée ou un poignard | local industriel et chantier de construction",category
W26.7,W267,"contact avec un couteau, une épée ou un poignard | exploitation agricole",category
W27.0,W270,contact avec un outil à main non électrique | domicile,category
W27.1,W271,contact avec un outil à main non électrique | établissement collectif,category
W27.2,W272,"contact avec un outil à main non électrique | école, autre institution et lieu d'administration publique",category
W27.3,W273,contact avec un outil à main non électrique | lieu de sport et d'athlétisme,category
W27.4,W274,contact avec un outil à main non électrique | rue ou route,category
W27.5,W275,contact avec un outil à main non électrique | zone de commerce et de service,category
W27.6,W276,contact avec un outil à main non électrique | local industriel et chantier de construction,category
W27.7,W277,contact avec un outil à main non électrique | exploitation agricole,category
W27.8,W278,contact avec un outil à main non électrique | autres lieux précisés,category
W27.9,W279,"contact avec un outil à main non électrique | lieu, sans précision",category
W28.0,W280,contact avec tondeuse à gazon à moteur | domicile,category
W28.1,W281,contact avec tondeuse à gazon à moteur | établissement collectif,category
W28.2,W282,"contact avec tondeuse à gazon à moteur | école, autre institution et lieu d'administration publique",category
W28.3,W283,contact avec tondeuse à gazon à moteur | lieu de sport et d'athlétisme,category
W28.4,W284,contact avec tondeuse à gazon à moteur | rue ou route,category
W28.5,W285,contact avec tondeuse à gazon à moteur | zone de commerce et de service,category
W28.6,W286,contact avec tondeuse à gazon à moteur | local industriel et chantier de construction,category
W28.7,W287,contact avec tondeuse à gazon à moteur | exploitation agricole,category
W28.8,W288,contact avec tondeuse à gazon à moteur | autres lieux précisés,category
W28.9,W289,"contact avec tondeuse à gazon à moteur | lieu, sans précision",category
W29.0,W290,contact avec d'autres outils manuels électriques et appareils électro-ménagers | domicile,category
W29.1,W291,contact avec d'autres outils manuels électriques et appareils électro-ménagers | établissement collectif,category
W29.2,W292,"contact avec d'autres outils manuels électriques et appareils électro-ménagers | école, autre institution et lieu d'administration publique",category
W29.3,W293,contact avec d'autres outils manuels électriques et appareils électro-ménagers | lieu de sport et d'athlétisme,category
W29.4,W294,contact avec d'autres outils manuels électriques et appareils électro-ménagers | rue ou route,category
W29.5,W295,contact avec d'autres outils manuels électriques et appareils électro-ménagers | zone de commerce et de service,category
W29.6,W296,contact avec d'autres outils manuels électriques et appareils électro-ménagers | local industriel et chantier de construction,category
W29.7,W297,contact avec d'autres outils manuels électriques et appareils électro-ménagers | exploitation agricole,category
W29.8,W298,contact avec d'autres outils manuels électriques et appareils électro-ménagers | autres lieux précisés,category
W29.9,W299,"contact avec d'autres outils manuels électriques et appareils électro-ménagers | lieu, sans précision",category
W30.0,W300,contact avec du matériel agricole | domicile,category
W30.1,W301,contact avec du matériel agricole | établissement collectif,category
W30.2,W302,"contact avec du matériel agricole | école, autre institution et lieu d'administration publique",category
W30.3,W303,contact avec du matériel agricole | lieu de sport et d'athlétisme,category
W30.4,W304,contact avec du matériel agricole | rue ou route,category
W30.5,W305,contact avec du matériel agricole | zone de commerce et de service,category
W30.6,W306,contact avec du matériel agricole | local industriel et chantier de construction,category
W30.7,W307,contact avec du matériel agricole | exploitation agricole,category
W30.8,W308,contact avec du matériel agricole | autres lieux précisés,category
W30.9,W309,"contact avec du matériel agricole | lieu, sans précision",category
W31.0,W310,"contact avec des appareils, autres et sans précision | domicile",category
W31.1,W311,"contact avec des appareils, autres et sans précision | établissement collectif",category
W31.2,W312,"contact avec des appareils, autres et sans précision | école, autre institution et lieu d'administration publique",category
W31.3,W313,"contact avec des appareils, autres et sans précision | lieu de sport et d'athlétisme",category
W31.4,W314,"contact avec des appareils, autres et sans précision | rue ou route",category
W31.5,W315,"contact avec des appareils, autres et sans précision | zone de commerce et de service",category
W31.6,W316,"contact avec des appareils, autres et sans précision | local industriel et chantier de construction",category
W31.7,W317,"contact avec des appareils, autres et sans précision | exploitation agricole",category
W31.8,W318,"contact avec des appareils, autres et sans précision | autres lieux précisés",category
W31.9,W319,"contact avec des appareils, autres et sans précision | lieu, sans précision",category
W32.0,W320,décharge d'arme de poing | domicile,category
W32.1,W321,décharge d'arme de poing | établissement collectif,category
W32.2,W322,"décharge d'arme de poing | école, autre institution et lieu d'administration publique",category
W32.3,W323,décharge d'arme de poing | lieu de sport et d'athlétisme,category
W32.4,W324,décharge d'arme de poing | rue ou route,category
W32.5,W325,décharge d'arme de poing | zone de commerce et de service,category
W32.6,W326,décharge d'arme de poing | local industriel et chantier de construction,category
W32.7,W327,décharge d'arme de poing | exploitation agricole,category
W32.8,W328,décharge d'arme de poing | autres lieux précisés,category
W32.9,W329,"décharge d'arme de poing | lieu, sans précision",category
W33.0,W330,"décharge de fusil, de carabine et d'arme de plus grande taille | domicile",category
W33.1,W331,"décharge de fusil, de carabine et d'arme de plus grande taille | établissement collectif",category
W33.2,W332,"décharge de fusil, de carabine et d'arme de plus grande taille | école, autre institution et lieu d'administration publique",category
W33.3,W333,"décharge de fusil, de carabine et d'arme de plus grande taille | lieu de sport et d'athlétisme",category
W33.4,W334,"décharge de fusil, de carabine et d'arme de plus grande taille | rue ou route",category
W33.5,W335,"décharge de fusil, de carabine et d'arme de plus grande taille | zone de commerce et de service",category
W33.6,W336,"décharge de fusil, de carabine et d'arme de plus grande taille | local industriel et chantier de construction",category
W33.7,W337,"décharge de fusil, de carabine et d'arme de plus grande taille | exploitation agricole",category
W33.8,W338,"décharge de fusil, de carabine et d'arme de plus grande taille | autres lieux précisés",category
W33.9,W339,"décharge de fusil, de carabine et d'arme de plus grande taille | lieu, sans précision",category
W34.0,W340,"décharge d'armes, autres et sans précision | domicile",category
W34.1,W341,"décharge d'armes, autres et sans précision | établissement collectif",category
W34.2,W342,"décharge d'armes, autres et sans précision | école, autre institution et lieu d'administration publique",category
W34.3,W343,"décharge d'armes, autres et sans précision | lieu de sport et d'athlétisme",category
W34.4,W344,"décharge d'armes, autres et sans précision | rue ou route",category
W34.5,W345,"décharge d'armes, autres et sans précision | zone de commerce et de service",category
W34.6,W346,"décharge d'armes, autres et sans précision | local industriel et chantier de construction",category
W34.7,W347,"décharge d'armes, autres et sans précision | exploitation agricole",category
W34.8,W348,"décharge d'armes, autres et sans précision | autres lieux précisés",category
W34.9,W349,"décharge d'armes, autres et sans précision | lieu, sans précision",category
W35.0,W350,explosion et éclatement d'une chaudière | domicile,category
W35.1,W351,explosion et éclatement d'une chaudière | établissement collectif,category
W35.2,W352,"explosion et éclatement d'une chaudière | école, autre institution et lieu d'administration publique",category
W35.3,W353,explosion et éclatement d'une chaudière | lieu de sport et d'athlétisme,category
W35.4,W354,explosion et éclatement d'une chaudière | rue ou route,category
W35.5,W355,explosion et éclatement d'une chaudière | zone de commerce et de service,category
W35.6,W356,explosion et éclatement d'une chaudière | local industriel et chantier de construction,category
W35.7,W357,explosion et éclatement d'une chaudière | exploitation agricole,category
W35.8,W358,explosion et éclatement d'une chaudière | autres lieux précisés,category
W35.9,W359,"explosion et éclatement d'une chaudière | lieu, sans précision",category
W36.0,W360,explosion et éclatement d'une bouteille de gaz | domicile,category
W36.1,W361,explosion et éclatement d'une bouteille de gaz | établissement collectif,category
W36.2,W362,"explosion et éclatement d'une bouteille de gaz | école, autre institution et lieu d'administration publique",category
W36.3,W363,explosion et éclatement d'une bouteille de gaz | lieu de sport et d'athlétisme,category
W36.4,W364,explosion et éclatement d'une bouteille de gaz | rue ou route,category
W36.5,W365,explosion et éclatement d'une bouteille de gaz | zone de commerce et de service,category
W36.6,W366,explosion et éclatement d'une bouteille de gaz | local industriel et chantier de construction,category
W36.7,W367,explosion et éclatement d'une bouteille de gaz | exploitation agricole,category
W36.8,W368,explosion et éclatement d'une bouteille de gaz | autres lieux précisés,category
W36.9,W369,"explosion et éclatement d'une bouteille de gaz | lieu, sans précision",category
W37.0,W370,explosion et éclatement de pneumatique ou de tuyau sous pression | domicile,category
W37.1,W371,explosion et éclatement de pneumatique ou de tuyau sous pression | établissement collectif,category
W37.2,W372,"explosion et éclatement de pneumatique ou de tuyau sous pression | école, autre institution et lieu d'administration publique",category
W37.3,W373,explosion et éclatement de pneumatique ou de tuyau sous pression | lieu de sport et d'athlétisme,category
W37.4,W374,explosion et éclatement de pneumatique ou de tuyau sous pression | rue ou route,category
W37.5,W375,explosion et éclatement de pneumatique ou de tuyau sous pression | zone de commerce et de service,category
W37.6,W376,explosion et éclatement de pneumatique ou de tuyau sous pression | local industriel et chantier de construction,category
W37.7,W377,explosion et éclatement de pneumatique ou de tuyau sous pression | exploitation agricole,category
W37.8,W378,explosion et éclatement de pneumatique ou de tuyau sous pression | autres lieux précisés,category
W37.9,W379,"explosion et éclatement de pneumatique ou de tuyau sous pression | lieu, sans précision",category
W38.0,W380,explosion et éclatement d'autres appareils précisés sous pression | domicile,category
W38.1,W381,explosion et éclatement d'autres appareils précisés sous pression | établissement collectif,category
W38.2,W382,"explosion et éclatement d'autres appareils précisés sous pression | école, autre institution et lieu d'administration publique",category
W38.3,W383,explosion et éclatement d'autres appareils précisés sous pression | lieu de sport et d'athlétisme,category
W38.4,W384,explosion et éclatement d'autres appareils précisés sous pression | rue ou route,category
W38.5,W385,explosion et éclatement d'autres appareils précisés sous pression | zone de commerce et de service,category
W38.6,W386,explosion et éclatement d'autres appareils précisés sous pression | local industriel et chantier de construction,category
W38.7,W387,explosion et éclatement d'autres appareils précisés sous pression | exploitation agricole,category
W38.8,W388,explosion et éclatement d'autres appareils précisés sous pression | autres lieux précisés,category
W38.9,W389,"explosion et éclatement d'autres appareils précisés sous pression | lieu, sans précision",category
W39.0,W390,projections de feu d'artifice | domicile,category
W39.1,W391,projections de feu d'artifice | établissement collectif,category
W39.2,W392,"projections de feu d'artifice | école, autre institution et lieu d'administration publique",category
W39.3,W393,projections de feu d'artifice | lieu de sport et d'athlétisme,category
W39.4,W394,projections de feu d'artifice | rue ou route,category
W39.5,W395,projections de feu d'artifice | zone de commerce et de service,category
W39.6,W396,projections de feu d'artifice | local industriel et chantier de construction,category
W39.7,W397,projections de feu d'artifice | exploitation agricole,category
W39.8,W398,projections de feu d'artifice | autres lieux précisés,category
W39.9,W399,"projections de feu d'artifice | lieu, sans précision",category
W40.0,W400,explosion d'autres matériaux | domicile,category
W40.1,W401,explosion d'autres matériaux | établissement collectif,category
W40.2,W402,"explosion d'autres matériaux | école, autre institution et lieu d'administration publique",category
W40.3,W403,explosion d'autres matériaux | lieu de sport et d'athlétisme,category
W40.4,W404,explosion d'autres matériaux | rue ou route,category
W40.5,W405,explosion d'autres matériaux | zone de commerce et de service,category
W40.6,W406,explosion d'autres matériaux | local industriel et chantier de construction,category
W40.7,W407,explosion d'autres matériaux | exploitation agricole,category
W40.8,W408,explosion d'autres matériaux | autres lieux précisés,category
W40.9,W409,"explosion d'autres matériaux | lieu, sans précision",category
W41.0,W410,exposition à un jet à haute pression | domicile,category
W41.1,W411,exposition à un jet à haute pression | établissement collectif,category
W41.2,W412,"exposition à un jet à haute pression | école, autre institution et lieu d'administration publique",category
W41.3,W413,exposition à un jet à haute pression | lieu de sport et d'athlétisme,category
W41.4,W414,exposition à un jet à haute pression | rue ou route,category
W41.5,W415,exposition à un jet à haute pression | zone de commerce et de service,category
W41.6,W416,exposition à un jet à haute pression | local industriel et chantier de construction,category
W41.7,W417,exposition à un jet à haute pression | exploitation agricole,category
W41.8,W418,exposition à un jet à haute pression | autres lieux précisés,category
W41.9,W419,"exposition à un jet à haute pression | lieu, sans précision",category
W42.0,W420,exposition au bruit | domicile,category
W42.1,W421,exposition au bruit | établissement collectif,category
W42.2,W422,"exposition au bruit | école, autre institution et lieu d'administration publique",category
W42.3,W423,exposition au bruit | lieu de sport et d'athlétisme,category
W42.4,W424,exposition au bruit | rue ou route,category
W42.5,W425,exposition au bruit | zone de commerce et de service,category
W42.6,W426,exposition au bruit | local industriel et chantier de construction,category
W42.7,W427,exposition au bruit | exploitation agricole,category
W42.8,W428,exposition au bruit | autres lieux précisés,category
W42.9,W429,"exposition au bruit | lieu, sans précision",category
W43.0,W430,exposition aux vibrations | domicile,category
W43.1,W431,exposition aux vibrations | établissement collectif,category
W43.2,W432,"exposition aux vibrations | école, autre institution et lieu d'administration publique",category
W43.3,W433,exposition aux vibrations | lieu de sport et d'athlétisme,category
W43.4,W434,exposition aux vibrations | rue ou route,category
W43.5,W435,exposition aux vibrations | zone de commerce et de service,category
W43.6,W436,exposition aux vibrations | local industriel et chantier de construction,category
W43.7,W437,exposition aux vibrations | exploitation agricole,category
W43.8,W438,exposition aux vibrations | autres lieux précisés,category
W43.9,W439,"exposition aux vibrations | lieu, sans précision",category
W44.0,W440,corps étranger pénétrant dans l'oeil ou un orifice naturel | domicile,category
W44.1,W441,corps étranger pénétrant dans l'oeil ou un orifice naturel | établissement collectif,category
W44.2,W442,"corps étranger pénétrant dans l'oeil ou un orifice naturel | école, autre institution et lieu d'administration publique",category
W44.3,W443,corps étranger pénétrant dans l'oeil ou un orifice naturel | lieu de sport et d'athlétisme,category
W44.4,W444,corps étranger pénétrant dans l'oeil ou un orifice naturel | rue ou route,category
W44.5,W445,corps étranger pénétrant dans l'oeil ou un orifice naturel | zone de commerce et de service,category
W44.6,W446,corps étranger pénétrant dans l'oeil ou un orifice naturel | local industriel et chantier de construction,category
W44.7,W447,corps étranger pénétrant dans l'oeil ou un orifice naturel | exploitation agricole,category
W44.8,W448,corps étranger pénétrant dans l'oeil ou un orifice naturel | autres lieux précisés,category
W44.9,W449,"corps étranger pénétrant dans l'oeil ou un orifice naturel | lieu, sans précision",category
W45.0,W450,corps étranger ou objet pénétrant dans la peau | domicile,category
W45.1,W451,corps étranger ou objet pénétrant dans la peau | établissement collectif,category
W45.2,W452,"corps étranger ou objet pénétrant dans la peau | école, autre institution et lieu d'administration publique",category
W45.3,W453,corps étranger ou objet pénétrant dans la peau | lieu de sport et d'athlétisme,category
W45.4,W454,corps étranger ou objet pénétrant dans la peau | rue ou route,category
W45.5,W455,corps étranger ou objet pénétrant dans la peau | zone de commerce et de service,category
W45.6,W456,corps étranger ou objet pénétrant dans la peau | local industriel et chantier de construction,category
W45.7,W457,corps étranger ou objet pénétrant dans la peau | exploitation agricole,category
W45.8,W458,corps étranger ou objet pénétrant dans la peau | autres lieux précisés,category
W45.9,W459,"corps étranger ou objet pénétrant dans la peau | lieu, sans précision",category
W49.0,W490,"exposition à des forces mécaniques, autres et sans précision | domicile",category
W49.1,W491,"exposition à des forces mécaniques, autres et sans précision | établissement collectif",category
W49.2,W492,"exposition à des forces mécaniques, autres et sans précision | école, autre institution et lieu d'administration publique",category
W49.3,W493,"exposition à des forces mécaniques, autres et sans précision | lieu de sport et d'athlétisme",category
W49.4,W494,"exposition à des forces mécaniques, autres et sans précision | rue ou route",category
W49.5,W495,"exposition à des forces mécaniques, autres et sans précision | zone de commerce et de service",category
W49.6,W496,"exposition à des forces mécaniques, autres et sans précision | local industriel et chantier de construction",category
W49.7,W497,"exposition à des forces mécaniques, autres et sans précision | exploitation agricole",category
W49.8,W498,"exposition à des forces mécaniques, autres et sans précision | autres lieux précisés",category
W49.9,W499,"exposition à des forces mécaniques, autres et sans précision | lieu, sans précision",category
W50.0,W500,"Coup, torsion, morsure ou écorchure infligés par un tiers | domicile",category
W50.1,W501,"Coup, torsion, morsure ou écorchure infligés par un tiers | établissement collectif",category
W50.2,W502,"Coup, torsion, morsure ou écorchure infligés par un tiers | école, autre institution et lieu d'administration publique",category
W50.3,W503,"Coup, torsion, morsure ou écorchure infligés par un tiers | lieu de sport et d'athlétisme",category
W50.4,W504,"Coup, torsion, morsure ou écorchure infligés par un tiers | rue ou route",category
W50.5,W505,"Coup, torsion, morsure ou écorchure infligés par un tiers | zone de commerce et de service",category
W50.6,W506,"Coup, torsion, morsure ou écorchure infligés par un tiers | local industriel et chantier de construction",category
W50.7,W507,"Coup, torsion, morsure ou écorchure infligés par un tiers | exploitation agricole",category
W50.8,W508,"Coup, torsion, morsure ou écorchure infligés par un tiers | autres lieux précisés",category
W50.9,W509,"Coup, torsion, morsure ou écorchure infligés par un tiers | lieu, sans précision",category
W51.0,W510,collision entre deux personnes | domicile,category
W51.1,W511,collision entre deux personnes | établissement collectif,category
W51.2,W512,"collision entre deux personnes | école, autre institution et lieu d'administration publique",category
W51.3,W513,collision entre deux personnes | lieu de sport et d'athlétisme,category
W51.4,W514,collision entre deux personnes | rue ou route,category
W51.5,W515,collision entre deux personnes | zone de commerce et de service,category
W51.6,W516,collision entre deux personnes | local industriel et chantier de construction,category
W51.7,W517,collision entre deux personnes | exploitation agricole,category
W51.8,W518,collision entre deux personnes | autres lieux précisés,category
W51.9,W519,"collision entre deux personnes | lieu, sans précision",category
W52.0,W520,"écrasement, poussée ou piétinement par une foule humaine | domicile",category
W52.1,W521,"écrasement, poussée ou piétinement par une foule humaine | établissement collectif",category
W52.2,W522,"écrasement, poussée ou piétinement par une foule humaine | école, autre institution et lieu d'administration publique",category
W52.3,W523,"écrasement, poussée ou piétinement par une foule humaine | lieu de sport et d'athlétisme",category
W52.4,W524,"écrasement, poussée ou piétinement par une foule humaine | rue ou route",category
W52.5,W525,"écrasement, poussée ou piétinement par une foule humaine | zone de commerce et de service",category
W52.6,W526,"écrasement, poussée ou piétinement par une foule humaine | local industriel et chantier de construction",category
W52.7,W527,"écrasement, poussée ou piétinement par une foule humaine | exploitation agricole",category
W52.8,W528,"écrasement, poussée ou piétinement par une foule humaine | autres lieux précisés",category
W52.9,W529,"écrasement, poussée ou piétinement par une foule humaine | lieu, sans précision",category
W53.0,W530,morsure de rat | domicile,category
W53.1,W531,morsure de rat | établissement collectif,category
W53.2,W532,"morsure de rat | école, autre institution et lieu d'administration publique",category
W53.3,W533,morsure de rat | lieu de sport et d'athlétisme,category
W53.4,W534,morsure de rat | rue ou route,category
W53.5,W535,morsure de rat | zone de commerce et de service,category
W53.6,W536,morsure de rat | local industriel et chantier de construction,category
W53.7,W537,morsure de rat | exploitation agricole,category
W53.8,W538,morsure de rat | autres lieux précisés,category
W53.9,W539,"morsure de rat | lieu, sans précision",category
W54.0,W540,morsure ou coup donné par un chien | domicile,category
W54.1,W541,morsure ou coup donné par un chien | établissement collectif,category
W54.2,W542,"morsure ou coup donné par un chien | école, autre institution et lieu d'administration publique",category
W54.3,W543,morsure ou coup donné par un chien | lieu de sport et d'athlétisme,category
W54.4,W544,morsure ou coup donné par un chien | rue ou route,category
W54.5,W545,morsure ou coup donné par un chien | zone de commerce et de service,category
W54.6,W546,morsure ou coup donné par un chien | local industriel et chantier de construction,category
W54.7,W547,morsure ou coup donné par un chien | exploitation agricole,category
W54.8,W548,morsure ou coup donné par un chien | autres lieux précisés,category
W54.9,W549,"morsure ou coup donné par un chien | lieu, sans précision",category
W55.0,W550,morsure ou coup donné par d'autres mammifères | domicile,category
W55.1,W551,morsure ou coup donné par d'autres mammifères | établissement collectif,category
W55.2,W552,"morsure ou coup donné par d'autres mammifères | école, autre institution et lieu d'administration publique",category
W55.3,W553,morsure ou coup donné par d'autres mammifères | lieu de sport et d'athlétisme,category
W55.4,W554,morsure ou coup donné par d'autres mammifères | rue ou route,category
W55.5,W555,morsure ou coup donné par d'autres mammifères | zone de commerce et de service,category
W55.6,W556,morsure ou coup donné par d'autres mammifères | local industriel et chantier de construction,category
W55.7,W557,morsure ou coup donné par d'autres mammifères | exploitation agricole,category
W55.8,W558,morsure ou coup donné par d'autres mammifères | autres lieux précisés,category
W55.9,W559,"morsure ou coup donné par d'autres mammifères | lieu, sans précision",category
W56.0,W560,contact avec un animal marin | domicile,category
W56.1,W561,contact avec un animal marin | établissement collectif,category
W56.2,W562,"contact avec un animal marin | école, autre institution et lieu d'administration publique",category
W56.3,W563,contact avec un animal marin | lieu de sport et d'athlétisme,category
W56.4,W564,contact avec un animal marin | rue ou route,category
W56.5,W565,contact avec un animal marin | zone de commerce et de service,category
W56.6,W566,contact avec un animal marin | local industriel et chantier de construction,category
W56.7,W567,contact avec un animal marin | exploitation agricole,category
W56.8,W568,contact avec un animal marin | autres lieux précisés,category
W56.9,W569,"contact avec un animal marin | lieu, sans précision",category
W57.0,W570,morsure ou piqûre non venimeuse d'insectes et autres arthropodes | domicile,category
W57.1,W571,morsure ou piqûre non venimeuse d'insectes et autres arthropodes | établissement collectif,category
W57.2,W572,"morsure ou piqûre non venimeuse d'insectes et autres arthropodes | école, autre institution et lieu d'administration publique",category
W57.3,W573,morsure ou piqûre non venimeuse d'insectes et autres arthropodes | lieu de sport et d'athlétisme,category
W57.4,W574,morsure ou piqûre non venimeuse d'insectes et autres arthropodes | rue ou route,category
W57.5,W575,morsure ou piqûre non venimeuse d'insectes et autres arthropodes | zone de commerce et de service,category
W57.6,W576,morsure ou piqûre non venimeuse d'insectes et autres arthropodes | local industriel et chantier de construction,category
W57.7,W577,morsure ou piqûre non venimeuse d'insectes et autres arthropodes | exploitation agricole,category
W57.8,W578,morsure ou piqûre non venimeuse d'insectes et autres arthropodes | autres lieux précisés,category
W57.9,W579,"morsure ou piqûre non venimeuse d'insectes et autres arthropodes | lieu, sans précision",category
W58.0,W580,morsure ou coup donné par un crocodile ou un alligator | domicile,category
W58.1,W581,morsure ou coup donné par un crocodile ou un alligator | établissement collectif,category
W58.2,W582,"morsure ou coup donné par un crocodile ou un alligator | école, autre institution et lieu d'administration publique",category
W58.3,W583,morsure ou coup donné par un crocodile ou un alligator | lieu de sport et d'athlétisme,category
W58.4,W584,morsure ou coup donné par un crocodile ou un alligator | rue ou route,category
W58.5,W585,morsure ou coup donné par un crocodile ou un alligator | zone de commerce et de service,category
W58.6,W586,morsure ou coup donné par un crocodile ou un alligator | local industriel et chantier de construction,category
W58.7,W587,morsure ou coup donné par un crocodile ou un alligator | exploitation agricole,category
W58.8,W588,morsure ou coup donné par un crocodile ou un alligator | autres lieux précisés,category
W58.9,W589,"morsure ou coup donné par un crocodile ou un alligator | lieu, sans précision",category
W59.0,W590,morsure ou écrasement par d'autres reptiles | domicile,category
W59.1,W591,morsure ou écrasement par d'autres reptiles | établissement collectif,category
W59.2,W592,"morsure ou écrasement par d'autres reptiles | école, autre institution et lieu d'administration publique",category
W59.3,W593,morsure ou écrasement par d'autres reptiles | lieu de sport et d'athlétisme,category
W59.4,W594,morsure ou écrasement par d'autres reptiles | rue ou route,category
W59.5,W595,morsure ou écrasement par d'autres reptiles | zone de commerce et de service,category
W59.6,W596,morsure ou écrasement par d'autres reptiles | local industriel et chantier de construction,category
W59.7,W597,morsure ou écrasement par d'autres reptiles | exploitation agricole,category
W59.8,W598,morsure ou écrasement par d'autres reptiles | autres lieux précisés,category
W59.9,W599,"morsure ou écrasement par d'autres reptiles | lieu, sans précision",category
W60.0,W600,contact avec des épines de plantes et des feuilles acérées | domicile,category
W60.1,W601,contact avec des épines de plantes et des feuilles acérées | établissement collectif,category
W60.2,W602,"contact avec des épines de plantes et des feuilles acérées | école, autre institution et lieu d'administration publique",category
W60.3,W603,contact avec des épines de plantes et des feuilles acérées | lieu de sport et d'athlétisme,category
W60.4,W604,contact avec des épines de plantes et des feuilles acérées | rue ou route,category
W60.5,W605,contact avec des épines de plantes et des feuilles acérées | zone de commerce et de service,category
W60.6,W606,contact avec des épines de plantes et des feuilles acérées | local industriel et chantier de construction,category
W60.7,W607,contact avec des épines de plantes et des feuilles acérées | exploitation agricole,category
W60.8,W608,contact avec des épines de plantes et des feuilles acérées | autres lieux précisés,category
W60.9,W609,"contact avec des épines de plantes et des feuilles acérées | lieu, sans précision",category
W64.0,W640,"exposition à des forces animées, autres et sans précision | domicile",category
W64.1,W641,"exposition à des forces animées, autres et sans précision | établissement collectif",category
W64.2,W642,"exposition à des forces animées, autres et sans précision | école, autre institution et lieu d'administration publique",category
W64.3,W643,"exposition à des forces animées, autres et sans précision | lieu de sport et d'athlétisme",category
W64.4,W644,"exposition à des forces animées, autres et sans précision | rue ou route",category
W64.5,W645,"exposition à des forces animées, autres et sans précision | zone de commerce et de service",category
W64.6,W646,"exposition à des forces animées, autres et sans précision | local industriel et chantier de construction",category
W64.7,W647,"exposition à des forces animées, autres et sans précision | exploitation agricole",category
W64.8,W648,"exposition à des forces animées, autres et sans précision | autres lieux précisés",category
W64.9,W649,"exposition à des forces animées, autres et sans précision | lieu, sans précision",category
W65.0,W650,noyade et submersion dans une baignoire | domicile,category
W65.1,W651,noyade et submersion dans une baignoire | établissement collectif,category
W65.2,W652,"noyade et submersion dans une baignoire | école, autre institution et lieu d'administration publique",category
W65.3,W653,noyade et submersion dans une baignoire | lieu de sport et d'athlétisme,category
W65.4,W654,noyade et submersion dans une baignoire | rue ou route,category
W65.5,W655,noyade et submersion dans une baignoire | zone de commerce et de service,category
W65.6,W656,noyade et submersion dans une baignoire | local industriel et chantier de construction,category
W65.7,W657,noyade et submersion dans une baignoire | exploitation agricole,category
W65.8,W658,noyade et submersion dans une baignoire | autres lieux précisés,category
W65.9,W659,"noyade et submersion dans une baignoire | lieu, sans précision",category
W66.0,W660,noyade et submersion consécutives à une chute dans une baignoire | domicile,category
W66.1,W661,noyade et submersion consécutives à une chute dans une baignoire | établissement collectif,category
W66.2,W662,"noyade et submersion consécutives à une chute dans une baignoire | école, autre institution et lieu d'administration publique",category
W66.3,W663,noyade et submersion consécutives à une chute dans une baignoire | lieu de sport et d'athlétisme,category
W66.4,W664,noyade et submersion consécutives à une chute dans une baignoire | rue ou route,category
W66.5,W665,noyade et submersion consécutives à une chute dans une baignoire | zone de commerce et de service,category
W66.6,W666,noyade et submersion consécutives à une chute dans une baignoire | local industriel et chantier de construction,category
W66.7,W667,noyade et submersion consécutives à une chute dans une baignoire | exploitation agricole,category
W66.8,W668,noyade et submersion consécutives à une chute dans une baignoire | autres lieux précisés,category
W66.9,W669,"noyade et submersion consécutives à une chute dans une baignoire | lieu, sans précision",category
W67.0,W670,noyade et submersion dans une piscine | domicile,category
W67.1,W671,noyade et submersion dans une piscine | établissement collectif,category
W67.2,W672,"noyade et submersion dans une piscine | école, autre institution et lieu d'administration publique",category
W67.3,W673,noyade et submersion dans une piscine | lieu de sport et d'athlétisme,category
W67.4,W674,noyade et submersion dans une piscine | rue ou route,category
W67.5,W675,noyade et submersion dans une piscine | zone de commerce et de service,category
W67.6,W676,noyade et submersion dans une piscine | local industriel et chantier de construction,category
W67.7,W677,noyade et submersion dans une piscine | exploitation agricole,category
W67.8,W678,noyade et submersion dans une piscine | autres lieux précisés,category
W67.9,W679,"noyade et submersion dans une piscine | lieu, sans précision",category
W68.0,W680,noyade et submersion consécutives à une chute dans une piscine | domicile,category
W68.1,W681,noyade et submersion consécutives à une chute dans une piscine | établissement collectif,category
W68.2,W682,"noyade et submersion consécutives à une chute dans une piscine | école, autre institution et lieu d'administration publique",category
W68.3,W683,noyade et submersion consécutives à une chute dans une piscine | lieu de sport et d'athlétisme,category
W68.4,W684,noyade et submersion consécutives à une chute dans une piscine | rue ou route,category
W68.5,W685,noyade et submersion consécutives à une chute dans une piscine | zone de commerce et de service,category
W68.6,W686,noyade et submersion consécutives à une chute dans une piscine | local industriel et chantier de construction,category
W68.7,W687,noyade et submersion consécutives à une chute dans une piscine | exploitation agricole,category
W68.8,W688,noyade et submersion consécutives à une chute dans une piscine | autres lieux précisés,category
W68.9,W689,"noyade et submersion consécutives à une chute dans une piscine | lieu, sans précision",category
W69.0,W690,noyade et submersion dans des eaux naturelles | domicile,category
W69.1,W691,noyade et submersion dans des eaux naturelles | établissement collectif,category
W69.2,W692,"noyade et submersion dans des eaux naturelles | école, autre institution et lieu d'administration publique",category
W69.3,W693,noyade et submersion dans des eaux naturelles | lieu de sport et d'athlétisme,category
W69.4,W694,noyade et submersion dans des eaux naturelles | rue ou route,category
W69.5,W695,noyade et submersion dans des eaux naturelles | zone de commerce et de service,category
W69.6,W696,noyade et submersion dans des eaux naturelles | local industriel et chantier de construction,category
W69.7,W697,noyade et submersion dans des eaux naturelles | exploitation agricole,category
W69.8,W698,noyade et submersion dans des eaux naturelles | autres lieux précisés,category
W69.9,W699,"noyade et submersion dans des eaux naturelles | lieu, sans précision",category
W70.0,W700,noyade et submersion consécutives à une chute dans des eaux naturelles | domicile,category
W70.1,W701,noyade et submersion consécutives à une chute dans des eaux naturelles | établissement collectif,category
W70.2,W702,"noyade et submersion consécutives à une chute dans des eaux naturelles | école, autre institution et lieu d'administration publique",category
W70.3,W703,noyade et submersion consécutives à une chute dans des eaux naturelles | lieu de sport et d'athlétisme,category
W70.4,W704,noyade et submersion consécutives à une chute dans des eaux naturelles | rue ou route,category
W70.5,W705,noyade et submersion consécutives à une chute dans des eaux naturelles | zone de commerce et de service,category
W70.6,W706,noyade et submersion consécutives à une chute dans des eaux naturelles | local industriel et chantier de construction,category
W70.7,W707,noyade et submersion consécutives à une chute dans des eaux naturelles | exploitation agricole,category
W70.8,W708,noyade et submersion consécutives à une chute dans des eaux naturelles | autres lieux précisés,category
W70.9,W709,"noyade et submersion consécutives à une chute dans des eaux naturelles | lieu, sans précision",category
W73.0,W730,autres formes de noyade et submersion précisées | domicile,category
W73.1,W731,autres formes de noyade et submersion précisées | établissement collectif,category
W73.2,W732,"autres formes de noyade et submersion précisées | école, autre institution et lieu d'administration publique",category
W73.3,W733,autres formes de noyade et submersion précisées | lieu de sport et d'athlétisme,category
W73.4,W734,autres formes de noyade et submersion précisées | rue ou route,category
W73.5,W735,autres formes de noyade et submersion précisées | zone de commerce et de service,category
W73.6,W736,autres formes de noyade et submersion précisées | local industriel et chantier de construction,category
W73.7,W737,autres formes de noyade et submersion précisées | exploitation agricole,category
W73.8,W738,autres formes de noyade et submersion précisées | autres lieux précisés,category
W73.9,W739,"autres formes de noyade et submersion précisées | lieu, sans précision",category
W74.0,W740,"noyade et submersion, sans précision | domicile",category
W74.1,W741,"noyade et submersion, sans précision | établissement collectif",category
W74.2,W742,"noyade et submersion, sans précision | école, autre institution et lieu d'administration publique",category
W74.3,W743,"noyade et submersion, sans précision | lieu de sport et d'athlétisme",category
W74.4,W744,"noyade et submersion, sans précision | rue ou route",category
W74.5,W745,"noyade et submersion, sans précision | zone de commerce et de service",category
W74.6,W746,"noyade et submersion, sans précision | local industriel et chantier de construction",category
W74.7,W747,"noyade et submersion, sans précision | exploitation agricole",category
W74.8,W748,"noyade et submersion, sans précision | autres lieux précisés",category
W74.9,W749,"noyade et submersion, sans précision | lieu, sans précision",category
W75.0,W750,suffocation et strangulation accidentelles dans un lit | domicile,category
W75.1,W751,suffocation et strangulation accidentelles dans un lit | établissement collectif,category
W75.2,W752,"suffocation et strangulation accidentelles dans un lit | école, autre institution et lieu d'administration publique",category
W75.3,W753,suffocation et strangulation accidentelles dans un lit | lieu de sport et d'athlétisme,category
W75.4,W754,suffocation et strangulation accidentelles dans un lit | rue ou route,category
W75.5,W755,suffocation et strangulation accidentelles dans un lit | zone de commerce et de service,category
W75.6,W756,suffocation et strangulation accidentelles dans un lit | local industriel et chantier de construction,category
W75.7,W757,suffocation et strangulation accidentelles dans un lit | exploitation agricole,category
W75.8,W758,suffocation et strangulation accidentelles dans un lit | autres lieux précisés,category
W75.9,W759,"suffocation et strangulation accidentelles dans un lit | lieu, sans précision",category
W76.0,W760,autre pendaison et strangulation accidentelles | domicile,category
W76.1,W761,autre pendaison et strangulation accidentelles | établissement collectif,category
W76.2,W762,"autre pendaison et strangulation accidentelles | école, autre institution et lieu d'administration publique",category
W76.3,W763,autre pendaison et strangulation accidentelles | lieu de sport et d'athlétisme,category
W76.4,W764,autre pendaison et strangulation accidentelles | rue ou route,category
W76.5,W765,autre pendaison et strangulation accidentelles | zone de commerce et de service,category
W76.6,W766,autre pendaison et strangulation accidentelles | local industriel et chantier de construction,category
W76.7,W767,autre pendaison et strangulation accidentelles | exploitation agricole,category
W76.8,W768,autre pendaison et strangulation accidentelles | autres lieux précisés,category
W76.9,W769,"autre pendaison et strangulation accidentelles | lieu, sans précision",category
W77.0,W770,"danger pour la respiration dû à un affaissement du sol, une coulée de terre et d'autres substances | domicile",category
W77.1,W771,"danger pour la respiration dû à un affaissement du sol, une coulée de terre et d'autres substances | établissement collectif",category
W77.2,W772,"danger pour la respiration dû à un affaissement du sol, une coulée de terre et d'autres substances | école, autre institution et lieu d'administration publique",category
W77.3,W773,"danger pour la respiration dû à un affaissement du sol, une coulée de terre et d'autres substances | lieu de sport et d'athlétisme",category
W77.4,W774,"danger pour la respiration dû à un affaissement du sol, une coulée de terre et d'autres substances | rue ou route",category
W77.5,W775,"danger pour la respiration dû à un affaissement du sol, une coulée de terre et d'autres substances | zone de commerce et de service",category
W77.6,W776,"danger pour la respiration dû à un affaissement du sol, une coulée de terre et d'autres substances | local industriel et chantier de construction",category
W77.7,W777,"danger pour la respiration dû à un affaissement du sol, une coulée de terre et d'autres substances | exploitation agricole",category
W77.8,W778,"danger pour la respiration dû à un affaissement du sol, une coulée de terre et d'autres substances | autres lieux précisés",category
W77.9,W779,"danger pour la respiration dû à un affaissement du sol, une coulée de terre et d'autres substances | lieu, sans précision",category
W78.0,W780,inhalation du contenu de l'estomac | domicile,category
W78.1,W781,inhalation du contenu de l'estomac | établissement collectif,category
W78.2,W782,"inhalation du contenu de l'estomac | école, autre institution et lieu d'administration publique",category
W78.3,W783,inhalation du contenu de l'estomac | lieu de sport et d'athlétisme,category
W78.4,W784,inhalation du contenu de l'estomac | rue ou route,category
W78.5,W785,inhalation du contenu de l'estomac | zone de commerce et de service,category
W78.6,W786,inhalation du contenu de l'estomac | local industriel et chantier de construction,category
W78.7,W787,inhalation du contenu de l'estomac | exploitation agricole,category
W78.8,W788,inhalation du contenu de l'estomac | autres lieux précisés,category
W78.9,W789,"inhalation du contenu de l'estomac | lieu, sans précision",category
W79.0,W790,inhalation et ingestion d'aliments provoquant une obstruction des voies respiratoires | domicile,category
W79.1,W791,inhalation et ingestion d'aliments provoquant une obstruction des voies respiratoires | établissement collectif,category
W79.2,W792,"inhalation et ingestion d'aliments provoquant une obstruction des voies respiratoires | école, autre institution et lieu d'administration publique",category
W79.3,W793,inhalation et ingestion d'aliments provoquant une obstruction des voies respiratoires | lieu de sport et d'athlétisme,category
W79.4,W794,inhalation et ingestion d'aliments provoquant une obstruction des voies respiratoires | rue ou route,category
W79.5,W795,inhalation et ingestion d'aliments provoquant une obstruction des voies respiratoires | zone de commerce et de service,category
W79.6,W796,inhalation et ingestion d'aliments provoquant une obstruction des voies respiratoires | local industriel et chantier de construction,category
W79.7,W797,inhalation et ingestion d'aliments provoquant une obstruction des voies respiratoires | exploitation agricole,category
W79.8,W798,inhalation et ingestion d'aliments provoquant une obstruction des voies respiratoires | autres lieux précisés,category
W79.9,W799,"inhalation et ingestion d'aliments provoquant une obstruction des voies respiratoires | lieu, sans précision",category
W80.0,W800,inhalation et ingestion d'autres objets provoquant une obstruction des voies respiratoires | domicile,category
W80.1,W801,inhalation et ingestion d'autres objets provoquant une obstruction des voies respiratoires | établissement collectif,category
W80.2,W802,"inhalation et ingestion d'autres objets provoquant une obstruction des voies respiratoires | école, autre institution et lieu d'administration publique",category
W80.3,W803,inhalation et ingestion d'autres objets provoquant une obstruction des voies respiratoires | lieu de sport et d'athlétisme,category
W80.4,W804,inhalation et ingestion d'autres objets provoquant une obstruction des voies respiratoires | rue ou route,category
W80.5,W805,inhalation et ingestion d'autres objets provoquant une obstruction des voies respiratoires | zone de commerce et de service,category
W80.6,W806,inhalation et ingestion d'autres objets provoquant une obstruction des voies respiratoires | local industriel et chantier de construction,category
W80.7,W807,inhalation et ingestion d'autres objets provoquant une obstruction des voies respiratoires | exploitation agricole,category
W80.8,W808,inhalation et ingestion d'autres objets provoquant une obstruction des voies respiratoires | autres lieux précisés,category
W80.9,W809,"inhalation et ingestion d'autres objets provoquant une obstruction des voies respiratoires | lieu, sans précision",category
W81.0,W810,confinement ou emprisonnement dans un environnement pauvre en oxygène | domicile,category
W81.1,W811,confinement ou emprisonnement dans un environnement pauvre en oxygène | établissement collectif,category
W81.2,W812,"confinement ou emprisonnement dans un environnement pauvre en oxygène | école, autre institution et lieu d'administration publique",category
W81.3,W813,confinement ou emprisonnement dans un environnement pauvre en oxygène | lieu de sport et d'athlétisme,category
W81.4,W814,confinement ou emprisonnement dans un environnement pauvre en oxygène | rue ou route,category
W81.5,W815,confinement ou emprisonnement dans un environnement pauvre en oxygène | zone de commerce et de service,category
W81.6,W816,confinement ou emprisonnement dans un environnement pauvre en oxygène | local industriel et chantier de construction,category
W81.7,W817,confinement ou emprisonnement dans un environnement pauvre en oxygène | exploitation agricole,category
W81.8,W818,confinement ou emprisonnement dans un environnement pauvre en oxygène | autres lieux précisés,category
W81.9,W819,"confinement ou emprisonnement dans un environnement pauvre en oxygène | lieu, sans précision",category
W83.0,W830,autres dangers pour la respiration | domicile,category
W83.1,W831,autres dangers pour la respiration | établissement collectif,category
W83.2,W832,"autres dangers pour la respiration | école, autre institution et lieu d'administration publique",category
W83.3,W833,autres dangers pour la respiration | lieu de sport et d'athlétisme,category
W83.4,W834,autres dangers pour la respiration | rue ou route,category
W83.5,W835,autres dangers pour la respiration | zone de commerce et de service,category
W83.6,W836,autres dangers pour la respiration | local industriel et chantier de construction,category
W83.7,W837,autres dangers pour la respiration | exploitation agricole,category
W83.8,W838,autres dangers pour la respiration | autres lieux précisés,category
W83.9,W839,"autres dangers pour la respiration | lieu, sans précision",category
W84.0,W840,"danger pour la respiration, sans précision | domicile",category
W84.1,W841,"danger pour la respiration, sans précision | établissement collectif",category
W84.2,W842,"danger pour la respiration, sans précision | école, autre institution et lieu d'administration publique",category
W84.3,W843,"danger pour la respiration, sans précision | lieu de sport et d'athlétisme",category
W84.4,W844,"danger pour la respiration, sans précision | rue ou route",category
W84.5,W845,"danger pour la respiration, sans précision | zone de commerce et de service",category
W84.6,W846,"danger pour la respiration, sans précision | local industriel et chantier de construction",category
W84.7,W847,"danger pour la respiration, sans précision | exploitation agricole",category
W84.8,W848,"danger pour la respiration, sans précision | autres lieux précisés",category
W84.9,W849,"danger pour la respiration, sans précision | lieu, sans précision",category
W85.0,W850,exposition aux lignes électriques | domicile,category
W85.1,W851,exposition aux lignes électriques | établissement collectif,category
W85.2,W852,"exposition aux lignes électriques | école, autre institution et lieu d'administration publique",category
W85.3,W853,exposition aux lignes électriques | lieu de sport et d'athlétisme,category
W85.4,W854,exposition aux lignes électriques | rue ou route,category
W85.5,W855,exposition aux lignes électriques | zone de commerce et de service,category
W85.6,W856,exposition aux lignes électriques | local industriel et chantier de construction,category
W85.7,W857,exposition aux lignes électriques | exploitation agricole,category
W85.8,W858,exposition aux lignes électriques | autres lieux précisés,category
W85.9,W859,"exposition aux lignes électriques | lieu, sans précision",category
W86.0,W860,exposition à d'autres formes précisées de courant électrique | domicile,category
W86.1,W861,exposition à d'autres formes précisées de courant électrique | établissement collectif,category
W86.2,W862,"exposition à d'autres formes précisées de courant électrique | école, autre institution et lieu d'administration publique",category
W86.3,W863,exposition à d'autres formes précisées de courant électrique | lieu de sport et d'athlétisme,category
W86.4,W864,exposition à d'autres formes précisées de courant électrique | rue ou route,category
W86.5,W865,exposition à d'autres formes précisées de courant électrique | zone de commerce et de service,category
W86.6,W866,exposition à d'autres formes précisées de courant électrique | local industriel et chantier de construction,category
W86.7,W867,exposition à d'autres formes précisées de courant électrique | exploitation agricole,category
W86.8,W868,exposition à d'autres formes précisées de courant électrique | autres lieux précisés,category
W86.9,W869,"exposition à d'autres formes précisées de courant électrique | lieu, sans précision",category
W87.0,W870,"exposition au courant électrique, sans précision | domicile",category
W87.1,W871,"exposition au courant électrique, sans précision | établissement collectif",category
W87.2,W872,"exposition au courant électrique, sans précision | école, autre institution et lieu d'administration publique",category
W87.3,W873,"exposition au courant électrique, sans précision | lieu de sport et d'athlétisme",category
W87.4,W874,"exposition au courant électrique, sans précision | rue ou route",category
W87.5,W875,"exposition au courant électrique, sans précision | zone de commerce et de service",category
W87.6,W876,"exposition au courant électrique, sans précision | local industriel et chantier de construction",category
W87.7,W877,"exposition au courant électrique, sans précision | exploitation agricole",category
W87.8,W878,"exposition au courant électrique, sans précision | autres lieux précisés",category
W87.9,W879,"exposition au courant électrique, sans précision | lieu, sans précision",category
W88.0,W880,exposition aux rayonnements ionisants | domicile,category
W88.1,W881,exposition aux rayonnements ionisants | établissement collectif,category
W88.2,W882,"exposition aux rayonnements ionisants | école, autre institution et lieu d'administration publique",category
W88.3,W883,exposition aux rayonnements ionisants | lieu de sport et d'athlétisme,category
W88.4,W884,exposition aux rayonnements ionisants | rue ou route,category
W88.5,W885,exposition aux rayonnements ionisants | zone de commerce et de service,category
W88.6,W886,exposition aux rayonnements ionisants | local industriel et chantier de construction,category
W88.7,W887,exposition aux rayonnements ionisants | exploitation agricole,category
W88.8,W888,exposition aux rayonnements ionisants | autres lieux précisés,category
W88.9,W889,"exposition aux rayonnements ionisants | lieu, sans précision",category
W89.0,W890,exposition à une source lumineuse artificielle visible et aux ultraviolets | domicile,category
W89.1,W891,exposition à une source lumineuse artificielle visible et aux ultraviolets | établissement collectif,category
W89.2,W892,"exposition à une source lumineuse artificielle visible et aux ultraviolets | école, autre institution et lieu d'administration publique",category
W89.3,W893,exposition à une source lumineuse artificielle visible et aux ultraviolets | lieu de sport et d'athlétisme,category
W89.4,W894,exposition à une source lumineuse artificielle visible et aux ultraviolets | rue ou route,category
W89.5,W895,exposition à une source lumineuse artificielle visible et aux ultraviolets | zone de commerce et de service,category
W89.6,W896,exposition à une source lumineuse artificielle visible et aux ultraviolets | local industriel et chantier de construction,category
W89.7,W897,exposition à une source lumineuse artificielle visible et aux ultraviolets | exploitation agricole,category
W89.8,W898,exposition à une source lumineuse artificielle visible et aux ultraviolets | autres lieux précisés,category
W89.9,W899,"exposition à une source lumineuse artificielle visible et aux ultraviolets | lieu, sans précision",category
W90.0,W900,exposition à d'autres rayonnements non ionisants | domicile,category
W90.1,W901,exposition à d'autres rayonnements non ionisants | établissement collectif,category
W90.2,W902,"exposition à d'autres rayonnements non ionisants | école, autre institution et lieu d'administration publique",category
W90.3,W903,exposition à d'autres rayonnements non ionisants | lieu de sport et d'athlétisme,category
W90.4,W904,exposition à d'autres rayonnements non ionisants | rue ou route,category
W90.5,W905,exposition à d'autres rayonnements non ionisants | zone de commerce et de service,category
W90.6,W906,exposition à d'autres rayonnements non ionisants | local industriel et chantier de construction,category
W90.7,W907,exposition à d'autres rayonnements non ionisants | exploitation agricole,category
W90.8,W908,exposition à d'autres rayonnements non ionisants | autres lieux précisés,category
W90.9,W909,"exposition à d'autres rayonnements non ionisants | lieu, sans précision",category
W91.0,W910,"exposition aux rayonnements, sans précision | domicile",category
W91.1,W911,"exposition aux rayonnements, sans précision | établissement collectif",category
W91.2,W912,"exposition aux rayonnements, sans précision | école, autre institution et lieu d'administration publique",category
W91.3,W913,"exposition aux rayonnements, sans précision | lieu de sport et d'athlétisme",category
W91.4,W914,"exposition aux rayonnements, sans précision | rue ou route",category
W91.5,W915,"exposition aux rayonnements, sans précision | zone de commerce et de service",category
W91.6,W916,"exposition aux rayonnements, sans précision | local industriel et chantier de construction",category
W91.7,W917,"exposition aux rayonnements, sans précision | exploitation agricole",category
W91.8,W918,"exposition aux rayonnements, sans précision | autres lieux précisés",category
W91.9,W919,"exposition aux rayonnements, sans précision | lieu, sans précision",category
W92.0,W920,exposition à une chaleur artificielle excessive | domicile,category
W92.1,W921,exposition à une chaleur artificielle excessive | établissement collectif,category
W92.2,W922,"exposition à une chaleur artificielle excessive | école, autre institution et lieu d'administration publique",category
W92.3,W923,exposition à une chaleur artificielle excessive | lieu de sport et d'athlétisme,category
W92.4,W924,exposition à une chaleur artificielle excessive | rue ou route,category
W92.5,W925,exposition à une chaleur artificielle excessive | zone de commerce et de service,category
W92.6,W926,exposition à une chaleur artificielle excessive | local industriel et chantier de construction,category
W92.7,W927,exposition à une chaleur artificielle excessive | exploitation agricole,category
W92.8,W928,exposition à une chaleur artificielle excessive | autres lieux précisés,category
W92.9,W929,"exposition à une chaleur artificielle excessive | lieu, sans précision",category
W93.0,W930,exposition à un froid artificiel excessif | domicile,category
W93.1,W931,exposition à un froid artificiel excessif | établissement collectif,category
W93.2,W932,"exposition à un froid artificiel excessif | école, autre institution et lieu d'administration publique",category
W93.3,W933,exposition à un froid artificiel excessif | lieu de sport et d'athlétisme,category
W93.4,W934,exposition à un froid artificiel excessif | rue ou route,category
W93.5,W935,exposition à un froid artificiel excessif | zone de commerce et de service,category
W93.6,W936,exposition à un froid artificiel excessif | local industriel et chantier de construction,category
W93.7,W937,exposition à un froid artificiel excessif | exploitation agricole,category
W93.8,W938,exposition à un froid artificiel excessif | autres lieux précisés,category
W93.9,W939,"exposition à un froid artificiel excessif | lieu, sans précision",category
W94.0,W940,exposition à une dépression et une hyperpression et à des changements de pression barométriques | domicile,category
W94.1,W941,exposition à une dépression et une hyperpression et à des changements de pression barométriques | établissement collectif,category
W94.2,W942,"exposition à une dépression et une hyperpression et à des changements de pression barométriques | école, autre institution et lieu d'administration publique",category
W94.3,W943,exposition à une dépression et une hyperpression et à des changements de pression barométriques | lieu de sport et d'athlétisme,category
W94.4,W944,exposition à une dépression et une hyperpression et à des changements de pression barométriques | rue ou route,category
W94.5,W945,exposition à une dépression et une hyperpression et à des changements de pression barométriques | zone de commerce et de service,category
W94.6,W946,exposition à une dépression et une hyperpression et à des changements de pression barométriques | local industriel et chantier de construction,category
W94.7,W947,exposition à une dépression et une hyperpression et à des changements de pression barométriques | exploitation agricole,category
W94.8,W948,exposition à une dépression et une hyperpression et à des changements de pression barométriques | autres lieux précisés,category
W94.9,W949,"exposition à une dépression et une hyperpression et à des changements de pression barométriques | lieu, sans précision",category
W99.0,W990,"exposition à des facteurs propres à un environnement artificiel, autres et sans précision | domicile",category
W99.1,W991,"exposition à des facteurs propres à un environnement artificiel, autres et sans précision | établissement collectif",category
W99.2,W992,"exposition à des facteurs propres à un environnement artificiel, autres et sans précision | école, autre institution et lieu d'administration publique",category
W99.3,W993,"exposition à des facteurs propres à un environnement artificiel, autres et sans précision | lieu de sport et d'athlétisme",category
W99.4,W994,"exposition à des facteurs propres à un environnement artificiel, autres et sans précision | rue ou route",category
W99.5,W995,"exposition à des facteurs propres à un environnement artificiel, autres et sans précision | zone de commerce et de service",category
W99.6,W996,"exposition à des facteurs propres à un environnement artificiel, autres et sans précision | local industriel et chantier de construction",category
W99.7,W997,"exposition à des facteurs propres à un environnement artificiel, autres et sans précision | exploitation agricole",category
W99.8,W998,"exposition à des facteurs propres à un environnement artificiel, autres et sans précision | autres lieux précisés",category
W99.9,W999,"exposition à des facteurs propres à un environnement artificiel, autres et sans précision | lieu, sans précision",category
X00.0,X000,"exposition à un feu non maîtrisé, dans un bâtiment ou un ouvrage | domicile",category
X00.1,X001,"exposition à un feu non maîtrisé, dans un bâtiment ou un ouvrage | établissement collectif",category
X00.2,X002,"exposition à un feu non maîtrisé, dans un bâtiment ou un ouvrage | école, autre institution et lieu d'administration publique",category
X00.3,X003,"exposition à un feu non maîtrisé, dans un bâtiment ou un ouvrage | lieu de sport et d'athlétisme",category
X00.4,X004,"exposition à un feu non maîtrisé, dans un bâtiment ou un ouvrage | rue ou route",category
X00.5,X005,"exposition à un feu non maîtrisé, dans un bâtiment ou un ouvrage | zone de commerce et de service",category
X00.6,X006,"exposition à un feu non maîtrisé, dans un bâtiment ou un ouvrage | local industriel et chantier de construction",category
X00.7,X007,"exposition à un feu non maîtrisé, dans un bâtiment ou un ouvrage | exploitation agricole",category
X00.8,X008,"exposition à un feu non maîtrisé, dans un bâtiment ou un ouvrage | autres lieux précisés",category
X00.9,X009,"exposition à un feu non maîtrisé, dans un bâtiment ou un ouvrage | lieu, sans précision",category
X01.0,X010,"exposition à un feu non maîtrisé, hors d'un bâtiment ou d'un ouvrage | domicile",category
X01.1,X011,"exposition à un feu non maîtrisé, hors d'un bâtiment ou d'un ouvrage | établissement collectif",category
X01.2,X012,"exposition à un feu non maîtrisé, hors d'un bâtiment ou d'un ouvrage | école, autre institution et lieu d'administration publique",category
X01.3,X013,"exposition à un feu non maîtrisé, hors d'un bâtiment ou d'un ouvrage | lieu de sport et d'athlétisme",category
X01.4,X014,"exposition à un feu non maîtrisé, hors d'un bâtiment ou d'un ouvrage | rue ou route",category
X01.5,X015,"exposition à un feu non maîtrisé, hors d'un bâtiment ou d'un ouvrage | zone de commerce et de service",category
X01.6,X016,"exposition à un feu non maîtrisé, hors d'un bâtiment ou d'un ouvrage | local industriel et chantier de construction",category
X01.7,X017,"exposition à un feu non maîtrisé, hors d'un bâtiment ou d'un ouvrage | exploitation agricole",category
X01.8,X018,"exposition à un feu non maîtrisé, hors d'un bâtiment ou d'un ouvrage | autres lieux précisés",category
X01.9,X019,"exposition à un feu non maîtrisé, hors d'un bâtiment ou d'un ouvrage | lieu, sans précision",category
X02.0,X020,"exposition à un feu maîtrisé, dans un bâtiment ou un ouvrage | domicile",category
X02.1,X021,"exposition à un feu maîtrisé, dans un bâtiment ou un ouvrage | établissement collectif",category
X02.2,X022,"exposition à un feu maîtrisé, dans un bâtiment ou un ouvrage | école, autre institution et lieu d'administration publique",category
X02.3,X023,"exposition à un feu maîtrisé, dans un bâtiment ou un ouvrage | lieu de sport et d'athlétisme",category
X02.4,X024,"exposition à un feu maîtrisé, dans un bâtiment ou un ouvrage | rue ou route",category
X02.5,X025,"exposition à un feu maîtrisé, dans un bâtiment ou un ouvrage | zone de commerce et de service",category
X02.6,X026,"exposition à un feu maîtrisé, dans un bâtiment ou un ouvrage | local industriel et chantier de construction",category
X02.7,X027,"exposition à un feu maîtrisé, dans un bâtiment ou un ouvrage | exploitation agricole",category
X02.8,X028,"exposition à un feu maîtrisé, dans un bâtiment ou un ouvrage | autres lieux précisés",category
X02.9,X029,"exposition à un feu maîtrisé, dans un bâtiment ou un ouvrage | lieu, sans précision",category
X03.0,X030,"exposition à un feu maîtrisé, hors d'un bâtiment ou d'un ouvrage | domicile",category
X03.1,X031,"exposition à un feu maîtrisé, hors d'un bâtiment ou d'un ouvrage | établissement collectif",category
X03.2,X032,"exposition à un feu maîtrisé, hors d'un bâtiment ou d'un ouvrage | école, autre institution et lieu d'administration publique",category
X03.3,X033,"exposition à un feu maîtrisé, hors d'un bâtiment ou d'un ouvrage | lieu de sport et d'athlétisme",category
X03.4,X034,"exposition à un feu maîtrisé, hors d'un bâtiment ou d'un ouvrage | rue ou route",category
X03.5,X035,"exposition à un feu maîtrisé, hors d'un bâtiment ou d'un ouvrage | zone de commerce et de service",category
X03.6,X036,"exposition à un feu maîtrisé, hors d'un bâtiment ou d'un ouvrage | local industriel et chantier de construction",category
X03.7,X037,"exposition à un feu maîtrisé, hors d'un bâtiment ou d'un ouvrage | exploitation agricole",category
X03.8,X038,"exposition à un feu maîtrisé, hors d'un bâtiment ou d'un ouvrage | autres lieux précisés",category
X03.9,X039,"exposition à un feu maîtrisé, hors d'un bâtiment ou d'un ouvrage | lieu, sans précision",category
X04.0,X040,exposition à l'inflammation d'une substance très inflammable | domicile,category
X04.1,X041,exposition à l'inflammation d'une substance très inflammable | établissement collectif,category
X04.2,X042,"exposition à l'inflammation d'une substance très inflammable | école, autre institution et lieu d'administration publique",category
X04.3,X043,exposition à l'inflammation d'une substance très inflammable | lieu de sport et d'athlétisme,category
X04.4,X044,exposition à l'inflammation d'une substance très inflammable | rue ou route,category
X04.5,X045,exposition à l'inflammation d'une substance très inflammable | zone de commerce et de service,category
X04.6,X046,exposition à l'inflammation d'une substance très inflammable | local industriel et chantier de construction,category
X04.7,X047,exposition à l'inflammation d'une substance très inflammable | exploitation agricole,category
X04.8,X048,exposition à l'inflammation d'une substance très inflammable | autres lieux précisés,category
X04.9,X049,"exposition à l'inflammation d'une substance très inflammable | lieu, sans précision",category
X05.0,X050,exposition à l'inflammation ou la fonte de vêtements de nuit | domicile,category
X05.1,X051,exposition à l'inflammation ou la fonte de vêtements de nuit | établissement collectif,category
X05.2,X052,"exposition à l'inflammation ou la fonte de vêtements de nuit | école, autre institution et lieu d'administration publique",category
X05.3,X053,exposition à l'inflammation ou la fonte de vêtements de nuit | lieu de sport et d'athlétisme,category
X05.4,X054,exposition à l'inflammation ou la fonte de vêtements de nuit | rue ou route,category
X05.5,X055,exposition à l'inflammation ou la fonte de vêtements de nuit | zone de commerce et de service,category
X05.6,X056,exposition à l'inflammation ou la fonte de vêtements de nuit | local industriel et chantier de construction,category
X05.7,X057,exposition à l'inflammation ou la fonte de vêtements de nuit | exploitation agricole,category
X05.8,X058,exposition à l'inflammation ou la fonte de vêtements de nuit | autres lieux précisés,category
X05.9,X059,"exposition à l'inflammation ou la fonte de vêtements de nuit | lieu, sans précision",category
X06.0,X060,exposition à l'inflammation ou la fonte d'autres vêtements et parures | domicile,category
X06.1,X061,exposition à l'inflammation ou la fonte d'autres vêtements et parures | établissement collectif,category
X06.2,X062,"exposition à l'inflammation ou la fonte d'autres vêtements et parures | école, autre institution et lieu d'administration publique",category
X06.3,X063,exposition à l'inflammation ou la fonte d'autres vêtements et parures | lieu de sport et d'athlétisme,category
X06.4,X064,exposition à l'inflammation ou la fonte d'autres vêtements et parures | rue ou route,category
X06.5,X065,exposition à l'inflammation ou la fonte d'autres vêtements et parures | zone de commerce et de service,category
X06.6,X066,exposition à l'inflammation ou la fonte d'autres vêtements et parures | local industriel et chantier de construction,category
X06.7,X067,exposition à l'inflammation ou la fonte d'autres vêtements et parures | exploitation agricole,category
X06.8,X068,exposition à l'inflammation ou la fonte d'autres vêtements et parures | autres lieux précisés,category
X06.9,X069,"exposition à l'inflammation ou la fonte d'autres vêtements et parures | lieu, sans précision",category
X08.0,X080,"exposition à d'autres fumées, feux et flammes précisés | domicile",category
X08.1,X081,"exposition à d'autres fumées, feux et flammes précisés | établissement collectif",category
X08.2,X082,"exposition à d'autres fumées, feux et flammes précisés | école, autre institution et lieu d'administration publique",category
X08.3,X083,"exposition à d'autres fumées, feux et flammes précisés | lieu de sport et d'athlétisme",category
X08.4,X084,"exposition à d'autres fumées, feux et flammes précisés | rue ou route",category
X08.5,X085,"exposition à d'autres fumées, feux et flammes précisés | zone de commerce et de service",category
X08.6,X086,"exposition à d'autres fumées, feux et flammes précisés | local industriel et chantier de construction",category
X08.7,X087,"exposition à d'autres fumées, feux et flammes précisés | exploitation agricole",category
X08.8,X088,"exposition à d'autres fumées, feux et flammes précisés | autres lieux précisés",category
X08.9,X089,"exposition à d'autres fumées, feux et flammes précisés | lieu, sans précision",category
X09.0,X090,"exposition à d'autres fumées, feux et flammes, sans précision | domicile",category
X09.1,X091,"exposition à d'autres fumées, feux et flammes, sans précision | établissement collectif",category
X09.2,X092,"exposition à d'autres fumées, feux et flammes, sans précision | école, autre institution et lieu d'administration publique",category
X09.3,X093,"exposition à d'autres fumées, feux et flammes, sans précision | lieu de sport et d'athlétisme",category
X09.4,X094,"exposition à d'autres fumées, feux et flammes, sans précision | rue ou route",category
X09.5,X095,"exposition à d'autres fumées, feux et flammes, sans précision | zone de commerce et de service",category
X09.6,X096,"exposition à d'autres fumées, feux et flammes, sans précision | local industriel et chantier de construction",category
X09.7,X097,"exposition à d'autres fumées, feux et flammes, sans précision | exploitation agricole",category
X09.8,X098,"exposition à d'autres fumées, feux et flammes, sans précision | autres lieux précisés",category
X09.9,X099,"exposition à d'autres fumées, feux et flammes, sans précision | lieu, sans précision",category
X10.0,X100,"contact avec des boissons, aliments, graisses comestibles et huiles de cuisson brûlants | domicile",category
X10.1,X101,"contact avec des boissons, aliments, graisses comestibles et huiles de cuisson brûlants | établissement collectif",category
X10.2,X102,"contact avec des boissons, aliments, graisses comestibles et huiles de cuisson brûlants | école, autre institution et lieu d'administration publique",category
X10.3,X103,"contact avec des boissons, aliments, graisses comestibles et huiles de cuisson brûlants | lieu de sport et d'athlétisme",category
X10.4,X104,"contact avec des boissons, aliments, graisses comestibles et huiles de cuisson brûlants | rue ou route",category
X10.5,X105,"contact avec des boissons, aliments, graisses comestibles et huiles de cuisson brûlants | zone de commerce et de service",category
X10.6,X106,"contact avec des boissons, aliments, graisses comestibles et huiles de cuisson brûlants | local industriel et chantier de construction",category
X10.7,X107,"contact avec des boissons, aliments, graisses comestibles et huiles de cuisson brûlants | exploitation agricole",category
X10.8,X108,"contact avec des boissons, aliments, graisses comestibles et huiles de cuisson brûlants | autres lieux précisés",category
X10.9,X109,"contact avec des boissons, aliments, graisses comestibles et huiles de cuisson brûlants | lieu, sans précision",category
X11.0,X110,contact avec de l'eau bouillante coulant d'un robinet | domicile,category
X11.1,X111,contact avec de l'eau bouillante coulant d'un robinet | établissement collectif,category
X11.2,X112,"contact avec de l'eau bouillante coulant d'un robinet | école, autre institution et lieu d'administration publique",category
X11.3,X113,contact avec de l'eau bouillante coulant d'un robinet | lieu de sport et d'athlétisme,category
X11.4,X114,contact avec de l'eau bouillante coulant d'un robinet | rue ou route,category
X11.5,X115,contact avec de l'eau bouillante coulant d'un robinet | zone de commerce et de service,category
X11.6,X116,contact avec de l'eau bouillante coulant d'un robinet | local industriel et chantier de construction,category
X11.7,X117,contact avec de l'eau bouillante coulant d'un robinet | exploitation agricole,category
X11.8,X118,contact avec de l'eau bouillante coulant d'un robinet | autres lieux précisés,category
X11.9,X119,"contact avec de l'eau bouillante coulant d'un robinet | lieu, sans précision",category
X12.0,X120,contact avec d'autres liquides brûlants | domicile,category
X12.1,X121,contact avec d'autres liquides brûlants | établissement collectif,category
X12.2,X122,"contact avec d'autres liquides brûlants | école, autre institution et lieu d'administration publique",category
X12.3,X123,contact avec d'autres liquides brûlants | lieu de sport et d'athlétisme,category
X12.4,X124,contact avec d'autres liquides brûlants | rue ou route,category
X12.5,X125,contact avec d'autres liquides brûlants | zone de commerce et de service,category
X12.6,X126,contact avec d'autres liquides brûlants | local industriel et chantier de construction,category
X12.7,X127,contact avec d'autres liquides brûlants | exploitation agricole,category
X12.8,X128,contact avec d'autres liquides brûlants | autres lieux précisés,category
X12.9,X129,"contact avec d'autres liquides brûlants | lieu, sans précision",category
X13.0,X130,contact avec de la vapeur d'eau et des vapeurs brûlantes | domicile,category
X13.1,X131,contact avec de la vapeur d'eau et des vapeurs brûlantes | établissement collectif,category
X13.2,X132,"contact avec de la vapeur d'eau et des vapeurs brûlantes | école, autre institution et lieu d'administration publique",category
X13.3,X133,contact avec de la vapeur d'eau et des vapeurs brûlantes | lieu de sport et d'athlétisme,category
X13.4,X134,contact avec de la vapeur d'eau et des vapeurs brûlantes | rue ou route,category
X13.5,X135,contact avec de la vapeur d'eau et des vapeurs brûlantes | zone de commerce et de service,category
X13.6,X136,contact avec de la vapeur d'eau et des vapeurs brûlantes | local industriel et chantier de construction,category
X13.7,X137,contact avec de la vapeur d'eau et des vapeurs brûlantes | exploitation agricole,category
X13.8,X138,contact avec de la vapeur d'eau et des vapeurs brûlantes | autres lieux précisés,category
X13.9,X139,"contact avec de la vapeur d'eau et des vapeurs brûlantes | lieu, sans précision",category
X14.0,X140,contact avec de l'air et des gaz brûlants | domicile,category
X14.1,X141,contact avec de l'air et des gaz brûlants | établissement collectif,category
X14.2,X142,"contact avec de l'air et des gaz brûlants | école, autre institution et lieu d'administration publique",category
X14.3,X143,contact avec de l'air et des gaz brûlants | lieu de sport et d'athlétisme,category
X14.4,X144,contact avec de l'air et des gaz brûlants | rue ou route,category
X14.5,X145,contact avec de l'air et des gaz brûlants | zone de commerce et de service,category
X14.6,X146,contact avec de l'air et des gaz brûlants | local industriel et chantier de construction,category
X14.7,X147,contact avec de l'air et des gaz brûlants | exploitation agricole,category
X14.8,X148,contact avec de l'air et des gaz brûlants | autres lieux précisés,category
X14.9,X149,"contact avec de l'air et des gaz brûlants | lieu, sans précision",category
X15.0,X150,contact avec des appareils ménagers brûlants | domicile,category
X15.1,X151,contact avec des appareils ménagers brûlants | établissement collectif,category
X15.2,X152,"contact avec des appareils ménagers brûlants | école, autre institution et lieu d'administration publique",category
X15.3,X153,contact avec des appareils ménagers brûlants | lieu de sport et d'athlétisme,category
X15.4,X154,contact avec des appareils ménagers brûlants | rue ou route,category
X15.5,X155,contact avec des appareils ménagers brûlants | zone de commerce et de service,category
X15.6,X156,contact avec des appareils ménagers brûlants | local industriel et chantier de construction,category
X15.7,X157,contact avec des appareils ménagers brûlants | exploitation agricole,category
X15.8,X158,contact avec des appareils ménagers brûlants | autres lieux précisés,category
X15.9,X159,"contact avec des appareils ménagers brûlants | lieu, sans précision",category
X16.0,X160,"contact avec des appareils de chauffage, radiateurs et tuyaux brûlants | domicile",category
X16.1,X161,"contact avec des appareils de chauffage, radiateurs et tuyaux brûlants | établissement collectif",category
X16.2,X162,"contact avec des appareils de chauffage, radiateurs et tuyaux brûlants | école, autre institution et lieu d'administration publique",category
X16.3,X163,"contact avec des appareils de chauffage, radiateurs et tuyaux brûlants | lieu de sport et d'athlétisme",category
X16.4,X164,"contact avec des appareils de chauffage, radiateurs et tuyaux brûlants | rue ou route",category
X16.5,X165,"contact avec des appareils de chauffage, radiateurs et tuyaux brûlants | zone de commerce et de service",category
X16.6,X166,"contact avec des appareils de chauffage, radiateurs et tuyaux brûlants | local industriel et chantier de construction",category
X16.7,X167,"contact avec des appareils de chauffage, radiateurs et tuyaux brûlants | exploitation agricole",category
X16.8,X168,"contact avec des appareils de chauffage, radiateurs et tuyaux brûlants | autres lieux précisés",category
X16.9,X169,"contact avec des appareils de chauffage, radiateurs et tuyaux brûlants | lieu, sans précision",category
X17.0,X170,"contact avec des moteurs, des machines et des outils brûlants | domicile",category
X17.1,X171,"contact avec des moteurs, des machines et des outils brûlants | établissement collectif",category
X17.2,X172,"contact avec des moteurs, des machines et des outils brûlants | école, autre institution et lieu d'administration publique",category
X17.3,X173,"contact avec des moteurs, des machines et des outils brûlants | lieu de sport et d'athlétisme",category
X17.4,X174,"contact avec des moteurs, des machines et des outils brûlants | rue ou route",category
X17.5,X175,"contact avec des moteurs, des machines et des outils brûlants | zone de commerce et de service",category
X17.6,X176,"contact avec des moteurs, des machines et des outils brûlants | local industriel et chantier de construction",category
X17.7,X177,"contact avec des moteurs, des machines et des outils brûlants | exploitation agricole",category
X17.8,X178,"contact avec des moteurs, des machines et des outils brûlants | autres lieux précisés",category
X17.9,X179,"contact avec des moteurs, des machines et des outils brûlants | lieu, sans précision",category
X18.0,X180,contact avec d'autres métaux chauffés | domicile,category
X18.1,X181,contact avec d'autres métaux chauffés | établissement collectif,category
X18.2,X182,"contact avec d'autres métaux chauffés | école, autre institution et lieu d'administration publique",category
X18.3,X183,contact avec d'autres métaux chauffés | lieu de sport et d'athlétisme,category
X18.4,X184,contact avec d'autres métaux chauffés | rue ou route,category
X18.5,X185,contact avec d'autres métaux chauffés | zone de commerce et de service,category
X18.6,X186,contact avec d'autres métaux chauffés | local industriel et chantier de construction,category
X18.7,X187,contact avec d'autres métaux chauffés | exploitation agricole,category
X18.8,X188,contact avec d'autres métaux chauffés | autres lieux précisés,category
X18.9,X189,"contact avec d'autres métaux chauffés | lieu, sans précision",category
X19.0,X190,"contact avec des sources de chaleur et des substances brûlantes, autres et sans précision | domicile",category
X19.1,X191,"contact avec des sources de chaleur et des substances brûlantes, autres et sans précision | établissement collectif",category
X19.2,X192,"contact avec des sources de chaleur et des substances brûlantes, autres et sans précision | école, autre institution et lieu d'administration publique",category
X19.3,X193,"contact avec des sources de chaleur et des substances brûlantes, autres et sans précision | lieu de sport et d'athlétisme",category
X19.4,X194,"contact avec des sources de chaleur et des substances brûlantes, autres et sans précision | rue ou route",category
X19.5,X195,"contact avec des sources de chaleur et des substances brûlantes, autres et sans précision | zone de commerce et de service",category
X19.6,X196,"contact avec des sources de chaleur et des substances brûlantes, autres et sans précision | local industriel et chantier de construction",category
X19.7,X197,"contact avec des sources de chaleur et des substances brûlantes, autres et sans précision | exploitation agricole",category
X19.8,X198,"contact avec des sources de chaleur et des substances brûlantes, autres et sans précision | autres lieux précisés",category
X19.9,X199,"contact avec des sources de chaleur et des substances brûlantes, autres et sans précision | lieu, sans précision",category
X20.0,X200,contact avec des serpents et des lézards venimeux | domicile,category
X20.1,X201,contact avec des serpents et des lézards venimeux | établissement collectif,category
X20.2,X202,"contact avec des serpents et des lézards venimeux | école, autre institution et lieu d'administration publique",category
X20.3,X203,contact avec des serpents et des lézards venimeux | lieu de sport et d'athlétisme,category
X20.4,X204,contact avec des serpents et des lézards venimeux | rue ou route,category
X20.5,X205,contact avec des serpents et des lézards venimeux | zone de commerce et de service,category
X20.6,X206,contact avec des serpents et des lézards venimeux | local industriel et chantier de construction,category
X20.7,X207,contact avec des serpents et des lézards venimeux | exploitation agricole,category
X20.8,X208,contact avec des serpents et des lézards venimeux | autres lieux précisés,category
X20.9,X209,"contact avec des serpents et des lézards venimeux | lieu, sans précision",category
X21.0,X210,contact avec des araignées venimeuses | domicile,category
X21.1,X211,contact avec des araignées venimeuses | établissement collectif,category
X21.2,X212,"contact avec des araignées venimeuses | école, autre institution et lieu d'administration publique",category
X21.3,X213,contact avec des araignées venimeuses | lieu de sport et d'athlétisme,category
X21.4,X214,contact avec des araignées venimeuses | rue ou route,category
X21.5,X215,contact avec des araignées venimeuses | zone de commerce et de service,category
X21.6,X216,contact avec des araignées venimeuses | local industriel et chantier de construction,category
X21.7,X217,contact avec des araignées venimeuses | exploitation agricole,category
X21.8,X218,contact avec des araignées venimeuses | autres lieux précisés,category
X21.9,X219,"contact avec des araignées venimeuses | lieu, sans précision",category
X22.0,X220,contact avec des scorpions | domicile,category
X22.1,X221,contact avec des scorpions | établissement collectif,category
X22.2,X222,"contact avec des scorpions | école, autre institution et lieu d'administration publique",category
X22.3,X223,contact avec des scorpions | lieu de sport et d'athlétisme,category
X22.4,X224,contact avec des scorpions | rue ou route,category
X22.5,X225,contact avec des scorpions | zone de commerce et de service,category
X22.6,X226,contact avec des scorpions | local industriel et chantier de construction,category
X22.7,X227,contact avec des scorpions | exploitation agricole,category
X22.8,X228,contact avec des scorpions | autres lieux précisés,category
X22.9,X229,"contact avec des scorpions | lieu, sans précision",category
X23.0,X230,"contact avec des frelons, guêpes et abeilles | domicile",category
X23.1,X231,"contact avec des frelons, guêpes et abeilles | établissement collectif",category
X23.2,X232,"contact avec des frelons, guêpes et abeilles | école, autre institution et lieu d'administration publique",category
X23.3,X233,"contact avec des frelons, guêpes et abeilles | lieu de sport et d'athlétisme",category
X23.4,X234,"contact avec des frelons, guêpes et abeilles | rue ou route",category
X23.5,X235,"contact avec des frelons, guêpes et abeilles | zone de commerce et de service",category
X23.6,X236,"contact avec des frelons, guêpes et abeilles | local industriel et chantier de construction",category
X23.7,X237,"contact avec des frelons, guêpes et abeilles | exploitation agricole",category
X23.8,X238,"contact avec des frelons, guêpes et abeilles | autres lieux précisés",category
X23.9,X239,"contact avec des frelons, guêpes et abeilles | lieu, sans précision",category
X24.0,X240,contact avec des centipodes et myriapodes venimeux (tropicaux) | domicile,category
X24.1,X241,contact avec des centipodes et myriapodes venimeux (tropicaux) | établissement collectif,category
X24.2,X242,"contact avec des centipodes et myriapodes venimeux (tropicaux) | école, autre institution et lieu d'administration publique",category
X24.3,X243,contact avec des centipodes et myriapodes venimeux (tropicaux) | lieu de sport et d'athlétisme,category
X24.4,X244,contact avec des centipodes et myriapodes venimeux (tropicaux) | rue ou route,category
X24.5,X245,contact avec des centipodes et myriapodes venimeux (tropicaux) | zone de commerce et de service,category
X24.6,X246,contact avec des centipodes et myriapodes venimeux (tropicaux) | local industriel et chantier de construction,category
X24.7,X247,contact avec des centipodes et myriapodes venimeux (tropicaux) | exploitation agricole,category
X24.8,X248,contact avec des centipodes et myriapodes venimeux (tropicaux) | autres lieux précisés,category
X24.9,X249,"contact avec des centipodes et myriapodes venimeux (tropicaux) | lieu, sans précision",category
X25.0,X250,contact avec d'autres arthropodes venimeux précisés | domicile,category
X25.1,X251,contact avec d'autres arthropodes venimeux précisés | établissement collectif,category
X25.2,X252,"contact avec d'autres arthropodes venimeux précisés | école, autre institution et lieu d'administration publique",category
X25.3,X253,contact avec d'autres arthropodes venimeux précisés | lieu de sport et d'athlétisme,category
X25.4,X254,contact avec d'autres arthropodes venimeux précisés | rue ou route,category
X25.5,X255,contact avec d'autres arthropodes venimeux précisés | zone de commerce et de service,category
X25.6,X256,contact avec d'autres arthropodes venimeux précisés | local industriel et chantier de construction,category
X25.7,X257,contact avec d'autres arthropodes venimeux précisés | exploitation agricole,category
X25.8,X258,contact avec d'autres arthropodes venimeux précisés | autres lieux précisés,category
X25.9,X259,"contact avec d'autres arthropodes venimeux précisés | lieu, sans précision",category
X26.0,X260,contact avec des animaux venimeux marins et des plantes vénéneuses marines | domicile,category
X26.1,X261,contact avec des animaux venimeux marins et des plantes vénéneuses marines | établissement collectif,category
X26.2,X262,"contact avec des animaux venimeux marins et des plantes vénéneuses marines | école, autre institution et lieu d'administration publique",category
X26.3,X263,contact avec des animaux venimeux marins et des plantes vénéneuses marines | lieu de sport et d'athlétisme,category
X26.4,X264,contact avec des animaux venimeux marins et des plantes vénéneuses marines | rue ou route,category
X26.5,X265,contact avec des animaux venimeux marins et des plantes vénéneuses marines | zone de commerce et de service,category
X26.6,X266,contact avec des animaux venimeux marins et des plantes vénéneuses marines | local industriel et chantier de construction,category
X26.7,X267,contact avec des animaux venimeux marins et des plantes vénéneuses marines | exploitation agricole,category
X26.8,X268,contact avec des animaux venimeux marins et des plantes vénéneuses marines | autres lieux précisés,category
X26.9,X269,"contact avec des animaux venimeux marins et des plantes vénéneuses marines | lieu, sans précision",category
X27.0,X270,contact avec d'autres animaux venimeux précisés | domicile,category
X27.1,X271,contact avec d'autres animaux venimeux précisés | établissement collectif,category
X27.2,X272,"contact avec d'autres animaux venimeux précisés | école, autre institution et lieu d'administration publique",category
X27.3,X273,contact avec d'autres animaux venimeux précisés | lieu de sport et d'athlétisme,category
X27.4,X274,contact avec d'autres animaux venimeux précisés | rue ou route,category
X27.5,X275,contact avec d'autres animaux venimeux précisés | zone de commerce et de service,category
X27.6,X276,contact avec d'autres animaux venimeux précisés | local industriel et chantier de construction,category
X27.7,X277,contact avec d'autres animaux venimeux précisés | exploitation agricole,category
X27.8,X278,contact avec d'autres animaux venimeux précisés | autres lieux précisés,category
X27.9,X279,"contact avec d'autres animaux venimeux précisés | lieu, sans précision",category
X28.0,X280,contact avec d'autres plantes vénéneuses précisées | domicile,category
X28.1,X281,contact avec d'autres plantes vénéneuses précisées | établissement collectif,category
X28.2,X282,"contact avec d'autres plantes vénéneuses précisées | école, autre institution et lieu d'administration publique",category
X28.3,X283,contact avec d'autres plantes vénéneuses précisées | lieu de sport et d'athlétisme,category
X28.4,X284,contact avec d'autres plantes vénéneuses précisées | rue ou route,category
X28.5,X285,contact avec d'autres plantes vénéneuses précisées | zone de commerce et de service,category
X28.6,X286,contact avec d'autres plantes vénéneuses précisées | local industriel et chantier de construction,category
X28.7,X287,contact avec d'autres plantes vénéneuses précisées | exploitation agricole,category
X28.8,X288,contact avec d'autres plantes vénéneuses précisées | autres lieux précisés,category
X28.9,X289,"contact avec d'autres plantes vénéneuses précisées | lieu, sans précision",category
X29.0,X290,"contact avec un animal venimeux ou une plante vénéneuse, sans précision | domicile",category
X29.1,X291,"contact avec un animal venimeux ou une plante vénéneuse, sans précision | établissement collectif",category
X29.2,X292,"contact avec un animal venimeux ou une plante vénéneuse, sans précision | école, autre institution et lieu d'administration publique",category
X29.3,X293,"contact avec un animal venimeux ou une plante vénéneuse, sans précision | lieu de sport et d'athlétisme",category
X29.4,X294,"contact avec un animal venimeux ou une plante vénéneuse, sans précision | rue ou route",category
X29.5,X295,"contact avec un animal venimeux ou une plante vénéneuse, sans précision | zone de commerce et de service",category
X29.6,X296,"contact avec un animal venimeux ou une plante vénéneuse, sans précision | local industriel et chantier de construction",category
X29.7,X297,"contact avec un animal venimeux ou une plante vénéneuse, sans précision | exploitation agricole",category
X29.8,X298,"contact avec un animal venimeux ou une plante vénéneuse, sans précision | autres lieux précisés",category
X29.9,X299,"contact avec un animal venimeux ou une plante vénéneuse, sans précision | lieu, sans précision",category
X30.0,X300,exposition à une chaleur naturelle excessive | domicile,category
X30.1,X301,exposition à une chaleur naturelle excessive | établissement collectif,category
X30.2,X302,"exposition à une chaleur naturelle excessive | école, autre institution et lieu d'administration publique",category
X30.3,X303,exposition à une chaleur naturelle excessive | lieu de sport et d'athlétisme,category
X30.4,X304,exposition à une chaleur naturelle excessive | rue ou route,category
X30.5,X305,exposition à une chaleur naturelle excessive | zone de commerce et de service,category
X30.6,X306,exposition à une chaleur naturelle excessive | local industriel et chantier de construction,category
X30.7,X307,exposition à une chaleur naturelle excessive | exploitation agricole,category
X30.8,X308,exposition à une chaleur naturelle excessive | autres lieux précisés,category
X30.9,X309,"exposition à une chaleur naturelle excessive | lieu, sans précision",category
X31.0,X310,exposition à un froid naturel excessif | domicile,category
X31.1,X311,exposition à un froid naturel excessif | établissement collectif,category
X31.2,X312,"exposition à un froid naturel excessif | école, autre institution et lieu d'administration publique",category
X31.3,X313,exposition à un froid naturel excessif | lieu de sport et d'athlétisme,category
X31.4,X314,exposition à un froid naturel excessif | rue ou route,category
X31.5,X315,exposition à un froid naturel excessif | zone de commerce et de service,category
X31.6,X316,exposition à un froid naturel excessif | local industriel et chantier de construction,category
X31.7,X317,exposition à un froid naturel excessif | exploitation agricole,category
X31.8,X318,exposition à un froid naturel excessif | autres lieux précisés,category
X31.9,X319,"exposition à un froid naturel excessif | lieu, sans précision",category
X32.0,X320,exposition à la lumière solaire | domicile,category
X32.1,X321,exposition à la lumière solaire | établissement collectif,category
X32.2,X322,"exposition à la lumière solaire | école, autre institution et lieu d'administration publique",category
X32.3,X323,exposition à la lumière solaire | lieu de sport et d'athlétisme,category
X32.4,X324,exposition à la lumière solaire | rue ou route,category
X32.5,X325,exposition à la lumière solaire | zone de commerce et de service,category
X32.6,X326,exposition à la lumière solaire | local industriel et chantier de construction,category
X32.7,X327,exposition à la lumière solaire | exploitation agricole,category
X32.8,X328,exposition à la lumière solaire | autres lieux précisés,category
X32.9,X329,"exposition à la lumière solaire | lieu, sans précision",category
X33.0,X330,foudre | domicile,category
X33.1,X331,foudre | établissement collectif,category
X33.2,X332,"foudre | école, autre institution et lieu d'administration publique",category
X33.3,X333,foudre | lieu de sport et d'athlétisme,category
X33.4,X334,foudre | rue ou route,category
X33.5,X335,foudre | zone de commerce et de service,category
X33.6,X336,foudre | local industriel et chantier de construction,category
X33.7,X337,foudre | exploitation agricole,category
X33.8,X338,foudre | autres lieux précisés,category
X33.9,X339,"foudre | lieu, sans précision",category
X34.2,X342,"tremblement de terre | école, autre institution et lieu d'administration publique",category
X34.3,X343,tremblement de terre | lieu de sport et d'athlétisme,category
X34.4,X344,tremblement de terre | rue ou route,category
X34.5,X345,tremblement de terre | zone de commerce et de service,category
X34.6,X346,tremblement de terre | local industriel et chantier de construction,category
X34.7,X347,tremblement de terre | exploitation agricole,category
X35.0,X350,éruption volcanique | domicile,category
X35.1,X351,éruption volcanique | établissement collectif,category
X35.2,X352,"éruption volcanique | école, autre institution et lieu d'administration publique",category
X35.3,X353,éruption volcanique | lieu de sport et d'athlétisme,category
X35.4,X354,éruption volcanique | rue ou route,category
X35.5,X355,éruption volcanique | zone de commerce et de service,category
X35.6,X356,éruption volcanique | local industriel et chantier de construction,category
X35.7,X357,éruption volcanique | exploitation agricole,category
X35.8,X358,éruption volcanique | autres lieux précisés,category
X35.9,X359,"éruption volcanique | lieu, sans précision",category
X36.0,X360,"avalanche, glissement de terrain et autres mouvements telluriques | domicile",category
X36.1,X361,"avalanche, glissement de terrain et autres mouvements telluriques | établissement collectif",category
X36.2,X362,"avalanche, glissement de terrain et autres mouvements telluriques | école, autre institution et lieu d'administration publique",category
X36.3,X363,"avalanche, glissement de terrain et autres mouvements telluriques | lieu de sport et d'athlétisme",category
X36.4,X364,"avalanche, glissement de terrain et autres mouvements telluriques | rue ou route",category
X36.5,X365,"avalanche, glissement de terrain et autres mouvements telluriques | zone de commerce et de service",category
X36.6,X366,"avalanche, glissement de terrain et autres mouvements telluriques | local industriel et chantier de construction",category
X36.7,X367,"avalanche, glissement de terrain et autres mouvements telluriques | exploitation agricole",category
X36.8,X368,"avalanche, glissement de terrain et autres mouvements telluriques | autres lieux précisés",category
X36.9,X369,"avalanche, glissement de terrain et autres mouvements telluriques | lieu, sans précision",category
X37.0,X370,tempête cataclysmique | domicile,category
X37.1,X371,tempête cataclysmique | établissement collectif,category
X37.2,X372,"tempête cataclysmique | école, autre institution et lieu d'administration publique",category
X37.3,X373,tempête cataclysmique | lieu de sport et d'athlétisme,category
X37.4,X374,tempête cataclysmique | rue ou route,category
X37.5,X375,tempête cataclysmique | zone de commerce et de service,category
X37.6,X376,tempête cataclysmique | local industriel et chantier de construction,category
X37.7,X377,tempête cataclysmique | exploitation agricole,category
X37.8,X378,tempête cataclysmique | autres lieux précisés,category
X37.9,X379,"tempête cataclysmique | lieu, sans précision",category
X38.0,X380,inondation | domicile,category
X38.1,X381,inondation | établissement collectif,category
X38.2,X382,"inondation | école, autre institution et lieu d'administration publique",category
X38.3,X383,inondation | lieu de sport et d'athlétisme,category
X38.4,X384,inondation | rue ou route,category
X38.5,X385,inondation | zone de commerce et de service,category
X38.6,X386,inondation | local industriel et chantier de construction,category
X38.7,X387,inondation | exploitation agricole,category
X38.8,X388,inondation | autres lieux précisés,category
X38.9,X389,"inondation | lieu, sans précision",category
X39.0,X390,"exposition à des forces de la nature, autres et sans précision | domicile",category
X39.1,X391,"exposition à des forces de la nature, autres et sans précision | établissement collectif",category
X39.2,X392,"exposition à des forces de la nature, autres et sans précision | école, autre institution et lieu d'administration publique",category
X39.3,X393,"exposition à des forces de la nature, autres et sans précision | lieu de sport et d'athlétisme",category
X39.4,X394,"exposition à des forces de la nature, autres et sans précision | rue ou route",category
X39.5,X395,"exposition à des forces de la nature, autres et sans précision | zone de commerce et de service",category
X39.6,X396,"exposition à des forces de la nature, autres et sans précision | local industriel et chantier de construction",category
X39.7,X397,"exposition à des forces de la nature, autres et sans précision | exploitation agricole",category
X39.8,X398,"exposition à des forces de la nature, autres et sans précision | autres lieux précisés",category
X39.9,X399,"exposition à des forces de la nature, autres et sans précision | lieu, sans précision",category
X40.0,X400,"intoxication accidentelle par des analgésiques, antipyrétiques et antirhumatismaux, non opiacés et exposition à ces produits | domicile",category
X40.1,X401,"intoxication accidentelle par des analgésiques, antipyrétiques et antirhumatismaux, non opiacés et exposition à ces produits | établissement collectif",category
X40.2,X402,"intoxication accidentelle par des analgésiques, antipyrétiques et antirhumatismaux, non opiacés et exposition à ces produits | école, autre institution et lieu d'administration publique",category
X40.3,X403,"intoxication accidentelle par des analgésiques, antipyrétiques et antirhumatismaux, non opiacés et exposition à ces produits | lieu de sport et d'athlétisme",category
X40.4,X404,"intoxication accidentelle par des analgésiques, antipyrétiques et antirhumatismaux, non opiacés et exposition à ces produits | rue ou route",category
X40.5,X405,"intoxication accidentelle par des analgésiques, antipyrétiques et antirhumatismaux, non opiacés et exposition à ces produits | zone de commerce et de service",category
X40.6,X406,"intoxication accidentelle par des analgésiques, antipyrétiques et antirhumatismaux, non opiacés et exposition à ces produits | local industriel et chantier de construction",category
X40.7,X407,"intoxication accidentelle par des analgésiques, antipyrétiques et antirhumatismaux, non opiacés et exposition à ces produits | exploitation agricole",category
X40.8,X408,"intoxication accidentelle par des analgésiques, antipyrétiques et antirhumatismaux, non opiacés et exposition à ces produits | autres lieux précisés",category
X40.9,X409,"intoxication accidentelle par des analgésiques, antipyrétiques et antirhumatismaux, non opiacés et exposition à ces produits | lieu, sans précision",category
X41.0,X410,"intoxication accidentelle par des anti-épileptiques, sédatifs, hypnotiques, antiparkinsoniens et psychotropes et exposition à ces produits, non classés ailleurs | domicile",category
X41.1,X411,"intoxication accidentelle par des anti-épileptiques, sédatifs, hypnotiques, antiparkinsoniens et psychotropes et exposition à ces produits, non classés ailleurs | établissement collectif",category
X41.2,X412,"intoxication accidentelle par des anti-épileptiques, sédatifs, hypnotiques, antiparkinsoniens et psychotropes et exposition à ces produits, non classés ailleurs | école, autre institution et lieu d'administration publique",category
X41.3,X413,"intoxication accidentelle par des anti-épileptiques, sédatifs, hypnotiques, antiparkinsoniens et psychotropes et exposition à ces produits, non classés ailleurs | lieu de sport et d'athlétisme",category
X41.4,X414,"intoxication accidentelle par des anti-épileptiques, sédatifs, hypnotiques, antiparkinsoniens et psychotropes et exposition à ces produits, non classés ailleurs | rue ou route",category
X41.5,X415,"intoxication accidentelle par des anti-épileptiques, sédatifs, hypnotiques, antiparkinsoniens et psychotropes et exposition à ces produits, non classés ailleurs | zone de commerce et de service",category
X41.6,X416,"intoxication accidentelle par des anti-épileptiques, sédatifs, hypnotiques, antiparkinsoniens et psychotropes et exposition à ces produits, non classés ailleurs | local industriel et chantier de construction",category
X41.7,X417,"intoxication accidentelle par des anti-épileptiques, sédatifs, hypnotiques, antiparkinsoniens et psychotropes et exposition à ces produits, non classés ailleurs | exploitation agricole",category
X41.8,X418,"intoxication accidentelle par des anti-épileptiques, sédatifs, hypnotiques, antiparkinsoniens et psychotropes et exposition à ces produits, non classés ailleurs | autres lieux précisés",category
X41.9,X419,"intoxication accidentelle par des anti-épileptiques, sédatifs, hypnotiques, antiparkinsoniens et psychotropes et exposition à ces produits, non classés ailleurs | lieu, sans précision",category
X42.0,X420,"intoxication accidentelle par des narcotiques et psychodysleptiques [hallucinogènes] et exposition à ces produits, non classés ailleurs | domicile",category
X42.1,X421,"intoxication accidentelle par des narcotiques et psychodysleptiques [hallucinogènes] et exposition à ces produits, non classés ailleurs | établissement collectif",category
X42.2,X422,"intoxication accidentelle par des narcotiques et psychodysleptiques [hallucinogènes] et exposition à ces produits, non classés ailleurs | école, autre institution et lieu d'administration publique",category
X42.3,X423,"intoxication accidentelle par des narcotiques et psychodysleptiques [hallucinogènes] et exposition à ces produits, non classés ailleurs | lieu de sport et d'athlétisme",category
X42.4,X424,"intoxication accidentelle par des narcotiques et psychodysleptiques [hallucinogènes] et exposition à ces produits, non classés ailleurs | rue ou route",category
X42.5,X425,"intoxication accidentelle par des narcotiques et psychodysleptiques [hallucinogènes] et exposition à ces produits, non classés ailleurs | zone de commerce et de service",category
X42.6,X426,"intoxication accidentelle par des narcotiques et psychodysleptiques [hallucinogènes] et exposition à ces produits, non classés ailleurs | local industriel et chantier de construction",category
X42.7,X427,"intoxication accidentelle par des narcotiques et psychodysleptiques [hallucinogènes] et exposition à ces produits, non classés ailleurs | exploitation agricole",category
X42.8,X428,"intoxication accidentelle par des narcotiques et psychodysleptiques [hallucinogènes] et exposition à ces produits, non classés ailleurs | autres lieux précisés",category
X42.9,X429,"intoxication accidentelle par des narcotiques et psychodysleptiques [hallucinogènes] et exposition à ces produits, non classés ailleurs | lieu, sans précision",category
X43.0,X430,intoxication accidentelle par d'autres substances pharmacologiques agissant sur le système nerveux autonome et exposition à ces substances | domicile,category
X43.1,X431,intoxication accidentelle par d'autres substances pharmacologiques agissant sur le système nerveux autonome et exposition à ces substances | établissement collectif,category
X43.2,X432,"intoxication accidentelle par d'autres substances pharmacologiques agissant sur le système nerveux autonome et exposition à ces substances | école, autre institution et lieu d'administration publique",category
X43.3,X433,intoxication accidentelle par d'autres substances pharmacologiques agissant sur le système nerveux autonome et exposition à ces substances | lieu de sport et d'athlétisme,category
X43.4,X434,intoxication accidentelle par d'autres substances pharmacologiques agissant sur le système nerveux autonome et exposition à ces substances | rue ou route,category
X43.5,X435,intoxication accidentelle par d'autres substances pharmacologiques agissant sur le système nerveux autonome et exposition à ces substances | zone de commerce et de service,category
X43.6,X436,intoxication accidentelle par d'autres substances pharmacologiques agissant sur le système nerveux autonome et exposition à ces substances | local industriel et chantier de construction,category
X43.7,X437,intoxication accidentelle par d'autres substances pharmacologiques agissant sur le système nerveux autonome et exposition à ces substances | exploitation agricole,category
X43.8,X438,intoxication accidentelle par d'autres substances pharmacologiques agissant sur le système nerveux autonome et exposition à ces substances | autres lieux précisés,category
X43.9,X439,"intoxication accidentelle par d'autres substances pharmacologiques agissant sur le système nerveux autonome et exposition à ces substances | lieu, sans précision",category
X44.0,X440,"intoxication accidentelle par d'autres médicaments et substances biologiques et exposition à ces produits, autres et sans précision | domicile",category
X44.1,X441,"intoxication accidentelle par d'autres médicaments et substances biologiques et exposition à ces produits, autres et sans précision | établissement collectif",category
X44.2,X442,"intoxication accidentelle par d'autres médicaments et substances biologiques et exposition à ces produits, autres et sans précision | école, autre institution et lieu d'administration publique",category
X44.3,X443,"intoxication accidentelle par d'autres médicaments et substances biologiques et exposition à ces produits, autres et sans précision | lieu de sport et d'athlétisme",category
X44.4,X444,"intoxication accidentelle par d'autres médicaments et substances biologiques et exposition à ces produits, autres et sans précision | rue ou route",category
X44.5,X445,"intoxication accidentelle par d'autres médicaments et substances biologiques et exposition à ces produits, autres et sans précision | zone de commerce et de service",category
X44.6,X446,"intoxication accidentelle par d'autres médicaments et substances biologiques et exposition à ces produits, autres et sans précision | local industriel et chantier de construction",category
X44.7,X447,"intoxication accidentelle par d'autres médicaments et substances biologiques et exposition à ces produits, autres et sans précision | exploitation agricole",category
X44.8,X448,"intoxication accidentelle par d'autres médicaments et substances biologiques et exposition à ces produits, autres et sans précision | autres lieux précisés",category
X44.9,X449,"intoxication accidentelle par d'autres médicaments et substances biologiques et exposition à ces produits, autres et sans précision | lieu, sans précision",category
X45.0,X450,intoxication accidentelle par l'alcool et exposition à l'alcool | domicile,category
X45.1,X451,intoxication accidentelle par l'alcool et exposition à l'alcool | établissement collectif,category
X45.2,X452,"intoxication accidentelle par l'alcool et exposition à l'alcool | école, autre institution et lieu d'administration publique",category
X45.3,X453,intoxication accidentelle par l'alcool et exposition à l'alcool | lieu de sport et d'athlétisme,category
X45.4,X454,intoxication accidentelle par l'alcool et exposition à l'alcool | rue ou route,category
X45.5,X455,intoxication accidentelle par l'alcool et exposition à l'alcool | zone de commerce et de service,category
X45.6,X456,intoxication accidentelle par l'alcool et exposition à l'alcool | local industriel et chantier de construction,category
X45.7,X457,intoxication accidentelle par l'alcool et exposition à l'alcool | exploitation agricole,category
X45.8,X458,intoxication accidentelle par l'alcool et exposition à l'alcool | autres lieux précisés,category
X45.9,X459,"intoxication accidentelle par l'alcool et exposition à l'alcool | lieu, sans précision",category
X46.0,X460,intoxication accidentelle par des solvants organiques et des hydrocarbures halogénés et leurs émanations et exposition à ces produits | domicile,category
X46.1,X461,intoxication accidentelle par des solvants organiques et des hydrocarbures halogénés et leurs émanations et exposition à ces produits | établissement collectif,category
X46.2,X462,"intoxication accidentelle par des solvants organiques et des hydrocarbures halogénés et leurs émanations et exposition à ces produits | école, autre institution et lieu d'administration publique",category
X46.3,X463,intoxication accidentelle par des solvants organiques et des hydrocarbures halogénés et leurs émanations et exposition à ces produits | lieu de sport et d'athlétisme,category
X46.4,X464,intoxication accidentelle par des solvants organiques et des hydrocarbures halogénés et leurs émanations et exposition à ces produits | rue ou route,category
X46.5,X465,intoxication accidentelle par des solvants organiques et des hydrocarbures halogénés et leurs émanations et exposition à ces produits | zone de commerce et de service,category
X46.6,X466,intoxication accidentelle par des solvants organiques et des hydrocarbures halogénés et leurs émanations et exposition à ces produits | local industriel et chantier de construction,category
X46.7,X467,intoxication accidentelle par des solvants organiques et des hydrocarbures halogénés et leurs émanations et exposition à ces produits | exploitation agricole,category
X46.8,X468,intoxication accidentelle par des solvants organiques et des hydrocarbures halogénés et leurs émanations et exposition à ces produits | autres lieux précisés,category
X46.9,X469,"intoxication accidentelle par des solvants organiques et des hydrocarbures halogénés et leurs émanations et exposition à ces produits | lieu, sans précision",category
X47.5,X475,intoxication accidentelle par d'autres gaz et émanations et exposition à ces produits | zone de commerce et de service,category
X47.6,X476,intoxication accidentelle par d'autres gaz et émanations et exposition à ces produits | local industriel et chantier de construction,category
X47.7,X477,intoxication accidentelle par d'autres gaz et émanations et exposition à ces produits | exploitation agricole,category
X48.0,X480,intoxication accidentelle par des pesticides et exposition à ces produits | domicile,category
X48.1,X481,intoxication accidentelle par des pesticides et exposition à ces produits | établissement collectif,category
X48.2,X482,"intoxication accidentelle par des pesticides et exposition à ces produits | école, autre institution et lieu d'administration publique",category
X48.3,X483,intoxication accidentelle par des pesticides et exposition à ces produits | lieu de sport et d'athlétisme,category
X48.4,X484,intoxication accidentelle par des pesticides et exposition à ces produits | rue ou route,category
X48.5,X485,intoxication accidentelle par des pesticides et exposition à ces produits | zone de commerce et de service,category
X48.6,X486,intoxication accidentelle par des pesticides et exposition à ces produits | local industriel et chantier de construction,category
X48.7,X487,intoxication accidentelle par des pesticides et exposition à ces produits | exploitation agricole,category
X48.8,X488,intoxication accidentelle par des pesticides et exposition à ces produits | autres lieux précisés,category
X48.9,X489,"intoxication accidentelle par des pesticides et exposition à ces produits | lieu, sans précision",category
X49.0,X490,"intoxication accidentelle par des produits chimiques et substances nocives et exposition à ces produits, autres et sans précision | domicile",category
X49.1,X491,"intoxication accidentelle par des produits chimiques et substances nocives et exposition à ces produits, autres et sans précision | établissement collectif",category
X49.2,X492,"intoxication accidentelle par des produits chimiques et substances nocives et exposition à ces produits, autres et sans précision | école, autre institution et lieu d'administration publique",category
X49.3,X493,"intoxication accidentelle par des produits chimiques et substances nocives et exposition à ces produits, autres et sans précision | lieu de sport et d'athlétisme",category
X49.4,X494,"intoxication accidentelle par des produits chimiques et substances nocives et exposition à ces produits, autres et sans précision | rue ou route",category
X49.5,X495,"intoxication accidentelle par des produits chimiques et substances nocives et exposition à ces produits, autres et sans précision | zone de commerce et de service",category
X49.6,X496,"intoxication accidentelle par des produits chimiques et substances nocives et exposition à ces produits, autres et sans précision | local industriel et chantier de construction",category
X49.7,X497,"intoxication accidentelle par des produits chimiques et substances nocives et exposition à ces produits, autres et sans précision | exploitation agricole",category
X49.8,X498,"intoxication accidentelle par des produits chimiques et substances nocives et exposition à ces produits, autres et sans précision | autres lieux précisés",category
X49.9,X499,"intoxication accidentelle par des produits chimiques et substances nocives et exposition à ces produits, autres et sans précision | lieu, sans précision",category
X50.0,X500,surmenage et mouvements épuisants ou répétés | domicile,category
X50.1,X501,surmenage et mouvements épuisants ou répétés | établissement collectif,category
X50.2,X502,"surmenage et mouvements épuisants ou répétés | école, autre institution et lieu d'administration publique",category
X50.3,X503,surmenage et mouvements épuisants ou répétés | lieu de sport et d'athlétisme,category
X50.4,X504,surmenage et mouvements épuisants ou répétés | rue ou route,category
X50.5,X505,surmenage et mouvements épuisants ou répétés | zone de commerce et de service,category
X50.6,X506,surmenage et mouvements épuisants ou répétés | local industriel et chantier de construction,category
X50.7,X507,surmenage et mouvements épuisants ou répétés | exploitation agricole,category
X50.8,X508,surmenage et mouvements épuisants ou répétés | autres lieux précisés,category
X50.9,X509,"surmenage et mouvements épuisants ou répétés | lieu, sans précision",category
X51.0,X510,voyage et mouvement | domicile,category
X51.1,X511,voyage et mouvement | établissement collectif,category
X51.2,X512,"voyage et mouvement | école, autre institution et lieu d'administration publique",category
X51.3,X513,voyage et mouvement | lieu de sport et d'athlétisme,category
X51.4,X514,voyage et mouvement | rue ou route,category
X51.5,X515,voyage et mouvement | zone de commerce et de service,category
X51.6,X516,voyage et mouvement | local industriel et chantier de construction,category
X51.7,X517,voyage et mouvement | exploitation agricole,category
X51.8,X518,voyage et mouvement | autres lieux précisés,category
X51.9,X519,"voyage et mouvement | lieu, sans précision",category
X52.0,X520,séjour prolongé en apesanteur | domicile,category
X52.1,X521,séjour prolongé en apesanteur | établissement collectif,category
X52.2,X522,"séjour prolongé en apesanteur | école, autre institution et lieu d'administration publique",category
X52.3,X523,séjour prolongé en apesanteur | lieu de sport et d'athlétisme,category
X52.4,X524,séjour prolongé en apesanteur | rue ou route,category
X52.5,X525,séjour prolongé en apesanteur | zone de commerce et de service,category
X52.6,X526,séjour prolongé en apesanteur | local industriel et chantier de construction,category
X52.7,X527,séjour prolongé en apesanteur | exploitation agricole,category
X52.8,X528,séjour prolongé en apesanteur | autres lieux précisés,category
X52.9,X529,"séjour prolongé en apesanteur | lieu, sans précision",category
X53.0,X530,privation d'aliments | domicile,category
X53.1,X531,privation d'aliments | établissement collectif,category
X53.2,X532,"privation d'aliments | école, autre institution et lieu d'administration publique",category
X53.3,X533,privation d'aliments | lieu de sport et d'athlétisme,category
X53.4,X534,privation d'aliments | rue ou route,category
X53.5,X535,privation d'aliments | zone de commerce et de service,category
X53.6,X536,privation d'aliments | local industriel et chantier de construction,category
X53.7,X537,privation d'aliments | exploitation agricole,category
X53.8,X538,privation d'aliments | autres lieux précisés,category
X53.9,X539,"privation d'aliments | lieu, sans précision",category
X54.0,X540,privation d'eau | domicile,category
X54.1,X541,privation d'eau | établissement collectif,category
X54.2,X542,"privation d'eau | école, autre institution et lieu d'administration publique",category
X54.3,X543,privation d'eau | lieu de sport et d'athlétisme,category
X54.4,X544,privation d'eau | rue ou route,category
X54.5,X545,privation d'eau | zone de commerce et de service,category
X54.6,X546,privation d'eau | local industriel et chantier de construction,category
X54.7,X547,privation d'eau | exploitation agricole,category
X54.8,X548,privation d'eau | autres lieux précisés,category
X54.9,X549,"privation d'eau | lieu, sans précision",category
X57.0,X570,"privation, sans précision | domicile",category
X57.1,X571,"privation, sans précision | établissement collectif",category
X57.2,X572,"privation, sans précision | école, autre institution et lieu d'administration publique",category
X57.3,X573,"privation, sans précision | lieu de sport et d'athlétisme",category
X57.4,X574,"privation, sans précision | rue ou route",category
X57.5,X575,"privation, sans précision | zone de commerce et de service",category
X57.6,X576,"privation, sans précision | local industriel et chantier de construction",category
X57.7,X577,"privation, sans précision | exploitation agricole",category
X57.8,X578,"privation, sans précision | autres lieux précisés",category
X57.9,X579,"privation, sans précision | lieu, sans précision",category
X58.0,X580,exposition à d'autres facteurs précisés | domicile,category
X58.1,X581,exposition à d'autres facteurs précisés | établissement collectif,category
X58.2,X582,"exposition à d'autres facteurs précisés | école, autre institution et lieu d'administration publique",category
X58.3,X583,exposition à d'autres facteurs précisés | lieu de sport et d'athlétisme,category
X58.4,X584,exposition à d'autres facteurs précisés | rue ou route,category
X58.5,X585,exposition à d'autres facteurs précisés | zone de commerce et de service,category
X58.6,X586,exposition à d'autres facteurs précisés | local industriel et chantier de construction,category
X58.7,X587,exposition à d'autres facteurs précisés | exploitation agricole,category
X58.8,X588,exposition à d'autres facteurs précisés | autres lieux précisés,category
X58.9,X589,"exposition à d'autres facteurs précisés | lieu, sans précision",category
X59.1,X591,"exposition à des facteurs, sans précision | établissement collectif",category
X59.2,X592,"exposition à des facteurs, sans précision | école, autre institution et lieu d'administration publique",category
X59.3,X593,"exposition à des facteurs, sans précision | lieu de sport et d'athlétisme",category
X59.4,X594,"exposition à des facteurs, sans précision | rue ou route",category
X59.5,X595,"exposition à des facteurs, sans précision | zone de commerce et de service",category
X59.6,X596,"exposition à des facteurs, sans précision | local industriel et chantier de construction",category
X59.7,X597,"exposition à des facteurs, sans précision | exploitation agricole",category
X59.8,X598,"exposition à des facteurs, sans précision | autres lieux précisés",category
X60.0,X600,"auto-intoxication par des analgésiques, antipyrétiques et antirhumatismaux non opiacés et exposition à ces produits | domicile",category
X60.1,X601,"auto-intoxication par des analgésiques, antipyrétiques et antirhumatismaux non opiacés et exposition à ces produits | établissement collectif",category
X60.2,X602,"auto-intoxication par des analgésiques, antipyrétiques et antirhumatismaux non opiacés et exposition à ces produits | école, autre institution et lieu d'administration publique",category
X60.3,X603,"auto-intoxication par des analgésiques, antipyrétiques et antirhumatismaux non opiacés et exposition à ces produits | lieu de sport et d'athlétisme",category
X60.4,X604,"auto-intoxication par des analgésiques, antipyrétiques et antirhumatismaux non opiacés et exposition à ces produits | rue ou route",category
X60.5,X605,"auto-intoxication par des analgésiques, antipyrétiques et antirhumatismaux non opiacés et exposition à ces produits | zone de commerce et de services",category
X60.6,X606,"auto-intoxication par des analgésiques, antipyrétiques et antirhumatismaux non opiacés et exposition à ces produits | local industriel et chantier de construction",category
X60.7,X607,"auto-intoxication par des analgésiques, antipyrétiques et antirhumatismaux non opiacés et exposition à ces produits | exploitation agricole",category
X60.8,X608,"auto-intoxication par des analgésiques, antipyrétiques et antirhumatismaux non opiacés et exposition à ces produits | autres lieux précisés",category
X60.9,X609,"auto-intoxication par des analgésiques, antipyrétiques et antirhumatismaux non opiacés et exposition à ces produits | lieu, sans précision",category
X61.0,X610,"auto-intoxication par des anti-épileptiques, sédatifs, hypnotiques, antiparkinsoniens et psychotropes et exposition à ces produits, non classés ailleurs | domicile",category
X61.1,X611,"auto-intoxication par des anti-épileptiques, sédatifs, hypnotiques, antiparkinsoniens et psychotropes et exposition à ces produits, non classés ailleurs | établissement collectif",category
X61.2,X612,"auto-intoxication par des anti-épileptiques, sédatifs, hypnotiques, antiparkinsoniens et psychotropes et exposition à ces produits, non classés ailleurs | école, autre institution et lieu d'administration publique",category
X61.3,X613,"auto-intoxication par des anti-épileptiques, sédatifs, hypnotiques, antiparkinsoniens et psychotropes et exposition à ces produits, non classés ailleurs | lieu de sport et d'athlétisme",category
X61.4,X614,"auto-intoxication par des anti-épileptiques, sédatifs, hypnotiques, antiparkinsoniens et psychotropes et exposition à ces produits, non classés ailleurs | rue ou route",category
X61.5,X615,"auto-intoxication par des anti-épileptiques, sédatifs, hypnotiques, antiparkinsoniens et psychotropes et exposition à ces produits, non classés ailleurs | zone de commerce et de services",category
X61.6,X616,"auto-intoxication par des anti-épileptiques, sédatifs, hypnotiques, antiparkinsoniens et psychotropes et exposition à ces produits, non classés ailleurs | local industriel et chantier de construction",category
X61.7,X617,"auto-intoxication par des anti-épileptiques, sédatifs, hypnotiques, antiparkinsoniens et psychotropes et exposition à ces produits, non classés ailleurs | exploitation agricole",category
X61.8,X618,"auto-intoxication par des anti-épileptiques, sédatifs, hypnotiques, antiparkinsoniens et psychotropes et exposition à ces produits, non classés ailleurs | autres lieux précisés",category
X61.9,X619,"auto-intoxication par des anti-épileptiques, sédatifs, hypnotiques, antiparkinsoniens et psychotropes et exposition à ces produits, non classés ailleurs | lieu, sans précision",category
X62.0,X620,"auto-intoxication par des narcotiques et psychodysleptiques [hallucinogènes] et exposition à ces produits, non classés ailleurs | domicile",category
X62.1,X621,"auto-intoxication par des narcotiques et psychodysleptiques [hallucinogènes] et exposition à ces produits, non classés ailleurs | établissement collectif",category
X62.2,X622,"auto-intoxication par des narcotiques et psychodysleptiques [hallucinogènes] et exposition à ces produits, non classés ailleurs | école, autre institution et lieu d'administration publique",category
X62.3,X623,"auto-intoxication par des narcotiques et psychodysleptiques [hallucinogènes] et exposition à ces produits, non classés ailleurs | lieu de sport et d'athlétisme",category
X62.4,X624,"auto-intoxication par des narcotiques et psychodysleptiques [hallucinogènes] et exposition à ces produits, non classés ailleurs | rue ou route",category
X62.5,X625,"auto-intoxication par des narcotiques et psychodysleptiques [hallucinogènes] et exposition à ces produits, non classés ailleurs | zone de commerce et de services",category
X62.6,X626,"auto-intoxication par des narcotiques et psychodysleptiques [hallucinogènes] et exposition à ces produits, non classés ailleurs | local industriel et chantier de construction",category
X62.7,X627,"auto-intoxication par des narcotiques et psychodysleptiques [hallucinogènes] et exposition à ces produits, non classés ailleurs | exploitation agricole",category
X62.8,X628,"auto-intoxication par des narcotiques et psychodysleptiques [hallucinogènes] et exposition à ces produits, non classés ailleurs | autres lieux précisés",category
X62.9,X629,"auto-intoxication par des narcotiques et psychodysleptiques [hallucinogènes] et exposition à ces produits, non classés ailleurs | lieu, sans précision",category
X63.0,X630,auto-intoxication par d'autres substances pharmacologiques agissant sur le système nerveux autonome et exposition à ces produits | domicile,category
X63.1,X631,auto-intoxication par d'autres substances pharmacologiques agissant sur le système nerveux autonome et exposition à ces produits | établissement collectif,category
X63.2,X632,"auto-intoxication par d'autres substances pharmacologiques agissant sur le système nerveux autonome et exposition à ces produits | école, autre institution et lieu d'administration publique",category
X63.3,X633,auto-intoxication par d'autres substances pharmacologiques agissant sur le système nerveux autonome et exposition à ces produits | lieu de sport et d'athlétisme,category
X63.4,X634,auto-intoxication par d'autres substances pharmacologiques agissant sur le système nerveux autonome et exposition à ces produits | rue ou route,category
X63.5,X635,auto-intoxication par d'autres substances pharmacologiques agissant sur le système nerveux autonome et exposition à ces produits | zone de commerce et de services,category
X63.6,X636,auto-intoxication par d'autres substances pharmacologiques agissant sur le système nerveux autonome et exposition à ces produits | local industriel et chantier de construction,category
X63.7,X637,auto-intoxication par d'autres substances pharmacologiques agissant sur le système nerveux autonome et exposition à ces produits | exploitation agricole,category
X63.8,X638,auto-intoxication par d'autres substances pharmacologiques agissant sur le système nerveux autonome et exposition à ces produits | autres lieux précisés,category
X63.9,X639,"auto-intoxication par d'autres substances pharmacologiques agissant sur le système nerveux autonome et exposition à ces produits | lieu, sans précision",category
X64.0,X640,"auto-intoxication par des médicaments et substances biologiques et exposition à ces produits, autres et sans précision | domicile",category
X64.1,X641,"auto-intoxication par des médicaments et substances biologiques et exposition à ces produits, autres et sans précision | établissement collectif",category
X64.2,X642,"auto-intoxication par des médicaments et substances biologiques et exposition à ces produits, autres et sans précision | école, autre institution et lieu d'administration publique",category
X64.3,X643,"auto-intoxication par des médicaments et substances biologiques et exposition à ces produits, autres et sans précision | lieu de sport et d'athlétisme",category
X64.4,X644,"auto-intoxication par des médicaments et substances biologiques et exposition à ces produits, autres et sans précision | rue ou route",category
X64.5,X645,"auto-intoxication par des médicaments et substances biologiques et exposition à ces produits, autres et sans précision | zone de commerce et de services",category
X64.6,X646,"auto-intoxication par des médicaments et substances biologiques et exposition à ces produits, autres et sans précision | local industriel et chantier de construction",category
X64.7,X647,"auto-intoxication par des médicaments et substances biologiques et exposition à ces produits, autres et sans précision | exploitation agricole",category
X64.8,X648,"auto-intoxication par des médicaments et substances biologiques et exposition à ces produits, autres et sans précision | autres lieux précisés",category
X64.9,X649,"auto-intoxication par des médicaments et substances biologiques et exposition à ces produits, autres et sans précision | lieu, sans précision",category
X65.0,X650,auto-intoxication par l'alcool et exposition à l'alcool | domicile,category
X65.1,X651,auto-intoxication par l'alcool et exposition à l'alcool | établissement collectif,category
X65.2,X652,"auto-intoxication par l'alcool et exposition à l'alcool | école, autre institution et lieu d'administration publique",category
X65.3,X653,auto-intoxication par l'alcool et exposition à l'alcool | lieu de sport et d'athlétisme,category
X65.4,X654,auto-intoxication par l'alcool et exposition à l'alcool | rue ou route,category
X65.5,X655,auto-intoxication par l'alcool et exposition à l'alcool | zone de commerce et de services,category
X65.6,X656,auto-intoxication par l'alcool et exposition à l'alcool | local industriel et chantier de construction,category
X65.7,X657,auto-intoxication par l'alcool et exposition à l'alcool | exploitation agricole,category
X65.8,X658,auto-intoxication par l'alcool et exposition à l'alcool | autres lieux précisés,category
X65.9,X659,"auto-intoxication par l'alcool et exposition à l'alcool | lieu, sans précision",category
X66.0,X660,auto-intoxication par des solvants organiques et des hydrocarbures halogénés et leurs émanations et exposition à ces produits | domicile,category
X66.1,X661,auto-intoxication par des solvants organiques et des hydrocarbures halogénés et leurs émanations et exposition à ces produits | établissement collectif,category
X66.2,X662,"auto-intoxication par des solvants organiques et des hydrocarbures halogénés et leurs émanations et exposition à ces produits | école, autre institution et lieu d'administration publique",category
X66.3,X663,auto-intoxication par des solvants organiques et des hydrocarbures halogénés et leurs émanations et exposition à ces produits | lieu de sport et d'athlétisme,category
X66.4,X664,auto-intoxication par des solvants organiques et des hydrocarbures halogénés et leurs émanations et exposition à ces produits | rue ou route,category
X66.5,X665,auto-intoxication par des solvants organiques et des hydrocarbures halogénés et leurs émanations et exposition à ces produits | zone de commerce et de services,category
X66.6,X666,auto-intoxication par des solvants organiques et des hydrocarbures halogénés et leurs émanations et exposition à ces produits | local industriel et chantier de construction,category
X66.7,X667,auto-intoxication par des solvants organiques et des hydrocarbures halogénés et leurs émanations et exposition à ces produits | exploitation agricole,category
X66.8,X668,auto-intoxication par des solvants organiques et des hydrocarbures halogénés et leurs émanations et exposition à ces produits | autres lieux précisés,category
X66.9,X669,"auto-intoxication par des solvants organiques et des hydrocarbures halogénés et leurs émanations et exposition à ces produits | lieu, sans précision",category
X67.5,X675,auto-intoxication par d'autres gaz et émanations et exposition à ces produits | zone de commerce et de services,category
X67.6,X676,auto-intoxication par d'autres gaz et émanations et exposition à ces produits | local industriel et chantier de construction,category
X67.7,X677,auto-intoxication par d'autres gaz et émanations et exposition à ces produits | exploitation agricole,category
X68.0,X680,auto-intoxication par des pesticides et exposition à ces produits | domicile,category
X68.1,X681,auto-intoxication par des pesticides et exposition à ces produits | établissement collectif,category
X68.2,X682,"auto-intoxication par des pesticides et exposition à ces produits | école, autre institution et lieu d'administration publique",category
X68.3,X683,auto-intoxication par des pesticides et exposition à ces produits | lieu de sport et d'athlétisme,category
X68.4,X684,auto-intoxication par des pesticides et exposition à ces produits | rue ou route,category
X68.5,X685,auto-intoxication par des pesticides et exposition à ces produits | zone de commerce et de services,category
X68.6,X686,auto-intoxication par des pesticides et exposition à ces produits | local industriel et chantier de construction,category
X68.7,X687,auto-intoxication par des pesticides et exposition à ces produits | exploitation agricole,category
X68.8,X688,auto-intoxication par des pesticides et exposition à ces produits | autres lieux précisés,category
X68.9,X689,"auto-intoxication par des pesticides et exposition à ces produits | lieu, sans précision",category
X69.0,X690,"auto-intoxication par des produits chimiques et substances nocives et exposition à ces produits, autres et sans précision | domicile",category
X69.1,X691,"auto-intoxication par des produits chimiques et substances nocives et exposition à ces produits, autres et sans précision | établissement collectif",category
X69.2,X692,"auto-intoxication par des produits chimiques et substances nocives et exposition à ces produits, autres et sans précision | école, autre institution et lieu d'administration publique",category
X69.3,X693,"auto-intoxication par des produits chimiques et substances nocives et exposition à ces produits, autres et sans précision | lieu de sport et d'athlétisme",category
X69.4,X694,"auto-intoxication par des produits chimiques et substances nocives et exposition à ces produits, autres et sans précision | rue ou route",category
X69.5,X695,"auto-intoxication par des produits chimiques et substances nocives et exposition à ces produits, autres et sans précision | zone de commerce et de services",category
X69.6,X696,"auto-intoxication par des produits chimiques et substances nocives et exposition à ces produits, autres et sans précision | local industriel et chantier de construction",category
X69.7,X697,"auto-intoxication par des produits chimiques et substances nocives et exposition à ces produits, autres et sans précision | exploitation agricole",category
X69.8,X698,"auto-intoxication par des produits chimiques et substances nocives et exposition à ces produits, autres et sans précision | autres lieux précisés",category
X69.9,X699,"auto-intoxication par des produits chimiques et substances nocives et exposition à ces produits, autres et sans précision | lieu, sans précision",category
X70.0,X700,"lésion auto-infligée par pendaison, strangulation et suffocation | domicile",category
X70.1,X701,"lésion auto-infligée par pendaison, strangulation et suffocation | établissement collectif",category
X70.2,X702,"lésion auto-infligée par pendaison, strangulation et suffocation | école, autre institution et lieu d'administration publique",category
X70.3,X703,"lésion auto-infligée par pendaison, strangulation et suffocation | lieu de sport et d'athlétisme",category
X70.4,X704,"lésion auto-infligée par pendaison, strangulation et suffocation | rue ou route",category
X70.5,X705,"lésion auto-infligée par pendaison, strangulation et suffocation | zone de commerce et de services",category
X70.6,X706,"lésion auto-infligée par pendaison, strangulation et suffocation | local industriel et chantier de construction",category
X70.7,X707,"lésion auto-infligée par pendaison, strangulation et suffocation | exploitation agricole",category
X70.8,X708,"lésion auto-infligée par pendaison, strangulation et suffocation | autres lieux précisés",category
X70.9,X709,"lésion auto-infligée par pendaison, strangulation et suffocation | lieu, sans précision",category
X71.0,X710,lésion auto-infligée par noyade et submersion | domicile,category
X71.1,X711,lésion auto-infligée par noyade et submersion | établissement collectif,category
X71.2,X712,"lésion auto-infligée par noyade et submersion | école, autre institution et lieu d'administration publique",category
X71.3,X713,lésion auto-infligée par noyade et submersion | lieu de sport et d'athlétisme,category
X71.4,X714,lésion auto-infligée par noyade et submersion | rue ou route,category
X71.5,X715,lésion auto-infligée par noyade et submersion | zone de commerce et de services,category
X71.6,X716,lésion auto-infligée par noyade et submersion | local industriel et chantier de construction,category
X71.7,X717,lésion auto-infligée par noyade et submersion | exploitation agricole,category
X71.8,X718,lésion auto-infligée par noyade et submersion | autres lieux précisés,category
X71.9,X719,"lésion auto-infligée par noyade et submersion | lieu, sans précision",category
X72.0,X720,lésion auto-infligée par décharge d'une arme de poing | domicile,category
X72.1,X721,lésion auto-infligée par décharge d'une arme de poing | établissement collectif,category
X72.2,X722,"lésion auto-infligée par décharge d'une arme de poing | école, autre institution et lieu d'administration publique",category
X72.3,X723,lésion auto-infligée par décharge d'une arme de poing | lieu de sport et d'athlétisme,category
X72.4,X724,lésion auto-infligée par décharge d'une arme de poing | rue ou route,category
X72.5,X725,lésion auto-infligée par décharge d'une arme de poing | zone de commerce et de services,category
X72.6,X726,lésion auto-infligée par décharge d'une arme de poing | local industriel et chantier de construction,category
X72.7,X727,lésion auto-infligée par décharge d'une arme de poing | exploitation agricole,category
X72.8,X728,lésion auto-infligée par décharge d'une arme de poing | autres lieux précisés,category
X72.9,X729,"lésion auto-infligée par décharge d'une arme de poing | lieu, sans précision",category
X73.0,X730,"lésion auto-infligée par décharge de fusil, de carabine et d'arme à feu de plus gros calibre | domicile",category
X73.1,X731,"lésion auto-infligée par décharge de fusil, de carabine et d'arme à feu de plus gros calibre | établissement collectif",category
X73.2,X732,"lésion auto-infligée par décharge de fusil, de carabine et d'arme à feu de plus gros calibre | école, autre institution et lieu d'administration publique",category
X73.3,X733,"lésion auto-infligée par décharge de fusil, de carabine et d'arme à feu de plus gros calibre | lieu de sport et d'athlétisme",category
X73.4,X734,"lésion auto-infligée par décharge de fusil, de carabine et d'arme à feu de plus gros calibre | rue ou route",category
X73.5,X735,"lésion auto-infligée par décharge de fusil, de carabine et d'arme à feu de plus gros calibre | zone de commerce et de services",category
X73.6,X736,"lésion auto-infligée par décharge de fusil, de carabine et d'arme à feu de plus gros calibre | local industriel et chantier de construction",category
X73.7,X737,"lésion auto-infligée par décharge de fusil, de carabine et d'arme à feu de plus gros calibre | exploitation agricole",category
X73.8,X738,"lésion auto-infligée par décharge de fusil, de carabine et d'arme à feu de plus gros calibre | autres lieux précisés",category
X73.9,X739,"lésion auto-infligée par décharge de fusil, de carabine et d'arme à feu de plus gros calibre | lieu, sans précision",category
X74.0,X740,"lésion auto-infligée par décharge d'armes à feu, autres et sans précision | domicile",category
X74.1,X741,"lésion auto-infligée par décharge d'armes à feu, autres et sans précision | établissement collectif",category
X74.2,X742,"lésion auto-infligée par décharge d'armes à feu, autres et sans précision | école, autre institution et lieu d'administration publique",category
X74.3,X743,"lésion auto-infligée par décharge d'armes à feu, autres et sans précision | lieu de sport et d'athlétisme",category
X74.4,X744,"lésion auto-infligée par décharge d'armes à feu, autres et sans précision | rue ou route",category
X74.5,X745,"lésion auto-infligée par décharge d'armes à feu, autres et sans précision | zone de commerce et de services",category
X74.6,X746,"lésion auto-infligée par décharge d'armes à feu, autres et sans précision | local industriel et chantier de construction",category
X74.7,X747,"lésion auto-infligée par décharge d'armes à feu, autres et sans précision | exploitation agricole",category
X74.8,X748,"lésion auto-infligée par décharge d'armes à feu, autres et sans précision | autres lieux précisés",category
X74.9,X749,"lésion auto-infligée par décharge d'armes à feu, autres et sans précision | lieu, sans précision",category
X75.0,X750,lésion auto-infligée par utilisation de matériel explosif | domicile,category
X75.1,X751,lésion auto-infligée par utilisation de matériel explosif | établissement collectif,category
X75.2,X752,"lésion auto-infligée par utilisation de matériel explosif | école, autre institution et lieu d'administration publique",category
X75.3,X753,lésion auto-infligée par utilisation de matériel explosif | lieu de sport et d'athlétisme,category
X75.4,X754,lésion auto-infligée par utilisation de matériel explosif | rue ou route,category
X75.5,X755,lésion auto-infligée par utilisation de matériel explosif | zone de commerce et de services,category
X75.6,X756,lésion auto-infligée par utilisation de matériel explosif | local industriel et chantier de construction,category
X75.7,X757,lésion auto-infligée par utilisation de matériel explosif | exploitation agricole,category
X75.8,X758,lésion auto-infligée par utilisation de matériel explosif | autres lieux précisés,category
X75.9,X759,"lésion auto-infligée par utilisation de matériel explosif | lieu, sans précision",category
X76.0,X760,"lésion auto-infligée par exposition à la fumée, au feu et aux flammes | domicile",category
X76.1,X761,"lésion auto-infligée par exposition à la fumée, au feu et aux flammes | établissement collectif",category
X76.2,X762,"lésion auto-infligée par exposition à la fumée, au feu et aux flammes | école, autre institution et lieu d'administration publique",category
X76.3,X763,"lésion auto-infligée par exposition à la fumée, au feu et aux flammes | lieu de sport et d'athlétisme",category
X76.4,X764,"lésion auto-infligée par exposition à la fumée, au feu et aux flammes | rue ou route",category
X76.5,X765,"lésion auto-infligée par exposition à la fumée, au feu et aux flammes | zone de commerce et de services",category
X76.6,X766,"lésion auto-infligée par exposition à la fumée, au feu et aux flammes | local industriel et chantier de construction",category
X76.7,X767,"lésion auto-infligée par exposition à la fumée, au feu et aux flammes | exploitation agricole",category
X76.8,X768,"lésion auto-infligée par exposition à la fumée, au feu et aux flammes | autres lieux précisés",category
X76.9,X769,"lésion auto-infligée par exposition à la fumée, au feu et aux flammes | lieu, sans précision",category
X77.0,X770,"lésion auto-infligée par exposition à la vapeur, à des gaz et à des objets brûlants | domicile",category
X77.1,X771,"lésion auto-infligée par exposition à la vapeur, à des gaz et à des objets brûlants | établissement collectif",category
X77.2,X772,"lésion auto-infligée par exposition à la vapeur, à des gaz et à des objets brûlants | école, autre institution et lieu d'administration publique",category
X77.3,X773,"lésion auto-infligée par exposition à la vapeur, à des gaz et à des objets brûlants | lieu de sport et d'athlétisme",category
X77.4,X774,"lésion auto-infligée par exposition à la vapeur, à des gaz et à des objets brûlants | rue ou route",category
X77.5,X775,"lésion auto-infligée par exposition à la vapeur, à des gaz et à des objets brûlants | zone de commerce et de services",category
X77.6,X776,"lésion auto-infligée par exposition à la vapeur, à des gaz et à des objets brûlants | local industriel et chantier de construction",category
X77.7,X777,"lésion auto-infligée par exposition à la vapeur, à des gaz et à des objets brûlants | exploitation agricole",category
X77.8,X778,"lésion auto-infligée par exposition à la vapeur, à des gaz et à des objets brûlants | autres lieux précisés",category
X77.9,X779,"lésion auto-infligée par exposition à la vapeur, à des gaz et à des objets brûlants | lieu, sans précision",category
X78.0,X780,lésion auto-infligée par utilisation d'objet tranchant | domicile,category
X78.1,X781,lésion auto-infligée par utilisation d'objet tranchant | établissement collectif,category
X78.2,X782,"lésion auto-infligée par utilisation d'objet tranchant | école, autre institution et lieu d'administration publique",category
X78.3,X783,lésion auto-infligée par utilisation d'objet tranchant | lieu de sport et d'athlétisme,category
X78.4,X784,lésion auto-infligée par utilisation d'objet tranchant | rue ou route,category
X78.5,X785,lésion auto-infligée par utilisation d'objet tranchant | zone de commerce et de services,category
X78.6,X786,lésion auto-infligée par utilisation d'objet tranchant | local industriel et chantier de construction,category
X78.7,X787,lésion auto-infligée par utilisation d'objet tranchant | exploitation agricole,category
X78.8,X788,lésion auto-infligée par utilisation d'objet tranchant | autres lieux précisés,category
X78.9,X789,"lésion auto-infligée par utilisation d'objet tranchant | lieu, sans précision",category
X79.0,X790,lésion auto-infligée par utilisation d'objet contondant | domicile,category
X79.1,X791,lésion auto-infligée par utilisation d'objet contondant | établissement collectif,category
X79.2,X792,"lésion auto-infligée par utilisation d'objet contondant | école, autre institution et lieu d'administration publique",category
X79.3,X793,lésion auto-infligée par utilisation d'objet contondant | lieu de sport et d'athlétisme,category
X79.4,X794,lésion auto-infligée par utilisation d'objet contondant | rue ou route,category
X79.5,X795,lésion auto-infligée par utilisation d'objet contondant | zone de commerce et de services,category
X79.6,X796,lésion auto-infligée par utilisation d'objet contondant | local industriel et chantier de construction,category
X79.7,X797,lésion auto-infligée par utilisation d'objet contondant | exploitation agricole,category
X79.8,X798,lésion auto-infligée par utilisation d'objet contondant | autres lieux précisés,category
X79.9,X799,"lésion auto-infligée par utilisation d'objet contondant | lieu, sans précision",category
X80.0,X800,lésion auto-infligée par saut dans le vide | domicile,category
X80.1,X801,lésion auto-infligée par saut dans le vide | établissement collectif,category
X80.2,X802,"lésion auto-infligée par saut dans le vide | école, autre institution et lieu d'administration publique",category
X80.3,X803,lésion auto-infligée par saut dans le vide | lieu de sport et d'athlétisme,category
X80.4,X804,lésion auto-infligée par saut dans le vide | rue ou route,category
X80.5,X805,lésion auto-infligée par saut dans le vide | zone de commerce et de services,category
X80.6,X806,lésion auto-infligée par saut dans le vide | local industriel et chantier de construction,category
X80.7,X807,lésion auto-infligée par saut dans le vide | exploitation agricole,category
X80.8,X808,lésion auto-infligée par saut dans le vide | autres lieux précisés,category
X80.9,X809,"lésion auto-infligée par saut dans le vide | lieu, sans précision",category
X81.0,X810,lésion auto-infligée en sautant ou en se couchant devant un objet en mouvement | domicile,category
X81.1,X811,lésion auto-infligée en sautant ou en se couchant devant un objet en mouvement | établissement collectif,category
X81.2,X812,"lésion auto-infligée en sautant ou en se couchant devant un objet en mouvement | école, autre institution et lieu d'administration publique",category
X81.3,X813,lésion auto-infligée en sautant ou en se couchant devant un objet en mouvement | lieu de sport et d'athlétisme,category
X81.4,X814,lésion auto-infligée en sautant ou en se couchant devant un objet en mouvement | rue ou route,category
X81.5,X815,lésion auto-infligée en sautant ou en se couchant devant un objet en mouvement | zone de commerce et de services,category
X81.6,X816,lésion auto-infligée en sautant ou en se couchant devant un objet en mouvement | local industriel et chantier de construction,category
X81.7,X817,lésion auto-infligée en sautant ou en se couchant devant un objet en mouvement | exploitation agricole,category
X81.8,X818,lésion auto-infligée en sautant ou en se couchant devant un objet en mouvement | autres lieux précisés,category
X81.9,X819,"lésion auto-infligée en sautant ou en se couchant devant un objet en mouvement | lieu, sans précision",category
X82.0,X820,lésion auto-infligée par accident d'un véhicule à moteur | domicile,category
X82.1,X821,lésion auto-infligée par accident d'un véhicule à moteur | établissement collectif,category
X82.2,X822,"lésion auto-infligée par accident d'un véhicule à moteur | école, autre institution et lieu d'administration publique",category
X82.3,X823,lésion auto-infligée par accident d'un véhicule à moteur | lieu de sport et d'athlétisme,category
X82.4,X824,lésion auto-infligée par accident d'un véhicule à moteur | rue ou route,category
X82.5,X825,lésion auto-infligée par accident d'un véhicule à moteur | zone de commerce et de services,category
X82.6,X826,lésion auto-infligée par accident d'un véhicule à moteur | local industriel et chantier de construction,category
X82.7,X827,lésion auto-infligée par accident d'un véhicule à moteur | exploitation agricole,category
X82.8,X828,lésion auto-infligée par accident d'un véhicule à moteur | autres lieux précisés,category
X82.9,X829,"lésion auto-infligée par accident d'un véhicule à moteur | lieu, sans précision",category
X83.0,X830,lésion auto-infligée par d'autres moyens précisés | domicile,category
X83.1,X831,lésion auto-infligée par d'autres moyens précisés | établissement collectif,category
X83.2,X832,"lésion auto-infligée par d'autres moyens précisés | école, autre institution et lieu d'administration publique",category
X83.3,X833,lésion auto-infligée par d'autres moyens précisés | lieu de sport et d'athlétisme,category
X83.4,X834,lésion auto-infligée par d'autres moyens précisés | rue ou route,category
X83.5,X835,lésion auto-infligée par d'autres moyens précisés | zone de commerce et de services,category
X83.6,X836,lésion auto-infligée par d'autres moyens précisés | local industriel et chantier de construction,category
X83.7,X837,lésion auto-infligée par d'autres moyens précisés | exploitation agricole,category
X83.8,X838,lésion auto-infligée par d'autres moyens précisés | autres lieux précisés,category
X83.9,X839,"lésion auto-infligée par d'autres moyens précisés | lieu, sans précision",category
X84.0,X840,lésion auto-infligée par un moyen non précisé | domicile,category
X84.1,X841,lésion auto-infligée par un moyen non précisé | établissement collectif,category
X84.2,X842,"lésion auto-infligée par un moyen non précisé | école, autre institution et lieu d'administration publique",category
X84.3,X843,lésion auto-infligée par un moyen non précisé | lieu de sport et d'athlétisme,category
X84.4,X844,lésion auto-infligée par un moyen non précisé | rue ou route,category
X84.5,X845,lésion auto-infligée par un moyen non précisé | zone de commerce et de services,category
X84.6,X846,lésion auto-infligée par un moyen non précisé | local industriel et chantier de construction,category
X84.7,X847,lésion auto-infligée par un moyen non précisé | exploitation agricole,category
X84.8,X848,lésion auto-infligée par un moyen non précisé | autres lieux précisés,category
X84.9,X849,"lésion auto-infligée par un moyen non précisé | lieu, sans précision",category
X85.0,X850,agression par médicaments et substances biologiques | domicile,category
X85.1,X851,agression par médicaments et substances biologiques | établissement collectif,category
X85.2,X852,"agression par médicaments et substances biologiques | école, autre institution et lieu d'administration publique",category
X85.3,X853,agression par médicaments et substances biologiques | lieu de sport et d'athlétisme,category
X85.4,X854,agression par médicaments et substances biologiques | rue ou route,category
X85.5,X855,agression par médicaments et substances biologiques | zone de commerce et de services,category
X85.6,X856,agression par médicaments et substances biologiques | local industriel et chantier de construction,category
X85.7,X857,agression par médicaments et substances biologiques | exploitation agricole,category
X85.8,X858,agression par médicaments et substances biologiques | autres lieux précisés,category
X85.9,X859,"agression par médicaments et substances biologiques | lieu, sans précision",category
X86.0,X860,agression par une substance corrosive | domicile,category
X86.1,X861,agression par une substance corrosive | établissement collectif,category
X86.2,X862,"agression par une substance corrosive | école, autre institution et lieu d'administration publique",category
X86.3,X863,agression par une substance corrosive | lieu de sport et d'athlétisme,category
X86.4,X864,agression par une substance corrosive | rue ou route,category
X86.5,X865,agression par une substance corrosive | zone de commerce et de services,category
X86.6,X866,agression par une substance corrosive | local industriel et chantier de construction,category
X86.7,X867,agression par une substance corrosive | exploitation agricole,category
X86.8,X868,agression par une substance corrosive | autres lieux précisés,category
X86.9,X869,"agression par une substance corrosive | lieu, sans précision",category
X87.0,X870,agression par des pesticides | domicile,category
X87.1,X871,agression par des pesticides | établissement collectif,category
X87.2,X872,"agression par des pesticides | école, autre institution et lieu d'administration publique",category
X87.3,X873,agression par des pesticides | lieu de sport et d'athlétisme,category
X87.4,X874,agression par des pesticides | rue ou route,category
X87.5,X875,agression par des pesticides | zone de commerce et de services,category
X87.6,X876,agression par des pesticides | local industriel et chantier de construction,category
X87.7,X877,agression par des pesticides | exploitation agricole,category
X87.8,X878,agression par des pesticides | autres lieux précisés,category
X87.9,X879,"agression par des pesticides | lieu, sans précision",category
X88.5,X885,agression par des gaz et émanations | zone de commerce et de services,category
X88.6,X886,agression par des gaz et émanations | local industriel et chantier de construction,category
X88.7,X887,agression par des gaz et émanations | exploitation agricole,category
X89.0,X890,agression par d'autres produits chimiques et nocifs précisés | domicile,category
X89.1,X891,agression par d'autres produits chimiques et nocifs précisés | établissement collectif,category
X89.2,X892,"agression par d'autres produits chimiques et nocifs précisés | école, autre institution et lieu d'administration publique",category
X89.3,X893,agression par d'autres produits chimiques et nocifs précisés | lieu de sport et d'athlétisme,category
X89.4,X894,agression par d'autres produits chimiques et nocifs précisés | rue ou route,category
X89.5,X895,agression par d'autres produits chimiques et nocifs précisés | zone de commerce et de services,category
X89.6,X896,agression par d'autres produits chimiques et nocifs précisés | local industriel et chantier de construction,category
X89.7,X897,agression par d'autres produits chimiques et nocifs précisés | exploitation agricole,category
X89.8,X898,agression par d'autres produits chimiques et nocifs précisés | autres lieux précisés,category
X89.9,X899,"agression par d'autres produits chimiques et nocifs précisés | lieu, sans précision",category
X90.0,X900,"agression par un produit chimique ou nocif, sans précision | domicile",category
X90.1,X901,"agression par un produit chimique ou nocif, sans précision | établissement collectif",category
X90.2,X902,"agression par un produit chimique ou nocif, sans précision | école, autre institution et lieu d'administration publique",category
X90.3,X903,"agression par un produit chimique ou nocif, sans précision | lieu de sport et d'athlétisme",category
X90.4,X904,"agression par un produit chimique ou nocif, sans précision | rue ou route",category
X90.5,X905,"agression par un produit chimique ou nocif, sans précision | zone de commerce et de services",category
X90.6,X906,"agression par un produit chimique ou nocif, sans précision | local industriel et chantier de construction",category
X90.7,X907,"agression par un produit chimique ou nocif, sans précision | exploitation agricole",category
X90.8,X908,"agression par un produit chimique ou nocif, sans précision | autres lieux précisés",category
X90.9,X909,"agression par un produit chimique ou nocif, sans précision | lieu, sans précision",category
X91.0,X910,"agression par pendaison, strangulation et suffocation | domicile",category
X91.1,X911,"agression par pendaison, strangulation et suffocation | établissement collectif",category
X91.2,X912,"agression par pendaison, strangulation et suffocation | école, autre institution et lieu d'administration publique",category
X91.3,X913,"agression par pendaison, strangulation et suffocation | lieu de sport et d'athlétisme",category
X91.4,X914,"agression par pendaison, strangulation et suffocation | rue ou route",category
X91.5,X915,"agression par pendaison, strangulation et suffocation | zone de commerce et de services",category
X91.6,X916,"agression par pendaison, strangulation et suffocation | local industriel et chantier de construction",category
X91.7,X917,"agression par pendaison, strangulation et suffocation | exploitation agricole",category
X91.8,X918,"agression par pendaison, strangulation et suffocation | autres lieux précisés",category
X91.9,X919,"agression par pendaison, strangulation et suffocation | lieu, sans précision",category
X92.0,X920,agression par noyade et submersion | domicile,category
X92.1,X921,agression par noyade et submersion | établissement collectif,category
X92.2,X922,"agression par noyade et submersion | école, autre institution et lieu d'administration publique",category
X92.3,X923,agression par noyade et submersion | lieu de sport et d'athlétisme,category
X92.4,X924,agression par noyade et submersion | rue ou route,category
X92.5,X925,agression par noyade et submersion | zone de commerce et de services,category
X92.6,X926,agression par noyade et submersion | local industriel et chantier de construction,category
X92.7,X927,agression par noyade et submersion | exploitation agricole,category
X92.8,X928,agression par noyade et submersion | autres lieux précisés,category
X92.9,X929,"agression par noyade et submersion | lieu, sans précision",category
X93.0,X930,agression par arme de poing | domicile,category
X93.1,X931,agression par arme de poing | établissement collectif,category
X93.2,X932,"agression par arme de poing | école, autre institution et lieu d'administration publique",category
X93.3,X933,agression par arme de poing | lieu de sport et d'athlétisme,category
X93.4,X934,agression par arme de poing | rue ou route,category
X93.5,X935,agression par arme de poing | zone de commerce et de services,category
X93.6,X936,agression par arme de poing | local industriel et chantier de construction,category
X93.7,X937,agression par arme de poing | exploitation agricole,category
X93.8,X938,agression par arme de poing | autres lieux précisés,category
X93.9,X939,"agression par arme de poing | lieu, sans précision",category
X94.0,X940,"agression par fusil, carabine et arme à feu de plus gros calibre | domicile",category
X94.1,X941,"agression par fusil, carabine et arme à feu de plus gros calibre | établissement collectif",category
X94.2,X942,"agression par fusil, carabine et arme à feu de plus gros calibre | école, autre institution et lieu d'administration publique",category
X94.3,X943,"agression par fusil, carabine et arme à feu de plus gros calibre | lieu de sport et d'athlétisme",category
X94.4,X944,"agression par fusil, carabine et arme à feu de plus gros calibre | rue ou route",category
X94.5,X945,"agression par fusil, carabine et arme à feu de plus gros calibre | zone de commerce et de services",category
X94.6,X946,"agression par fusil, carabine et arme à feu de plus gros calibre | local industriel et chantier de construction",category
X94.7,X947,"agression par fusil, carabine et arme à feu de plus gros calibre | exploitation agricole",category
X94.8,X948,"agression par fusil, carabine et arme à feu de plus gros calibre | autres lieux précisés",category
X94.9,X949,"agression par fusil, carabine et arme à feu de plus gros calibre | lieu, sans précision",category
X95.0,X950,"agression par des armes à feu, autres et sans précision | domicile",category
X95.1,X951,"agression par des armes à feu, autres et sans précision | établissement collectif",category
X95.2,X952,"agression par des armes à feu, autres et sans précision | école, autre institution et lieu d'administration publique",category
X95.3,X953,"agression par des armes à feu, autres et sans précision | lieu de sport et d'athlétisme",category
X95.4,X954,"agression par des armes à feu, autres et sans précision | rue ou route",category
X95.5,X955,"agression par des armes à feu, autres et sans précision | zone de commerce et de services",category
X95.6,X956,"agression par des armes à feu, autres et sans précision | local industriel et chantier de construction",category
X95.7,X957,"agression par des armes à feu, autres et sans précision | exploitation agricole",category
X95.8,X958,"agression par des armes à feu, autres et sans précision | autres lieux précisés",category
X95.9,X959,"agression par des armes à feu, autres et sans précision | lieu, sans précision",category
X96.0,X960,agression par matériel explosif | domicile,category
X96.1,X961,agression par matériel explosif | établissement collectif,category
X96.2,X962,"agression par matériel explosif | école, autre institution et lieu d'administration publique",category
X96.3,X963,agression par matériel explosif | lieu de sport et d'athlétisme,category
X96.4,X964,agression par matériel explosif | rue ou route,category
X96.5,X965,agression par matériel explosif | zone de commerce et de services,category
X96.6,X966,agression par matériel explosif | local industriel et chantier de construction,category
X96.7,X967,agression par matériel explosif | exploitation agricole,category
X96.8,X968,agression par matériel explosif | autres lieux précisés,category
X96.9,X969,"agression par matériel explosif | lieu, sans précision",category
X97.0,X970,"agression par la fumée, le feu et les flammes | domicile",category
X97.1,X971,"agression par la fumée, le feu et les flammes | établissement collectif",category
X97.2,X972,"agression par la fumée, le feu et les flammes | école, autre institution et lieu d'administration publique",category
X97.3,X973,"agression par la fumée, le feu et les flammes | lieu de sport et d'athlétisme",category
X97.4,X974,"agression par la fumée, le feu et les flammes | rue ou route",category
X97.5,X975,"agression par la fumée, le feu et les flammes | zone de commerce et de services",category
X97.6,X976,"agression par la fumée, le feu et les flammes | local industriel et chantier de construction",category
X97.7,X977,"agression par la fumée, le feu et les flammes | exploitation agricole",category
X97.8,X978,"agression par la fumée, le feu et les flammes | autres lieux précisés",category
X97.9,X979,"agression par la fumée, le feu et les flammes | lieu, sans précision",category
X98.0,X980,"agression par la vapeur, des gaz et des objets brûlants | domicile",category
X98.1,X981,"agression par la vapeur, des gaz et des objets brûlants | établissement collectif",category
X98.2,X982,"agression par la vapeur, des gaz et des objets brûlants | école, autre institution et lieu d'administration publique",category
X98.3,X983,"agression par la vapeur, des gaz et des objets brûlants | lieu de sport et d'athlétisme",category
X98.4,X984,"agression par la vapeur, des gaz et des objets brûlants | rue ou route",category
X98.5,X985,"agression par la vapeur, des gaz et des objets brûlants | zone de commerce et de services",category
X98.6,X986,"agression par la vapeur, des gaz et des objets brûlants | local industriel et chantier de construction",category
X98.7,X987,"agression par la vapeur, des gaz et des objets brûlants | exploitation agricole",category
X98.8,X988,"agression par la vapeur, des gaz et des objets brûlants | autres lieux précisés",category
X98.9,X989,"agression par la vapeur, des gaz et des objets brûlants | lieu, sans précision",category
X99.0,X990,agression par objet tranchant | domicile,category
X99.1,X991,agression par objet tranchant | établissement collectif,category
X99.2,X992,"agression par objet tranchant | école, autre institution et lieu d'administration publique",category
X99.3,X993,agression par objet tranchant | lieu de sport et d'athlétisme,category
X99.4,X994,agression par objet tranchant | rue ou route,category
X99.5,X995,agression par objet tranchant | zone de commerce et de services,category
X99.6,X996,agression par objet tranchant | local industriel et chantier de construction,category
X99.7,X997,agression par objet tranchant | exploitation agricole,category
X99.8,X998,agression par objet tranchant | autres lieux précisés,category
X99.9,X999,"agression par objet tranchant | lieu, sans précision",category
Y00.0,Y000,agression par objet contondant | domicile,category
Y00.1,Y001,agression par objet contondant | établissement collectif,category
Y00.2,Y002,"agression par objet contondant | école, autre institution et lieu d'administration publique",category
Y00.3,Y003,agression par objet contondant | lieu de sport et d'athlétisme,category
Y00.4,Y004,agression par objet contondant | rue ou route,category
Y00.5,Y005,agression par objet contondant | zone de commerce et de services,category
Y00.6,Y006,agression par objet contondant | local industriel et chantier de construction,category
Y00.7,Y007,agression par objet contondant | exploitation agricole,category
Y00.8,Y008,agression par objet contondant | autres lieux précisés,category
Y00.9,Y009,"agression par objet contondant | lieu, sans précision",category
Y01.0,Y010,agression par précipitation dans le vide | domicile,category
Y01.1,Y011,agression par précipitation dans le vide | établissement collectif,category
Y01.2,Y012,"agression par précipitation dans le vide | école, autre institution et lieu d'administration publique",category
Y01.3,Y013,agression par précipitation dans le vide | lieu de sport et d'athlétisme,category
Y01.4,Y014,agression par précipitation dans le vide | rue ou route,category
Y01.5,Y015,agression par précipitation dans le vide | zone de commerce et de services,category
Y01.6,Y016,agression par précipitation dans le vide | local industriel et chantier de construction,category
Y01.7,Y017,agression par précipitation dans le vide | exploitation agricole,category
Y01.8,Y018,agression par précipitation dans le vide | autres lieux précisés,category
Y01.9,Y019,"agression par précipitation dans le vide | lieu, sans précision",category
Y02.0,Y020,agression en poussant ou plaçant la victime devant un objet en mouvement | domicile,category
Y02.1,Y021,agression en poussant ou plaçant la victime devant un objet en mouvement | établissement collectif,category
Y02.2,Y022,"agression en poussant ou plaçant la victime devant un objet en mouvement | école, autre institution et lieu d'administration publique",category
Y02.3,Y023,agression en poussant ou plaçant la victime devant un objet en mouvement | lieu de sport et d'athlétisme,category
Y02.4,Y024,agression en poussant ou plaçant la victime devant un objet en mouvement | rue ou route,category
Y02.5,Y025,agression en poussant ou plaçant la victime devant un objet en mouvement | zone de commerce et de services,category
Y02.6,Y026,agression en poussant ou plaçant la victime devant un objet en mouvement | local industriel et chantier de construction,category
Y02.7,Y027,agression en poussant ou plaçant la victime devant un objet en mouvement | exploitation agricole,category
Y02.8,Y028,agression en poussant ou plaçant la victime devant un objet en mouvement | autres lieux précisés,category
Y02.9,Y029,"agression en poussant ou plaçant la victime devant un objet en mouvement | lieu, sans précision",category
Y03.0,Y030,agression en provoquant un accident de véhicule à moteur | domicile,category
Y03.1,Y031,agression en provoquant un accident de véhicule à moteur | établissement collectif,category
Y03.2,Y032,"agression en provoquant un accident de véhicule à moteur | école, autre institution et lieu d'administration publique",category
Y03.3,Y033,agression en provoquant un accident de véhicule à moteur | lieu de sport et d'athlétisme,category
Y03.4,Y034,agression en provoquant un accident de véhicule à moteur | rue ou route,category
Y03.5,Y035,agression en provoquant un accident de véhicule à moteur | zone de commerce et de services,category
Y03.6,Y036,agression en provoquant un accident de véhicule à moteur | local industriel et chantier de construction,category
Y03.7,Y037,agression en provoquant un accident de véhicule à moteur | exploitation agricole,category
Y03.8,Y038,agression en provoquant un accident de véhicule à moteur | autres lieux précisés,category
Y03.9,Y039,"agression en provoquant un accident de véhicule à moteur | lieu, sans précision",category
Y04.0,Y040,agression par la force physique | domicile,category
Y04.1,Y041,agression par la force physique | établissement collectif,category
Y04.2,Y042,"agression par la force physique | école, autre institution et lieu d'administration publique",category
Y04.3,Y043,agression par la force physique | lieu de sport et d'athlétisme,category
Y04.4,Y044,agression par la force physique | rue ou route,category
Y04.5,Y045,agression par la force physique | zone de commerce et de services,category
Y04.6,Y046,agression par la force physique | local industriel et chantier de construction,category
Y04.7,Y047,agression par la force physique | exploitation agricole,category
Y04.8,Y048,agression par la force physique | autres lieux précisés,category
Y04.9,Y049,"agression par la force physique | lieu, sans précision",category
Y05.0,Y050,agression sexuelle par la force physique | domicile,category
Y05.1,Y051,agression sexuelle par la force physique | établissement collectif,category
Y05.2,Y052,"agression sexuelle par la force physique | école, autre institution et lieu d'administration publique",category
Y05.3,Y053,agression sexuelle par la force physique | lieu de sport et d'athlétisme,category
Y05.4,Y054,agression sexuelle par la force physique | rue ou route,category
Y05.5,Y055,agression sexuelle par la force physique | zone de commerce et de services,category
Y05.6,Y056,agression sexuelle par la force physique | local industriel et chantier de construction,category
Y05.7,Y057,agression sexuelle par la force physique | exploitation agricole,category
Y05.8,Y058,agression sexuelle par la force physique | autres lieux précisés,category
Y05.9,Y059,"agression sexuelle par la force physique | lieu, sans précision",category
Y08.0,Y080,agression par d'autres moyens précisés | domicile,category
Y08.1,Y081,agression par d'autres moyens précisés | établissement collectif,category
Y08.2,Y082,"agression par d'autres moyens précisés | école, autre institution et lieu d'administration publique",category
Y08.3,Y083,agression par d'autres moyens précisés | lieu de sport et d'athlétisme,category
Y08.4,Y084,agression par d'autres moyens précisés | rue ou route,category
Y08.5,Y085,agression par d'autres moyens précisés | zone de commerce et de services,category
Y08.6,Y086,agression par d'autres moyens précisés | local industriel et chantier de construction,category
Y08.7,Y087,agression par d'autres moyens précisés | exploitation agricole,category
Y08.8,Y088,agression par d'autres moyens précisés | autres lieux précisés,category
Y08.9,Y089,"agression par d'autres moyens précisés | lieu, sans précision",category
Y09.0,Y090,agression par un moyen non précisé | domicile,category
Y09.1,Y091,agression par un moyen non précisé | établissement collectif,category
Y09.2,Y092,"agression par un moyen non précisé | école, autre institution et lieu d'administration publique",category
Y09.3,Y093,agression par un moyen non précisé | lieu de sport et d'athlétisme,category
Y09.4,Y094,agression par un moyen non précisé | rue ou route,category
Y09.5,Y095,agression par un moyen non précisé | zone de commerce et de services,category
Y09.6,Y096,agression par un moyen non précisé | local industriel et chantier de construction,category
Y09.7,Y097,agression par un moyen non précisé | exploitation agricole,category
Y09.8,Y098,agression par un moyen non précisé | autres lieux précisés,category
Y09.9,Y099,"agression par un moyen non précisé | lieu, sans précision",category
Y10.0,Y100,"intoxication par des analgésiques, antipyrétiques et antirhumatismaux non opiacés et exposition à ces produits, intention non déterminée | domicile",category
Y10.1,Y101,"intoxication par des analgésiques, antipyrétiques et antirhumatismaux non opiacés et exposition à ces produits, intention non déterminée | établissement collectif",category
Y10.2,Y102,"intoxication par des analgésiques, antipyrétiques et antirhumatismaux non opiacés et exposition à ces produits, intention non déterminée | école, autre institution et lieu d'administration publique",category
Y10.3,Y103,"intoxication par des analgésiques, antipyrétiques et antirhumatismaux non opiacés et exposition à ces produits, intention non déterminée | lieu de sport et d'athlétisme",category
Y10.4,Y104,"intoxication par des analgésiques, antipyrétiques et antirhumatismaux non opiacés et exposition à ces produits, intention non déterminée | rue ou route",category
Y10.5,Y105,"intoxication par des analgésiques, antipyrétiques et antirhumatismaux non opiacés et exposition à ces produits, intention non déterminée | zone de commerce et de services",category
Y10.6,Y106,"intoxication par des analgésiques, antipyrétiques et antirhumatismaux non opiacés et exposition à ces produits, intention non déterminée | local industriel et chantier de construction",category
Y10.7,Y107,"intoxication par des analgésiques, antipyrétiques et antirhumatismaux non opiacés et exposition à ces produits, intention non déterminée | exploitation agricole",category
Y10.8,Y108,"intoxication par des analgésiques, antipyrétiques et antirhumatismaux non opiacés et exposition à ces produits, intention non déterminée | autres lieux précisés",category
Y10.9,Y109,"intoxication par des analgésiques, antipyrétiques et antirhumatismaux non opiacés et exposition à ces produits, intention non déterminée | lieu, sans précision",category
Y11.0,Y110,"intoxication par des anti-épileptiques, sédatifs, hypnotiques, antiparkinsoniens et psychotropes et exposition à ces produits, non classés ailleurs, intention non déterminée | domicile",category
Y11.1,Y111,"intoxication par des anti-épileptiques, sédatifs, hypnotiques, antiparkinsoniens et psychotropes et exposition à ces produits, non classés ailleurs, intention non déterminée | établissement collectif",category
Y11.2,Y112,"intoxication par des anti-épileptiques, sédatifs, hypnotiques, antiparkinsoniens et psychotropes et exposition à ces produits, non classés ailleurs, intention non déterminée | école, autre institution et lieu d'administration publique",category
Y11.3,Y113,"intoxication par des anti-épileptiques, sédatifs, hypnotiques, antiparkinsoniens et psychotropes et exposition à ces produits, non classés ailleurs, intention non déterminée | lieu de sport et d'athlétisme",category
Y11.4,Y114,"intoxication par des anti-épileptiques, sédatifs, hypnotiques, antiparkinsoniens et psychotropes et exposition à ces produits, non classés ailleurs, intention non déterminée | rue ou route",category
Y11.5,Y115,"intoxication par des anti-épileptiques, sédatifs, hypnotiques, antiparkinsoniens et psychotropes et exposition à ces produits, non classés ailleurs, intention non déterminée | zone de commerce et de services",category
Y11.6,Y116,"intoxication par des anti-épileptiques, sédatifs, hypnotiques, antiparkinsoniens et psychotropes et exposition à ces produits, non classés ailleurs, intention non déterminée | local industriel et chantier de construction",category
Y11.7,Y117,"intoxication par des anti-épileptiques, sédatifs, hypnotiques, antiparkinsoniens et psychotropes et exposition à ces produits, non classés ailleurs, intention non déterminée | exploitation agricole",category
Y11.8,Y118,"intoxication par des anti-épileptiques, sédatifs, hypnotiques, antiparkinsoniens et psychotropes et exposition à ces produits, non classés ailleurs, intention non déterminée | autres lieux précisés",category
Y11.9,Y119,"intoxication par des anti-épileptiques, sédatifs, hypnotiques, antiparkinsoniens et psychotropes et exposition à ces produits, non classés ailleurs, intention non déterminée | lieu, sans précision",category
Y12.0,Y120,"intoxication par des narcotiques et psychodysleptiques [hallucinogènes] et exposition à ces produits, non classés ailleurs, intention non déterminée | domicile",category
Y12.1,Y121,"intoxication par des narcotiques et psychodysleptiques [hallucinogènes] et exposition à ces produits, non classés ailleurs, intention non déterminée | établissement collectif",category
Y12.2,Y122,"intoxication par des narcotiques et psychodysleptiques [hallucinogènes] et exposition à ces produits, non classés ailleurs, intention non déterminée | école, autre institution et lieu d'administration publique",category
Y12.3,Y123,"intoxication par des narcotiques et psychodysleptiques [hallucinogènes] et exposition à ces produits, non classés ailleurs, intention non déterminée | lieu de sport et d'athlétisme",category
Y12.4,Y124,"intoxication par des narcotiques et psychodysleptiques [hallucinogènes] et exposition à ces produits, non classés ailleurs, intention non déterminée | rue ou route",category
Y12.5,Y125,"intoxication par des narcotiques et psychodysleptiques [hallucinogènes] et exposition à ces produits, non classés ailleurs, intention non déterminée | zone de commerce et de services",category
Y12.6,Y126,"intoxication par des narcotiques et psychodysleptiques [hallucinogènes] et exposition à ces produits, non classés ailleurs, intention non déterminée | local industriel et chantier de construction",category
Y12.7,Y127,"intoxication par des narcotiques et psychodysleptiques [hallucinogènes] et exposition à ces produits, non classés ailleurs, intention non déterminée | exploitation agricole",category
Y12.8,Y128,"intoxication par des narcotiques et psychodysleptiques [hallucinogènes] et exposition à ces produits, non classés ailleurs, intention non déterminée | autres lieux précisés",category
Y12.9,Y129,"intoxication par des narcotiques et psychodysleptiques [hallucinogènes] et exposition à ces produits, non classés ailleurs, intention non déterminée | lieu, sans précision",category
Y13.0,Y130,"intoxication par d'autres substances pharmacologiques agissant sur le système nerveux autonome et exposition à ces produits, intention non déterminée | domicile",category
Y13.1,Y131,"intoxication par d'autres substances pharmacologiques agissant sur le système nerveux autonome et exposition à ces produits, intention non déterminée | établissement collectif",category
Y13.2,Y132,"intoxication par d'autres substances pharmacologiques agissant sur le système nerveux autonome et exposition à ces produits, intention non déterminée | école, autre institution et lieu d'administration publique",category
Y13.3,Y133,"intoxication par d'autres substances pharmacologiques agissant sur le système nerveux autonome et exposition à ces produits, intention non déterminée | lieu de sport et d'athlétisme",category
Y13.4,Y134,"intoxication par d'autres substances pharmacologiques agissant sur le système nerveux autonome et exposition à ces produits, intention non déterminée | rue ou route",category
Y13.5,Y135,"intoxication par d'autres substances pharmacologiques agissant sur le système nerveux autonome et exposition à ces produits, intention non déterminée | zone de commerce et de services",category
Y13.6,Y136,"intoxication par d'autres substances pharmacologiques agissant sur le système nerveux autonome et exposition à ces produits, intention non déterminée | local industriel et chantier de construction",category
Y13.7,Y137,"intoxication par d'autres substances pharmacologiques agissant sur le système nerveux autonome et exposition à ces produits, intention non déterminée | exploitation agricole",category
Y13.8,Y138,"intoxication par d'autres substances pharmacologiques agissant sur le système nerveux autonome et exposition à ces produits, intention non déterminée | autres lieux précisés",category
Y13.9,Y139,"intoxication par d'autres substances pharmacologiques agissant sur le système nerveux autonome et exposition à ces produits, intention non déterminée | lieu, sans précision",category
Y14.0,Y140,"intoxication par des médicaments et substances biologiques, autres et sans précision et exposition à ces produits, intention non déterminée | domicile",category
Y14.1,Y141,"intoxication par des médicaments et substances biologiques, autres et sans précision et exposition à ces produits, intention non déterminée | établissement collectif",category
Y14.2,Y142,"intoxication par des médicaments et substances biologiques, autres et sans précision et exposition à ces produits, intention non déterminée | école, autre institution et lieu d'administration publique",category
Y14.3,Y143,"intoxication par des médicaments et substances biologiques, autres et sans précision et exposition à ces produits, intention non déterminée | lieu de sport et d'athlétisme",category
Y14.4,Y144,"intoxication par des médicaments et substances biologiques, autres et sans précision et exposition à ces produits, intention non déterminée | rue ou route",category
Y14.5,Y145,"intoxication par des médicaments et substances biologiques, autres et sans précision et exposition à ces produits, intention non déterminée | zone de commerce et de services",category
Y14.6,Y146,"intoxication par des médicaments et substances biologiques, autres et sans précision et exposition à ces produits, intention non déterminée | local industriel et chantier de construction",category
Y14.7,Y147,"intoxication par des médicaments et substances biologiques, autres et sans précision et exposition à ces produits, intention non déterminée | exploitation agricole",category
Y14.8,Y148,"intoxication par des médicaments et substances biologiques, autres et sans précision et exposition à ces produits, intention non déterminée | autres lieux précisés",category
Y14.9,Y149,"intoxication par des médicaments et substances biologiques, autres et sans précision et exposition à ces produits, intention non déterminée | lieu, sans précision",category
Y15.0,Y150,"intoxication par l'alcool et exposition à l'alcool, intention non déterminée | domicile",category
Y15.1,Y151,"intoxication par l'alcool et exposition à l'alcool, intention non déterminée | établissement collectif",category
Y15.2,Y152,"intoxication par l'alcool et exposition à l'alcool, intention non déterminée | école, autre institution et lieu d'administration publique",category
Y15.3,Y153,"intoxication par l'alcool et exposition à l'alcool, intention non déterminée | lieu de sport et d'athlétisme",category
Y15.4,Y154,"intoxication par l'alcool et exposition à l'alcool, intention non déterminée | rue ou route",category
Y15.5,Y155,"intoxication par l'alcool et exposition à l'alcool, intention non déterminée | zone de commerce et de services",category
Y15.6,Y156,"intoxication par l'alcool et exposition à l'alcool, intention non déterminée | local industriel et chantier de construction",category
Y15.7,Y157,"intoxication par l'alcool et exposition à l'alcool, intention non déterminée | exploitation agricole",category
Y15.8,Y158,"intoxication par l'alcool et exposition à l'alcool, intention non déterminée | autres lieux précisés",category
Y15.9,Y159,"intoxication par l'alcool et exposition à l'alcool, intention non déterminée | lieu, sans précision",category
Y16.0,Y160,"intoxication par des solvants organiques et des hydrocarbures halogénés et leurs émanations et exposition à ces produits, intention non déterminée | domicile",category
Y16.1,Y161,"intoxication par des solvants organiques et des hydrocarbures halogénés et leurs émanations et exposition à ces produits, intention non déterminée | établissement collectif",category
Y16.2,Y162,"intoxication par des solvants organiques et des hydrocarbures halogénés et leurs émanations et exposition à ces produits, intention non déterminée | école, autre institution et lieu d'administration publique",category
Y16.3,Y163,"intoxication par des solvants organiques et des hydrocarbures halogénés et leurs émanations et exposition à ces produits, intention non déterminée | lieu de sport et d'athlétisme",category
Y16.4,Y164,"intoxication par des solvants organiques et des hydrocarbures halogénés et leurs émanations et exposition à ces produits, intention non déterminée | rue ou route",category
Y16.5,Y165,"intoxication par des solvants organiques et des hydrocarbures halogénés et leurs émanations et exposition à ces produits, intention non déterminée | zone de commerce et de services",category
Y16.6,Y166,"intoxication par des solvants organiques et des hydrocarbures halogénés et leurs émanations et exposition à ces produits, intention non déterminée | local industriel et chantier de construction",category
Y16.7,Y167,"intoxication par des solvants organiques et des hydrocarbures halogénés et leurs émanations et exposition à ces produits, intention non déterminée | exploitation agricole",category
Y16.8,Y168,"intoxication par des solvants organiques et des hydrocarbures halogénés et leurs émanations et exposition à ces produits, intention non déterminée | autres lieux précisés",category
Y16.9,Y169,"intoxication par des solvants organiques et des hydrocarbures halogénés et leurs émanations et exposition à ces produits, intention non déterminée | lieu, sans précision",category
Y17.5,Y175,"intoxication par d'autres gaz et émanations et exposition à ces produits, intention non déterminée | zone de commerce et de services",category
Y17.6,Y176,"intoxication par d'autres gaz et émanations et exposition à ces produits, intention non déterminée | local industriel et chantier de construction",category
Y17.7,Y177,"intoxication par d'autres gaz et émanations et exposition à ces produits, intention non déterminée | exploitation agricole",category
Y18.0,Y180,"intoxication par des pesticides et exposition à ces produits, intention non déterminée | domicile",category
Y18.1,Y181,"intoxication par des pesticides et exposition à ces produits, intention non déterminée | établissement collectif",category
Y18.2,Y182,"intoxication par des pesticides et exposition à ces produits, intention non déterminée | école, autre institution et lieu d'administration publique",category
Y18.3,Y183,"intoxication par des pesticides et exposition à ces produits, intention non déterminée | lieu de sport et d'athlétisme",category
Y18.4,Y184,"intoxication par des pesticides et exposition à ces produits, intention non déterminée | rue ou route",category
Y18.5,Y185,"intoxication par des pesticides et exposition à ces produits, intention non déterminée | zone de commerce et de services",category
Y18.6,Y186,"intoxication par des pesticides et exposition à ces produits, intention non déterminée | local industriel et chantier de construction",category
Y18.7,Y187,"intoxication par des pesticides et exposition à ces produits, intention non déterminée | exploitation agricole",category
Y18.8,Y188,"intoxication par des pesticides et exposition à ces produits, intention non déterminée | autres lieux précisés",category
Y18.9,Y189,"intoxication par des pesticides et exposition à ces produits, intention non déterminée | lieu, sans précision",category
Y19.0,Y190,"intoxication par des produits chimiques et substances nocives et exposition à ces produits, autres et sans précision, intention non déterminée | domicile",category
Y19.1,Y191,"intoxication par des produits chimiques et substances nocives et exposition à ces produits, autres et sans précision, intention non déterminée | établissement collectif",category
Y19.2,Y192,"intoxication par des produits chimiques et substances nocives et exposition à ces produits, autres et sans précision, intention non déterminée | école, autre institution et lieu d'administration publique",category
Y19.3,Y193,"intoxication par des produits chimiques et substances nocives et exposition à ces produits, autres et sans précision, intention non déterminée | lieu de sport et d'athlétisme",category
Y19.4,Y194,"intoxication par des produits chimiques et substances nocives et exposition à ces produits, autres et sans précision, intention non déterminée | rue ou route",category
Y19.5,Y195,"intoxication par des produits chimiques et substances nocives et exposition à ces produits, autres et sans précision, intention non déterminée | zone de commerce et de services",category
Y19.6,Y196,"intoxication par des produits chimiques et substances nocives et exposition à ces produits, autres et sans précision, intention non déterminée | local industriel et chantier de construction",category
Y19.7,Y197,"intoxication par des produits chimiques et substances nocives et exposition à ces produits, autres et sans précision, intention non déterminée | exploitation agricole",category
Y19.8,Y198,"intoxication par des produits chimiques et substances nocives et exposition à ces produits, autres et sans précision, intention non déterminée | autres lieux précisés",category
Y19.9,Y199,"intoxication par des produits chimiques et substances nocives et exposition à ces produits, autres et sans précision, intention non déterminée | lieu, sans précision",category
Y20.0,Y200,"pendaison, strangulation et suffocation, intention non déterminée | domicile",category
Y20.1,Y201,"pendaison, strangulation et suffocation, intention non déterminée | établissement collectif",category
Y20.2,Y202,"pendaison, strangulation et suffocation, intention non déterminée | école, autre institution et lieu d'administration publique",category
Y20.3,Y203,"pendaison, strangulation et suffocation, intention non déterminée | lieu de sport et d'athlétisme",category
Y20.4,Y204,"pendaison, strangulation et suffocation, intention non déterminée | rue ou route",category
Y20.5,Y205,"pendaison, strangulation et suffocation, intention non déterminée | zone de commerce et de services",category
Y20.6,Y206,"pendaison, strangulation et suffocation, intention non déterminée | local industriel et chantier de construction",category
Y20.7,Y207,"pendaison, strangulation et suffocation, intention non déterminée | exploitation agricole",category
Y20.8,Y208,"pendaison, strangulation et suffocation, intention non déterminée | autres lieux précisés",category
Y20.9,Y209,"pendaison, strangulation et suffocation, intention non déterminée | lieu, sans précision",category
Y21.0,Y210,"noyade et submersion, intention non déterminée | domicile",category
Y21.1,Y211,"noyade et submersion, intention non déterminée | établissement collectif",category
Y21.2,Y212,"noyade et submersion, intention non déterminée | école, autre institution et lieu d'administration publique",category
Y21.3,Y213,"noyade et submersion, intention non déterminée | lieu de sport et d'athlétisme",category
Y21.4,Y214,"noyade et submersion, intention non déterminée | rue ou route",category
Y21.5,Y215,"noyade et submersion, intention non déterminée | zone de commerce et de services",category
Y21.6,Y216,"noyade et submersion, intention non déterminée | local industriel et chantier de construction",category
Y21.7,Y217,"noyade et submersion, intention non déterminée | exploitation agricole",category
Y21.8,Y218,"noyade et submersion, intention non déterminée | autres lieux précisés",category
Y21.9,Y219,"noyade et submersion, intention non déterminée | lieu, sans précision",category
Y22.0,Y220,"décharge d'une arme de poing, intention non déterminée | domicile",category
Y22.1,Y221,"décharge d'une arme de poing, intention non déterminée | établissement collectif",category
Y22.2,Y222,"décharge d'une arme de poing, intention non déterminée | école, autre institution et lieu d'administration publique",category
Y22.3,Y223,"décharge d'une arme de poing, intention non déterminée | lieu de sport et d'athlétisme",category
Y22.4,Y224,"décharge d'une arme de poing, intention non déterminée | rue ou route",category
Y22.5,Y225,"décharge d'une arme de poing, intention non déterminée | zone de commerce et de services",category
Y22.6,Y226,"décharge d'une arme de poing, intention non déterminée | local industriel et chantier de construction",category
Y22.7,Y227,"décharge d'une arme de poing, intention non déterminée | exploitation agricole",category
Y22.8,Y228,"décharge d'une arme de poing, intention non déterminée | autres lieux précisés",category
Y22.9,Y229,"décharge d'une arme de poing, intention non déterminée | lieu, sans précision",category
Y23.0,Y230,"décharge de fusil, carabine et arme à feu de plus gros calibre, intention non déterminée | domicile",category
Y23.1,Y231,"décharge de fusil, carabine et arme à feu de plus gros calibre, intention non déterminée | établissement collectif",category
Y23.2,Y232,"décharge de fusil, carabine et arme à feu de plus gros calibre, intention non déterminée | école, autre institution et lieu d'administration publique",category
Y23.3,Y233,"décharge de fusil, carabine et arme à feu de plus gros calibre, intention non déterminée | lieu de sport et d'athlétisme",category
Y23.4,Y234,"décharge de fusil, carabine et arme à feu de plus gros calibre, intention non déterminée | rue ou route",category
Y23.5,Y235,"décharge de fusil, carabine et arme à feu de plus gros calibre, intention non déterminée | zone de commerce et de services",category
Y23.6,Y236,"décharge de fusil, carabine et arme à feu de plus gros calibre, intention non déterminée | local industriel et chantier de construction",category
Y23.7,Y237,"décharge de fusil, carabine et arme à feu de plus gros calibre, intention non déterminée | exploitation agricole",category
Y23.8,Y238,"décharge de fusil, carabine et arme à feu de plus gros calibre, intention non déterminée | autres lieux précisés",category
Y23.9,Y239,"décharge de fusil, carabine et arme à feu de plus gros calibre, intention non déterminée | lieu, sans précision",category
Y24.0,Y240,"décharge d'armes à feu, autres et sans précision, intention non déterminée | domicile",category
Y24.1,Y241,"décharge d'armes à feu, autres et sans précision, intention non déterminée | établissement collectif",category
Y24.2,Y242,"décharge d'armes à feu, autres et sans précision, intention non déterminée | école, autre institution et lieu d'administration publique",category
Y24.3,Y243,"décharge d'armes à feu, autres et sans précision, intention non déterminée | lieu de sport et d'athlétisme",category
Y24.4,Y244,"décharge d'armes à feu, autres et sans précision, intention non déterminée | rue ou route",category
Y24.5,Y245,"décharge d'armes à feu, autres et sans précision, intention non déterminée | zone de commerce et de services",category
Y24.6,Y246,"décharge d'armes à feu, autres et sans précision, intention non déterminée | local industriel et chantier de construction",category
Y24.7,Y247,"décharge d'armes à feu, autres et sans précision, intention non déterminée | exploitation agricole",category
Y24.8,Y248,"décharge d'armes à feu, autres et sans précision, intention non déterminée | autres lieux précisés",category
Y24.9,Y249,"décharge d'armes à feu, autres et sans précision, intention non déterminée | lieu, sans précision",category
Y25.0,Y250,"contact avec matériel explosif, intention non déterminée | domicile",category
Y25.1,Y251,"contact avec matériel explosif, intention non déterminée | établissement collectif",category
Y25.2,Y252,"contact avec matériel explosif, intention non déterminée | école, autre institution et lieu d'administration publique",category
Y25.3,Y253,"contact avec matériel explosif, intention non déterminée | lieu de sport et d'athlétisme",category
Y25.4,Y254,"contact avec matériel explosif, intention non déterminée | rue ou route",category
Y25.5,Y255,"contact avec matériel explosif, intention non déterminée | zone de commerce et de services",category
Y25.6,Y256,"contact avec matériel explosif, intention non déterminée | local industriel et chantier de construction",category
Y25.7,Y257,"contact avec matériel explosif, intention non déterminée | exploitation agricole",category
Y25.8,Y258,"contact avec matériel explosif, intention non déterminée | autres lieux précisés",category
Y25.9,Y259,"contact avec matériel explosif, intention non déterminée | lieu, sans précision",category
Y26.0,Y260,"exposition à la fumée, au feu et aux flammes, intention non déterminée | domicile",category
Y26.1,Y261,"exposition à la fumée, au feu et aux flammes, intention non déterminée | établissement collectif",category
Y26.2,Y262,"exposition à la fumée, au feu et aux flammes, intention non déterminée | école, autre institution et lieu d'administration publique",category
Y26.3,Y263,"exposition à la fumée, au feu et aux flammes, intention non déterminée | lieu de sport et d'athlétisme",category
Y26.4,Y264,"exposition à la fumée, au feu et aux flammes, intention non déterminée | rue ou route",category
Y26.5,Y265,"exposition à la fumée, au feu et aux flammes, intention non déterminée | zone de commerce et de services",category
Y26.6,Y266,"exposition à la fumée, au feu et aux flammes, intention non déterminée | local industriel et chantier de construction",category
Y26.7,Y267,"exposition à la fumée, au feu et aux flammes, intention non déterminée | exploitation agricole",category
Y26.8,Y268,"exposition à la fumée, au feu et aux flammes, intention non déterminée | autres lieux précisés",category
Y26.9,Y269,"exposition à la fumée, au feu et aux flammes, intention non déterminée | lieu, sans précision",category
Y27.0,Y270,"contact avec de la vapeur, du gaz et des objets brûlants, intention non déterminée | domicile",category
Y27.1,Y271,"contact avec de la vapeur, du gaz et des objets brûlants, intention non déterminée | établissement collectif",category
Y27.2,Y272,"contact avec de la vapeur, du gaz et des objets brûlants, intention non déterminée | école, autre institution et lieu d'administration publique",category
Y27.3,Y273,"contact avec de la vapeur, du gaz et des objets brûlants, intention non déterminée | lieu de sport et d'athlétisme",category
Y27.4,Y274,"contact avec de la vapeur, du gaz et des objets brûlants, intention non déterminée | rue ou route",category
Y27.5,Y275,"contact avec de la vapeur, du gaz et des objets brûlants, intention non déterminée | zone de commerce et de services",category
Y27.6,Y276,"contact avec de la vapeur, du gaz et des objets brûlants, intention non déterminée | local industriel et chantier de construction",category
Y27.7,Y277,"contact avec de la vapeur, du gaz et des objets brûlants, intention non déterminée | exploitation agricole",category
Y27.8,Y278,"contact avec de la vapeur, du gaz et des objets brûlants, intention non déterminée | autres lieux précisés",category
Y27.9,Y279,"contact avec de la vapeur, du gaz et des objets brûlants, intention non déterminée | lieu, sans précision",category
Y28.0,Y280,"contact avec objet tranchant, intention non déterminée | domicile",category
Y28.1,Y281,"contact avec objet tranchant, intention non déterminée | établissement collectif",category
Y28.2,Y282,"contact avec objet tranchant, intention non déterminée | école, autre institution et lieu d'administration publique",category
Y28.3,Y283,"contact avec objet tranchant, intention non déterminée | lieu de sport et d'athlétisme",category
Y28.4,Y284,"contact avec objet tranchant, intention non déterminée | rue ou route",category
Y28.5,Y285,"contact avec objet tranchant, intention non déterminée | zone de commerce et de services",category
Y28.6,Y286,"contact avec objet tranchant, intention non déterminée | local industriel et chantier de construction",category
Y28.7,Y287,"contact avec objet tranchant, intention non déterminée | exploitation agricole",category
Y28.8,Y288,"contact avec objet tranchant, intention non déterminée | autres lieux précisés",category
Y28.9,Y289,"contact avec objet tranchant, intention non déterminée | lieu, sans précision",category
Y29.0,Y290,"contact avec objet contondant, intention non déterminée | domicile",category
Y29.1,Y291,"contact avec objet contondant, intention non déterminée | établissement collectif",category
Y29.2,Y292,"contact avec objet contondant, intention non déterminée | école, autre institution et lieu d'administration publique",category
Y29.3,Y293,"contact avec objet contondant, intention non déterminée | lieu de sport et d'athlétisme",category
Y29.4,Y294,"contact avec objet contondant, intention non déterminée | rue ou route",category
Y29.5,Y295,"contact avec objet contondant, intention non déterminée | zone de commerce et de services",category
Y29.6,Y296,"contact avec objet contondant, intention non déterminée | local industriel et chantier de construction",category
Y29.7,Y297,"contact avec objet contondant, intention non déterminée | exploitation agricole",category
Y29.8,Y298,"contact avec objet contondant, intention non déterminée | autres lieux précisés",category
Y29.9,Y299,"contact avec objet contondant, intention non déterminée | lieu, sans précision",category
Y30.0,Y300,"chute, saut ou précipitation dans le vide, intention non déterminée | domicile",category
Y30.1,Y301,"chute, saut ou précipitation dans le vide, intention non déterminée | établissement collectif",category
Y30.2,Y302,"chute, saut ou précipitation dans le vide, intention non déterminée | école, autre institution et lieu d'administration publique",category
Y30.3,Y303,"chute, saut ou précipitation dans le vide, intention non déterminée | lieu de sport et d'athlétisme",category
Y30.4,Y304,"chute, saut ou précipitation dans le vide, intention non déterminée | rue ou route",category
Y30.5,Y305,"chute, saut ou précipitation dans le vide, intention non déterminée | zone de commerce et de services",category
Y30.6,Y306,"chute, saut ou précipitation dans le vide, intention non déterminée | local industriel et chantier de construction",category
Y30.7,Y307,"chute, saut ou précipitation dans le vide, intention non déterminée | exploitation agricole",category
Y30.8,Y308,"chute, saut ou précipitation dans le vide, intention non déterminée | autres lieux précisés",category
Y30.9,Y309,"chute, saut ou précipitation dans le vide, intention non déterminée | lieu, sans précision",category
Y31.0,Y310,"lésion traumatique par un objet en mouvement (la victime étant tombée ou couchée devant l'objet ou entrée en collision avec celui-ci), intention non déterminée | domicile",category
Y31.1,Y311,"lésion traumatique par un objet en mouvement (la victime étant tombée ou couchée devant l'objet ou entrée en collision avec celui-ci), intention non déterminée | établissement collectif",category
Y31.2,Y312,"lésion traumatique par un objet en mouvement (la victime étant tombée ou couchée devant l'objet ou entrée en collision avec celui-ci), intention non déterminée | école, autre institution et lieu d'administration publique",category
Y31.3,Y313,"lésion traumatique par un objet en mouvement (la victime étant tombée ou couchée devant l'objet ou entrée en collision avec celui-ci), intention non déterminée | lieu de sport et d'athlétisme",category
Y31.4,Y314,"lésion traumatique par un objet en mouvement (la victime étant tombée ou couchée devant l'objet ou entrée en collision avec celui-ci), intention non déterminée | rue ou route",category
Y31.5,Y315,"lésion traumatique par un objet en mouvement (la victime étant tombée ou couchée devant l'objet ou entrée en collision avec celui-ci), intention non déterminée | zone de commerce et de services",category
Y31.6,Y316,"lésion traumatique par un objet en mouvement (la victime étant tombée ou couchée devant l'objet ou entrée en collision avec celui-ci), intention non déterminée | local industriel et chantier de construction",category
Y31.7,Y317,"lésion traumatique par un objet en mouvement (la victime étant tombée ou couchée devant l'objet ou entrée en collision avec celui-ci), intention non déterminée | exploitation agricole",category
Y31.8,Y318,"lésion traumatique par un objet en mouvement (la victime étant tombée ou couchée devant l'objet ou entrée en collision avec celui-ci), intention non déterminée | autres lieux précisés",category
Y31.9,Y319,"lésion traumatique par un objet en mouvement (la victime étant tombée ou couchée devant l'objet ou entrée en collision avec celui-ci), intention non déterminée | lieu, sans précision",category
Y32.0,Y320,"accident de véhicule à moteur, intention non déterminée | domicile",category
Y32.1,Y321,"accident de véhicule à moteur, intention non déterminée | établissement collectif",category
Y32.2,Y322,"accident de véhicule à moteur, intention non déterminée | école, autre institution et lieu d'administration publique",category
Y32.3,Y323,"accident de véhicule à moteur, intention non déterminée | lieu de sport et d'athlétisme",category
Y32.4,Y324,"accident de véhicule à moteur, intention non déterminée | rue ou route",category
Y32.5,Y325,"accident de véhicule à moteur, intention non déterminée | zone de commerce et de services",category
Y32.6,Y326,"accident de véhicule à moteur, intention non déterminée | local industriel et chantier de construction",category
Y32.7,Y327,"accident de véhicule à moteur, intention non déterminée | exploitation agricole",category
Y32.8,Y328,"accident de véhicule à moteur, intention non déterminée | autres lieux précisés",category
Y32.9,Y329,"accident de véhicule à moteur, intention non déterminée | lieu, sans précision",category
Y33.0,Y330,"autres événements précisés, intention non déterminée | domicile",category
Y33.1,Y331,"autres événements précisés, intention non déterminée | établissement collectif",category
Y33.2,Y332,"autres événements précisés, intention non déterminée | école, autre institution et lieu d'administration publique",category
Y33.3,Y333,"autres événements précisés, intention non déterminée | lieu de sport et d'athlétisme",category
Y33.4,Y334,"autres événements précisés, intention non déterminée | rue ou route",category
Y33.5,Y335,"autres événements précisés, intention non déterminée | zone de commerce et de services",category
Y33.6,Y336,"autres événements précisés, intention non déterminée | local industriel et chantier de construction",category
Y33.7,Y337,"autres événements précisés, intention non déterminée | exploitation agricole",category
Y33.8,Y338,"autres événements précisés, intention non déterminée | autres lieux précisés",category
Y33.9,Y339,"autres événements précisés, intention non déterminée | lieu, sans précision",category
Y34.0,Y340,"événement sans précision, intention non déterminée | domicile",category
Y34.1,Y341,"événement sans précision, intention non déterminée | établissement collectif",category
Y34.2,Y342,"événement sans précision, intention non déterminée | école, autre institution et lieu d'administration publique",category
Y34.3,Y343,"événement sans précision, intention non déterminée | lieu de sport et d'athlétisme",category
Y34.4,Y344,"événement sans précision, intention non déterminée | rue ou route",category
Y34.5,Y345,"événement sans précision, intention non déterminée | zone de commerce et de services",category
Y34.6,Y346,"événement sans précision, intention non déterminée | local industriel et chantier de construction",category
Y34.7,Y347,"événement sans précision, intention non déterminée | exploitation agricole",category
Y34.8,Y348,"événement sans précision, intention non déterminée | autres lieux précisés",category
Y34.9,Y349,"événement sans précision, intention non déterminée | lieu, sans précision",category
Z22.5,Z225,sujet porteur d'hépatite virale,category
