code,label,type,depth
A09.0,"Gastroentérites et colites d’origine infectieuse, autres et non précisées",category,3
A09.9,Gastroentérite et colite d’origine non précisée,category,3
A63.00,Condylomes anaux (vénériens),category,4
A63.08,Autres condylomes anogénitaux (vénériens),category,4
A92-A99,Fièvres virales transmises par des arthropodes et fièvres virales hémorragiques,block,1
A92.5,Maladie due au virus Zika,category,3
A97,Dengue,category,2
A97.0,Dengue sans signe d'alerte,category,3
A97.1,Dengue avec signes d'alerte,category,3
A97.2,Dengue sévère,category,3
A97.9,"Dengue, sans précision",category,3
B17.9,"Hépatite virale aigüe, sans précision",category,3
B18.00,"Hépatite virale chronique B avec agent delta - "" phase d'immunotolérance """,category,4
B18.09,"Hépatite virale chronique B avec agent delta - "" phase autre et non spécifiée """,category,4
B18.10,"Hépatite virale chronique B sans agent delta - "" phase d'immunotolérance """,category,4
B18.19,"Hépatite virale chronique B sans agent delta - "" phase autre et non spécifiée """,category,4
B24.+0,"Pré-SIDA [ARC], sans précision",category,3
B24.+1,"SIDA avéré, sans précision",category,3
B24.+9,"Infection par le VIH, sans précision",category,3
B33.4,Syndrome (cardio)pulmonaire à virus Hanta [hantavirus] [SPH] [SCPH] ,category,3
B48.5,Pneumocystose,category,3
B60.80,Microsporidiose extra-intestinale,category,4
B60.88,Maladie précisée due à d’autres protozoaires,category,4
B95-B98,"Agents d'infections bactériennes, virales et autres",block,1
B96.80,"Acinetobacter (A. baumannii), cause de maladies classées dans d'autres chapitres",category,4
B96.81,"Citrobacter, cause de maladies classées dans d'autres chapitres",category,4
B96.88,"Autres agents bactériens précisés, cause de maladies classées dans d'autres chapitres",category,4
B98,"Autres agents infectieux précisés, cause de maladies classées dans d'autres chapitres",category,2
B98.0,"Helicobacter pylori [H. pylori], cause de maladies classées dans d'autres chapitres",category,3
B98.1,"Vibrio vulnificus, cause de maladies classées dans d'autres chapitres",category,3
B99-B99,Autres maladies infectieuses,block,1
B99.+0,Autres maladies infectieuses précisées,category,3
B99.+1,Syndrome infectieux sans cause trouvée,category,3
C00-C97,Tumeurs malignes,block,1
C16.9+0,"Tumeur maligne de l'estomac, familiale liée au gène CDH 1",category,6
C16.9+8,"Tumeurs malignes de l'estomac, autres et non précisées",category,6
C18.9+0,Syndrome de Lynch,category,6
C18.9+8,"Tumeurs malignes du côlon, autres et non précisées",category,6
C25.4+0,Tumeur maligne du pancréas endocrine avec néoplasie endocrine multiple de type I [NEM 1],category,6
C25.4+8,"Tumeur maligne du pancréas endocrine, autre et non précisée",category,6
C25.9+0,"Tumeur maligne du pancréas, familiale",category,6
C25.9+8,"Tumeur maligne du pancréas, autre et non précisée",category,6
C46.70,Sarcome de Kaposi de la sphère O.R.L.,category,6
C46.71,Sarcome de Kaposi digestif,category,6
C46.72,Sarcome de Kaposi pulmonaire,category,6
C46.78,Sarcome de Kaposi d'autres localisations,category,6
C49.30,Tumeur maligne des vaisseaux (sanguins) (lymphatiques) du thorax,category,6
C49.38,Autres tumeurs malignes du tissu conjonctif et autres tissus mous du thorax,category,6
C49.40,Tumeur maligne des vaisseaux (sanguins) (lymphatiques) de l'abdomen,category,6
C49.48,Autres tumeurs malignes du tissu conjonctif et autres tissus mous de l'abdomen,category,6
C49.50,Tumeur maligne des vaisseaux (sanguins) (lymphatiques) du bassin,category,6
C49.58,Autres tumeurs malignes du tissu conjonctif et autres tissus mous du bassin,category,6
C50-C50,Tumeur maligne du sein,block,3
C79.9,Tumeur maligne secondaire de siège non précisé,category,4
C80.0,"Tumeur maligne de siège primitif non précisé, ainsi décrit",category,4
C80.9,Tumeur maligne de siège primitif non précisé,category,4
C81.4,"Lymphome de Hodgkin (classique), riche en lymphocytes",category,4
C82.3,"Lymphome folliculaire, grade IIIa",category,4
C82.4,"Lymphome folliculaire, grade IIIb",category,4
C82.5,Lymphome centrofolliculaire diffus,category,4
C82.6,Lymphome centrofolliculaire cutané,category,4
C84.6,Lymphome anaplasique à grandes cellules ALK positives,category,4
C84.7,Lymphome anaplasique à grandes cellules ALK négatives,category,4
C84.8,"Lymphome cutané à cellules T, sans précision",category,4
C84.9,"Lymphome à cellules T/NK matures, sans précision",category,4
C85.2,Lymphome médiastinal (thymique) à grandes cellules B,category,4
C86,Autres types précisés de lymphomes à cellules T/NK,category,3
C86.0,"Lymphome extranodal à cellules T/NK, type nasal",category,4
C86.1,Lymphome hépatosplénique à cellules T,category,4
C86.2,"Lymphome (intestinal) à cellules T, type entéropathique",category,4
C86.3,Lymphome à cellules T simulant une panniculite,category,4
C86.4,Lymphome à cellules NK blastiques,category,4
C86.5,Lymphome angio-immunoblastique à cellules T,category,4
C86.6,Syndrome lymphoprolifératif cutané primitif à cellules T CD30 positives,category,4
C88.4,Lymphome de la zone marginale à cellules B des tissus lymphoïdes associés aux muqueuses [lymphome MALT],category,4
C90.3,Plasmocytome solitaire,category,4
C91.6,Leucémie à prolymphocytes à cellules T,category,4
C91.8,"Leucémie à cellules B matures, de type Burkitt",category,4
C92.6,Leucémie myéloïde aigüe avec anomalies 11q23,category,4
C92.8,Leucémie myéloïde aigüe avec dysplasie de plusieurs lignées cellulaires,category,4
C93.3,Leucémie myélomonocytaire juvénile,category,4
C94.6,"Maladie myélodysplasique et myéloproliférative, non classée ailleurs",category,4
C96.4,Sarcome à cellules dendritiques (cellules accessoires),category,4
C96.5,Histiocytose à cellules de Langerhans multifocale et unisystémique,category,4
C96.6,Histiocytose à cellules de Langerhans unifocale,category,4
C96.8,Sarcome histiocytaire,category,4
C97-C97,Tumeurs malignes de sièges multiples indépendants (primitifs),block,2
D12.6+0,Polypose (colique) familiale adénomateuse,category,4
D12.6+1,Polypose (colique) liée au gène APC,category,4
D12.6+2,Polypose (colique) liée au gène MYH,category,4
D12.6+3,Polypose (colique) festonnée,category,4
D12.6+4,Polypose (colique) juvénile,category,4
D12.6+5,Polypose (colique) au cours du syndrome de Peutz–Jeghers,category,4
D12.6+6,Polypose (colique) au cours de la maladie de Cowden,category,4
D12.6+8,"Tumeurs bénignes du côlon, autres et non précisées",category,4
D13.90,Tumeur bénigne de la rate,category,4
D21.30,Tumeur bénigne des vaisseaux (sanguins) (lymphatiques) du thorax,category,4
D21.38,Autres tumeurs bénignes du tissu conjonctif et autres tissus mous du thorax,category,4
D21.40,Tumeur bénigne des vaisseaux (sanguins) (lymphatiques) de l'abdomen,category,4
D21.48,Autres tumeurs bénignes du tissu conjonctif et autres tissus mous de l'abdomen,category,4
D21.50,Tumeur bénigne des vaisseaux (sanguins) (lymphatiques) du bassin,category,4
D21.58,Autres tumeurs bénignes du tissu conjonctif et autres tissus mous du bassin,category,4
D44.40,Craniopharyngiome,category,4
D44.48,Autres tumeur à évolution imprévisible ou inconnue du canal craniopharyngien,category,4
D46.5,Anémie réfractaire avec dysplasie de plusieurs lignées cellulaires,category,3
D46.6,Syndrome myélodysplasique avec syndrome de délétion isolée du chromosome 5 [del(5q)],category,3
D47.4,Ostéomyélofibrose,category,3
D47.5,Leucémie chronique à éosinophiles [syndrome hyperéosinophilique],category,3
D48.30,Tératome sacro-coccygien [dysembryome],category,4
D48.38,Autres tumeurs à évolution imprévisible ou inconnue du rétropéritoine,category,4
D68.5,Thrombophilie primaire,category,3
D68.6,Autres thrombophilies,category,3
D89.3,Syndrome de restauration immunitaire,category,3
E11.00,"Diabète sucré de type 2 - ""Avec coma"" - ""diabète sucré de type 2 insulinotraité""",category,4
E11.08,"Diabète sucré de type 2 - ""Avec coma"" - ""diabète sucré de type 2 non insulinotraité ou sans précision""",category,4
E11.10,"Diabète sucré de type 2 - ""Avec acidocétose"" - ""diabète sucré de type 2 insulinotraité""",category,4
E11.18,"Diabète sucré de type 2 - ""Avec acidocétose"" - ""diabète sucré de type 2 non insulinotraité ou sans précision""",category,4
E11.20,"Diabète sucré de type 2 - ""Avec complications rénales"" - ""diabète sucré de type 2 insulinotraité""",category,4
E11.28,"Diabète sucré de type 2 - ""Avec complications rénales"" - ""diabète sucré de type 2 non insulinotraité ou sans précision""",category,4
E11.30,"Diabète sucré de type 2 - ""Avec complications oculaires"" - ""diabète sucré de type 2 insulinotraité""",category,4
E11.38,"Diabète sucré de type 2 - ""Avec complications oculaires"" - ""diabète sucré de type 2 non insulinotraité ou sans précision""",category,4
E11.40,"Diabète sucré de type 2 - ""Avec complications neurologiques"" - ""diabète sucré de type 2 insulinotraité""",category,4
E11.48,"Diabète sucré de type 2 - ""Avec complications neurologiques"" - ""diabète sucré de type 2 non insulinotraité ou sans précision""",category,4
E11.50,"Diabète sucré de type 2 - ""Avec complications vasculaires périphériques"" - ""diabète sucré de type 2 insulinotraité""",category,4
E11.58,"Diabète sucré de type 2 - ""Avec complications vasculaires périphériques"" - ""diabète sucré de type 2 non insulinotraité ou sans précision""",category,4
E11.60,"Diabète sucré de type 2 - ""Avec autres complications précisées"" - ""diabète sucré de type 2 insulinotraité""",category,4
E11.68,"Diabète sucré de type 2 - ""Avec autres complications précisées"" - ""diabète sucré de type 2 non insulinotraité ou sans précision""",category,4
E11.70,"Diabète sucré de type 2 - ""Avec complications multiples"" - ""diabète sucré de type 2 insulinotraité""",category,4
E11.78,"Diabète sucré de type 2 - ""Avec complications multiples"" - ""diabète sucré de type 2 non insulinotraité ou sans précision""",category,4
E11.80,"Diabète sucré de type 2 - ""Avec complications non précisées"" - ""diabète sucré de type 2 insulinotraité""",category,4
E11.88,"Diabète sucré de type 2 - ""Avec complications non précisées"" - ""diabète sucré de type 2 non insulinotraité ou sans précision""",category,4
E11.90,"Diabète sucré de type 2 - ""Sans complication"" - ""diabète sucré de type 2 insulinotraité""",category,4
E11.98,"Diabète sucré de type 2 - ""Sans complication"" - ""diabète sucré de type 2 non insulinotraité ou sans précision""",category,4
E66.03,"Surpoids dû à un excès calorique, de l'adulte ou de l'enfant",category,4
E66.04,"Obésité due à un excès calorique de l'adulte avec indice de masse corporelle [IMC] égal ou supérieur à 30 kg/m² et inférieur à 35 kg/m², ou obésité due à un excès calorique de l'enfant",category,4
E66.05,Obésité due à un excès calorique de l'adulte avec indice de masse corporelle [IMC] égal ou supérieur à 35 kg/m² et inférieur à 40 kg/m²,category,4
E66.06,Obésité due à un excès calorique de l'adulte avec indice de masse corporelle [IMC] égal ou supérieur à 40 kg/m² et inférieur à 50 kg/m²,category,4
E66.07,Obésité due à un excès calorique de l'adulte avec indice de masse corporelle [IMC] égal ou supérieur à 50 kg/m²,category,4
E66.09,"Obésité due à un excès calorique de l'adulte, indice de masse corporelle [IMC] non précisé",category,4
E66.13,Surpoids médicamenteux de l'adulte ou de l'enfant,category,4
E66.14,"Obésité médicamenteuse de l'adulte avec indice de masse corporelle [IMC] égal ou supérieur à 30 kg/m² et inférieur à 35 kg/m², ou obésité médicamenteuse de l'enfant",category,4
E66.15,Obésité médicamenteuse de l'adulte avec indice de masse corporelle [IMC] égal ou supérieur à 35 kg/m² et inférieur à 40 kg/m²,category,4
E66.16,Obésité médicamenteuse de l'adulte avec indice de masse corporelle [IMC] égal ou supérieur à 40 kg/m² et inférieur à 50 kg/m²,category,4
E66.17,Obésité médicamenteuse de l'adulte avec indice de masse corporelle [IMC] égal ou supérieur à 50 kg/m²,category,4
E66.19,"Obésité médicamenteuse de l'adulte, indice de masse corporelle [IMC] non précisé",category,4
E66.24,"Obésité (extrême) avec hypoventilation alvéolaire de l'adulte avec indice de masse corporelle [IMC] égal ou supérieur à 30 kg/m² et inférieur à 35 kg/m², ou obésité (extrême) avec hypoventilation alvéolaire de l'enfant",category,4
E66.25,Obésité (extrême) avec hypoventilation alvéolaire de l'adulte avec indice de masse corporelle [IMC] égal ou supérieur à 35 kg/m² et inférieur à 40 kg/m²,category,4
E66.26,Obésité (extrême) avec hypoventilation alvéolaire de l'adulte avec indice de masse corporelle [IMC] égal ou supérieur à 40 kg/m² et inférieur à 50 kg/m²,category,4
E66.27,Obésité (extrême) avec hypoventilation alvéolaire de l'adulte avec indice de masse corporelle [IMC] égal ou supérieur à 50 kg/m²,category,4
E66.29,"Obésité (extrême) avec hypoventilation alvéolaire de l'adulte, avec indice de masse corporelle [IMC] non précisé",category,4
E66.83,Autres surpoids de l'adulte ou de l'enfant,category,4
E66.84,"Autres obésités de l'adulte avec indice de masse corporelle [IMC] égal ou supérieur à 30 kg/m² et inférieur à 35 kg/m², ou autres obésités de l'enfant",category,4
E66.85,Autres obésités de l'adulte avec indice de masse corporelle [IMC] égal ou supérieur à 35 kg/m² et inférieur à 40 kg/m²,category,4
E66.86,Autres obésités de l'adulte avec indice de masse corporelle [IMC] égal ou supérieur à 40 kg/m² et inférieur à 50 kg/m²,category,4
E66.87,Autres obésités de l'adulte avec indice de masse corporelle [IMC] égal ou supérieur à 50 kg/m²,category,4
E66.89,"Autres obésités de l'adulte, indice de masse corporelle [IMC] non précisé",category,4
E66.93,"Surpoids de l'adulte ou de l'enfant, sans précision",category,4
E66.94,"Obésité sans précision, de l'adulte avec indice de masse corporelle [IMC] égal ou supérieur à 30 kg/m² et inférieur à 35 kg/m², ou obésité sans précision de l'enfant",category,4
E66.95,"Obésité sans précision, de l'adulte avec indice de masse corporelle [IMC] égal ou supérieur à 35 kg/m² et inférieur à 40 kg/m²",category,4
E66.96,"Obésité sans précision, de l'adulte avec indice de masse corporelle [IMC] égal ou supérieur à 40 kg/m² et inférieur à 50 kg/m²",category,4
E66.97,"Obésité sans précision, de l'adulte avec indice de masse corporelle [IMC] égal ou supérieur à 50 kg/m²",category,4
E66.99,"Obésité sans précision, de l'adulte, indice de masse corporelle [IMC] non précisé",category,4
E83.50,Hypercalcémie supérieure à 3 millimoles [mmol] par litre,category,4
E83.51,"Hypocalcémie inférieure à 1,5 millimoles [mmol] par litre",category,4
E83.58,"Anomalies du métabolisme du calcium, autres et sans précision",category,4
E87.00,Hypernatrémie supérieure à 150 millimoles [mmol] par litre,category,4
E87.08,"Hyperosmolarités et hypernatrémies, autres et sans précision",category,4
E87.10,Hyponatrémie inférieure à 120 millimoles [mmol] par litre,category,4
E87.18,"Hypoosmolarités et hyponatrémies, autres et sans précision",category,4
E87.50,"Hyperkaliémie supérieure à 6,5 millimoles [mmol] par litre",category,4
E87.58,"Hyperkaliémies, autres et sans précision",category,4
E87.60,"Hypokaliémie inférieure à 2,5 millimoles [mmol] par litre",category,4
E87.68,"Hypokaliémies, autres et sans précision",category,4
E88.3,Syndrome de lyse tumorale,category,3
F00.000,"Démence de la maladie d'Alzheimer, à début précoce (G30.0)   - ""sans symptôme supplémentaire"" - ""légère""",category,5
F00.001,"Démence de la maladie d'Alzheimer, à début précoce (G30.0)   - ""sans symptôme supplémentaire"" - ""moyenne""",category,5
F00.002,"Démence de la maladie d'Alzheimer, à début précoce (G30.0)   - ""sans symptôme supplémentaire"" - ""sévère""",category,5
F00.010,"Démence de la maladie d'Alzheimer, à début précoce (G30.0)   - ""avec d’autres symptômes, essentiellement délirants"" - ""légère""",category,5
F00.011,"Démence de la maladie d'Alzheimer, à début précoce (G30.0)   - ""avec d’autres symptômes, essentiellement délirants"" - ""moyenne""",category,5
F00.012,"Démence de la maladie d'Alzheimer, à début précoce (G30.0)   - ""avec d’autres symptômes, essentiellement délirants"" - ""sévère""",category,5
F00.020,"Démence de la maladie d'Alzheimer, à début précoce (G30.0)   - ""avec d’autres symptômes, essentiellement hallucinatoires"" - ""légère""",category,5
F00.021,"Démence de la maladie d'Alzheimer, à début précoce (G30.0)   - ""avec d’autres symptômes, essentiellement hallucinatoires"" - ""moyenne""",category,5
F00.022,"Démence de la maladie d'Alzheimer, à début précoce (G30.0)   - ""avec d’autres symptômes, essentiellement hallucinatoires"" - ""sévère""",category,5
F00.030,"Démence de la maladie d'Alzheimer, à début précoce (G30.0)   - ""avec d’autres symptômes, essentiellement dépressifs"" - ""légère""",category,5
F00.031,"Démence de la maladie d'Alzheimer, à début précoce (G30.0)   - ""avec d’autres symptômes, essentiellement dépressifs"" - ""moyenne""",category,5
F00.032,"Démence de la maladie d'Alzheimer, à début précoce (G30.0)   - ""avec d’autres symptômes, essentiellement dépressifs"" - ""sévère""",category,5
F00.040,"Démence de la maladie d'Alzheimer, à début précoce (G30.0)   - ""avec d’autres symptômes, mixtes"" - ""légère""",category,5
F00.041,"Démence de la maladie d'Alzheimer, à début précoce (G30.0)   - ""avec d’autres symptômes, mixtes"" - ""moyenne""",category,5
F00.042,"Démence de la maladie d'Alzheimer, à début précoce (G30.0)   - ""avec d’autres symptômes, mixtes"" - ""sévère""",category,5
F00.100,"Démence de la maladie d'Alzheimer, à début tardif (G30.1)   - ""sans symptôme supplémentaire"" - ""légère""",category,5
F00.101,"Démence de la maladie d'Alzheimer, à début tardif (G30.1)   - ""sans symptôme supplémentaire"" - ""moyenne""",category,5
F00.102,"Démence de la maladie d'Alzheimer, à début tardif (G30.1)   - ""sans symptôme supplémentaire"" - ""sévère""",category,5
F00.110,"Démence de la maladie d'Alzheimer, à début tardif (G30.1)   - ""avec d’autres symptômes, essentiellement délirants"" - ""légère""",category,5
F00.111,"Démence de la maladie d'Alzheimer, à début tardif (G30.1)   - ""avec d’autres symptômes, essentiellement délirants"" - ""moyenne""",category,5
F00.112,"Démence de la maladie d'Alzheimer, à début tardif (G30.1)   - ""avec d’autres symptômes, essentiellement délirants"" - ""sévère""",category,5
F00.120,"Démence de la maladie d'Alzheimer, à début tardif (G30.1)   - ""avec d’autres symptômes, essentiellement hallucinatoires"" - ""légère""",category,5
F00.121,"Démence de la maladie d'Alzheimer, à début tardif (G30.1)   - ""avec d’autres symptômes, essentiellement hallucinatoires"" - ""moyenne""",category,5
F00.122,"Démence de la maladie d'Alzheimer, à début tardif (G30.1)   - ""avec d’autres symptômes, essentiellement hallucinatoires"" - ""sévère""",category,5
F00.130,"Démence de la maladie d'Alzheimer, à début tardif (G30.1)   - ""avec d’autres symptômes, essentiellement dépressifs"" - ""légère""",category,5
F00.131,"Démence de la maladie d'Alzheimer, à début tardif (G30.1)   - ""avec d’autres symptômes, essentiellement dépressifs"" - ""moyenne""",category,5
F00.132,"Démence de la maladie d'Alzheimer, à début tardif (G30.1)   - ""avec d’autres symptômes, essentiellement dépressifs"" - ""sévère""",category,5
F00.140,"Démence de la maladie d'Alzheimer, à début tardif (G30.1)   - ""avec d’autres symptômes, mixtes"" - ""légère""",category,5
F00.141,"Démence de la maladie d'Alzheimer, à début tardif (G30.1)   - ""avec d’autres symptômes, mixtes"" - ""moyenne""",category,5
F00.142,"Démence de la maladie d'Alzheimer, à début tardif (G30.1)   - ""avec d’autres symptômes, mixtes"" - ""sévère""",category,5
F00.200,"Démence de la maladie d'Alzheimer, forme atypique ou mixte (G30.8)   - ""sans symptôme supplémentaire"" - ""légère""",category,5
F00.201,"Démence de la maladie d'Alzheimer, forme atypique ou mixte (G30.8)   - ""sans symptôme supplémentaire"" - ""moyenne""",category,5
F00.202,"Démence de la maladie d'Alzheimer, forme atypique ou mixte (G30.8)   - ""sans symptôme supplémentaire"" - ""sévère""",category,5
F00.210,"Démence de la maladie d'Alzheimer, forme atypique ou mixte (G30.8)   - ""avec d’autres symptômes, essentiellement délirants"" - ""légère""",category,5
F00.211,"Démence de la maladie d'Alzheimer, forme atypique ou mixte (G30.8)   - ""avec d’autres symptômes, essentiellement délirants"" - ""moyenne""",category,5
F00.212,"Démence de la maladie d'Alzheimer, forme atypique ou mixte (G30.8)   - ""avec d’autres symptômes, essentiellement délirants"" - ""sévère""",category,5
F00.220,"Démence de la maladie d'Alzheimer, forme atypique ou mixte (G30.8)   - ""avec d’autres symptômes, essentiellement hallucinatoires"" - ""légère""",category,5
F00.221,"Démence de la maladie d'Alzheimer, forme atypique ou mixte (G30.8)   - ""avec d’autres symptômes, essentiellement hallucinatoires"" - ""moyenne""",category,5
F00.222,"Démence de la maladie d'Alzheimer, forme atypique ou mixte (G30.8)   - ""avec d’autres symptômes, essentiellement hallucinatoires"" - ""sévère""",category,5
F00.230,"Démence de la maladie d'Alzheimer, forme atypique ou mixte (G30.8)   - ""avec d’autres symptômes, essentiellement dépressifs"" - ""légère""",category,5
F00.231,"Démence de la maladie d'Alzheimer, forme atypique ou mixte (G30.8)   - ""avec d’autres symptômes, essentiellement dépressifs"" - ""moyenne""",category,5
F00.232,"Démence de la maladie d'Alzheimer, forme atypique ou mixte (G30.8)   - ""avec d’autres symptômes, essentiellement dépressifs"" - ""sévère""",category,5
F00.240,"Démence de la maladie d'Alzheimer, forme atypique ou mixte (G30.8)   - ""avec d’autres symptômes, mixtes"" - ""légère""",category,5
F00.241,"Démence de la maladie d'Alzheimer, forme atypique ou mixte (G30.8)   - ""avec d’autres symptômes, mixtes"" - ""moyenne""",category,5
F00.242,"Démence de la maladie d'Alzheimer, forme atypique ou mixte (G30.8)   - ""avec d’autres symptômes, mixtes"" - ""sévère""",category,5
F00.900,"Démence de la maladie d'Alzheimer, sans précision (G30.9)   - ""sans symptôme supplémentaire"" - ""légère""",category,5
F00.901,"Démence de la maladie d'Alzheimer, sans précision (G30.9)   - ""sans symptôme supplémentaire"" - ""moyenne""",category,5
F00.902,"Démence de la maladie d'Alzheimer, sans précision (G30.9)   - ""sans symptôme supplémentaire"" - ""sévère""",category,5
F00.910,"Démence de la maladie d'Alzheimer, sans précision (G30.9)   - ""avec d’autres symptômes, essentiellement délirants"" - ""légère""",category,5
F00.911,"Démence de la maladie d'Alzheimer, sans précision (G30.9)   - ""avec d’autres symptômes, essentiellement délirants"" - ""moyenne""",category,5
F00.912,"Démence de la maladie d'Alzheimer, sans précision (G30.9)   - ""avec d’autres symptômes, essentiellement délirants"" - ""sévère""",category,5
F00.920,"Démence de la maladie d'Alzheimer, sans précision (G30.9)   - ""avec d’autres symptômes, essentiellement hallucinatoires"" - ""légère""",category,5
F00.921,"Démence de la maladie d'Alzheimer, sans précision (G30.9)   - ""avec d’autres symptômes, essentiellement hallucinatoires"" - ""moyenne""",category,5
F00.922,"Démence de la maladie d'Alzheimer, sans précision (G30.9)   - ""avec d’autres symptômes, essentiellement hallucinatoires"" - ""sévère""",category,5
F00.930,"Démence de la maladie d'Alzheimer, sans précision (G30.9)   - ""avec d’autres symptômes, essentiellement dépressifs"" - ""légère""",category,5
F00.931,"Démence de la maladie d'Alzheimer, sans précision (G30.9)   - ""avec d’autres symptômes, essentiellement dépressifs"" - ""moyenne""",category,5
F00.932,"Démence de la maladie d'Alzheimer, sans précision (G30.9)   - ""avec d’autres symptômes, essentiellement dépressifs"" - ""sévère""",category,5
F00.940,"Démence de la maladie d'Alzheimer, sans précision (G30.9)   - ""avec d’autres symptômes, mixtes"" - ""légère""",category,5
F00.941,"Démence de la maladie d'Alzheimer, sans précision (G30.9)   - ""avec d’autres symptômes, mixtes"" - ""moyenne""",category,5
F00.942,"Démence de la maladie d'Alzheimer, sans précision (G30.9)   - ""avec d’autres symptômes, mixtes"" - ""sévère""",category,5
F01.000,"Démence vasculaire à début aigu - ""sans symptôme supplémentaire"" - ""légère""",category,5
F01.001,"Démence vasculaire à début aigu - ""sans symptôme supplémentaire"" - ""moyenne""",category,5
F01.002,"Démence vasculaire à début aigu - ""sans symptôme supplémentaire"" - ""sévère""",category,5
F01.010,"Démence vasculaire à début aigu - ""avec d’autres symptômes, essentiellement délirants"" - ""légère""",category,5
F01.011,"Démence vasculaire à début aigu - ""avec d’autres symptômes, essentiellement délirants"" - ""moyenne""",category,5
F01.012,"Démence vasculaire à début aigu - ""avec d’autres symptômes, essentiellement délirants"" - ""sévère""",category,5
F01.020,"Démence vasculaire à début aigu - ""avec d’autres symptômes, essentiellement hallucinatoires"" - ""légère""",category,5
F01.021,"Démence vasculaire à début aigu - ""avec d’autres symptômes, essentiellement hallucinatoires"" - ""moyenne""",category,5
F01.022,"Démence vasculaire à début aigu - ""avec d’autres symptômes, essentiellement hallucinatoires"" - ""sévère""",category,5
F01.030,"Démence vasculaire à début aigu - ""avec d’autres symptômes, essentiellement dépressifs"" - ""légère""",category,5
F01.031,"Démence vasculaire à début aigu - ""avec d’autres symptômes, essentiellement dépressifs"" - ""moyenne""",category,5
F01.032,"Démence vasculaire à début aigu - ""avec d’autres symptômes, essentiellement dépressifs"" - ""sévère""",category,5
F01.040,"Démence vasculaire à début aigu - ""avec d’autres symptômes, mixtes"" - ""légère""",category,5
F01.041,"Démence vasculaire à début aigu - ""avec d’autres symptômes, mixtes"" - ""moyenne""",category,5
F01.042,"Démence vasculaire à début aigu - ""avec d’autres symptômes, mixtes"" - ""sévère""",category,5
F01.100,"Démence vasculaire par infarctus multiples - ""sans symptôme supplémentaire"" - ""légère""",category,5
F01.101,"Démence vasculaire par infarctus multiples - ""sans symptôme supplémentaire"" - ""moyenne""",category,5
F01.102,"Démence vasculaire par infarctus multiples - ""sans symptôme supplémentaire"" - ""sévère""",category,5
F01.110,"Démence vasculaire par infarctus multiples - ""avec d’autres symptômes, essentiellement délirants"" - ""légère""",category,5
F01.111,"Démence vasculaire par infarctus multiples - ""avec d’autres symptômes, essentiellement délirants"" - ""moyenne""",category,5
F01.112,"Démence vasculaire par infarctus multiples - ""avec d’autres symptômes, essentiellement délirants"" - ""sévère""",category,5
F01.120,"Démence vasculaire par infarctus multiples - ""avec d’autres symptômes, essentiellement hallucinatoires"" - ""légère""",category,5
F01.121,"Démence vasculaire par infarctus multiples - ""avec d’autres symptômes, essentiellement hallucinatoires"" - ""moyenne""",category,5
F01.122,"Démence vasculaire par infarctus multiples - ""avec d’autres symptômes, essentiellement hallucinatoires"" - ""sévère""",category,5
F01.130,"Démence vasculaire par infarctus multiples - ""avec d’autres symptômes, essentiellement dépressifs"" - ""légère""",category,5
F01.131,"Démence vasculaire par infarctus multiples - ""avec d’autres symptômes, essentiellement dépressifs"" - ""moyenne""",category,5
F01.132,"Démence vasculaire par infarctus multiples - ""avec d’autres symptômes, essentiellement dépressifs"" - ""sévère""",category,5
F01.140,"Démence vasculaire par infarctus multiples - ""avec d’autres symptômes, mixtes"" - ""légère""",category,5
F01.141,"Démence vasculaire par infarctus multiples - ""avec d’autres symptômes, mixtes"" - ""moyenne""",category,5
F01.142,"Démence vasculaire par infarctus multiples - ""avec d’autres symptômes, mixtes"" - ""sévère""",category,5
F01.200,"Démence vasculaire souscorticale - ""sans symptôme supplémentaire"" - ""légère""",category,5
F01.201,"Démence vasculaire souscorticale - ""sans symptôme supplémentaire"" - ""moyenne""",category,5
F01.202,"Démence vasculaire souscorticale - ""sans symptôme supplémentaire"" - ""sévère""",category,5
F01.210,"Démence vasculaire souscorticale - ""avec d’autres symptômes, essentiellement délirants"" - ""légère""",category,5
F01.211,"Démence vasculaire souscorticale - ""avec d’autres symptômes, essentiellement délirants"" - ""moyenne""",category,5
F01.212,"Démence vasculaire souscorticale - ""avec d’autres symptômes, essentiellement délirants"" - ""sévère""",category,5
F01.220,"Démence vasculaire souscorticale - ""avec d’autres symptômes, essentiellement hallucinatoires"" - ""légère""",category,5
F01.221,"Démence vasculaire souscorticale - ""avec d’autres symptômes, essentiellement hallucinatoires"" - ""moyenne""",category,5
F01.222,"Démence vasculaire souscorticale - ""avec d’autres symptômes, essentiellement hallucinatoires"" - ""sévère""",category,5
F01.230,"Démence vasculaire souscorticale - ""avec d’autres symptômes, essentiellement dépressifs"" - ""légère""",category,5
F01.231,"Démence vasculaire souscorticale - ""avec d’autres symptômes, essentiellement dépressifs"" - ""moyenne""",category,5
F01.232,"Démence vasculaire souscorticale - ""avec d’autres symptômes, essentiellement dépressifs"" - ""sévère""",category,5
F01.240,"Démence vasculaire souscorticale - ""avec d’autres symptômes, mixtes"" - ""légère""",category,5
F01.241,"Démence vasculaire souscorticale - ""avec d’autres symptômes, mixtes"" - ""moyenne""",category,5
F01.242,"Démence vasculaire souscorticale - ""avec d’autres symptômes, mixtes"" - ""sévère""",category,5
F01.300,"Démence vasculaire mixte, corticale et souscorticale - ""sans symptôme supplémentaire"" - ""légère""",category,5
F01.301,"Démence vasculaire mixte, corticale et souscorticale - ""sans symptôme supplémentaire"" - ""moyenne""",category,5
F01.302,"Démence vasculaire mixte, corticale et souscorticale - ""sans symptôme supplémentaire"" - ""sévère""",category,5
F01.310,"Démence vasculaire mixte, corticale et souscorticale - ""avec d’autres symptômes, essentiellement délirants"" - ""légère""",category,5
F01.311,"Démence vasculaire mixte, corticale et souscorticale - ""avec d’autres symptômes, essentiellement délirants"" - ""moyenne""",category,5
F01.312,"Démence vasculaire mixte, corticale et souscorticale - ""avec d’autres symptômes, essentiellement délirants"" - ""sévère""",category,5
F01.320,"Démence vasculaire mixte, corticale et souscorticale - ""avec d’autres symptômes, essentiellement hallucinatoires"" - ""légère""",category,5
F01.321,"Démence vasculaire mixte, corticale et souscorticale - ""avec d’autres symptômes, essentiellement hallucinatoires"" - ""moyenne""",category,5
F01.322,"Démence vasculaire mixte, corticale et souscorticale - ""avec d’autres symptômes, essentiellement hallucinatoires"" - ""sévère""",category,5
F01.330,"Démence vasculaire mixte, corticale et souscorticale - ""avec d’autres symptômes, essentiellement dépressifs"" - ""légère""",category,5
F01.331,"Démence vasculaire mixte, corticale et souscorticale - ""avec d’autres symptômes, essentiellement dépressifs"" - ""moyenne""",category,5
F01.332,"Démence vasculaire mixte, corticale et souscorticale - ""avec d’autres symptômes, essentiellement dépressifs"" - ""sévère""",category,5
F01.340,"Démence vasculaire mixte, corticale et souscorticale - ""avec d’autres symptômes, mixtes"" - ""légère""",category,5
F01.341,"Démence vasculaire mixte, corticale et souscorticale - ""avec d’autres symptômes, mixtes"" - ""moyenne""",category,5
F01.342,"Démence vasculaire mixte, corticale et souscorticale - ""avec d’autres symptômes, mixtes"" - ""sévère""",category,5
F01.800,"Autres formes de démence vasculaire - ""sans symptôme supplémentaire"" - ""légère""",category,5
F01.801,"Autres formes de démence vasculaire - ""sans symptôme supplémentaire"" - ""moyenne""",category,5
F01.802,"Autres formes de démence vasculaire - ""sans symptôme supplémentaire"" - ""sévère""",category,5
F01.810,"Autres formes de démence vasculaire - ""avec d’autres symptômes, essentiellement délirants"" - ""légère""",category,5
F01.811,"Autres formes de démence vasculaire - ""avec d’autres symptômes, essentiellement délirants"" - ""moyenne""",category,5
F01.812,"Autres formes de démence vasculaire - ""avec d’autres symptômes, essentiellement délirants"" - ""sévère""",category,5
F01.820,"Autres formes de démence vasculaire - ""avec d’autres symptômes, essentiellement hallucinatoires"" - ""légère""",category,5
F01.821,"Autres formes de démence vasculaire - ""avec d’autres symptômes, essentiellement hallucinatoires"" - ""moyenne""",category,5
F01.822,"Autres formes de démence vasculaire - ""avec d’autres symptômes, essentiellement hallucinatoires"" - ""sévère""",category,5
F01.830,"Autres formes de démence vasculaire - ""avec d’autres symptômes, essentiellement dépressifs"" - ""légère""",category,5
F01.831,"Autres formes de démence vasculaire - ""avec d’autres symptômes, essentiellement dépressifs"" - ""moyenne""",category,5
F01.832,"Autres formes de démence vasculaire - ""avec d’autres symptômes, essentiellement dépressifs"" - ""sévère""",category,5
F01.840,"Autres formes de démence vasculaire - ""avec d’autres symptômes, mixtes"" - ""légère""",category,5
F01.841,"Autres formes de démence vasculaire - ""avec d’autres symptômes, mixtes"" - ""moyenne""",category,5
F01.842,"Autres formes de démence vasculaire - ""avec d’autres symptômes, mixtes"" - ""sévère""",category,5
F01.900,"Démence vasculaire, sans précision - ""sans symptôme supplémentaire"" - ""légère""",category,5
F01.901,"Démence vasculaire, sans précision - ""sans symptôme supplémentaire"" - ""moyenne""",category,5
F01.902,"Démence vasculaire, sans précision - ""sans symptôme supplémentaire"" - ""sévère""",category,5
F01.910,"Démence vasculaire, sans précision - ""avec d’autres symptômes, essentiellement délirants"" - ""légère""",category,5
F01.911,"Démence vasculaire, sans précision - ""avec d’autres symptômes, essentiellement délirants"" - ""moyenne""",category,5
F01.912,"Démence vasculaire, sans précision - ""avec d’autres symptômes, essentiellement délirants"" - ""sévère""",category,5
F01.920,"Démence vasculaire, sans précision - ""avec d’autres symptômes, essentiellement hallucinatoires"" - ""légère""",category,5
F01.921,"Démence vasculaire, sans précision - ""avec d’autres symptômes, essentiellement hallucinatoires"" - ""moyenne""",category,5
F01.922,"Démence vasculaire, sans précision - ""avec d’autres symptômes, essentiellement hallucinatoires"" - ""sévère""",category,5
F01.930,"Démence vasculaire, sans précision - ""avec d’autres symptômes, essentiellement dépressifs"" - ""légère""",category,5
F01.931,"Démence vasculaire, sans précision - ""avec d’autres symptômes, essentiellement dépressifs"" - ""moyenne""",category,5
F01.932,"Démence vasculaire, sans précision - ""avec d’autres symptômes, essentiellement dépressifs"" - ""sévère""",category,5
F01.940,"Démence vasculaire, sans précision - ""avec d’autres symptômes, mixtes"" - ""légère""",category,5
F01.941,"Démence vasculaire, sans précision - ""avec d’autres symptômes, mixtes"" - ""moyenne""",category,5
F01.942,"Démence vasculaire, sans précision - ""avec d’autres symptômes, mixtes"" - ""sévère""",category,5
F02.000,"Démence de la maladie de Pick (G31.0)   - ""sans symptôme supplémentaire"" - ""légère""",category,5
F02.001,"Démence de la maladie de Pick (G31.0)   - ""sans symptôme supplémentaire"" - ""moyenne""",category,5
F02.002,"Démence de la maladie de Pick (G31.0)   - ""sans symptôme supplémentaire"" - ""sévère""",category,5
F02.010,"Démence de la maladie de Pick (G31.0)   - ""avec d’autres symptômes, essentiellement délirants"" - ""légère""",category,5
F02.011,"Démence de la maladie de Pick (G31.0)   - ""avec d’autres symptômes, essentiellement délirants"" - ""moyenne""",category,5
F02.012,"Démence de la maladie de Pick (G31.0)   - ""avec d’autres symptômes, essentiellement délirants"" - ""sévère""",category,5
F02.020,"Démence de la maladie de Pick (G31.0)   - ""avec d’autres symptômes, essentiellement hallucinatoires"" - ""légère""",category,5
F02.021,"Démence de la maladie de Pick (G31.0)   - ""avec d’autres symptômes, essentiellement hallucinatoires"" - ""moyenne""",category,5
F02.022,"Démence de la maladie de Pick (G31.0)   - ""avec d’autres symptômes, essentiellement hallucinatoires"" - ""sévère""",category,5
F02.030,"Démence de la maladie de Pick (G31.0)   - ""avec d’autres symptômes, essentiellement dépressifs"" - ""légère""",category,5
F02.031,"Démence de la maladie de Pick (G31.0)   - ""avec d’autres symptômes, essentiellement dépressifs"" - ""moyenne""",category,5
F02.032,"Démence de la maladie de Pick (G31.0)   - ""avec d’autres symptômes, essentiellement dépressifs"" - ""sévère""",category,5
F02.040,"Démence de la maladie de Pick (G31.0)   - ""avec d’autres symptômes, mixtes"" - ""légère""",category,5
F02.041,"Démence de la maladie de Pick (G31.0)   - ""avec d’autres symptômes, mixtes"" - ""moyenne""",category,5
F02.042,"Démence de la maladie de Pick (G31.0)   - ""avec d’autres symptômes, mixtes"" - ""sévère""",category,5
F02.100,"Démence de la maladie de Creutzfeldt–Jakob (A81.0)   - ""sans symptôme supplémentaire"" - ""légère""",category,5
F02.101,"Démence de la maladie de Creutzfeldt–Jakob (A81.0)   - ""sans symptôme supplémentaire"" - ""moyenne""",category,5
F02.102,"Démence de la maladie de Creutzfeldt–Jakob (A81.0)   - ""sans symptôme supplémentaire"" - ""sévère""",category,5
F02.110,"Démence de la maladie de Creutzfeldt–Jakob (A81.0)   - ""avec d’autres symptômes, essentiellement délirants"" - ""légère""",category,5
F02.111,"Démence de la maladie de Creutzfeldt–Jakob (A81.0)   - ""avec d’autres symptômes, essentiellement délirants"" - ""moyenne""",category,5
F02.112,"Démence de la maladie de Creutzfeldt–Jakob (A81.0)   - ""avec d’autres symptômes, essentiellement délirants"" - ""sévère""",category,5
F02.120,"Démence de la maladie de Creutzfeldt–Jakob (A81.0)   - ""avec d’autres symptômes, essentiellement hallucinatoires"" - ""légère""",category,5
F02.121,"Démence de la maladie de Creutzfeldt–Jakob (A81.0)   - ""avec d’autres symptômes, essentiellement hallucinatoires"" - ""moyenne""",category,5
F02.122,"Démence de la maladie de Creutzfeldt–Jakob (A81.0)   - ""avec d’autres symptômes, essentiellement hallucinatoires"" - ""sévère""",category,5
F02.130,"Démence de la maladie de Creutzfeldt–Jakob (A81.0)   - ""avec d’autres symptômes, essentiellement dépressifs"" - ""légère""",category,5
F02.131,"Démence de la maladie de Creutzfeldt–Jakob (A81.0)   - ""avec d’autres symptômes, essentiellement dépressifs"" - ""moyenne""",category,5
F02.132,"Démence de la maladie de Creutzfeldt–Jakob (A81.0)   - ""avec d’autres symptômes, essentiellement dépressifs"" - ""sévère""",category,5
F02.140,"Démence de la maladie de Creutzfeldt–Jakob (A81.0)   - ""avec d’autres symptômes, mixtes"" - ""légère""",category,5
F02.141,"Démence de la maladie de Creutzfeldt–Jakob (A81.0)   - ""avec d’autres symptômes, mixtes"" - ""moyenne""",category,5
F02.142,"Démence de la maladie de Creutzfeldt–Jakob (A81.0)   - ""avec d’autres symptômes, mixtes"" - ""sévère""",category,5
F02.200,"Démence de la maladie de Huntington (G10)   - ""sans symptôme supplémentaire"" - ""légère""",category,5
F02.201,"Démence de la maladie de Huntington (G10)   - ""sans symptôme supplémentaire"" - ""moyenne""",category,5
F02.202,"Démence de la maladie de Huntington (G10)   - ""sans symptôme supplémentaire"" - ""sévère""",category,5
F02.210,"Démence de la maladie de Huntington (G10)   - ""avec d’autres symptômes, essentiellement délirants"" - ""légère""",category,5
F02.211,"Démence de la maladie de Huntington (G10)   - ""avec d’autres symptômes, essentiellement délirants"" - ""moyenne""",category,5
F02.212,"Démence de la maladie de Huntington (G10)   - ""avec d’autres symptômes, essentiellement délirants"" - ""sévère""",category,5
F02.220,"Démence de la maladie de Huntington (G10)   - ""avec d’autres symptômes, essentiellement hallucinatoires"" - ""légère""",category,5
F02.221,"Démence de la maladie de Huntington (G10)   - ""avec d’autres symptômes, essentiellement hallucinatoires"" - ""moyenne""",category,5
F02.222,"Démence de la maladie de Huntington (G10)   - ""avec d’autres symptômes, essentiellement hallucinatoires"" - ""sévère""",category,5
F02.230,"Démence de la maladie de Huntington (G10)   - ""avec d’autres symptômes, essentiellement dépressifs"" - ""légère""",category,5
F02.231,"Démence de la maladie de Huntington (G10)   - ""avec d’autres symptômes, essentiellement dépressifs"" - ""moyenne""",category,5
F02.232,"Démence de la maladie de Huntington (G10)   - ""avec d’autres symptômes, essentiellement dépressifs"" - ""sévère""",category,5
F02.240,"Démence de la maladie de Huntington (G10)   - ""avec d’autres symptômes, mixtes"" - ""légère""",category,5
F02.241,"Démence de la maladie de Huntington (G10)   - ""avec d’autres symptômes, mixtes"" - ""moyenne""",category,5
F02.242,"Démence de la maladie de Huntington (G10)   - ""avec d’autres symptômes, mixtes"" - ""sévère""",category,5
F02.300,"Démence de la maladie de Parkinson (G20)  - ""sans symptôme supplémentaire"" - ""légère""",category,5
F02.301,"Démence de la maladie de Parkinson (G20)  - ""sans symptôme supplémentaire"" - ""moyenne""",category,5
F02.302,"Démence de la maladie de Parkinson (G20)  - ""sans symptôme supplémentaire"" - ""sévère""",category,5
F02.310,"Démence de la maladie de Parkinson (G20)  - ""avec d’autres symptômes, essentiellement délirants"" - ""légère""",category,5
F02.311,"Démence de la maladie de Parkinson (G20)  - ""avec d’autres symptômes, essentiellement délirants"" - ""moyenne""",category,5
F02.312,"Démence de la maladie de Parkinson (G20)  - ""avec d’autres symptômes, essentiellement délirants"" - ""sévère""",category,5
F02.320,"Démence de la maladie de Parkinson (G20)  - ""avec d’autres symptômes, essentiellement hallucinatoires"" - ""légère""",category,5
F02.321,"Démence de la maladie de Parkinson (G20)  - ""avec d’autres symptômes, essentiellement hallucinatoires"" - ""moyenne""",category,5
F02.322,"Démence de la maladie de Parkinson (G20)  - ""avec d’autres symptômes, essentiellement hallucinatoires"" - ""sévère""",category,5
F02.330,"Démence de la maladie de Parkinson (G20)  - ""avec d’autres symptômes, essentiellement dépressifs"" - ""légère""",category,5
F02.331,"Démence de la maladie de Parkinson (G20)  - ""avec d’autres symptômes, essentiellement dépressifs"" - ""moyenne""",category,5
F02.332,"Démence de la maladie de Parkinson (G20)  - ""avec d’autres symptômes, essentiellement dépressifs"" - ""sévère""",category,5
F02.340,"Démence de la maladie de Parkinson (G20)  - ""avec d’autres symptômes, mixtes"" - ""légère""",category,5
F02.341,"Démence de la maladie de Parkinson (G20)  - ""avec d’autres symptômes, mixtes"" - ""moyenne""",category,5
F02.342,"Démence de la maladie de Parkinson (G20)  - ""avec d’autres symptômes, mixtes"" - ""sévère""",category,5
F02.400,"Démence de la maladie due au virus de l'immunodéficience humaine [VIH] (B22.0)   - ""sans symptôme supplémentaire"" - ""légère""",category,5
F02.401,"Démence de la maladie due au virus de l'immunodéficience humaine [VIH] (B22.0)   - ""sans symptôme supplémentaire"" - ""moyenne""",category,5
F02.402,"Démence de la maladie due au virus de l'immunodéficience humaine [VIH] (B22.0)   - ""sans symptôme supplémentaire"" - ""sévère""",category,5
F02.410,"Démence de la maladie due au virus de l'immunodéficience humaine [VIH] (B22.0)   - ""avec d’autres symptômes, essentiellement délirants"" - ""légère""",category,5
F02.411,"Démence de la maladie due au virus de l'immunodéficience humaine [VIH] (B22.0)   - ""avec d’autres symptômes, essentiellement délirants"" - ""moyenne""",category,5
F02.412,"Démence de la maladie due au virus de l'immunodéficience humaine [VIH] (B22.0)   - ""avec d’autres symptômes, essentiellement délirants"" - ""sévère""",category,5
F02.420,"Démence de la maladie due au virus de l'immunodéficience humaine [VIH] (B22.0)   - ""avec d’autres symptômes, essentiellement hallucinatoires"" - ""légère""",category,5
F02.421,"Démence de la maladie due au virus de l'immunodéficience humaine [VIH] (B22.0)   - ""avec d’autres symptômes, essentiellement hallucinatoires"" - ""moyenne""",category,5
F02.422,"Démence de la maladie due au virus de l'immunodéficience humaine [VIH] (B22.0)   - ""avec d’autres symptômes, essentiellement hallucinatoires"" - ""sévère""",category,5
F02.430,"Démence de la maladie due au virus de l'immunodéficience humaine [VIH] (B22.0)   - ""avec d’autres symptômes, essentiellement dépressifs"" - ""légère""",category,5
F02.431,"Démence de la maladie due au virus de l'immunodéficience humaine [VIH] (B22.0)   - ""avec d’autres symptômes, essentiellement dépressifs"" - ""moyenne""",category,5
F02.432,"Démence de la maladie due au virus de l'immunodéficience humaine [VIH] (B22.0)   - ""avec d’autres symptômes, essentiellement dépressifs"" - ""sévère""",category,5
F02.440,"Démence de la maladie due au virus de l'immunodéficience humaine [VIH] (B22.0)   - ""avec d’autres symptômes, mixtes"" - ""légère""",category,5
F02.441,"Démence de la maladie due au virus de l'immunodéficience humaine [VIH] (B22.0)   - ""avec d’autres symptômes, mixtes"" - ""moyenne""",category,5
F02.442,"Démence de la maladie due au virus de l'immunodéficience humaine [VIH] (B22.0)   - ""avec d’autres symptômes, mixtes"" - ""sévère""",category,5
F02.800,"Démence au cours d'autres maladies classées ailleurs - ""sans symptôme supplémentaire"" - ""légère""",category,5
F02.801,"Démence au cours d'autres maladies classées ailleurs - ""sans symptôme supplémentaire"" - ""moyenne""",category,5
F02.802,"Démence au cours d'autres maladies classées ailleurs - ""sans symptôme supplémentaire"" - ""sévère""",category,5
F02.810,"Démence au cours d'autres maladies classées ailleurs - ""avec d’autres symptômes, essentiellement délirants"" - ""légère""",category,5
F02.811,"Démence au cours d'autres maladies classées ailleurs - ""avec d’autres symptômes, essentiellement délirants"" - ""moyenne""",category,5
F02.812,"Démence au cours d'autres maladies classées ailleurs - ""avec d’autres symptômes, essentiellement délirants"" - ""sévère""",category,5
F02.820,"Démence au cours d'autres maladies classées ailleurs - ""avec d’autres symptômes, essentiellement hallucinatoires"" - ""légère""",category,5
F02.821,"Démence au cours d'autres maladies classées ailleurs - ""avec d’autres symptômes, essentiellement hallucinatoires"" - ""moyenne""",category,5
F02.822,"Démence au cours d'autres maladies classées ailleurs - ""avec d’autres symptômes, essentiellement hallucinatoires"" - ""sévère""",category,5
F02.830,"Démence au cours d'autres maladies classées ailleurs - ""avec d’autres symptômes, essentiellement dépressifs"" - ""légère""",category,5
F02.831,"Démence au cours d'autres maladies classées ailleurs - ""avec d’autres symptômes, essentiellement dépressifs"" - ""moyenne""",category,5
F02.832,"Démence au cours d'autres maladies classées ailleurs - ""avec d’autres symptômes, essentiellement dépressifs"" - ""sévère""",category,5
F02.840,"Démence au cours d'autres maladies classées ailleurs - ""avec d’autres symptômes, mixtes"" - ""légère""",category,5
F02.841,"Démence au cours d'autres maladies classées ailleurs - ""avec d’autres symptômes, mixtes"" - ""moyenne""",category,5
F02.842,"Démence au cours d'autres maladies classées ailleurs - ""avec d’autres symptômes, mixtes"" - ""sévère""",category,5
F03+0,"Démence, sans précision - "" sans symptôme supplémentaire """,category,3
F03+00,"Démence, sans précision - ""sans symptôme supplémentaire"" - ""légère""",category,4
F03+01,"Démence, sans précision - ""sans symptôme supplémentaire"" - ""moyenne""",category,4
F03+02,"Démence, sans précision - ""sans symptôme supplémentaire"" - ""sévère""",category,4
F03+1,"Démence, sans précision - "" avec d’autres symptômes, essentiellement délirants """,category,3
F03+10,"Démence, sans précision - ""avec d’autres symptômes, essentiellement délirants"" - ""légère""",category,4
F03+11,"Démence, sans précision - ""avec d’autres symptômes, essentiellement délirants"" - ""moyenne""",category,4
F03+12,"Démence, sans précision - ""avec d’autres symptômes, essentiellement délirants"" - ""sévère""",category,4
F03+2,"Démence, sans précision - "" avec d’autres symptômes, essentiellement hallucinatoires """,category,3
F03+20,"Démence, sans précision - ""avec d’autres symptômes, essentiellement hallucinatoires"" - ""légère""",category,4
F03+21,"Démence, sans précision - ""avec d’autres symptômes, essentiellement hallucinatoires"" - ""moyenne""",category,4
F03+22,"Démence, sans précision - ""avec d’autres symptômes, essentiellement hallucinatoires"" - ""sévère""",category,4
F03+3,"Démence, sans précision - "" avec d’autres symptômes, essentiellement dépressifs """,category,3
F03+30,"Démence, sans précision - ""avec d’autres symptômes, essentiellement dépressifs"" - ""légère""",category,4
F03+31,"Démence, sans précision - ""avec d’autres symptômes, essentiellement dépressifs"" - ""moyenne""",category,4
F03+32,"Démence, sans précision - ""avec d’autres symptômes, essentiellement dépressifs"" - ""sévère""",category,4
F03+4,"Démence, sans précision - "" avec d’autres symptômes, mixtes """,category,3
F03+40,"Démence, sans précision - ""avec d’autres symptômes, mixtes"" - ""légère""",category,4
F03+41,"Démence, sans précision - ""avec d’autres symptômes, mixtes"" - ""moyenne""",category,4
F03+42,"Démence, sans précision - ""avec d’autres symptômes, mixtes"" - ""sévère""",category,4
F06.70,Trouble cognitif léger non associé à un trouble physique,category,4
F06.71,Trouble cognitif léger associé à un trouble physique,category,4
F10.200,"Troubles mentaux et du comportement liés à l'utilisation d'alcool - ""Syndrome de dépendance"" - ""actuellement abstinent en rémission récente""",category,5
F10.201,"Troubles mentaux et du comportement liés à l'utilisation d'alcool - ""Syndrome de dépendance"" - ""actuellement abstinent en rémission partielle""",category,5
F10.202,"Troubles mentaux et du comportement liés à l'utilisation d'alcool - ""Syndrome de dépendance"" - ""actuellement abstinent en rémission complète""",category,5
F10.240,"Troubles mentaux et du comportement liés à l'utilisation d'alcool - ""Syndrome de dépendance"" - ""dépendance active sans signe physique""",category,5
F10.241,"Troubles mentaux et du comportement liés à l'utilisation d'alcool - ""Syndrome de dépendance"" - ""dépendance active avec signe physique""",category,5
F11.200,"Troubles mentaux et du comportement liés à l'utilisation d'opiacés - ""Syndrome de dépendance"" - ""actuellement abstinent en rémission récente""",category,5
F11.201,"Troubles mentaux et du comportement liés à l'utilisation d'opiacés - ""Syndrome de dépendance"" - ""actuellement abstinent en rémission partielle""",category,5
F11.202,"Troubles mentaux et du comportement liés à l'utilisation d'opiacés - ""Syndrome de dépendance"" - ""actuellement abstinent en rémission complète""",category,5
F11.240,"Troubles mentaux et du comportement liés à l'utilisation d'opiacés - ""Syndrome de dépendance"" - ""dépendance active sans signe physique""",category,5
F11.241,"Troubles mentaux et du comportement liés à l'utilisation d'opiacés - ""Syndrome de dépendance"" - ""dépendance active avec signe physique""",category,5
F12.200,"Troubles mentaux et du comportement liés à l'utilisation de dérivés du cannabis - ""Syndrome de dépendance"" - ""actuellement abstinent en rémission récente""",category,5
F12.201,"Troubles mentaux et du comportement liés à l'utilisation de dérivés du cannabis - ""Syndrome de dépendance"" - ""actuellement abstinent en rémission partielle""",category,5
F12.202,"Troubles mentaux et du comportement liés à l'utilisation de dérivés du cannabis - ""Syndrome de dépendance"" - ""actuellement abstinent en rémission complète""",category,5
F12.240,"Troubles mentaux et du comportement liés à l'utilisation de dérivés du cannabis - ""Syndrome de dépendance"" - ""dépendance active sans signe physique""",category,5
F12.241,"Troubles mentaux et du comportement liés à l'utilisation de dérivés du cannabis - ""Syndrome de dépendance"" - ""dépendance active avec signe physique""",category,5
F13.200,"Troubles mentaux et du comportement liés à l'utilisation de sédatifs ou d'hypnotiques - ""Syndrome de dépendance"" - ""actuellement abstinent en rémission récente""",category,5
F13.201,"Troubles mentaux et du comportement liés à l'utilisation de sédatifs ou d'hypnotiques - ""Syndrome de dépendance"" - ""actuellement abstinent en rémission partielle""",category,5
F13.202,"Troubles mentaux et du comportement liés à l'utilisation de sédatifs ou d'hypnotiques - ""Syndrome de dépendance"" - ""actuellement abstinent en rémission complète""",category,5
F13.240,"Troubles mentaux et du comportement liés à l'utilisation de sédatifs ou d'hypnotiques - ""Syndrome de dépendance"" - ""dépendance active sans signe physique""",category,5
F13.241,"Troubles mentaux et du comportement liés à l'utilisation de sédatifs ou d'hypnotiques - ""Syndrome de dépendance"" - ""dépendance active avec signe physique""",category,5
F14.200,"Troubles mentaux et du comportement liés à l'utilisation de cocaïne - ""Syndrome de dépendance"" - ""actuellement abstinent en rémission récente""",category,5
F14.201,"Troubles mentaux et du comportement liés à l'utilisation de cocaïne - ""Syndrome de dépendance"" - ""actuellement abstinent en rémission partielle""",category,5
F14.202,"Troubles mentaux et du comportement liés à l'utilisation de cocaïne - ""Syndrome de dépendance"" - ""actuellement abstinent en rémission complète""",category,5
F14.240,"Troubles mentaux et du comportement liés à l'utilisation de cocaïne - ""Syndrome de dépendance"" - ""dépendance active sans signe physique""",category,5
F14.241,"Troubles mentaux et du comportement liés à l'utilisation de cocaïne - ""Syndrome de dépendance"" - ""dépendance active avec signe physique""",category,5
F15.200,"Troubles mentaux et du comportement liés à l'utilisation d'autres stimulants, y compris la caféine - ""Syndrome de dépendance"" - ""actuellement abstinent en rémission récente""",category,5
F15.201,"Troubles mentaux et du comportement liés à l'utilisation d'autres stimulants, y compris la caféine - ""Syndrome de dépendance"" - ""actuellement abstinent en rémission partielle""",category,5
F15.202,"Troubles mentaux et du comportement liés à l'utilisation d'autres stimulants, y compris la caféine - ""Syndrome de dépendance"" - ""actuellement abstinent en rémission complète""",category,5
F15.240,"Troubles mentaux et du comportement liés à l'utilisation d'autres stimulants, y compris la caféine - ""Syndrome de dépendance"" - ""dépendance active sans signe physique""",category,5
F15.241,"Troubles mentaux et du comportement liés à l'utilisation d'autres stimulants, y compris la caféine - ""Syndrome de dépendance"" - ""dépendance active avec signe physique""",category,5
F16.200,"Troubles mentaux et du comportement liés à l'utilisation d'hallucinogènes - ""Syndrome de dépendance"" - ""actuellement abstinent en rémission récente""",category,5
F16.201,"Troubles mentaux et du comportement liés à l'utilisation d'hallucinogènes - ""Syndrome de dépendance"" - ""actuellement abstinent en rémission partielle""",category,5
F16.202,"Troubles mentaux et du comportement liés à l'utilisation d'hallucinogènes - ""Syndrome de dépendance"" - ""actuellement abstinent en rémission complète""",category,5
F16.240,"Troubles mentaux et du comportement liés à l'utilisation d'hallucinogènes - ""Syndrome de dépendance"" - ""dépendance active sans signe physique""",category,5
F16.241,"Troubles mentaux et du comportement liés à l'utilisation d'hallucinogènes - ""Syndrome de dépendance"" - ""dépendance active avec signe physique""",category,5
F17.200,"Troubles mentaux et du comportement liés à l'utilisation de tabac - ""Syndrome de dépendance"" - ""actuellement abstinent en rémission récente""",category,5
F17.201,"Troubles mentaux et du comportement liés à l'utilisation de tabac - ""Syndrome de dépendance"" - ""actuellement abstinent en rémission partielle""",category,5
F17.202,"Troubles mentaux et du comportement liés à l'utilisation de tabac - ""Syndrome de dépendance"" - ""actuellement abstinent en rémission complète""",category,5
F17.240,"Troubles mentaux et du comportement liés à l'utilisation de tabac - ""Syndrome de dépendance"" - ""dépendance active sans signe physique""",category,5
F17.241,"Troubles mentaux et du comportement liés à l'utilisation de tabac - ""Syndrome de dépendance"" - ""dépendance active avec signe physique""",category,5
F18.200,"Troubles mentaux et du comportement liés à l'utilisation de solvants volatils - ""Syndrome de dépendance"" - ""actuellement abstinent en rémission récente""",category,5
F18.201,"Troubles mentaux et du comportement liés à l'utilisation de solvants volatils - ""Syndrome de dépendance"" - ""actuellement abstinent en rémission partielle""",category,5
F18.202,"Troubles mentaux et du comportement liés à l'utilisation de solvants volatils - ""Syndrome de dépendance"" - ""actuellement abstinent en rémission complète""",category,5
F18.240,"Troubles mentaux et du comportement liés à l'utilisation de solvants volatils - ""Syndrome de dépendance"" - ""dépendance active sans signe physique""",category,5
F18.241,"Troubles mentaux et du comportement liés à l'utilisation de solvants volatils - ""Syndrome de dépendance"" - ""dépendance active avec signe physique""",category,5
F19.200,"Troubles mentaux et du comportement liés à l'utilisation de drogues multiples et troubles liés à l'utilisation d'autres substances psychoactives - ""Syndrome de dépendance"" - ""actuellement abstinent en rémission récente""",category,5
F19.201,"Troubles mentaux et du comportement liés à l'utilisation de drogues multiples et troubles liés à l'utilisation d'autres substances psychoactives - ""Syndrome de dépendance"" - ""actuellement abstinent en rémission partielle""",category,5
F19.202,"Troubles mentaux et du comportement liés à l'utilisation de drogues multiples et troubles liés à l'utilisation d'autres substances psychoactives - ""Syndrome de dépendance"" - ""actuellement abstinent en rémission complète""",category,5
F19.240,"Troubles mentaux et du comportement liés à l'utilisation de drogues multiples et troubles liés à l'utilisation d'autres substances psychoactives - ""Syndrome de dépendance"" - ""dépendance active sans signe physique""",category,5
F19.241,"Troubles mentaux et du comportement liés à l'utilisation de drogues multiples et troubles liés à l'utilisation d'autres substances psychoactives - ""Syndrome de dépendance"" - ""dépendance active avec signe physique""",category,5
F25.00,"Trouble schizoaffectif, type maniaque - "" présence simultanée de symptômes affectifs et schizophréniques, sans persistance de symptômes schizophréniques après la disparition des symptômes affectifs """,category,4
F25.01,"Trouble schizoaffectif, type maniaque - "" présence simultanée de symptômes affectifs et schizophréniques, avec persistance de symptômes schizophréniques après la disparition des symptômes affectifs """,category,4
F25.10,"Trouble schizoaffectif, type dépressif - "" présence simultanée de symptômes affectifs et schizophréniques, sans persistance de symptômes schizophréniques après la disparition des symptômes affectifs """,category,4
F25.11,"Trouble schizoaffectif, type dépressif - "" présence simultanée de symptômes affectifs et schizophréniques, avec persistance de symptômes schizophréniques après la disparition des symptômes affectifs """,category,4
F25.20,"Trouble schizoaffectif, type mixte - "" présence simultanée de symptômes affectifs et schizophréniques, sans persistance de symptômes schizophréniques après la disparition des symptômes affectifs """,category,4
F25.21,"Trouble schizoaffectif, type mixte - "" présence simultanée de symptômes affectifs et schizophréniques, avec persistance de symptômes schizophréniques après la disparition des symptômes affectifs """,category,4
F25.80,"Autres troubles schizoaffectifs - "" présence simultanée de symptômes affectifs et schizophréniques, sans persistance de symptômes schizophréniques après la disparition des symptômes affectifs """,category,4
F25.81,"Autres troubles schizoaffectifs - "" présence simultanée de symptômes affectifs et schizophréniques, avec persistance de symptômes schizophréniques après la disparition des symptômes affectifs """,category,4
F25.90,"Trouble schizoaffectif, sans précision - "" présence simultanée de symptômes affectifs et schizophréniques, sans persistance de symptômes schizophréniques après la disparition des symptômes affectifs """,category,4
F25.91,"Trouble schizoaffectif, sans précision - "" présence simultanée de symptômes affectifs et schizophréniques, avec persistance de symptômes schizophréniques après la disparition des symptômes affectifs """,category,4
F30.20,Manie avec symptômes psychotiques congruents à l’humeur,category,4
F30.21,Manie avec symptômes psychotiques non congruents à l’humeur,category,4
F31.20,"Trouble affectif bipolaire, épisode actuel maniaque, avec symptômes psychotiques congruents à l’humeur",category,4
F31.21,"Trouble affectif bipolaire, épisode actuel maniaque, avec symptômes psychotiques non congruents à l’humeur",category,4
F31.50,"Trouble affectif bipolaire, épisode actuel de dépression sévère, avec symptômes psychotiques congruents à l’humeur",category,4
F31.51,"Trouble affectif bipolaire, épisode actuel de dépression sévère, avec symptômes psychotiques non congruents à l’humeur",category,4
F32.30,"Épisode dépressif sévère, avec symptômes psychotiques congruents à l’humeur",category,4
F32.31,"Épisode dépressif sévère, avec symptômes psychotiques non congruents à l’humeur",category,4
F33.30,"Trouble dépressif récurrent, épisode actuel sévère, avec symptômes psychotiques congruents à l’humeur",category,4
F33.31,"Trouble dépressif récurrent, épisode actuel sévère, avec symptômes psychotiques non congruents à l’humeur",category,4
F41.00,Trouble panique moyen,category,4
F41.01,Trouble panique sévère,category,4
F43.00,Réaction aigüe légère à un facteur de stress,category,4
F43.01,Réaction aigüe moyenne à un facteur de stress,category,4
F43.02,Réaction aigüe sévère à un facteur de stress,category,4
F55.+0,Abus d'antidépresseurs,category,3
F55.+1,Prise régulière de laxatifs,category,3
F55.+2,Abus d'analgésiques,category,3
F55.+3,Abus d'antiacides,category,3
F55.+4,Abus de vitamines,category,3
F55.+5,Abus de stéroïdes ou d'hormones,category,3
F55.+6,Abus de préparation à base de plantes ou de remèdes populaires,category,3
F55.+8,Abus d'autres substances n'entraînant pas de dépendance,category,3
F55.+9,"Abus de substances n'entraînant pas de dépendance, sans précision",category,3
F61.+0,Troubles mixtes de la personnalité,category,3
F61.+1,Modifications gênantes de la personnalité,category,3
F84.10,Autisme atypique en raison de l’âge de survenue,category,4
F84.11,Autisme atypique en raison de la symptomatologie,category,4
F84.12,Autisme atypique en raison de l’âge de survenue et de la symptomatologie,category,4
F93.80,Anxiété généralisée de l’enfance,category,4
F98.00,Énurésie non organique uniquement nocturne,category,4
F98.01,Énurésie non organique uniquement diurne,category,4
F98.02,Énurésie non organique nocturne et diurne,category,4
F98.10,Encoprésie non organique par échec de l’acquisition de la maitrise sphinctérienne,category,4
F98.11,Encoprésie non organique avec contrôle sphinctérien adéquat et émission de selles normales dans des endroits inappropriés,category,4
F98.12,Encoprésie non organique avec souillure associée à des selles trop liquides,category,4
F98.40,Mouvements stéréotypés sans automutilation,category,4
F98.41,Mouvements stéréotypés avec automutilations,category,4
F98.42,Mouvements stéréotypés mixtes,category,4
F99-F99,"Trouble mental, sans précision",block,1
G10-G14,Affections dégénératives systémiques affectant principalement le système nerveux central,block,1
G14,Syndrome postpoliomyélitique,category,2
G21.4,Syndrome parkinsonien vasculaire,category,3
G23.3,Atrophie multisystématisée de type cérébelleux [AMS-C] [MSA-C],category,3
G81.00,"Hémiplégie flasque récente, persistant au-delà de 24 heures",category,4
G81.01,"Hémiplégie flasque récente, régressive dans les 24 heures",category,4
G81.08,"Hémiplégie flasque, autre et sans précision",category,4
G82.00,"Paraplégie flasque, complète motrice",category,4
G82.01,"Paraplégie flasque, incomplète motrice",category,4
G82.09,"Paraplégie flasque, sans précision",category,4
G82.10,"Paraplégie spastique, complète motrice",category,4
G82.11,"Paraplégie spastique, incomplète motrice",category,4
G82.19,"Paraplégie spastique, sans précision",category,4
G82.20,"Paraplégie complète motrice, sans précision",category,4
G82.21,"Paraplégie incomplète motrice, sans précision",category,4
G82.30,"Tétraplégie flasque, complète motrice",category,4
G82.31,"Tétraplégie flasque, incomplète motrice",category,4
G82.39,"Tétraplégie flasque, sans précision",category,4
G82.40,"Tétraplégie spastique, complète motrice",category,4
G82.41,"Tétraplégie spastique, incomplète motrice",category,4
G82.49,"Tétraplégie spastique, sans précision",category,4
G82.50,"Tétraplégie complète motrice, sans précision",category,4
G82.51,"Tétraplégie incomplète motrice, sans précision",category,4
G83.5,Syndrome de déefférentation motrice [Locked-in syndrome],category,3
G83.6,Paralysie faciale du neurone moteur supérieur [NMS] [MNS],category,3
G90.4,Dysréflexie autonome,category,3
G90.5,Syndrome douloureux régional complexe de type I,category,3
G90.6,Syndrome douloureux régional complexe de type II,category,3
G90.7,"Syndrome douloureux régional complexe, autre et sans précision",category,3
G94.3,Encéphalopathie au cours de maladies classées ailleurs,category,3
G97.80,Perforation et déchirure accidentelle des méninges après un acte à visée diagnostique ou thérapeutique autre que rachicentèse,category,4
G97.81,Perforation et déchirure accidentelle d’un autre organe du système nerveux après un acte à visée diagnostique ou thérapeutique autre que rachicentèse,category,4
G97.88,Autres affections du système nerveux après un acte à visée diagnostique ou thérapeutique autre que rachicentèse,category,4
H32.00,Rétinite à cytomégalovirus,category,4
H32.01,Rétinite à Toxoplasma,category,4
H32.08,Affections choriorétiniennes au cours d’autres maladies infectieuses et parasitaires classées ailleurs,category,4
H54.9,Déficience visuelle non précisée (binoculaire),category,3
I,Certaines maladies infectieuses et parasitaires,chapter,0
I11.00,"Cardiopathie hypertensive, avec insuffisance cardiaque (congestive), avec fraction d'éjection ventriculaire gauche [FEVG] supérieure ou égale à 50",category,4
I11.01,"Cardiopathie hypertensive, avec insuffisance cardiaque (congestive), avec fraction d'éjection ventriculaire gauche [FEVG] inférieure à 50 et supérieure ou égale à 40",category,4
I11.02,"Cardiopathie hypertensive, avec insuffisance cardiaque (congestive), avec fraction d'éjection ventriculaire gauche [FEVG] inférieure à 40",category,4
I11.09,"Cardiopathie hypertensive, avec insuffisance cardiaque (congestive), avec fraction d'éjection ventriculaire gauche [FEVG] non précisée",category,4
I13.00,"Cardionéphropathie hypertensive, avec insuffisance cardiaque (congestive), avec fraction d'éjection ventriculaire gauche [FEVG] supérieure ou égale à 50",category,4
I13.01,"Cardionéphropathie hypertensive, avec insuffisance cardiaque (congestive), avec fraction d'éjection ventriculaire gauche [FEVG] inférieure à 50 et supérieure ou égale à 40",category,4
I13.02,"Cardionéphropathie hypertensive, avec insuffisance cardiaque (congestive), avec fraction d'éjection ventriculaire gauche [FEVG] inférieure à 40",category,4
I13.09,"Cardionéphropathie hypertensive, avec insuffisance cardiaque (congestive), avec fraction d'éjection ventriculaire gauche [FEVG] non précisée",category,4
I13.20,"Cardionéphropathie hypertensive, avec insuffisance cardiaque (congestive) et rénale, avec fraction d'éjection ventriculaire gauche [FEVG] supérieure ou égale à 50",category,4
I13.21,"Cardionéphropathie hypertensive, avec insuffisance cardiaque (congestive) et rénale, avec fraction d'éjection ventriculaire gauche [FEVG] inférieure à 50 et supérieure ou égale à 40",category,4
I13.22,"Cardionéphropathie hypertensive, avec insuffisance cardiaque (congestive) et rénale, avec fraction d'éjection ventriculaire gauche [FEVG] inférieure à 40",category,4
I13.29,"Cardionéphropathie hypertensive, avec insuffisance cardiaque (congestive) et rénale, avec fraction d'éjection ventriculaire gauche [FEVG] non précisée",category,4
I21.00,"Infarctus transmural aigu du myocarde, de la paroi antérieure - "" Prise en charge initiale """,category,4
I21.000,"Infarctus transmural aigu du myocarde, de la paroi antérieure - "" Prise en charge initiale, infarctus de 24 heures ou moins """,category,5
I21.08,"Infarctus transmural aigu du myocarde, de la paroi antérieure - "" Autres prises en charge """,category,4
I21.10,"Infarctus transmural aigu du myocarde, de la paroi inférieure - "" Prise en charge initiale """,category,4
I21.100,"Infarctus transmural aigu du myocarde, de la paroi inférieure - "" Prise en charge initiale, infarctus de 24 heures ou moins """,category,5
I21.18,"Infarctus transmural aigu du myocarde, de la paroi inférieure - "" Autres prises en charge """,category,4
I21.20,"Infarctus transmural aigu du myocarde d'autres localisations - "" Prise en charge initiale """,category,4
I21.200,"Infarctus transmural aigu du myocarde d'autres localisations - "" Prise en charge initiale, infarctus de 24 heures ou moins """,category,5
I21.28,"Infarctus transmural aigu du myocarde d'autres localisations - "" Autres prises en charge """,category,4
I21.30,"Infarctus transmural aigu du myocarde, de localisation non précisée - "" Prise en charge initiale """,category,4
I21.300,"Infarctus transmural aigu du myocarde, de localisation non précisée - "" Prise en charge initiale, infarctus de 24 heures ou moins """,category,5
I21.38,"Infarctus transmural aigu du myocarde, de localisation non précisée - "" Autres prises en charge """,category,4
I21.40,"Infarctus sousendocardique aigu du myocarde - "" Prise en charge initiale """,category,4
I21.400,"Infarctus sousendocardique aigu du myocarde - "" Prise en charge initiale, infarctus de 24 heures ou moins """,category,5
I21.48,"Infarctus sousendocardique aigu du myocarde - "" Autres prises en charge """,category,4
I21.90,"Infarctus aigu du myocarde, sans précision - "" Prise en charge initiale """,category,4
I21.900,"Infarctus aigu du myocarde, sans précision - "" Prise en charge initiale, infarctus de 24 heures ou moins """,category,5
I21.98,"Infarctus aigu du myocarde, sans précision - "" Autres prises en charge """,category,4
I22.00,"Infarctus du myocarde à répétition, de la paroi antérieure - "" Prise en charge initiale """,category,4
I22.000,"Infarctus du myocarde à répétition, de la paroi antérieure - "" Prise en charge initiale, infarctus de 24 heures ou moins """,category,5
I22.08,"Infarctus du myocarde à répétition, de la paroi antérieure - "" Autres prises en charge """,category,4
I22.10,"Infarctus du myocarde à répétition, de la paroi inférieure - "" Prise en charge initiale """,category,4
I22.100,"Infarctus du myocarde à répétition, de la paroi inférieure - "" Prise en charge initiale, infarctus de 24 heures ou moins """,category,5
I22.18,"Infarctus du myocarde à répétition, de la paroi inférieure - "" Autres prises en charge """,category,4
I22.80,"Infarctus du myocarde à répétition, d'autres localisations - "" Prise en charge initiale """,category,4
I22.800,"Infarctus du myocarde à répétition, d'autres localisations - "" Prise en charge initiale, infarctus de 24 heures ou moins """,category,5
I22.88,"Infarctus du myocarde à répétition, d'autres localisations - "" Autres prises en charge """,category,4
I22.90,"Infarctus du myocarde à répétition, de localisation non précisée - "" Prise en charge initiale """,category,4
I22.900,"Infarctus du myocarde à répétition, de localisation non précisée - "" Prise en charge initiale, infarctus de 24 heures ou moins """,category,5
I22.98,"Infarctus du myocarde à répétition, de localisation non précisée - "" Autres prises en charge """,category,4
I27.2,Autres hypertensions pulmonaires secondaires,category,3
I48.0,Fibrillation auriculaire paroxystique,category,3
I48.1,Fibrillation auriculaire persistante,category,3
I48.2,Fibrillation auriculaire chronique [permanente],category,3
I48.3,Flutter auriculaire typique,category,3
I48.4,Flutter auriculaire atypique,category,3
I48.9,"Fibrillation et flutter auriculaires, sans précision",category,3
I50.00,"Insuffisance cardiaque congestive, avec fraction d'éjection ventriculaire gauche [FEVG] supérieure ou égale à 50",category,4
I50.01,"Insuffisance cardiaque congestive, avec fraction d'éjection ventriculaire gauche [FEVG] inférieure à 50 et supérieure ou égale à 40",category,4
I50.02,"Insuffisance cardiaque congestive, avec fraction d'éjection ventriculaire gauche [FEVG] inférieure à 40",category,4
I50.09,"Insuffisance cardiaque congestive, avec fraction d'éjection ventriculaire gauche [FEVG] non précisée",category,4
I50.10,"Insuffisance ventriculaire gauche, avec fraction d'éjection ventriculaire gauche [FEVG] supérieure ou égale à 50",category,4
I50.11,"Insuffisance ventriculaire gauche, avec fraction d'éjection ventriculaire gauche [FEVG] inférieure à 50 et supérieure ou égale à 40",category,4
I50.12,"Insuffisance ventriculaire gauche, avec fraction d'éjection ventriculaire gauche [FEVG] inférieure à 40",category,4
I50.19,"Insuffisance ventriculaire gauche, avec fraction d'éjection ventriculaire gauche [FEVG] non précisée",category,4
I70.20,"Athérosclérose des artères distales, sans gangrène",category,4
I70.200,"Athérosclérose des artères distales, sans gangrène - "" sans gangrène """,category,5
I70.201,"Athérosclérose des artères distales, sans gangrène - "" avec gangrène """,category,5
I70.21,"Athérosclérose des artères distales, avec gangrène",category,4
I70.210,"Athérosclérose des artères distales, avec gangrène - "" sans gangrène """,category,5
I70.211,"Athérosclérose des artères distales, avec gangrène - "" avec gangrène """,category,5
I72.5,Anévrisme et dissection d’autres artères précérébrales,category,3
I72.6,Anévrisme et dissection de l’artère vertébrale,category,3
I98.3,Varices œsophagiennes hémorragiques au cours de maladies classées ailleurs,category,3
II,Tumeurs,chapter,0
III,Maladies du sang et des organes hématopoïétiques et certains troubles du système immunitaire,chapter,0
IV,"Maladies endocriniennes, nutritionnelles et métaboliques",chapter,0
IX,Maladies de l'appareil circulatoire,chapter,0
J12.3,Pneumopathie due à métapneumovirus humain,category,3
J21.1,Bronchiolite aigüe due à métapneumovirus humain,category,3
J96.00,"Insuffisance respiratoire aigüe - "" Type I [hypoxique] """,category,4
J96.01,"Insuffisance respiratoire aigüe - "" Type II [hypercapnique] """,category,4
J96.09,"Insuffisance respiratoire aigüe - "" Type non précisé """,category,4
J96.1+0,Insuffisance respiratoire chronique obstructive,category,4
J96.1+1,Insuffisance respiratoire chronique restrictive,category,4
J96.10,"Insuffisance respiratoire chronique - "" Type I [hypoxique] """,category,4
J96.11,"Insuffisance respiratoire chronique - "" Type II [hypercapnique] """,category,4
J96.19,"Insuffisance respiratoire chronique - "" Type non précisé """,category,4
J96.90,"Insuffisance respiratoire, sans précision - "" Type I [hypoxique] """,category,4
J96.91,"Insuffisance respiratoire, sans précision - "" Type II [hypercapnique] """,category,4
J96.99,"Insuffisance respiratoire, sans précision - "" Type non précisé """,category,4
J98.60,Paralysie du diaphragme,category,4
J98.68,Autres maladies du diaphragme,category,4
J98.7,Infections respiratoires non classées ailleurs,category,3
K02.5,Carie avec exposition de la pulpe,category,3
K12.3,Mucite buccale (ulcéreuse),category,3
K22.7,Endobrachyœsophage [œsophage de Barrett],category,3
K23.80,Œsophagite herpétique,category,4
K23.81,Œsophagite à Candida,category,4
K23.88,"Atteintes de l’œsophage au cours de maladies classées ailleurs, autres",category,4
K35.2,Appendicite aigüe avec péritonite généralisée,category,3
K35.3,Appendicite aigüe avec péritonite localisée,category,3
K35.8,"Appendicite aigüe, autre et non précisée",category,3
K43.2,"Éventration postopératoire, sans occlusion ni gangrène",category,3
K43.3,"Hernie péristomiale, avec occlusion, sans gangrène",category,3
K43.4,"Hernie péristomiale, avec gangrène",category,3
K43.5,"Hernie péristomiale, sans occlusion ni gangrène",category,3
K43.6,"Hernie de la paroi abdominale antérieure autre et non précisée, avec occlusion, sans gangrène",category,3
K43.7,"Hernie de la paroi abdominale antérieure autre et non précisée, avec gangrène",category,3
K52.3,Colite non infectieuse indéterminée,category,3
K55-K64,Autres maladies de l'intestin,block,1
K55.3,Angiodysplasie de l'intestin grêle,category,3
K58.1,"Syndrome de l'intestin irritable, avec diarrhée prédominante [SII-D]",category,3
K58.2,"Syndrome de l'intestin irritable, avec constipation prédominante [SII-C]",category,3
K58.3,"Syndrome de l'intestin irritable, avec troubles du transit mixtes [SII-M]",category,3
K58.8,"Syndrome de l'intestin irritable, autre et non précisé",category,3
K63.5+0,Polypose (colique) hyperplasique,category,4
K63.5+8,"Polype du côlon, autre et non précisé",category,4
K64,Hémorroïdes et thrombose veineuse périanale,category,2
K64.0,Hémorroïdes du premier degré,category,3
K64.1,Hémorroïdes du deuxième degré,category,3
K64.2,Hémorroïdes du troisième degré,category,3
K64.3,Hémorroïdes du quatrième degré,category,3
K64.4,Cicatrices hémorroïdaires cutanées résiduelles,category,3
K64.5,Thrombose veineuse périanale,category,3
K64.8,Autres hémorroïdes précisées,category,3
K64.9,"Hémorroïdes, sans précision",category,3
K66.2,Fibrose rétropéritonéale,category,3
K85.0,Pancréatite aigüe idiopathique,category,3
K85.1,Pancréatite aigüe d’origine biliaire,category,3
K85.2,Pancréatite aigüe alcoolique,category,3
K85.3,Pancréatite aigüe médicamenteuse,category,3
K85.8,Autres pancréatites aigües,category,3
K85.9,"Pancréatite aigüe, sans précision",category,3
K86.1+0,Pancréatite chronique héréditaire,category,4
K86.1+8,"Pancréatites chroniques, autres et non précisées",category,4
K87.00,Cholangite à cytomégalovirus,category,4
K87.08,Atteinte de la vésicule biliaire et des voies biliaires au cours d’autres maladies classées ailleurs,category,4
K93.80,Atteintes de la cavité buccale au cours de maladies classées ailleurs,category,4
K93.81,Atteintes de l’estomac au cours de maladies classées ailleurs,category,4
K93.82,Atteintes de l’intestin au cours de maladies classées ailleurs,category,4
K93.820,Colite à cytomégalovirus,category,5
K93.828,Atteintes de l’intestin au cours d’autres maladies classées ailleurs,category,5
K93.83,Atteintes du rectum au cours de maladies classées ailleurs,category,4
K93.830,Infection du rectum par le virus de l’herpès,category,5
K93.838,Atteintes du rectum au cours d’autres maladies classées ailleurs,category,5
K93.84,Atteintes de l’anus au cours de maladies classées ailleurs,category,4
K93.840,Infection de l’anus par le virus de l’herpès,category,5
K93.848,Atteintes de l’anus au cours d’autres maladies classées ailleurs,category,5
K93.88,"Atteintes d’organes digestifs précisés autres, au cours de maladies classées ailleurs",category,4
L51.20,"Épidermolyse nécrosante suraigüe [Lyell], avec décollement cutané égal ou supérieur à 30% (de la surface du corps)",category,4
L51.29,"Épidermolyse nécrosante suraigüe [Lyell], avec décollement cutané inférieur à 30% (de la surface du corps)",category,4
L89.0,Zone de pression et ulcère de décubitus de stade I,category,3
L89.1,Ulcère de décubitus de stade II,category,3
L89.2,Ulcère de décubitus de stade III,category,3
L89.3,Ulcère de décubitus de stade IV,category,3
L89.9,"Ulcère de décubitus et zone de pression, sans précision",category,3
L98.7,Hypertrophie et affaissement de la peau et du tissu cellulaire souscutané,category,3
M14.00,"Arthropathie goutteuse due à un déficit enzymatique et autres troubles héréditaires - "" Sièges multiples """,category,5
M14.01,"Arthropathie goutteuse due à un déficit enzymatique et autres troubles héréditaires - "" Région scapulaire """,category,5
M14.02,"Arthropathie goutteuse due à un déficit enzymatique et autres troubles héréditaires - "" Bras """,category,5
M14.03,"Arthropathie goutteuse due à un déficit enzymatique et autres troubles héréditaires - "" Avant-bras """,category,5
M14.04,"Arthropathie goutteuse due à un déficit enzymatique et autres troubles héréditaires - "" Main """,category,5
M14.05,"Arthropathie goutteuse due à un déficit enzymatique et autres troubles héréditaires - "" Région pelvienne et cuisse """,category,5
M14.06,"Arthropathie goutteuse due à un déficit enzymatique et autres troubles héréditaires - "" Jambe """,category,5
M14.07,"Arthropathie goutteuse due à un déficit enzymatique et autres troubles héréditaires - "" Cheville et pied """,category,5
M14.08,"Arthropathie goutteuse due à un déficit enzymatique et autres troubles héréditaires - "" Autres """,category,5
M14.09,"Arthropathie goutteuse due à un déficit enzymatique et autres troubles héréditaires - "" Siège non précisé """,category,5
M14.10,"Arthropathie à microcristaux au cours d'autres troubles métaboliques classés ailleurs - "" Sièges multiples """,category,5
M14.11,"Arthropathie à microcristaux au cours d'autres troubles métaboliques classés ailleurs - "" Région scapulaire """,category,5
M14.12,"Arthropathie à microcristaux au cours d'autres troubles métaboliques classés ailleurs - "" Bras """,category,5
M14.13,"Arthropathie à microcristaux au cours d'autres troubles métaboliques classés ailleurs - "" Avant-bras """,category,5
M14.14,"Arthropathie à microcristaux au cours d'autres troubles métaboliques classés ailleurs - "" Main """,category,5
M14.15,"Arthropathie à microcristaux au cours d'autres troubles métaboliques classés ailleurs - "" Région pelvienne et cuisse """,category,5
M14.16,"Arthropathie à microcristaux au cours d'autres troubles métaboliques classés ailleurs - "" Jambe """,category,5
M14.17,"Arthropathie à microcristaux au cours d'autres troubles métaboliques classés ailleurs - "" Cheville et pied """,category,5
M14.18,"Arthropathie à microcristaux au cours d'autres troubles métaboliques classés ailleurs - "" Autres """,category,5
M14.19,"Arthropathie à microcristaux au cours d'autres troubles métaboliques classés ailleurs - "" Siège non précisé """,category,5
M14.20,"Arthropathie diabétique ( (E10-E14)  avec le quatrième caractère .6)  - "" Sièges multiples """,category,5
M14.21,"Arthropathie diabétique ( (E10-E14)  avec le quatrième caractère .6)  - "" Région scapulaire """,category,5
M14.22,"Arthropathie diabétique ( (E10-E14)  avec le quatrième caractère .6)  - "" Bras """,category,5
M14.23,"Arthropathie diabétique ( (E10-E14)  avec le quatrième caractère .6)  - "" Avant-bras """,category,5
M14.24,"Arthropathie diabétique ( (E10-E14)  avec le quatrième caractère .6)  - "" Main """,category,5
M14.25,"Arthropathie diabétique ( (E10-E14)  avec le quatrième caractère .6)  - "" Région pelvienne et cuisse """,category,5
M14.26,"Arthropathie diabétique ( (E10-E14)  avec le quatrième caractère .6)  - "" Jambe """,category,5
M14.27,"Arthropathie diabétique ( (E10-E14)  avec le quatrième caractère .6)  - "" Cheville et pied """,category,5
M14.28,"Arthropathie diabétique ( (E10-E14)  avec le quatrième caractère .6)  - "" Autres """,category,5
M14.29,"Arthropathie diabétique ( (E10-E14)  avec le quatrième caractère .6)  - "" Siège non précisé """,category,5
M14.30,"Dermatoarthrite lipoïde (E78.8)   - "" Sièges multiples """,category,5
M14.31,"Dermatoarthrite lipoïde (E78.8)   - "" Région scapulaire """,category,5
M14.32,"Dermatoarthrite lipoïde (E78.8)   - "" Bras """,category,5
M14.33,"Dermatoarthrite lipoïde (E78.8)   - "" Avant-bras """,category,5
M14.34,"Dermatoarthrite lipoïde (E78.8)   - "" Main """,category,5
M14.35,"Dermatoarthrite lipoïde (E78.8)   - "" Région pelvienne et cuisse """,category,5
M14.36,"Dermatoarthrite lipoïde (E78.8)   - "" Jambe """,category,5
M14.37,"Dermatoarthrite lipoïde (E78.8)   - "" Cheville et pied """,category,5
M14.38,"Dermatoarthrite lipoïde (E78.8)   - "" Autres """,category,5
M14.39,"Dermatoarthrite lipoïde (E78.8)   - "" Siège non précisé """,category,5
M14.40,"Arthropathie au cours d'amylose (E85.-)   - "" Sièges multiples """,category,5
M14.41,"Arthropathie au cours d'amylose (E85.-)   - "" Région scapulaire """,category,5
M14.42,"Arthropathie au cours d'amylose (E85.-)   - "" Bras """,category,5
M14.43,"Arthropathie au cours d'amylose (E85.-)   - "" Avant-bras """,category,5
M14.44,"Arthropathie au cours d'amylose (E85.-)   - "" Main """,category,5
M14.45,"Arthropathie au cours d'amylose (E85.-)   - "" Région pelvienne et cuisse """,category,5
M14.46,"Arthropathie au cours d'amylose (E85.-)   - "" Jambe """,category,5
M14.47,"Arthropathie au cours d'amylose (E85.-)   - "" Cheville et pied """,category,5
M14.48,"Arthropathie au cours d'amylose (E85.-)   - "" Autres """,category,5
M14.49,"Arthropathie au cours d'amylose (E85.-)   - "" Siège non précisé """,category,5
M14.50,"Arthropathie au cours d'autres maladies endocriniennes, nutritionnelles et métaboliques - "" Sièges multiples """,category,5
M14.51,"Arthropathie au cours d'autres maladies endocriniennes, nutritionnelles et métaboliques - "" Région scapulaire """,category,5
M14.52,"Arthropathie au cours d'autres maladies endocriniennes, nutritionnelles et métaboliques - "" Bras """,category,5
M14.53,"Arthropathie au cours d'autres maladies endocriniennes, nutritionnelles et métaboliques - "" Avant-bras """,category,5
M14.54,"Arthropathie au cours d'autres maladies endocriniennes, nutritionnelles et métaboliques - "" Main """,category,5
M14.55,"Arthropathie au cours d'autres maladies endocriniennes, nutritionnelles et métaboliques - "" Région pelvienne et cuisse """,category,5
M14.56,"Arthropathie au cours d'autres maladies endocriniennes, nutritionnelles et métaboliques - "" Jambe """,category,5
M14.57,"Arthropathie au cours d'autres maladies endocriniennes, nutritionnelles et métaboliques - "" Cheville et pied """,category,5
M14.58,"Arthropathie au cours d'autres maladies endocriniennes, nutritionnelles et métaboliques - "" Autres """,category,5
M14.59,"Arthropathie au cours d'autres maladies endocriniennes, nutritionnelles et métaboliques - "" Siège non précisé """,category,5
M14.60,"Arthropathie nerveuse - "" Sièges multiples """,category,5
M14.61,"Arthropathie nerveuse - "" Région scapulaire """,category,5
M14.62,"Arthropathie nerveuse - "" Bras """,category,5
M14.63,"Arthropathie nerveuse - "" Avant-bras """,category,5
M14.64,"Arthropathie nerveuse - "" Main """,category,5
M14.65,"Arthropathie nerveuse - "" Région pelvienne et cuisse """,category,5
M14.66,"Arthropathie nerveuse - "" Jambe """,category,5
M14.67,"Arthropathie nerveuse - "" Cheville et pied """,category,5
M14.68,"Arthropathie nerveuse - "" Autres """,category,5
M14.69,"Arthropathie nerveuse - "" Siège non précisé """,category,5
M14.80,"Arthropathie au cours d'autres maladies précisées classées ailleurs - "" Sièges multiples """,category,5
M14.81,"Arthropathie au cours d'autres maladies précisées classées ailleurs - "" Région scapulaire """,category,5
M14.82,"Arthropathie au cours d'autres maladies précisées classées ailleurs - "" Bras """,category,5
M14.83,"Arthropathie au cours d'autres maladies précisées classées ailleurs - "" Avant-bras """,category,5
M14.84,"Arthropathie au cours d'autres maladies précisées classées ailleurs - "" Main """,category,5
M14.85,"Arthropathie au cours d'autres maladies précisées classées ailleurs - "" Région pelvienne et cuisse """,category,5
M14.86,"Arthropathie au cours d'autres maladies précisées classées ailleurs - "" Jambe """,category,5
M14.87,"Arthropathie au cours d'autres maladies précisées classées ailleurs - "" Cheville et pied """,category,5
M14.88,"Arthropathie au cours d'autres maladies précisées classées ailleurs - "" Autres """,category,5
M14.89,"Arthropathie au cours d'autres maladies précisées classées ailleurs - "" Siège non précisé """,category,5
M15.00,"(Ostéo)arthrose primaire généralisée - "" Sièges multiples """,category,5
M15.01,"(Ostéo)arthrose primaire généralisée - "" Région scapulaire """,category,5
M15.02,"(Ostéo)arthrose primaire généralisée - "" Bras """,category,5
M15.03,"(Ostéo)arthrose primaire généralisée - "" Avant-bras """,category,5
M15.04,"(Ostéo)arthrose primaire généralisée - "" Main """,category,5
M15.05,"(Ostéo)arthrose primaire généralisée - "" Région pelvienne et cuisse """,category,5
M15.06,"(Ostéo)arthrose primaire généralisée - "" Jambe """,category,5
M15.07,"(Ostéo)arthrose primaire généralisée - "" Cheville et pied """,category,5
M15.08,"(Ostéo)arthrose primaire généralisée - "" Autres """,category,5
M15.09,"(Ostéo)arthrose primaire généralisée - "" Siège non précisé """,category,5
M15.10,"Nodosités d'Heberden (avec arthropathie) - "" Sièges multiples """,category,5
M15.11,"Nodosités d'Heberden (avec arthropathie) - "" Région scapulaire """,category,5
M15.12,"Nodosités d'Heberden (avec arthropathie) - "" Bras """,category,5
M15.13,"Nodosités d'Heberden (avec arthropathie) - "" Avant-bras """,category,5
M15.14,"Nodosités d'Heberden (avec arthropathie) - "" Main """,category,5
M15.15,"Nodosités d'Heberden (avec arthropathie) - "" Région pelvienne et cuisse """,category,5
M15.16,"Nodosités d'Heberden (avec arthropathie) - "" Jambe """,category,5
M15.17,"Nodosités d'Heberden (avec arthropathie) - "" Cheville et pied """,category,5
M15.18,"Nodosités d'Heberden (avec arthropathie) - "" Autres """,category,5
M15.19,"Nodosités d'Heberden (avec arthropathie) - "" Siège non précisé """,category,5
M15.20,"Nodosités de Bouchard (avec arthropathie) - "" Sièges multiples """,category,5
M15.21,"Nodosités de Bouchard (avec arthropathie) - "" Région scapulaire """,category,5
M15.22,"Nodosités de Bouchard (avec arthropathie) - "" Bras """,category,5
M15.23,"Nodosités de Bouchard (avec arthropathie) - "" Avant-bras """,category,5
M15.24,"Nodosités de Bouchard (avec arthropathie) - "" Main """,category,5
M15.25,"Nodosités de Bouchard (avec arthropathie) - "" Région pelvienne et cuisse """,category,5
M15.26,"Nodosités de Bouchard (avec arthropathie) - "" Jambe """,category,5
M15.27,"Nodosités de Bouchard (avec arthropathie) - "" Cheville et pied """,category,5
M15.28,"Nodosités de Bouchard (avec arthropathie) - "" Autres """,category,5
M15.29,"Nodosités de Bouchard (avec arthropathie) - "" Siège non précisé """,category,5
M15.30,"Arthrose secondaire multiple - "" Sièges multiples """,category,5
M15.31,"Arthrose secondaire multiple - "" Région scapulaire """,category,5
M15.32,"Arthrose secondaire multiple - "" Bras """,category,5
M15.33,"Arthrose secondaire multiple - "" Avant-bras """,category,5
M15.34,"Arthrose secondaire multiple - "" Main """,category,5
M15.35,"Arthrose secondaire multiple - "" Région pelvienne et cuisse """,category,5
M15.36,"Arthrose secondaire multiple - "" Jambe """,category,5
M15.37,"Arthrose secondaire multiple - "" Cheville et pied """,category,5
M15.38,"Arthrose secondaire multiple - "" Autres """,category,5
M15.39,"Arthrose secondaire multiple - "" Siège non précisé """,category,5
M15.40,"(Ostéo)arthrose érosive - "" Sièges multiples """,category,5
M15.41,"(Ostéo)arthrose érosive - "" Région scapulaire """,category,5
M15.42,"(Ostéo)arthrose érosive - "" Bras """,category,5
M15.43,"(Ostéo)arthrose érosive - "" Avant-bras """,category,5
M15.44,"(Ostéo)arthrose érosive - "" Main """,category,5
M15.45,"(Ostéo)arthrose érosive - "" Région pelvienne et cuisse """,category,5
M15.46,"(Ostéo)arthrose érosive - "" Jambe """,category,5
M15.47,"(Ostéo)arthrose érosive - "" Cheville et pied """,category,5
M15.48,"(Ostéo)arthrose érosive - "" Autres """,category,5
M15.49,"(Ostéo)arthrose érosive - "" Siège non précisé """,category,5
M15.80,"Autres polyarthroses - "" Sièges multiples """,category,5
M15.81,"Autres polyarthroses - "" Région scapulaire """,category,5
M15.82,"Autres polyarthroses - "" Bras """,category,5
M15.83,"Autres polyarthroses - "" Avant-bras """,category,5
M15.84,"Autres polyarthroses - "" Main """,category,5
M15.85,"Autres polyarthroses - "" Région pelvienne et cuisse """,category,5
M15.86,"Autres polyarthroses - "" Jambe """,category,5
M15.87,"Autres polyarthroses - "" Cheville et pied """,category,5
M15.88,"Autres polyarthroses - "" Autres """,category,5
M15.89,"Autres polyarthroses - "" Siège non précisé """,category,5
M15.90,"Polyarthrose, sans précision - "" Sièges multiples """,category,5
M15.91,"Polyarthrose, sans précision - "" Région scapulaire """,category,5
M15.92,"Polyarthrose, sans précision - "" Bras """,category,5
M15.93,"Polyarthrose, sans précision - "" Avant-bras """,category,5
M15.94,"Polyarthrose, sans précision - "" Main """,category,5
M15.95,"Polyarthrose, sans précision - "" Région pelvienne et cuisse """,category,5
M15.96,"Polyarthrose, sans précision - "" Jambe """,category,5
M15.97,"Polyarthrose, sans précision - "" Cheville et pied """,category,5
M15.98,"Polyarthrose, sans précision - "" Autres """,category,5
M15.99,"Polyarthrose, sans précision - "" Siège non précisé """,category,5
M16.00,"Coxarthrose primaire, bilatérale - "" Sièges multiples """,category,5
M16.01,"Coxarthrose primaire, bilatérale - "" Région scapulaire """,category,5
M16.02,"Coxarthrose primaire, bilatérale - "" Bras """,category,5
M16.03,"Coxarthrose primaire, bilatérale - "" Avant-bras """,category,5
M16.04,"Coxarthrose primaire, bilatérale - "" Main """,category,5
M16.05,"Coxarthrose primaire, bilatérale - "" Région pelvienne et cuisse """,category,5
M16.06,"Coxarthrose primaire, bilatérale - "" Jambe """,category,5
M16.07,"Coxarthrose primaire, bilatérale - "" Cheville et pied """,category,5
M16.08,"Coxarthrose primaire, bilatérale - "" Autres """,category,5
M16.09,"Coxarthrose primaire, bilatérale - "" Siège non précisé """,category,5
M16.10,"Autres coxarthroses primaires - "" Sièges multiples """,category,5
M16.11,"Autres coxarthroses primaires - "" Région scapulaire """,category,5
M16.12,"Autres coxarthroses primaires - "" Bras """,category,5
M16.13,"Autres coxarthroses primaires - "" Avant-bras """,category,5
M16.14,"Autres coxarthroses primaires - "" Main """,category,5
M16.15,"Autres coxarthroses primaires - "" Région pelvienne et cuisse """,category,5
M16.16,"Autres coxarthroses primaires - "" Jambe """,category,5
M16.17,"Autres coxarthroses primaires - "" Cheville et pied """,category,5
M16.18,"Autres coxarthroses primaires - "" Autres """,category,5
M16.19,"Autres coxarthroses primaires - "" Siège non précisé """,category,5
M16.20,"Coxarthrose d'origine dysplasique, bilatérale - "" Sièges multiples """,category,5
M16.21,"Coxarthrose d'origine dysplasique, bilatérale - "" Région scapulaire """,category,5
M16.22,"Coxarthrose d'origine dysplasique, bilatérale - "" Bras """,category,5
M16.23,"Coxarthrose d'origine dysplasique, bilatérale - "" Avant-bras """,category,5
M16.24,"Coxarthrose d'origine dysplasique, bilatérale - "" Main """,category,5
M16.25,"Coxarthrose d'origine dysplasique, bilatérale - "" Région pelvienne et cuisse """,category,5
M16.26,"Coxarthrose d'origine dysplasique, bilatérale - "" Jambe """,category,5
M16.27,"Coxarthrose d'origine dysplasique, bilatérale - "" Cheville et pied """,category,5
M16.28,"Coxarthrose d'origine dysplasique, bilatérale - "" Autres """,category,5
M16.29,"Coxarthrose d'origine dysplasique, bilatérale - "" Siège non précisé """,category,5
M16.30,"Autres coxarthroses dysplasiques - "" Sièges multiples """,category,5
M16.31,"Autres coxarthroses dysplasiques - "" Région scapulaire """,category,5
M16.32,"Autres coxarthroses dysplasiques - "" Bras """,category,5
M16.33,"Autres coxarthroses dysplasiques - "" Avant-bras """,category,5
M16.34,"Autres coxarthroses dysplasiques - "" Main """,category,5
M16.35,"Autres coxarthroses dysplasiques - "" Région pelvienne et cuisse """,category,5
M16.36,"Autres coxarthroses dysplasiques - "" Jambe """,category,5
M16.37,"Autres coxarthroses dysplasiques - "" Cheville et pied """,category,5
M16.38,"Autres coxarthroses dysplasiques - "" Autres """,category,5
M16.39,"Autres coxarthroses dysplasiques - "" Siège non précisé """,category,5
M16.40,"Coxarthrose posttraumatique, bilatérale - "" Sièges multiples """,category,5
M16.41,"Coxarthrose posttraumatique, bilatérale - "" Région scapulaire """,category,5
M16.42,"Coxarthrose posttraumatique, bilatérale - "" Bras """,category,5
M16.43,"Coxarthrose posttraumatique, bilatérale - "" Avant-bras """,category,5
M16.44,"Coxarthrose posttraumatique, bilatérale - "" Main """,category,5
M16.45,"Coxarthrose posttraumatique, bilatérale - "" Région pelvienne et cuisse """,category,5
M16.46,"Coxarthrose posttraumatique, bilatérale - "" Jambe """,category,5
M16.47,"Coxarthrose posttraumatique, bilatérale - "" Cheville et pied """,category,5
M16.48,"Coxarthrose posttraumatique, bilatérale - "" Autres """,category,5
M16.49,"Coxarthrose posttraumatique, bilatérale - "" Siège non précisé """,category,5
M16.50,"Autres coxarthroses posttraumatiques - "" Sièges multiples """,category,5
M16.51,"Autres coxarthroses posttraumatiques - "" Région scapulaire """,category,5
M16.52,"Autres coxarthroses posttraumatiques - "" Bras """,category,5
M16.53,"Autres coxarthroses posttraumatiques - "" Avant-bras """,category,5
M16.54,"Autres coxarthroses posttraumatiques - "" Main """,category,5
M16.55,"Autres coxarthroses posttraumatiques - "" Région pelvienne et cuisse """,category,5
M16.56,"Autres coxarthroses posttraumatiques - "" Jambe """,category,5
M16.57,"Autres coxarthroses posttraumatiques - "" Cheville et pied """,category,5
M16.58,"Autres coxarthroses posttraumatiques - "" Autres """,category,5
M16.59,"Autres coxarthroses posttraumatiques - "" Siège non précisé """,category,5
M16.60,"Autres coxarthroses secondaires, bilatérales - "" Sièges multiples """,category,5
M16.61,"Autres coxarthroses secondaires, bilatérales - "" Région scapulaire """,category,5
M16.62,"Autres coxarthroses secondaires, bilatérales - "" Bras """,category,5
M16.63,"Autres coxarthroses secondaires, bilatérales - "" Avant-bras """,category,5
M16.64,"Autres coxarthroses secondaires, bilatérales - "" Main """,category,5
M16.65,"Autres coxarthroses secondaires, bilatérales - "" Région pelvienne et cuisse """,category,5
M16.66,"Autres coxarthroses secondaires, bilatérales - "" Jambe """,category,5
M16.67,"Autres coxarthroses secondaires, bilatérales - "" Cheville et pied """,category,5
M16.68,"Autres coxarthroses secondaires, bilatérales - "" Autres """,category,5
M16.69,"Autres coxarthroses secondaires, bilatérales - "" Siège non précisé """,category,5
M16.70,"Autres coxarthroses secondaires - "" Sièges multiples """,category,5
M16.71,"Autres coxarthroses secondaires - "" Région scapulaire """,category,5
M16.72,"Autres coxarthroses secondaires - "" Bras """,category,5
M16.73,"Autres coxarthroses secondaires - "" Avant-bras """,category,5
M16.74,"Autres coxarthroses secondaires - "" Main """,category,5
M16.75,"Autres coxarthroses secondaires - "" Région pelvienne et cuisse """,category,5
M16.76,"Autres coxarthroses secondaires - "" Jambe """,category,5
M16.77,"Autres coxarthroses secondaires - "" Cheville et pied """,category,5
M16.78,"Autres coxarthroses secondaires - "" Autres """,category,5
M16.79,"Autres coxarthroses secondaires - "" Siège non précisé """,category,5
M16.90,"Coxarthrose, sans précision - "" Sièges multiples """,category,5
M16.91,"Coxarthrose, sans précision - "" Région scapulaire """,category,5
M16.92,"Coxarthrose, sans précision - "" Bras """,category,5
M16.93,"Coxarthrose, sans précision - "" Avant-bras """,category,5
M16.94,"Coxarthrose, sans précision - "" Main """,category,5
M16.95,"Coxarthrose, sans précision - "" Région pelvienne et cuisse """,category,5
M16.96,"Coxarthrose, sans précision - "" Jambe """,category,5
M16.97,"Coxarthrose, sans précision - "" Cheville et pied """,category,5
M16.98,"Coxarthrose, sans précision - "" Autres """,category,5
M16.99,"Coxarthrose, sans précision - "" Siège non précisé """,category,5
M17.00,"Gonarthrose primaire, bilatérale - "" Sièges multiples """,category,5
M17.01,"Gonarthrose primaire, bilatérale - "" Région scapulaire """,category,5
M17.02,"Gonarthrose primaire, bilatérale - "" Bras """,category,5
M17.03,"Gonarthrose primaire, bilatérale - "" Avant-bras """,category,5
M17.04,"Gonarthrose primaire, bilatérale - "" Main """,category,5
M17.05,"Gonarthrose primaire, bilatérale - "" Région pelvienne et cuisse """,category,5
M17.06,"Gonarthrose primaire, bilatérale - "" Jambe """,category,5
M17.07,"Gonarthrose primaire, bilatérale - "" Cheville et pied """,category,5
M17.08,"Gonarthrose primaire, bilatérale - "" Autres """,category,5
M17.09,"Gonarthrose primaire, bilatérale - "" Siège non précisé """,category,5
M17.10,"Autres gonarthroses primaires - "" Sièges multiples """,category,5
M17.11,"Autres gonarthroses primaires - "" Région scapulaire """,category,5
M17.12,"Autres gonarthroses primaires - "" Bras """,category,5
M17.13,"Autres gonarthroses primaires - "" Avant-bras """,category,5
M17.14,"Autres gonarthroses primaires - "" Main """,category,5
M17.15,"Autres gonarthroses primaires - "" Région pelvienne et cuisse """,category,5
M17.16,"Autres gonarthroses primaires - "" Jambe """,category,5
M17.17,"Autres gonarthroses primaires - "" Cheville et pied """,category,5
M17.18,"Autres gonarthroses primaires - "" Autres """,category,5
M17.19,"Autres gonarthroses primaires - "" Siège non précisé """,category,5
M17.20,"Gonarthrose posttraumatique, bilatérale - "" Sièges multiples """,category,5
M17.21,"Gonarthrose posttraumatique, bilatérale - "" Région scapulaire """,category,5
M17.22,"Gonarthrose posttraumatique, bilatérale - "" Bras """,category,5
M17.23,"Gonarthrose posttraumatique, bilatérale - "" Avant-bras """,category,5
M17.24,"Gonarthrose posttraumatique, bilatérale - "" Main """,category,5
M17.25,"Gonarthrose posttraumatique, bilatérale - "" Région pelvienne et cuisse """,category,5
M17.26,"Gonarthrose posttraumatique, bilatérale - "" Jambe """,category,5
M17.27,"Gonarthrose posttraumatique, bilatérale - "" Cheville et pied """,category,5
M17.28,"Gonarthrose posttraumatique, bilatérale - "" Autres """,category,5
M17.29,"Gonarthrose posttraumatique, bilatérale - "" Siège non précisé """,category,5
M17.30,"Autres gonarthroses posttraumatiques - "" Sièges multiples """,category,5
M17.31,"Autres gonarthroses posttraumatiques - "" Région scapulaire """,category,5
M17.32,"Autres gonarthroses posttraumatiques - "" Bras """,category,5
M17.33,"Autres gonarthroses posttraumatiques - "" Avant-bras """,category,5
M17.34,"Autres gonarthroses posttraumatiques - "" Main """,category,5
M17.35,"Autres gonarthroses posttraumatiques - "" Région pelvienne et cuisse """,category,5
M17.36,"Autres gonarthroses posttraumatiques - "" Jambe """,category,5
M17.37,"Autres gonarthroses posttraumatiques - "" Cheville et pied """,category,5
M17.38,"Autres gonarthroses posttraumatiques - "" Autres """,category,5
M17.39,"Autres gonarthroses posttraumatiques - "" Siège non précisé """,category,5
M17.40,"Autres gonarthroses secondaires, bilatérales - "" Sièges multiples """,category,5
M17.41,"Autres gonarthroses secondaires, bilatérales - "" Région scapulaire """,category,5
M17.42,"Autres gonarthroses secondaires, bilatérales - "" Bras """,category,5
M17.43,"Autres gonarthroses secondaires, bilatérales - "" Avant-bras """,category,5
M17.44,"Autres gonarthroses secondaires, bilatérales - "" Main """,category,5
M17.45,"Autres gonarthroses secondaires, bilatérales - "" Région pelvienne et cuisse """,category,5
M17.46,"Autres gonarthroses secondaires, bilatérales - "" Jambe """,category,5
M17.47,"Autres gonarthroses secondaires, bilatérales - "" Cheville et pied """,category,5
M17.48,"Autres gonarthroses secondaires, bilatérales - "" Autres """,category,5
M17.49,"Autres gonarthroses secondaires, bilatérales - "" Siège non précisé """,category,5
M17.50,"Autres gonarthroses secondaires - "" Sièges multiples """,category,5
M17.51,"Autres gonarthroses secondaires - "" Région scapulaire """,category,5
M17.52,"Autres gonarthroses secondaires - "" Bras """,category,5
M17.53,"Autres gonarthroses secondaires - "" Avant-bras """,category,5
M17.54,"Autres gonarthroses secondaires - "" Main """,category,5
M17.55,"Autres gonarthroses secondaires - "" Région pelvienne et cuisse """,category,5
M17.56,"Autres gonarthroses secondaires - "" Jambe """,category,5
M17.57,"Autres gonarthroses secondaires - "" Cheville et pied """,category,5
M17.58,"Autres gonarthroses secondaires - "" Autres """,category,5
M17.59,"Autres gonarthroses secondaires - "" Siège non précisé """,category,5
M17.90,"Gonarthrose, sans précision - "" Sièges multiples """,category,5
M17.91,"Gonarthrose, sans précision - "" Région scapulaire """,category,5
M17.92,"Gonarthrose, sans précision - "" Bras """,category,5
M17.93,"Gonarthrose, sans précision - "" Avant-bras """,category,5
M17.94,"Gonarthrose, sans précision - "" Main """,category,5
M17.95,"Gonarthrose, sans précision - "" Région pelvienne et cuisse """,category,5
M17.96,"Gonarthrose, sans précision - "" Jambe """,category,5
M17.97,"Gonarthrose, sans précision - "" Cheville et pied """,category,5
M17.98,"Gonarthrose, sans précision - "" Autres """,category,5
M17.99,"Gonarthrose, sans précision - "" Siège non précisé """,category,5
M18.00,"Arthrose primaire de la première articulation carpométacarpienne, bilatérale - "" Sièges multiples """,category,5
M18.01,"Arthrose primaire de la première articulation carpométacarpienne, bilatérale - "" Région scapulaire """,category,5
M18.02,"Arthrose primaire de la première articulation carpométacarpienne, bilatérale - "" Bras """,category,5
M18.03,"Arthrose primaire de la première articulation carpométacarpienne, bilatérale - "" Avant-bras """,category,5
M18.04,"Arthrose primaire de la première articulation carpométacarpienne, bilatérale - "" Main """,category,5
M18.05,"Arthrose primaire de la première articulation carpométacarpienne, bilatérale - "" Région pelvienne et cuisse """,category,5
M18.06,"Arthrose primaire de la première articulation carpométacarpienne, bilatérale - "" Jambe """,category,5
M18.07,"Arthrose primaire de la première articulation carpométacarpienne, bilatérale - "" Cheville et pied """,category,5
M18.08,"Arthrose primaire de la première articulation carpométacarpienne, bilatérale - "" Autres """,category,5
M18.09,"Arthrose primaire de la première articulation carpométacarpienne, bilatérale - "" Siège non précisé """,category,5
M18.10,"Autres arthroses primaires de la première articulation carpométacarpienne - "" Sièges multiples """,category,5
M18.11,"Autres arthroses primaires de la première articulation carpométacarpienne - "" Région scapulaire """,category,5
M18.12,"Autres arthroses primaires de la première articulation carpométacarpienne - "" Bras """,category,5
M18.13,"Autres arthroses primaires de la première articulation carpométacarpienne - "" Avant-bras """,category,5
M18.14,"Autres arthroses primaires de la première articulation carpométacarpienne - "" Main """,category,5
M18.15,"Autres arthroses primaires de la première articulation carpométacarpienne - "" Région pelvienne et cuisse """,category,5
M18.16,"Autres arthroses primaires de la première articulation carpométacarpienne - "" Jambe """,category,5
M18.17,"Autres arthroses primaires de la première articulation carpométacarpienne - "" Cheville et pied """,category,5
M18.18,"Autres arthroses primaires de la première articulation carpométacarpienne - "" Autres """,category,5
M18.19,"Autres arthroses primaires de la première articulation carpométacarpienne - "" Siège non précisé """,category,5
M18.20,"Arthrose posttraumatique de la première articulation carpométacarpienne, bilatérale - "" Sièges multiples """,category,5
M18.21,"Arthrose posttraumatique de la première articulation carpométacarpienne, bilatérale - "" Région scapulaire """,category,5
M18.22,"Arthrose posttraumatique de la première articulation carpométacarpienne, bilatérale - "" Bras """,category,5
M18.23,"Arthrose posttraumatique de la première articulation carpométacarpienne, bilatérale - "" Avant-bras """,category,5
M18.24,"Arthrose posttraumatique de la première articulation carpométacarpienne, bilatérale - "" Main """,category,5
M18.25,"Arthrose posttraumatique de la première articulation carpométacarpienne, bilatérale - "" Région pelvienne et cuisse """,category,5
M18.26,"Arthrose posttraumatique de la première articulation carpométacarpienne, bilatérale - "" Jambe """,category,5
M18.27,"Arthrose posttraumatique de la première articulation carpométacarpienne, bilatérale - "" Cheville et pied """,category,5
M18.28,"Arthrose posttraumatique de la première articulation carpométacarpienne, bilatérale - "" Autres """,category,5
M18.29,"Arthrose posttraumatique de la première articulation carpométacarpienne, bilatérale - "" Siège non précisé """,category,5
M18.30,"Autres arthroses posttraumatiques de la première articulation carpométacarpienne - "" Sièges multiples """,category,5
M18.31,"Autres arthroses posttraumatiques de la première articulation carpométacarpienne - "" Région scapulaire """,category,5
M18.32,"Autres arthroses posttraumatiques de la première articulation carpométacarpienne - "" Bras """,category,5
M18.33,"Autres arthroses posttraumatiques de la première articulation carpométacarpienne - "" Avant-bras """,category,5
M18.34,"Autres arthroses posttraumatiques de la première articulation carpométacarpienne - "" Main """,category,5
M18.35,"Autres arthroses posttraumatiques de la première articulation carpométacarpienne - "" Région pelvienne et cuisse """,category,5
M18.36,"Autres arthroses posttraumatiques de la première articulation carpométacarpienne - "" Jambe """,category,5
M18.37,"Autres arthroses posttraumatiques de la première articulation carpométacarpienne - "" Cheville et pied """,category,5
M18.38,"Autres arthroses posttraumatiques de la première articulation carpométacarpienne - "" Autres """,category,5
M18.39,"Autres arthroses posttraumatiques de la première articulation carpométacarpienne - "" Siège non précisé """,category,5
M18.40,"Autres arthroses secondaires de la première articulation carpométacarpienne, bilatérale - "" Sièges multiples """,category,5
M18.41,"Autres arthroses secondaires de la première articulation carpométacarpienne, bilatérale - "" Région scapulaire """,category,5
M18.42,"Autres arthroses secondaires de la première articulation carpométacarpienne, bilatérale - "" Bras """,category,5
M18.43,"Autres arthroses secondaires de la première articulation carpométacarpienne, bilatérale - "" Avant-bras """,category,5
M18.44,"Autres arthroses secondaires de la première articulation carpométacarpienne, bilatérale - "" Main """,category,5
M18.45,"Autres arthroses secondaires de la première articulation carpométacarpienne, bilatérale - "" Région pelvienne et cuisse """,category,5
M18.46,"Autres arthroses secondaires de la première articulation carpométacarpienne, bilatérale - "" Jambe """,category,5
M18.47,"Autres arthroses secondaires de la première articulation carpométacarpienne, bilatérale - "" Cheville et pied """,category,5
M18.48,"Autres arthroses secondaires de la première articulation carpométacarpienne, bilatérale - "" Autres """,category,5
M18.49,"Autres arthroses secondaires de la première articulation carpométacarpienne, bilatérale - "" Siège non précisé """,category,5
M18.50,"Autres arthroses secondaires de la première articulation carpométacarpienne - "" Sièges multiples """,category,5
M18.51,"Autres arthroses secondaires de la première articulation carpométacarpienne - "" Région scapulaire """,category,5
M18.52,"Autres arthroses secondaires de la première articulation carpométacarpienne - "" Bras """,category,5
M18.53,"Autres arthroses secondaires de la première articulation carpométacarpienne - "" Avant-bras """,category,5
M18.54,"Autres arthroses secondaires de la première articulation carpométacarpienne - "" Main """,category,5
M18.55,"Autres arthroses secondaires de la première articulation carpométacarpienne - "" Région pelvienne et cuisse """,category,5
M18.56,"Autres arthroses secondaires de la première articulation carpométacarpienne - "" Jambe """,category,5
M18.57,"Autres arthroses secondaires de la première articulation carpométacarpienne - "" Cheville et pied """,category,5
M18.58,"Autres arthroses secondaires de la première articulation carpométacarpienne - "" Autres """,category,5
M18.59,"Autres arthroses secondaires de la première articulation carpométacarpienne - "" Siège non précisé """,category,5
M18.90,"Arthrose de la première articulation carpométacarpienne, sans précision - "" Sièges multiples """,category,5
M18.91,"Arthrose de la première articulation carpométacarpienne, sans précision - "" Région scapulaire """,category,5
M18.92,"Arthrose de la première articulation carpométacarpienne, sans précision - "" Bras """,category,5
M18.93,"Arthrose de la première articulation carpométacarpienne, sans précision - "" Avant-bras """,category,5
M18.94,"Arthrose de la première articulation carpométacarpienne, sans précision - "" Main """,category,5
M18.95,"Arthrose de la première articulation carpométacarpienne, sans précision - "" Région pelvienne et cuisse """,category,5
M18.96,"Arthrose de la première articulation carpométacarpienne, sans précision - "" Jambe """,category,5
M18.97,"Arthrose de la première articulation carpométacarpienne, sans précision - "" Cheville et pied """,category,5
M18.98,"Arthrose de la première articulation carpométacarpienne, sans précision - "" Autres """,category,5
M18.99,"Arthrose de la première articulation carpométacarpienne, sans précision - "" Siège non précisé """,category,5
M20.00,"Déformation de(s) doigt(s) - "" Sièges multiples """,category,5
M20.01,"Déformation de(s) doigt(s) - "" Région scapulaire """,category,5
M20.02,"Déformation de(s) doigt(s) - "" Bras """,category,5
M20.03,"Déformation de(s) doigt(s) - "" Avant-bras """,category,5
M20.04,"Déformation de(s) doigt(s) - "" Main """,category,5
M20.05,"Déformation de(s) doigt(s) - "" Région pelvienne et cuisse """,category,5
M20.06,"Déformation de(s) doigt(s) - "" Jambe """,category,5
M20.07,"Déformation de(s) doigt(s) - "" Cheville et pied """,category,5
M20.08,"Déformation de(s) doigt(s) - "" Autres """,category,5
M20.09,"Déformation de(s) doigt(s) - "" Siège non précisé """,category,5
M20.10,"Hallux valgus (acquis) - "" Sièges multiples """,category,5
M20.11,"Hallux valgus (acquis) - "" Région scapulaire """,category,5
M20.12,"Hallux valgus (acquis) - "" Bras """,category,5
M20.13,"Hallux valgus (acquis) - "" Avant-bras """,category,5
M20.14,"Hallux valgus (acquis) - "" Main """,category,5
M20.15,"Hallux valgus (acquis) - "" Région pelvienne et cuisse """,category,5
M20.16,"Hallux valgus (acquis) - "" Jambe """,category,5
M20.17,"Hallux valgus (acquis) - "" Cheville et pied """,category,5
M20.18,"Hallux valgus (acquis) - "" Autres """,category,5
M20.19,"Hallux valgus (acquis) - "" Siège non précisé """,category,5
M20.20,"Hallux rigidus - "" Sièges multiples """,category,5
M20.21,"Hallux rigidus - "" Région scapulaire """,category,5
M20.22,"Hallux rigidus - "" Bras """,category,5
M20.23,"Hallux rigidus - "" Avant-bras """,category,5
M20.24,"Hallux rigidus - "" Main """,category,5
M20.25,"Hallux rigidus - "" Région pelvienne et cuisse """,category,5
M20.26,"Hallux rigidus - "" Jambe """,category,5
M20.27,"Hallux rigidus - "" Cheville et pied """,category,5
M20.28,"Hallux rigidus - "" Autres """,category,5
M20.29,"Hallux rigidus - "" Siège non précisé """,category,5
M20.30,"Autres déformations du gros orteil - "" Sièges multiples """,category,5
M20.31,"Autres déformations du gros orteil - "" Région scapulaire """,category,5
M20.32,"Autres déformations du gros orteil - "" Bras """,category,5
M20.33,"Autres déformations du gros orteil - "" Avant-bras """,category,5
M20.34,"Autres déformations du gros orteil - "" Main """,category,5
M20.35,"Autres déformations du gros orteil - "" Région pelvienne et cuisse """,category,5
M20.36,"Autres déformations du gros orteil - "" Jambe """,category,5
M20.37,"Autres déformations du gros orteil - "" Cheville et pied """,category,5
M20.38,"Autres déformations du gros orteil - "" Autres """,category,5
M20.39,"Autres déformations du gros orteil - "" Siège non précisé """,category,5
M20.40,"Autre(s) orteil(s) en marteau (acquis) - "" Sièges multiples """,category,5
M20.41,"Autre(s) orteil(s) en marteau (acquis) - "" Région scapulaire """,category,5
M20.42,"Autre(s) orteil(s) en marteau (acquis) - "" Bras """,category,5
M20.43,"Autre(s) orteil(s) en marteau (acquis) - "" Avant-bras """,category,5
M20.44,"Autre(s) orteil(s) en marteau (acquis) - "" Main """,category,5
M20.45,"Autre(s) orteil(s) en marteau (acquis) - "" Région pelvienne et cuisse """,category,5
M20.46,"Autre(s) orteil(s) en marteau (acquis) - "" Jambe """,category,5
M20.47,"Autre(s) orteil(s) en marteau (acquis) - "" Cheville et pied """,category,5
M20.48,"Autre(s) orteil(s) en marteau (acquis) - "" Autres """,category,5
M20.49,"Autre(s) orteil(s) en marteau (acquis) - "" Siège non précisé """,category,5
M20.50,"Autres déformations d'(es) orteil(s) - "" Sièges multiples """,category,5
M20.51,"Autres déformations d'(es) orteil(s) - "" Région scapulaire """,category,5
M20.52,"Autres déformations d'(es) orteil(s) - "" Bras """,category,5
M20.53,"Autres déformations d'(es) orteil(s) - "" Avant-bras """,category,5
M20.54,"Autres déformations d'(es) orteil(s) - "" Main """,category,5
M20.55,"Autres déformations d'(es) orteil(s) - "" Région pelvienne et cuisse """,category,5
M20.56,"Autres déformations d'(es) orteil(s) - "" Jambe """,category,5
M20.57,"Autres déformations d'(es) orteil(s) - "" Cheville et pied """,category,5
M20.58,"Autres déformations d'(es) orteil(s) - "" Autres """,category,5
M20.59,"Autres déformations d'(es) orteil(s) - "" Siège non précisé """,category,5
M20.60,"Déformation d'(es) orteil(s), sans précision - "" Sièges multiples """,category,5
M20.61,"Déformation d'(es) orteil(s), sans précision - "" Région scapulaire """,category,5
M20.62,"Déformation d'(es) orteil(s), sans précision - "" Bras """,category,5
M20.63,"Déformation d'(es) orteil(s), sans précision - "" Avant-bras """,category,5
M20.64,"Déformation d'(es) orteil(s), sans précision - "" Main """,category,5
M20.65,"Déformation d'(es) orteil(s), sans précision - "" Région pelvienne et cuisse """,category,5
M20.66,"Déformation d'(es) orteil(s), sans précision - "" Jambe """,category,5
M20.67,"Déformation d'(es) orteil(s), sans précision - "" Cheville et pied """,category,5
M20.68,"Déformation d'(es) orteil(s), sans précision - "" Autres """,category,5
M20.69,"Déformation d'(es) orteil(s), sans précision - "" Siège non précisé """,category,5
M22.00,"Luxation récidivante de la rotule - "" Sièges multiples """,category,5
M22.01,"Luxation récidivante de la rotule - "" Région scapulaire """,category,5
M22.02,"Luxation récidivante de la rotule - "" Bras """,category,5
M22.03,"Luxation récidivante de la rotule - "" Avant-bras """,category,5
M22.04,"Luxation récidivante de la rotule - "" Main """,category,5
M22.05,"Luxation récidivante de la rotule - "" Région pelvienne et cuisse """,category,5
M22.06,"Luxation récidivante de la rotule - "" Jambe """,category,5
M22.07,"Luxation récidivante de la rotule - "" Cheville et pied """,category,5
M22.08,"Luxation récidivante de la rotule - "" Autres """,category,5
M22.09,"Luxation récidivante de la rotule - "" Siège non précisé """,category,5
M22.10,"Subluxation récidivante de la rotule - "" Sièges multiples """,category,5
M22.11,"Subluxation récidivante de la rotule - "" Région scapulaire """,category,5
M22.12,"Subluxation récidivante de la rotule - "" Bras """,category,5
M22.13,"Subluxation récidivante de la rotule - "" Avant-bras """,category,5
M22.14,"Subluxation récidivante de la rotule - "" Main """,category,5
M22.15,"Subluxation récidivante de la rotule - "" Région pelvienne et cuisse """,category,5
M22.16,"Subluxation récidivante de la rotule - "" Jambe """,category,5
M22.17,"Subluxation récidivante de la rotule - "" Cheville et pied """,category,5
M22.18,"Subluxation récidivante de la rotule - "" Autres """,category,5
M22.19,"Subluxation récidivante de la rotule - "" Siège non précisé """,category,5
M22.20,"Lésions fémoropatellaires - "" Sièges multiples """,category,5
M22.21,"Lésions fémoropatellaires - "" Région scapulaire """,category,5
M22.22,"Lésions fémoropatellaires - "" Bras """,category,5
M22.23,"Lésions fémoropatellaires - "" Avant-bras """,category,5
M22.24,"Lésions fémoropatellaires - "" Main """,category,5
M22.25,"Lésions fémoropatellaires - "" Région pelvienne et cuisse """,category,5
M22.26,"Lésions fémoropatellaires - "" Jambe """,category,5
M22.27,"Lésions fémoropatellaires - "" Cheville et pied """,category,5
M22.28,"Lésions fémoropatellaires - "" Autres """,category,5
M22.29,"Lésions fémoropatellaires - "" Siège non précisé """,category,5
M22.30,"Autres déplacements de la rotule - "" Sièges multiples """,category,5
M22.31,"Autres déplacements de la rotule - "" Région scapulaire """,category,5
M22.32,"Autres déplacements de la rotule - "" Bras """,category,5
M22.33,"Autres déplacements de la rotule - "" Avant-bras """,category,5
M22.34,"Autres déplacements de la rotule - "" Main """,category,5
M22.35,"Autres déplacements de la rotule - "" Région pelvienne et cuisse """,category,5
M22.36,"Autres déplacements de la rotule - "" Jambe """,category,5
M22.37,"Autres déplacements de la rotule - "" Cheville et pied """,category,5
M22.38,"Autres déplacements de la rotule - "" Autres """,category,5
M22.39,"Autres déplacements de la rotule - "" Siège non précisé """,category,5
M22.40,"Chondromalacie rotulienne - "" Sièges multiples """,category,5
M22.41,"Chondromalacie rotulienne - "" Région scapulaire """,category,5
M22.42,"Chondromalacie rotulienne - "" Bras """,category,5
M22.43,"Chondromalacie rotulienne - "" Avant-bras """,category,5
M22.44,"Chondromalacie rotulienne - "" Main """,category,5
M22.45,"Chondromalacie rotulienne - "" Région pelvienne et cuisse """,category,5
M22.46,"Chondromalacie rotulienne - "" Jambe """,category,5
M22.47,"Chondromalacie rotulienne - "" Cheville et pied """,category,5
M22.48,"Chondromalacie rotulienne - "" Autres """,category,5
M22.49,"Chondromalacie rotulienne - "" Siège non précisé """,category,5
M22.80,"Autres lésions de la rotule - "" Sièges multiples """,category,5
M22.81,"Autres lésions de la rotule - "" Région scapulaire """,category,5
M22.82,"Autres lésions de la rotule - "" Bras """,category,5
M22.83,"Autres lésions de la rotule - "" Avant-bras """,category,5
M22.84,"Autres lésions de la rotule - "" Main """,category,5
M22.85,"Autres lésions de la rotule - "" Région pelvienne et cuisse """,category,5
M22.86,"Autres lésions de la rotule - "" Jambe """,category,5
M22.87,"Autres lésions de la rotule - "" Cheville et pied """,category,5
M22.88,"Autres lésions de la rotule - "" Autres """,category,5
M22.89,"Autres lésions de la rotule - "" Siège non précisé """,category,5
M22.90,"Lésion de la rotule, sans précision - "" Sièges multiples """,category,5
M22.91,"Lésion de la rotule, sans précision - "" Région scapulaire """,category,5
M22.92,"Lésion de la rotule, sans précision - "" Bras """,category,5
M22.93,"Lésion de la rotule, sans précision - "" Avant-bras """,category,5
M22.94,"Lésion de la rotule, sans précision - "" Main """,category,5
M22.95,"Lésion de la rotule, sans précision - "" Région pelvienne et cuisse """,category,5
M22.96,"Lésion de la rotule, sans précision - "" Jambe """,category,5
M22.97,"Lésion de la rotule, sans précision - "" Cheville et pied """,category,5
M22.98,"Lésion de la rotule, sans précision - "" Autres """,category,5
M22.99,"Lésion de la rotule, sans précision - "" Siège non précisé """,category,5
M31.7,Polyangéite microscopique,category,3
M62.8-0,Rhabdomyolyse,category,5
M62.8-00,"Rhabdomyolyse - "" Sièges multiples """,category,6
M62.8-01,"Rhabdomyolyse - "" Région scapulaire """,category,6
M62.8-02,"Rhabdomyolyse - "" Bras """,category,6
M62.8-03,"Rhabdomyolyse - "" Avant-bras """,category,6
M62.8-04,"Rhabdomyolyse - "" Main """,category,6
M62.8-05,"Rhabdomyolyse - "" Région pelvienne et cuisse """,category,6
M62.8-06,"Rhabdomyolyse - "" Jambe """,category,6
M62.8-07,"Rhabdomyolyse - "" Cheville et pied """,category,6
M62.8-08,"Rhabdomyolyse - "" Autres """,category,6
M62.8-09,"Rhabdomyolyse - "" Siège non précisé """,category,6
M62.8-8,"Autres atteintes musculaires précisées, non classées ailleurs",category,5
M62.8-80,"Autres atteintes musculaires précisées, non classées ailleurs - "" Sièges multiples """,category,6
M62.8-81,"Autres atteintes musculaires précisées, non classées ailleurs - "" Région scapulaire """,category,6
M62.8-82,"Autres atteintes musculaires précisées, non classées ailleurs - "" Bras """,category,6
M62.8-83,"Autres atteintes musculaires précisées, non classées ailleurs - "" Avant-bras """,category,6
M62.8-84,"Autres atteintes musculaires précisées, non classées ailleurs - "" Main """,category,6
M62.8-85,"Autres atteintes musculaires précisées, non classées ailleurs - "" Région pelvienne et cuisse """,category,6
M62.8-86,"Autres atteintes musculaires précisées, non classées ailleurs - "" Jambe """,category,6
M62.8-87,"Autres atteintes musculaires précisées, non classées ailleurs - "" Cheville et pied """,category,6
M62.8-88,"Autres atteintes musculaires précisées, non classées ailleurs - "" Autres """,category,6
M62.8-89,"Autres atteintes musculaires précisées, non classées ailleurs - "" Siège non précisé """,category,6
M63.00,"Myosite au cours de maladies bactériennes classées ailleurs - "" Sièges multiples """,category,5
M63.01,"Myosite au cours de maladies bactériennes classées ailleurs - "" Région scapulaire """,category,5
M63.02,"Myosite au cours de maladies bactériennes classées ailleurs - "" Bras """,category,5
M63.03,"Myosite au cours de maladies bactériennes classées ailleurs - "" Avant-bras """,category,5
M63.04,"Myosite au cours de maladies bactériennes classées ailleurs - "" Main """,category,5
M63.05,"Myosite au cours de maladies bactériennes classées ailleurs - "" Région pelvienne et cuisse """,category,5
M63.06,"Myosite au cours de maladies bactériennes classées ailleurs - "" Jambe """,category,5
M63.07,"Myosite au cours de maladies bactériennes classées ailleurs - "" Cheville et pied """,category,5
M63.08,"Myosite au cours de maladies bactériennes classées ailleurs - "" Autres """,category,5
M63.09,"Myosite au cours de maladies bactériennes classées ailleurs - "" Siège non précisé """,category,5
M63.10,"Myosite au cours d'infections parasitaires et à protozoaires classées ailleurs - "" Sièges multiples """,category,5
M63.11,"Myosite au cours d'infections parasitaires et à protozoaires classées ailleurs - "" Région scapulaire """,category,5
M63.12,"Myosite au cours d'infections parasitaires et à protozoaires classées ailleurs - "" Bras """,category,5
M63.13,"Myosite au cours d'infections parasitaires et à protozoaires classées ailleurs - "" Avant-bras """,category,5
M63.14,"Myosite au cours d'infections parasitaires et à protozoaires classées ailleurs - "" Main """,category,5
M63.15,"Myosite au cours d'infections parasitaires et à protozoaires classées ailleurs - "" Région pelvienne et cuisse """,category,5
M63.16,"Myosite au cours d'infections parasitaires et à protozoaires classées ailleurs - "" Jambe """,category,5
M63.17,"Myosite au cours d'infections parasitaires et à protozoaires classées ailleurs - "" Cheville et pied """,category,5
M63.18,"Myosite au cours d'infections parasitaires et à protozoaires classées ailleurs - "" Autres """,category,5
M63.19,"Myosite au cours d'infections parasitaires et à protozoaires classées ailleurs - "" Siège non précisé """,category,5
M63.20,"Myosite au cours d'autres maladies infectieuses classées ailleurs - "" Sièges multiples """,category,5
M63.21,"Myosite au cours d'autres maladies infectieuses classées ailleurs - "" Région scapulaire """,category,5
M63.22,"Myosite au cours d'autres maladies infectieuses classées ailleurs - "" Bras """,category,5
M63.23,"Myosite au cours d'autres maladies infectieuses classées ailleurs - "" Avant-bras """,category,5
M63.24,"Myosite au cours d'autres maladies infectieuses classées ailleurs - "" Main """,category,5
M63.25,"Myosite au cours d'autres maladies infectieuses classées ailleurs - "" Région pelvienne et cuisse """,category,5
M63.26,"Myosite au cours d'autres maladies infectieuses classées ailleurs - "" Jambe """,category,5
M63.27,"Myosite au cours d'autres maladies infectieuses classées ailleurs - "" Cheville et pied """,category,5
M63.28,"Myosite au cours d'autres maladies infectieuses classées ailleurs - "" Autres """,category,5
M63.29,"Myosite au cours d'autres maladies infectieuses classées ailleurs - "" Siège non précisé """,category,5
M63.30,"Myosite au cours de sarcoïdose (D86.8)   - "" Sièges multiples """,category,5
M63.31,"Myosite au cours de sarcoïdose (D86.8)   - "" Région scapulaire """,category,5
M63.32,"Myosite au cours de sarcoïdose (D86.8)   - "" Bras """,category,5
M63.33,"Myosite au cours de sarcoïdose (D86.8)   - "" Avant-bras """,category,5
M63.34,"Myosite au cours de sarcoïdose (D86.8)   - "" Main """,category,5
M63.35,"Myosite au cours de sarcoïdose (D86.8)   - "" Région pelvienne et cuisse """,category,5
M63.36,"Myosite au cours de sarcoïdose (D86.8)   - "" Jambe """,category,5
M63.37,"Myosite au cours de sarcoïdose (D86.8)   - "" Cheville et pied """,category,5
M63.38,"Myosite au cours de sarcoïdose (D86.8)   - "" Autres """,category,5
M63.39,"Myosite au cours de sarcoïdose (D86.8)   - "" Siège non précisé """,category,5
M63.80,"Autres atteintes musculaires au cours de maladies classées ailleurs - "" Sièges multiples """,category,5
M63.81,"Autres atteintes musculaires au cours de maladies classées ailleurs - "" Région scapulaire """,category,5
M63.82,"Autres atteintes musculaires au cours de maladies classées ailleurs - "" Bras """,category,5
M63.83,"Autres atteintes musculaires au cours de maladies classées ailleurs - "" Avant-bras """,category,5
M63.84,"Autres atteintes musculaires au cours de maladies classées ailleurs - "" Main """,category,5
M63.85,"Autres atteintes musculaires au cours de maladies classées ailleurs - "" Région pelvienne et cuisse """,category,5
M63.86,"Autres atteintes musculaires au cours de maladies classées ailleurs - "" Jambe """,category,5
M63.87,"Autres atteintes musculaires au cours de maladies classées ailleurs - "" Cheville et pied """,category,5
M63.88,"Autres atteintes musculaires au cours de maladies classées ailleurs - "" Autres """,category,5
M63.89,"Autres atteintes musculaires au cours de maladies classées ailleurs - "" Siège non précisé """,category,5
M67.00,"Brièveté du tendon d'Achille (acquise) - "" Sièges multiples """,category,5
M67.01,"Brièveté du tendon d'Achille (acquise) - "" Région scapulaire """,category,5
M67.02,"Brièveté du tendon d'Achille (acquise) - "" Bras """,category,5
M67.03,"Brièveté du tendon d'Achille (acquise) - "" Avant-bras """,category,5
M67.04,"Brièveté du tendon d'Achille (acquise) - "" Main """,category,5
M67.05,"Brièveté du tendon d'Achille (acquise) - "" Région pelvienne et cuisse """,category,5
M67.06,"Brièveté du tendon d'Achille (acquise) - "" Jambe """,category,5
M67.07,"Brièveté du tendon d'Achille (acquise) - "" Cheville et pied """,category,5
M67.08,"Brièveté du tendon d'Achille (acquise) - "" Autres """,category,5
M67.09,"Brièveté du tendon d'Achille (acquise) - "" Siège non précisé """,category,5
M67.10,"Autres rétractions tendineuses (gaine) - "" Sièges multiples """,category,5
M67.11,"Autres rétractions tendineuses (gaine) - "" Région scapulaire """,category,5
M67.12,"Autres rétractions tendineuses (gaine) - "" Bras """,category,5
M67.13,"Autres rétractions tendineuses (gaine) - "" Avant-bras """,category,5
M67.14,"Autres rétractions tendineuses (gaine) - "" Main """,category,5
M67.15,"Autres rétractions tendineuses (gaine) - "" Région pelvienne et cuisse """,category,5
M67.16,"Autres rétractions tendineuses (gaine) - "" Jambe """,category,5
M67.17,"Autres rétractions tendineuses (gaine) - "" Cheville et pied """,category,5
M67.18,"Autres rétractions tendineuses (gaine) - "" Autres """,category,5
M67.19,"Autres rétractions tendineuses (gaine) - "" Siège non précisé """,category,5
M67.20,"Hypertrophie synoviale, non classée ailleurs - "" Sièges multiples """,category,5
M67.21,"Hypertrophie synoviale, non classée ailleurs - "" Région scapulaire """,category,5
M67.22,"Hypertrophie synoviale, non classée ailleurs - "" Bras """,category,5
M67.23,"Hypertrophie synoviale, non classée ailleurs - "" Avant-bras """,category,5
M67.24,"Hypertrophie synoviale, non classée ailleurs - "" Main """,category,5
M67.25,"Hypertrophie synoviale, non classée ailleurs - "" Région pelvienne et cuisse """,category,5
M67.26,"Hypertrophie synoviale, non classée ailleurs - "" Jambe """,category,5
M67.27,"Hypertrophie synoviale, non classée ailleurs - "" Cheville et pied """,category,5
M67.28,"Hypertrophie synoviale, non classée ailleurs - "" Autres """,category,5
M67.29,"Hypertrophie synoviale, non classée ailleurs - "" Siège non précisé """,category,5
M67.30,"Synovite transitoire - "" Sièges multiples """,category,5
M67.31,"Synovite transitoire - "" Région scapulaire """,category,5
M67.32,"Synovite transitoire - "" Bras """,category,5
M67.33,"Synovite transitoire - "" Avant-bras """,category,5
M67.34,"Synovite transitoire - "" Main """,category,5
M67.35,"Synovite transitoire - "" Région pelvienne et cuisse """,category,5
M67.36,"Synovite transitoire - "" Jambe """,category,5
M67.37,"Synovite transitoire - "" Cheville et pied """,category,5
M67.38,"Synovite transitoire - "" Autres """,category,5
M67.39,"Synovite transitoire - "" Siège non précisé """,category,5
M67.40,"Kyste - "" Sièges multiples """,category,5
M67.41,"Kyste - "" Région scapulaire """,category,5
M67.42,"Kyste - "" Bras """,category,5
M67.43,"Kyste - "" Avant-bras """,category,5
M67.44,"Kyste - "" Main """,category,5
M67.45,"Kyste - "" Région pelvienne et cuisse """,category,5
M67.46,"Kyste - "" Jambe """,category,5
M67.47,"Kyste - "" Cheville et pied """,category,5
M67.48,"Kyste - "" Autres """,category,5
M67.49,"Kyste - "" Siège non précisé """,category,5
M67.80,"Autres atteintes précisées de la synoviale et du tendon - "" Sièges multiples """,category,5
M67.81,"Autres atteintes précisées de la synoviale et du tendon - "" Région scapulaire """,category,5
M67.82,"Autres atteintes précisées de la synoviale et du tendon - "" Bras """,category,5
M67.83,"Autres atteintes précisées de la synoviale et du tendon - "" Avant-bras """,category,5
M67.84,"Autres atteintes précisées de la synoviale et du tendon - "" Main """,category,5
M67.85,"Autres atteintes précisées de la synoviale et du tendon - "" Région pelvienne et cuisse """,category,5
M67.86,"Autres atteintes précisées de la synoviale et du tendon - "" Jambe """,category,5
M67.87,"Autres atteintes précisées de la synoviale et du tendon - "" Cheville et pied """,category,5
M67.88,"Autres atteintes précisées de la synoviale et du tendon - "" Autres """,category,5
M67.89,"Autres atteintes précisées de la synoviale et du tendon - "" Siège non précisé """,category,5
M67.90,"Atteinte de la synoviale et du tendon, sans précision - "" Sièges multiples """,category,5
M67.91,"Atteinte de la synoviale et du tendon, sans précision - "" Région scapulaire """,category,5
M67.92,"Atteinte de la synoviale et du tendon, sans précision - "" Bras """,category,5
M67.93,"Atteinte de la synoviale et du tendon, sans précision - "" Avant-bras """,category,5
M67.94,"Atteinte de la synoviale et du tendon, sans précision - "" Main """,category,5
M67.95,"Atteinte de la synoviale et du tendon, sans précision - "" Région pelvienne et cuisse """,category,5
M67.96,"Atteinte de la synoviale et du tendon, sans précision - "" Jambe """,category,5
M67.97,"Atteinte de la synoviale et du tendon, sans précision - "" Cheville et pied """,category,5
M67.98,"Atteinte de la synoviale et du tendon, sans précision - "" Autres """,category,5
M67.99,"Atteinte de la synoviale et du tendon, sans précision - "" Siège non précisé """,category,5
M68.00,"Synovite et ténosynovite au cours de maladies bactériennes classées ailleurs - "" Sièges multiples """,category,5
M68.01,"Synovite et ténosynovite au cours de maladies bactériennes classées ailleurs - "" Région scapulaire """,category,5
M68.02,"Synovite et ténosynovite au cours de maladies bactériennes classées ailleurs - "" Bras """,category,5
M68.03,"Synovite et ténosynovite au cours de maladies bactériennes classées ailleurs - "" Avant-bras """,category,5
M68.04,"Synovite et ténosynovite au cours de maladies bactériennes classées ailleurs - "" Main """,category,5
M68.05,"Synovite et ténosynovite au cours de maladies bactériennes classées ailleurs - "" Région pelvienne et cuisse """,category,5
M68.06,"Synovite et ténosynovite au cours de maladies bactériennes classées ailleurs - "" Jambe """,category,5
M68.07,"Synovite et ténosynovite au cours de maladies bactériennes classées ailleurs - "" Cheville et pied """,category,5
M68.08,"Synovite et ténosynovite au cours de maladies bactériennes classées ailleurs - "" Autres """,category,5
M68.09,"Synovite et ténosynovite au cours de maladies bactériennes classées ailleurs - "" Siège non précisé """,category,5
M68.80,"Autres atteintes de la synoviale et du tendon au cours de maladies classées ailleurs - "" Sièges multiples """,category,5
M68.81,"Autres atteintes de la synoviale et du tendon au cours de maladies classées ailleurs - "" Région scapulaire """,category,5
M68.82,"Autres atteintes de la synoviale et du tendon au cours de maladies classées ailleurs - "" Bras """,category,5
M68.83,"Autres atteintes de la synoviale et du tendon au cours de maladies classées ailleurs - "" Avant-bras """,category,5
M68.84,"Autres atteintes de la synoviale et du tendon au cours de maladies classées ailleurs - "" Main """,category,5
M68.85,"Autres atteintes de la synoviale et du tendon au cours de maladies classées ailleurs - "" Région pelvienne et cuisse """,category,5
M68.86,"Autres atteintes de la synoviale et du tendon au cours de maladies classées ailleurs - "" Jambe """,category,5
M68.87,"Autres atteintes de la synoviale et du tendon au cours de maladies classées ailleurs - "" Cheville et pied """,category,5
M68.88,"Autres atteintes de la synoviale et du tendon au cours de maladies classées ailleurs - "" Autres """,category,5
M68.89,"Autres atteintes de la synoviale et du tendon au cours de maladies classées ailleurs - "" Siège non précisé """,category,5
M72.6,Fasciite nécrosante,category,4
M72.60,"Fasciite nécrosante - "" Sièges multiples """,category,5
M72.61,"Fasciite nécrosante - "" Région scapulaire """,category,5
M72.62,"Fasciite nécrosante - "" Bras """,category,5
M72.63,"Fasciite nécrosante - "" Avant-bras """,category,5
M72.64,"Fasciite nécrosante - "" Main """,category,5
M72.65,"Fasciite nécrosante - "" Région pelvienne et cuisse """,category,5
M72.66,"Fasciite nécrosante - "" Jambe """,category,5
M72.67,"Fasciite nécrosante - "" Cheville et pied """,category,5
M72.68,"Fasciite nécrosante - "" Autres """,category,5
M72.69,"Fasciite nécrosante - "" Siège non précisé """,category,5
M75.10,"Syndrome de la coiffe des rotateurs - "" Sièges multiples """,category,5
M75.11,"Syndrome de la coiffe des rotateurs - "" Région scapulaire """,category,5
M75.12,"Syndrome de la coiffe des rotateurs - "" Bras """,category,5
M75.13,"Syndrome de la coiffe des rotateurs - "" Avant-bras """,category,5
M75.14,"Syndrome de la coiffe des rotateurs - "" Main """,category,5
M75.15,"Syndrome de la coiffe des rotateurs - "" Région pelvienne et cuisse """,category,5
M75.16,"Syndrome de la coiffe des rotateurs - "" Jambe """,category,5
M75.17,"Syndrome de la coiffe des rotateurs - "" Cheville et pied """,category,5
M75.18,"Syndrome de la coiffe des rotateurs - "" Autres """,category,5
M75.19,"Syndrome de la coiffe des rotateurs - "" Siège non précisé """,category,5
M75.20,"Tendinite du biceps - "" Sièges multiples """,category,5
M75.21,"Tendinite du biceps - "" Région scapulaire """,category,5
M75.22,"Tendinite du biceps - "" Bras """,category,5
M75.23,"Tendinite du biceps - "" Avant-bras """,category,5
M75.24,"Tendinite du biceps - "" Main """,category,5
M75.25,"Tendinite du biceps - "" Région pelvienne et cuisse """,category,5
M75.26,"Tendinite du biceps - "" Jambe """,category,5
M75.27,"Tendinite du biceps - "" Cheville et pied """,category,5
M75.28,"Tendinite du biceps - "" Autres """,category,5
M75.29,"Tendinite du biceps - "" Siège non précisé """,category,5
M75.30,"Tendinite calcifiante de l'épaule - "" Sièges multiples """,category,5
M75.31,"Tendinite calcifiante de l'épaule - "" Région scapulaire """,category,5
M75.32,"Tendinite calcifiante de l'épaule - "" Bras """,category,5
M75.33,"Tendinite calcifiante de l'épaule - "" Avant-bras """,category,5
M75.34,"Tendinite calcifiante de l'épaule - "" Main """,category,5
M75.35,"Tendinite calcifiante de l'épaule - "" Région pelvienne et cuisse """,category,5
M75.36,"Tendinite calcifiante de l'épaule - "" Jambe """,category,5
M75.37,"Tendinite calcifiante de l'épaule - "" Cheville et pied """,category,5
M75.38,"Tendinite calcifiante de l'épaule - "" Autres """,category,5
M75.39,"Tendinite calcifiante de l'épaule - "" Siège non précisé """,category,5
M75.40,"Syndrome d'accrochage de l'épaule - "" Sièges multiples """,category,5
M75.41,"Syndrome d'accrochage de l'épaule - "" Région scapulaire """,category,5
M75.42,"Syndrome d'accrochage de l'épaule - "" Bras """,category,5
M75.43,"Syndrome d'accrochage de l'épaule - "" Avant-bras """,category,5
M75.44,"Syndrome d'accrochage de l'épaule - "" Main """,category,5
M75.45,"Syndrome d'accrochage de l'épaule - "" Région pelvienne et cuisse """,category,5
M75.46,"Syndrome d'accrochage de l'épaule - "" Jambe """,category,5
M75.47,"Syndrome d'accrochage de l'épaule - "" Cheville et pied """,category,5
M75.48,"Syndrome d'accrochage de l'épaule - "" Autres """,category,5
M75.49,"Syndrome d'accrochage de l'épaule - "" Siège non précisé """,category,5
M75.50,"Bursite de l'épaule - "" Sièges multiples """,category,5
M75.51,"Bursite de l'épaule - "" Région scapulaire """,category,5
M75.52,"Bursite de l'épaule - "" Bras """,category,5
M75.53,"Bursite de l'épaule - "" Avant-bras """,category,5
M75.54,"Bursite de l'épaule - "" Main """,category,5
M75.55,"Bursite de l'épaule - "" Région pelvienne et cuisse """,category,5
M75.56,"Bursite de l'épaule - "" Jambe """,category,5
M75.57,"Bursite de l'épaule - "" Cheville et pied """,category,5
M75.58,"Bursite de l'épaule - "" Autres """,category,5
M75.59,"Bursite de l'épaule - "" Siège non précisé """,category,5
M75.6,Lésion du labrum [bourrelet glénoïdien] dans l'atteinte dégénérative de l'articulation de l'épaule,category,4
M75.80,"Autres lésions de l'épaule - "" Sièges multiples """,category,5
M75.81,"Autres lésions de l'épaule - "" Région scapulaire """,category,5
M75.82,"Autres lésions de l'épaule - "" Bras """,category,5
M75.83,"Autres lésions de l'épaule - "" Avant-bras """,category,5
M75.84,"Autres lésions de l'épaule - "" Main """,category,5
M75.85,"Autres lésions de l'épaule - "" Région pelvienne et cuisse """,category,5
M75.86,"Autres lésions de l'épaule - "" Jambe """,category,5
M75.87,"Autres lésions de l'épaule - "" Cheville et pied """,category,5
M75.88,"Autres lésions de l'épaule - "" Autres """,category,5
M75.89,"Autres lésions de l'épaule - "" Siège non précisé """,category,5
M75.90,"Lésion de l'épaule, sans précision - "" Sièges multiples """,category,5
M75.91,"Lésion de l'épaule, sans précision - "" Région scapulaire """,category,5
M75.92,"Lésion de l'épaule, sans précision - "" Bras """,category,5
M75.93,"Lésion de l'épaule, sans précision - "" Avant-bras """,category,5
M75.94,"Lésion de l'épaule, sans précision - "" Main """,category,5
M75.95,"Lésion de l'épaule, sans précision - "" Région pelvienne et cuisse """,category,5
M75.96,"Lésion de l'épaule, sans précision - "" Jambe """,category,5
M75.97,"Lésion de l'épaule, sans précision - "" Cheville et pied """,category,5
M75.98,"Lésion de l'épaule, sans précision - "" Autres """,category,5
M75.99,"Lésion de l'épaule, sans précision - "" Siège non précisé """,category,5
M79.7,Fibromyalgie,category,4
M79.70,"Fibromyalgie - "" Sièges multiples """,category,5
M79.71,"Fibromyalgie - "" Région scapulaire """,category,5
M79.72,"Fibromyalgie - "" Bras """,category,5
M79.73,"Fibromyalgie - "" Avant-bras """,category,5
M79.74,"Fibromyalgie - "" Main """,category,5
M79.75,"Fibromyalgie - "" Région pelvienne et cuisse """,category,5
M79.76,"Fibromyalgie - "" Jambe """,category,5
M79.77,"Fibromyalgie - "" Cheville et pied """,category,5
M79.78,"Fibromyalgie - "" Autres """,category,5
M79.79,"Fibromyalgie - "" Siège non précisé """,category,5
M92.00,"Ostéochondrite juvénile de l'humérus - "" Sièges multiples """,category,5
M92.01,"Ostéochondrite juvénile de l'humérus - "" Région scapulaire """,category,5
M92.02,"Ostéochondrite juvénile de l'humérus - "" Bras """,category,5
M92.03,"Ostéochondrite juvénile de l'humérus - "" Avant-bras """,category,5
M92.04,"Ostéochondrite juvénile de l'humérus - "" Main """,category,5
M92.05,"Ostéochondrite juvénile de l'humérus - "" Région pelvienne et cuisse """,category,5
M92.06,"Ostéochondrite juvénile de l'humérus - "" Jambe """,category,5
M92.07,"Ostéochondrite juvénile de l'humérus - "" Cheville et pied """,category,5
M92.08,"Ostéochondrite juvénile de l'humérus - "" Autres """,category,5
M92.09,"Ostéochondrite juvénile de l'humérus - "" Siège non précisé """,category,5
M92.10,"Ostéochondrite juvénile du radius et du cubitus - "" Sièges multiples """,category,5
M92.11,"Ostéochondrite juvénile du radius et du cubitus - "" Région scapulaire """,category,5
M92.12,"Ostéochondrite juvénile du radius et du cubitus - "" Bras """,category,5
M92.13,"Ostéochondrite juvénile du radius et du cubitus - "" Avant-bras """,category,5
M92.14,"Ostéochondrite juvénile du radius et du cubitus - "" Main """,category,5
M92.15,"Ostéochondrite juvénile du radius et du cubitus - "" Région pelvienne et cuisse """,category,5
M92.16,"Ostéochondrite juvénile du radius et du cubitus - "" Jambe """,category,5
M92.17,"Ostéochondrite juvénile du radius et du cubitus - "" Cheville et pied """,category,5
M92.18,"Ostéochondrite juvénile du radius et du cubitus - "" Autres """,category,5
M92.19,"Ostéochondrite juvénile du radius et du cubitus - "" Siège non précisé """,category,5
M92.20,"Ostéochondrite juvénile de la main - "" Sièges multiples """,category,5
M92.21,"Ostéochondrite juvénile de la main - "" Région scapulaire """,category,5
M92.22,"Ostéochondrite juvénile de la main - "" Bras """,category,5
M92.23,"Ostéochondrite juvénile de la main - "" Avant-bras """,category,5
M92.24,"Ostéochondrite juvénile de la main - "" Main """,category,5
M92.25,"Ostéochondrite juvénile de la main - "" Région pelvienne et cuisse """,category,5
M92.26,"Ostéochondrite juvénile de la main - "" Jambe """,category,5
M92.27,"Ostéochondrite juvénile de la main - "" Cheville et pied """,category,5
M92.28,"Ostéochondrite juvénile de la main - "" Autres """,category,5
M92.29,"Ostéochondrite juvénile de la main - "" Siège non précisé """,category,5
M92.30,"Autres ostéochondrites juvéniles du membre supérieur - "" Sièges multiples """,category,5
M92.31,"Autres ostéochondrites juvéniles du membre supérieur - "" Région scapulaire """,category,5
M92.32,"Autres ostéochondrites juvéniles du membre supérieur - "" Bras """,category,5
M92.33,"Autres ostéochondrites juvéniles du membre supérieur - "" Avant-bras """,category,5
M92.34,"Autres ostéochondrites juvéniles du membre supérieur - "" Main """,category,5
M92.35,"Autres ostéochondrites juvéniles du membre supérieur - "" Région pelvienne et cuisse """,category,5
M92.36,"Autres ostéochondrites juvéniles du membre supérieur - "" Jambe """,category,5
M92.37,"Autres ostéochondrites juvéniles du membre supérieur - "" Cheville et pied """,category,5
M92.38,"Autres ostéochondrites juvéniles du membre supérieur - "" Autres """,category,5
M92.39,"Autres ostéochondrites juvéniles du membre supérieur - "" Siège non précisé """,category,5
M92.40,"Ostéochondrite juvénile de la rotule - "" Sièges multiples """,category,5
M92.41,"Ostéochondrite juvénile de la rotule - "" Région scapulaire """,category,5
M92.42,"Ostéochondrite juvénile de la rotule - "" Bras """,category,5
M92.43,"Ostéochondrite juvénile de la rotule - "" Avant-bras """,category,5
M92.44,"Ostéochondrite juvénile de la rotule - "" Main """,category,5
M92.45,"Ostéochondrite juvénile de la rotule - "" Région pelvienne et cuisse """,category,5
M92.46,"Ostéochondrite juvénile de la rotule - "" Jambe """,category,5
M92.47,"Ostéochondrite juvénile de la rotule - "" Cheville et pied """,category,5
M92.48,"Ostéochondrite juvénile de la rotule - "" Autres """,category,5
M92.49,"Ostéochondrite juvénile de la rotule - "" Siège non précisé """,category,5
M92.50,"Ostéochondrite juvénile du tibia et du péroné - "" Sièges multiples """,category,5
M92.51,"Ostéochondrite juvénile du tibia et du péroné - "" Région scapulaire """,category,5
M92.52,"Ostéochondrite juvénile du tibia et du péroné - "" Bras """,category,5
M92.53,"Ostéochondrite juvénile du tibia et du péroné - "" Avant-bras """,category,5
M92.54,"Ostéochondrite juvénile du tibia et du péroné - "" Main """,category,5
M92.55,"Ostéochondrite juvénile du tibia et du péroné - "" Région pelvienne et cuisse """,category,5
M92.56,"Ostéochondrite juvénile du tibia et du péroné - "" Jambe """,category,5
M92.57,"Ostéochondrite juvénile du tibia et du péroné - "" Cheville et pied """,category,5
M92.58,"Ostéochondrite juvénile du tibia et du péroné - "" Autres """,category,5
M92.59,"Ostéochondrite juvénile du tibia et du péroné - "" Siège non précisé """,category,5
M92.60,"Ostéochondrite juvénile du tarse - "" Sièges multiples """,category,5
M92.61,"Ostéochondrite juvénile du tarse - "" Région scapulaire """,category,5
M92.62,"Ostéochondrite juvénile du tarse - "" Bras """,category,5
M92.63,"Ostéochondrite juvénile du tarse - "" Avant-bras """,category,5
M92.64,"Ostéochondrite juvénile du tarse - "" Main """,category,5
M92.65,"Ostéochondrite juvénile du tarse - "" Région pelvienne et cuisse """,category,5
M92.66,"Ostéochondrite juvénile du tarse - "" Jambe """,category,5
M92.67,"Ostéochondrite juvénile du tarse - "" Cheville et pied """,category,5
M92.68,"Ostéochondrite juvénile du tarse - "" Autres """,category,5
M92.69,"Ostéochondrite juvénile du tarse - "" Siège non précisé """,category,5
M92.70,"Ostéochondrite juvénile du métatarse - "" Sièges multiples """,category,5
M92.71,"Ostéochondrite juvénile du métatarse - "" Région scapulaire """,category,5
M92.72,"Ostéochondrite juvénile du métatarse - "" Bras """,category,5
M92.73,"Ostéochondrite juvénile du métatarse - "" Avant-bras """,category,5
M92.74,"Ostéochondrite juvénile du métatarse - "" Main """,category,5
M92.75,"Ostéochondrite juvénile du métatarse - "" Région pelvienne et cuisse """,category,5
M92.76,"Ostéochondrite juvénile du métatarse - "" Jambe """,category,5
M92.77,"Ostéochondrite juvénile du métatarse - "" Cheville et pied """,category,5
M92.78,"Ostéochondrite juvénile du métatarse - "" Autres """,category,5
M92.79,"Ostéochondrite juvénile du métatarse - "" Siège non précisé """,category,5
M92.80,"Autres ostéochondrites juvéniles précisées - "" Sièges multiples """,category,5
M92.81,"Autres ostéochondrites juvéniles précisées - "" Région scapulaire """,category,5
M92.82,"Autres ostéochondrites juvéniles précisées - "" Bras """,category,5
M92.83,"Autres ostéochondrites juvéniles précisées - "" Avant-bras """,category,5
M92.84,"Autres ostéochondrites juvéniles précisées - "" Main """,category,5
M92.85,"Autres ostéochondrites juvéniles précisées - "" Région pelvienne et cuisse """,category,5
M92.86,"Autres ostéochondrites juvéniles précisées - "" Jambe """,category,5
M92.87,"Autres ostéochondrites juvéniles précisées - "" Cheville et pied """,category,5
M92.88,"Autres ostéochondrites juvéniles précisées - "" Autres """,category,5
M92.89,"Autres ostéochondrites juvéniles précisées - "" Siège non précisé """,category,5
M92.90,"Ostéochondrite juvénile, sans précision - "" Sièges multiples """,category,5
M92.91,"Ostéochondrite juvénile, sans précision - "" Région scapulaire """,category,5
M92.92,"Ostéochondrite juvénile, sans précision - "" Bras """,category,5
M92.93,"Ostéochondrite juvénile, sans précision - "" Avant-bras """,category,5
M92.94,"Ostéochondrite juvénile, sans précision - "" Main """,category,5
M92.95,"Ostéochondrite juvénile, sans précision - "" Région pelvienne et cuisse """,category,5
M92.96,"Ostéochondrite juvénile, sans précision - "" Jambe """,category,5
M92.97,"Ostéochondrite juvénile, sans précision - "" Cheville et pied """,category,5
M92.98,"Ostéochondrite juvénile, sans précision - "" Autres """,category,5
M92.99,"Ostéochondrite juvénile, sans précision - "" Siège non précisé """,category,5
M93.00,"Épiphysiolyse de la tête fémorale [coxa vara retrorsa] (non traumatique) - "" Sièges multiples """,category,5
M93.01,"Épiphysiolyse de la tête fémorale [coxa vara retrorsa] (non traumatique) - "" Région scapulaire """,category,5
M93.02,"Épiphysiolyse de la tête fémorale [coxa vara retrorsa] (non traumatique) - "" Bras """,category,5
M93.03,"Épiphysiolyse de la tête fémorale [coxa vara retrorsa] (non traumatique) - "" Avant-bras """,category,5
M93.04,"Épiphysiolyse de la tête fémorale [coxa vara retrorsa] (non traumatique) - "" Main """,category,5
M93.05,"Épiphysiolyse de la tête fémorale [coxa vara retrorsa] (non traumatique) - "" Région pelvienne et cuisse """,category,5
M93.06,"Épiphysiolyse de la tête fémorale [coxa vara retrorsa] (non traumatique) - "" Jambe """,category,5
M93.07,"Épiphysiolyse de la tête fémorale [coxa vara retrorsa] (non traumatique) - "" Cheville et pied """,category,5
M93.08,"Épiphysiolyse de la tête fémorale [coxa vara retrorsa] (non traumatique) - "" Autres """,category,5
M93.09,"Épiphysiolyse de la tête fémorale [coxa vara retrorsa] (non traumatique) - "" Siège non précisé """,category,5
M93.10,"Maladie de Kienböck de l'adulte - "" Sièges multiples """,category,5
M93.11,"Maladie de Kienböck de l'adulte - "" Région scapulaire """,category,5
M93.12,"Maladie de Kienböck de l'adulte - "" Bras """,category,5
M93.13,"Maladie de Kienböck de l'adulte - "" Avant-bras """,category,5
M93.14,"Maladie de Kienböck de l'adulte - "" Main """,category,5
M93.15,"Maladie de Kienböck de l'adulte - "" Région pelvienne et cuisse """,category,5
M93.16,"Maladie de Kienböck de l'adulte - "" Jambe """,category,5
M93.17,"Maladie de Kienböck de l'adulte - "" Cheville et pied """,category,5
M93.18,"Maladie de Kienböck de l'adulte - "" Autres """,category,5
M93.19,"Maladie de Kienböck de l'adulte - "" Siège non précisé """,category,5
M93.20,"Ostéochondrite disséquante - "" Sièges multiples """,category,5
M93.21,"Ostéochondrite disséquante - "" Région scapulaire """,category,5
M93.22,"Ostéochondrite disséquante - "" Bras """,category,5
M93.23,"Ostéochondrite disséquante - "" Avant-bras """,category,5
M93.24,"Ostéochondrite disséquante - "" Main """,category,5
M93.25,"Ostéochondrite disséquante - "" Région pelvienne et cuisse """,category,5
M93.26,"Ostéochondrite disséquante - "" Jambe """,category,5
M93.27,"Ostéochondrite disséquante - "" Cheville et pied """,category,5
M93.28,"Ostéochondrite disséquante - "" Autres """,category,5
M93.29,"Ostéochondrite disséquante - "" Siège non précisé """,category,5
M93.80,"Autres ostéochondropathies précisées - "" Sièges multiples """,category,5
M93.81,"Autres ostéochondropathies précisées - "" Région scapulaire """,category,5
M93.82,"Autres ostéochondropathies précisées - "" Bras """,category,5
M93.83,"Autres ostéochondropathies précisées - "" Avant-bras """,category,5
M93.84,"Autres ostéochondropathies précisées - "" Main """,category,5
M93.85,"Autres ostéochondropathies précisées - "" Région pelvienne et cuisse """,category,5
M93.86,"Autres ostéochondropathies précisées - "" Jambe """,category,5
M93.87,"Autres ostéochondropathies précisées - "" Cheville et pied """,category,5
M93.88,"Autres ostéochondropathies précisées - "" Autres """,category,5
M93.89,"Autres ostéochondropathies précisées - "" Siège non précisé """,category,5
M93.90,"Ostéochondropathie, sans précision - "" Sièges multiples """,category,5
M93.91,"Ostéochondropathie, sans précision - "" Région scapulaire """,category,5
M93.92,"Ostéochondropathie, sans précision - "" Bras """,category,5
M93.93,"Ostéochondropathie, sans précision - "" Avant-bras """,category,5
M93.94,"Ostéochondropathie, sans précision - "" Main """,category,5
M93.95,"Ostéochondropathie, sans précision - "" Région pelvienne et cuisse """,category,5
M93.96,"Ostéochondropathie, sans précision - "" Jambe """,category,5
M93.97,"Ostéochondropathie, sans précision - "" Cheville et pied """,category,5
M93.98,"Ostéochondropathie, sans précision - "" Autres """,category,5
M93.99,"Ostéochondropathie, sans précision - "" Siège non précisé """,category,5
M95.00,"Déformation du nez - "" Sièges multiples """,category,4
M95.01,"Déformation du nez - "" Région scapulaire """,category,4
M95.02,"Déformation du nez - "" Bras """,category,4
M95.03,"Déformation du nez - "" Avant-bras """,category,4
M95.04,"Déformation du nez - "" Main """,category,4
M95.05,"Déformation du nez - "" Région pelvienne et cuisse """,category,4
M95.06,"Déformation du nez - "" Jambe """,category,4
M95.07,"Déformation du nez - "" Cheville et pied """,category,4
M95.08,"Déformation du nez - "" Autres """,category,4
M95.09,"Déformation du nez - "" Siège non précisé """,category,4
M95.20,"Autres déformations de la tête - "" Sièges multiples """,category,4
M95.21,"Autres déformations de la tête - "" Région scapulaire """,category,4
M95.22,"Autres déformations de la tête - "" Bras """,category,4
M95.23,"Autres déformations de la tête - "" Avant-bras """,category,4
M95.24,"Autres déformations de la tête - "" Main """,category,4
M95.25,"Autres déformations de la tête - "" Région pelvienne et cuisse """,category,4
M95.26,"Autres déformations de la tête - "" Jambe """,category,4
M95.27,"Autres déformations de la tête - "" Cheville et pied """,category,4
M95.28,"Autres déformations de la tête - "" Autres """,category,4
M95.29,"Autres déformations de la tête - "" Siège non précisé """,category,4
M95.30,"Déformation du cou - "" Sièges multiples """,category,4
M95.31,"Déformation du cou - "" Région scapulaire """,category,4
M95.32,"Déformation du cou - "" Bras """,category,4
M95.33,"Déformation du cou - "" Avant-bras """,category,4
M95.34,"Déformation du cou - "" Main """,category,4
M95.35,"Déformation du cou - "" Région pelvienne et cuisse """,category,4
M95.36,"Déformation du cou - "" Jambe """,category,4
M95.37,"Déformation du cou - "" Cheville et pied """,category,4
M95.38,"Déformation du cou - "" Autres """,category,4
M95.39,"Déformation du cou - "" Siège non précisé """,category,4
M95.40,"Déformation du thorax et des côtes - "" Sièges multiples """,category,4
M95.41,"Déformation du thorax et des côtes - "" Région scapulaire """,category,4
M95.42,"Déformation du thorax et des côtes - "" Bras """,category,4
M95.43,"Déformation du thorax et des côtes - "" Avant-bras """,category,4
M95.44,"Déformation du thorax et des côtes - "" Main """,category,4
M95.45,"Déformation du thorax et des côtes - "" Région pelvienne et cuisse """,category,4
M95.46,"Déformation du thorax et des côtes - "" Jambe """,category,4
M95.47,"Déformation du thorax et des côtes - "" Cheville et pied """,category,4
M95.48,"Déformation du thorax et des côtes - "" Autres """,category,4
M95.49,"Déformation du thorax et des côtes - "" Siège non précisé """,category,4
M95.50,"Déformation du bassin - "" Sièges multiples """,category,4
M95.51,"Déformation du bassin - "" Région scapulaire """,category,4
M95.52,"Déformation du bassin - "" Bras """,category,4
M95.53,"Déformation du bassin - "" Avant-bras """,category,4
M95.54,"Déformation du bassin - "" Main """,category,4
M95.55,"Déformation du bassin - "" Région pelvienne et cuisse """,category,4
M95.56,"Déformation du bassin - "" Jambe """,category,4
M95.57,"Déformation du bassin - "" Cheville et pied """,category,4
M95.58,"Déformation du bassin - "" Autres """,category,4
M95.59,"Déformation du bassin - "" Siège non précisé """,category,4
M95.80,"Autres déformations précisées du système ostéoarticulaire, des muscles et du tissu conjonctif - "" Sièges multiples """,category,4
M95.81,"Autres déformations précisées du système ostéoarticulaire, des muscles et du tissu conjonctif - "" Région scapulaire """,category,4
M95.82,"Autres déformations précisées du système ostéoarticulaire, des muscles et du tissu conjonctif - "" Bras """,category,4
M95.83,"Autres déformations précisées du système ostéoarticulaire, des muscles et du tissu conjonctif - "" Avant-bras """,category,4
M95.84,"Autres déformations précisées du système ostéoarticulaire, des muscles et du tissu conjonctif - "" Main """,category,4
M95.85,"Autres déformations précisées du système ostéoarticulaire, des muscles et du tissu conjonctif - "" Région pelvienne et cuisse """,category,4
M95.86,"Autres déformations précisées du système ostéoarticulaire, des muscles et du tissu conjonctif - "" Jambe """,category,4
M95.87,"Autres déformations précisées du système ostéoarticulaire, des muscles et du tissu conjonctif - "" Cheville et pied """,category,4
M95.88,"Autres déformations précisées du système ostéoarticulaire, des muscles et du tissu conjonctif - "" Autres """,category,4
M95.89,"Autres déformations précisées du système ostéoarticulaire, des muscles et du tissu conjonctif - "" Siège non précisé """,category,4
M95.90,"Déformation du système ostéoarticulaire, des muscles et du tissu conjonctif, sans précision - "" Sièges multiples """,category,4
M95.91,"Déformation du système ostéoarticulaire, des muscles et du tissu conjonctif, sans précision - "" Région scapulaire """,category,4
M95.92,"Déformation du système ostéoarticulaire, des muscles et du tissu conjonctif, sans précision - "" Bras """,category,4
M95.93,"Déformation du système ostéoarticulaire, des muscles et du tissu conjonctif, sans précision - "" Avant-bras """,category,4
M95.94,"Déformation du système ostéoarticulaire, des muscles et du tissu conjonctif, sans précision - "" Main """,category,4
M95.95,"Déformation du système ostéoarticulaire, des muscles et du tissu conjonctif, sans précision - "" Région pelvienne et cuisse """,category,4
M95.96,"Déformation du système ostéoarticulaire, des muscles et du tissu conjonctif, sans précision - "" Jambe """,category,4
M95.97,"Déformation du système ostéoarticulaire, des muscles et du tissu conjonctif, sans précision - "" Cheville et pied """,category,4
M95.98,"Déformation du système ostéoarticulaire, des muscles et du tissu conjonctif, sans précision - "" Autres """,category,4
M95.99,"Déformation du système ostéoarticulaire, des muscles et du tissu conjonctif, sans précision - "" Siège non précisé """,category,4
M96.00,"Pseudarthrose après arthrodèse - "" Sièges multiples """,category,4
M96.01,"Pseudarthrose après arthrodèse - "" Région scapulaire """,category,4
M96.02,"Pseudarthrose après arthrodèse - "" Bras """,category,4
M96.03,"Pseudarthrose après arthrodèse - "" Avant-bras """,category,4
M96.04,"Pseudarthrose après arthrodèse - "" Main """,category,4
M96.05,"Pseudarthrose après arthrodèse - "" Région pelvienne et cuisse """,category,4
M96.06,"Pseudarthrose après arthrodèse - "" Jambe """,category,4
M96.07,"Pseudarthrose après arthrodèse - "" Cheville et pied """,category,4
M96.08,"Pseudarthrose après arthrodèse - "" Autres """,category,4
M96.09,"Pseudarthrose après arthrodèse - "" Siège non précisé """,category,4
M96.10,"Syndrome postlaminectomie, non classé ailleurs - "" Sièges multiples """,category,4
M96.11,"Syndrome postlaminectomie, non classé ailleurs - "" Région scapulaire """,category,4
M96.12,"Syndrome postlaminectomie, non classé ailleurs - "" Bras """,category,4
M96.13,"Syndrome postlaminectomie, non classé ailleurs - "" Avant-bras """,category,4
M96.14,"Syndrome postlaminectomie, non classé ailleurs - "" Main """,category,4
M96.15,"Syndrome postlaminectomie, non classé ailleurs - "" Région pelvienne et cuisse """,category,4
M96.16,"Syndrome postlaminectomie, non classé ailleurs - "" Jambe """,category,4
M96.17,"Syndrome postlaminectomie, non classé ailleurs - "" Cheville et pied """,category,4
M96.18,"Syndrome postlaminectomie, non classé ailleurs - "" Autres """,category,4
M96.19,"Syndrome postlaminectomie, non classé ailleurs - "" Siège non précisé """,category,4
M96.20,"Cyphose après irradiation - "" Sièges multiples """,category,4
M96.21,"Cyphose après irradiation - "" Région scapulaire """,category,4
M96.22,"Cyphose après irradiation - "" Bras """,category,4
M96.23,"Cyphose après irradiation - "" Avant-bras """,category,4
M96.24,"Cyphose après irradiation - "" Main """,category,4
M96.25,"Cyphose après irradiation - "" Région pelvienne et cuisse """,category,4
M96.26,"Cyphose après irradiation - "" Jambe """,category,4
M96.27,"Cyphose après irradiation - "" Cheville et pied """,category,4
M96.28,"Cyphose après irradiation - "" Autres """,category,4
M96.29,"Cyphose après irradiation - "" Siège non précisé """,category,4
M96.30,"Cyphose après laminectomie - "" Sièges multiples """,category,4
M96.31,"Cyphose après laminectomie - "" Région scapulaire """,category,4
M96.32,"Cyphose après laminectomie - "" Bras """,category,4
M96.33,"Cyphose après laminectomie - "" Avant-bras """,category,4
M96.34,"Cyphose après laminectomie - "" Main """,category,4
M96.35,"Cyphose après laminectomie - "" Région pelvienne et cuisse """,category,4
M96.36,"Cyphose après laminectomie - "" Jambe """,category,4
M96.37,"Cyphose après laminectomie - "" Cheville et pied """,category,4
M96.38,"Cyphose après laminectomie - "" Autres """,category,4
M96.39,"Cyphose après laminectomie - "" Siège non précisé """,category,4
M96.40,"Lordose après chirurgie - "" Sièges multiples """,category,4
M96.41,"Lordose après chirurgie - "" Région scapulaire """,category,4
M96.42,"Lordose après chirurgie - "" Bras """,category,4
M96.43,"Lordose après chirurgie - "" Avant-bras """,category,4
M96.44,"Lordose après chirurgie - "" Main """,category,4
M96.45,"Lordose après chirurgie - "" Région pelvienne et cuisse """,category,4
M96.46,"Lordose après chirurgie - "" Jambe """,category,4
M96.47,"Lordose après chirurgie - "" Cheville et pied """,category,4
M96.48,"Lordose après chirurgie - "" Autres """,category,4
M96.49,"Lordose après chirurgie - "" Siège non précisé """,category,4
M96.50,"Scoliose après irradiation - "" Sièges multiples """,category,4
M96.51,"Scoliose après irradiation - "" Région scapulaire """,category,4
M96.52,"Scoliose après irradiation - "" Bras """,category,4
M96.53,"Scoliose après irradiation - "" Avant-bras """,category,4
M96.54,"Scoliose après irradiation - "" Main """,category,4
M96.55,"Scoliose après irradiation - "" Région pelvienne et cuisse """,category,4
M96.56,"Scoliose après irradiation - "" Jambe """,category,4
M96.57,"Scoliose après irradiation - "" Cheville et pied """,category,4
M96.58,"Scoliose après irradiation - "" Autres """,category,4
M96.59,"Scoliose après irradiation - "" Siège non précisé """,category,4
M96.60,"Fracture osseuse après mise en place d'un implant, d'une prothèse articulaire ou d'une plaque d'ostéosynthèse - "" Sièges multiples """,category,4
M96.61,"Fracture osseuse après mise en place d'un implant, d'une prothèse articulaire ou d'une plaque d'ostéosynthèse - "" Région scapulaire """,category,4
M96.62,"Fracture osseuse après mise en place d'un implant, d'une prothèse articulaire ou d'une plaque d'ostéosynthèse - "" Bras """,category,4
M96.63,"Fracture osseuse après mise en place d'un implant, d'une prothèse articulaire ou d'une plaque d'ostéosynthèse - "" Avant-bras """,category,4
M96.64,"Fracture osseuse après mise en place d'un implant, d'une prothèse articulaire ou d'une plaque d'ostéosynthèse - "" Main """,category,4
M96.65,"Fracture osseuse après mise en place d'un implant, d'une prothèse articulaire ou d'une plaque d'ostéosynthèse - "" Région pelvienne et cuisse """,category,4
M96.66,"Fracture osseuse après mise en place d'un implant, d'une prothèse articulaire ou d'une plaque d'ostéosynthèse - "" Jambe """,category,4
M96.67,"Fracture osseuse après mise en place d'un implant, d'une prothèse articulaire ou d'une plaque d'ostéosynthèse - "" Cheville et pied """,category,4
M96.68,"Fracture osseuse après mise en place d'un implant, d'une prothèse articulaire ou d'une plaque d'ostéosynthèse - "" Autres """,category,4
M96.69,"Fracture osseuse après mise en place d'un implant, d'une prothèse articulaire ou d'une plaque d'ostéosynthèse - "" Siège non précisé """,category,4
M96.80,"Autres affections du système ostéoarticulaire et des muscles après un acte à visée diagnostique et thérapeutique - "" Sièges multiples """,category,4
M96.81,"Autres affections du système ostéoarticulaire et des muscles après un acte à visée diagnostique et thérapeutique - "" Région scapulaire """,category,4
M96.82,"Autres affections du système ostéoarticulaire et des muscles après un acte à visée diagnostique et thérapeutique - "" Bras """,category,4
M96.83,"Autres affections du système ostéoarticulaire et des muscles après un acte à visée diagnostique et thérapeutique - "" Avant-bras """,category,4
M96.84,"Autres affections du système ostéoarticulaire et des muscles après un acte à visée diagnostique et thérapeutique - "" Main """,category,4
M96.85,"Autres affections du système ostéoarticulaire et des muscles après un acte à visée diagnostique et thérapeutique - "" Région pelvienne et cuisse """,category,4
M96.86,"Autres affections du système ostéoarticulaire et des muscles après un acte à visée diagnostique et thérapeutique - "" Jambe """,category,4
M96.87,"Autres affections du système ostéoarticulaire et des muscles après un acte à visée diagnostique et thérapeutique - "" Cheville et pied """,category,4
M96.88,"Autres affections du système ostéoarticulaire et des muscles après un acte à visée diagnostique et thérapeutique - "" Autres """,category,4
M96.89,"Autres affections du système ostéoarticulaire et des muscles après un acte à visée diagnostique et thérapeutique - "" Siège non précisé """,category,4
M96.90,"Affection du système ostéoarticulaire et des muscles après un acte à visée diagnostique et thérapeutique, sans précision - "" Sièges multiples """,category,4
M96.91,"Affection du système ostéoarticulaire et des muscles après un acte à visée diagnostique et thérapeutique, sans précision - "" Région scapulaire """,category,4
M96.92,"Affection du système ostéoarticulaire et des muscles après un acte à visée diagnostique et thérapeutique, sans précision - "" Bras """,category,4
M96.93,"Affection du système ostéoarticulaire et des muscles après un acte à visée diagnostique et thérapeutique, sans précision - "" Avant-bras """,category,4
M96.94,"Affection du système ostéoarticulaire et des muscles après un acte à visée diagnostique et thérapeutique, sans précision - "" Main """,category,4
M96.95,"Affection du système ostéoarticulaire et des muscles après un acte à visée diagnostique et thérapeutique, sans précision - "" Région pelvienne et cuisse """,category,4
M96.96,"Affection du système ostéoarticulaire et des muscles après un acte à visée diagnostique et thérapeutique, sans précision - "" Jambe """,category,4
M96.97,"Affection du système ostéoarticulaire et des muscles après un acte à visée diagnostique et thérapeutique, sans précision - "" Cheville et pied """,category,4
M96.98,"Affection du système ostéoarticulaire et des muscles après un acte à visée diagnostique et thérapeutique, sans précision - "" Autres """,category,4
M96.99,"Affection du système ostéoarticulaire et des muscles après un acte à visée diagnostique et thérapeutique, sans précision - "" Siège non précisé """,category,4
M99.14,"Subluxation complexe (vertébrale) - "" Région sacrée """,category,4
M99.15,"Subluxation complexe (vertébrale) - "" Région pelvienne """,category,4
M99.16,"Subluxation complexe (vertébrale) - "" Membre inférieur """,category,4
M99.17,"Subluxation complexe (vertébrale) - "" Membre supérieur """,category,4
M99.18,"Subluxation complexe (vertébrale) - "" Cage thoracique """,category,4
M99.19,"Subluxation complexe (vertébrale) - "" Abdomen et autre """,category,4
M99.24,"Rétrécissement du canal rachidien par subluxation - "" Région sacrée """,category,4
M99.25,"Rétrécissement du canal rachidien par subluxation - "" Région pelvienne """,category,4
M99.26,"Rétrécissement du canal rachidien par subluxation - "" Membre inférieur """,category,4
M99.27,"Rétrécissement du canal rachidien par subluxation - "" Membre supérieur """,category,4
M99.28,"Rétrécissement du canal rachidien par subluxation - "" Cage thoracique """,category,4
M99.29,"Rétrécissement du canal rachidien par subluxation - "" Abdomen et autre """,category,4
M99.35,"Rétrécissement osseux du canal rachidien - "" Région pelvienne """,category,4
M99.36,"Rétrécissement osseux du canal rachidien - "" Membre inférieur """,category,4
M99.37,"Rétrécissement osseux du canal rachidien - "" Membre supérieur """,category,4
M99.38,"Rétrécissement osseux du canal rachidien - "" Cage thoracique """,category,4
M99.39,"Rétrécissement osseux du canal rachidien - "" Abdomen et autre """,category,4
M99.45,"Rétrécissement du canal rachidien par tissu conjonctif - "" Région pelvienne """,category,4
M99.46,"Rétrécissement du canal rachidien par tissu conjonctif - "" Membre inférieur """,category,4
M99.47,"Rétrécissement du canal rachidien par tissu conjonctif - "" Membre supérieur """,category,4
M99.48,"Rétrécissement du canal rachidien par tissu conjonctif - "" Cage thoracique """,category,4
M99.49,"Rétrécissement du canal rachidien par tissu conjonctif - "" Abdomen et autre """,category,4
M99.55,"Rétrécissement du canal rachidien par lésion discale - "" Région pelvienne """,category,4
M99.56,"Rétrécissement du canal rachidien par lésion discale - "" Membre inférieur """,category,4
M99.57,"Rétrécissement du canal rachidien par lésion discale - "" Membre supérieur """,category,4
M99.58,"Rétrécissement du canal rachidien par lésion discale - "" Cage thoracique """,category,4
M99.59,"Rétrécissement du canal rachidien par lésion discale - "" Abdomen et autre """,category,4
M99.65,"Rétrécissement des espaces intervertébraux par ossification et subluxation - "" Région pelvienne """,category,4
M99.66,"Rétrécissement des espaces intervertébraux par ossification et subluxation - "" Membre inférieur """,category,4
M99.67,"Rétrécissement des espaces intervertébraux par ossification et subluxation - "" Membre supérieur """,category,4
M99.68,"Rétrécissement des espaces intervertébraux par ossification et subluxation - "" Cage thoracique """,category,4
M99.69,"Rétrécissement des espaces intervertébraux par ossification et subluxation - "" Abdomen et autre """,category,4
M99.75,"Rétrécissement des espaces intervertébraux par tissu conjonctif et discal - "" Région pelvienne """,category,4
M99.76,"Rétrécissement des espaces intervertébraux par tissu conjonctif et discal - "" Membre inférieur """,category,4
M99.77,"Rétrécissement des espaces intervertébraux par tissu conjonctif et discal - "" Membre supérieur """,category,4
M99.78,"Rétrécissement des espaces intervertébraux par tissu conjonctif et discal - "" Cage thoracique """,category,4
M99.79,"Rétrécissement des espaces intervertébraux par tissu conjonctif et discal - "" Abdomen et autre """,category,4
N01.70,"Syndrome néphritique d’évolution rapide avec glomérulonéphrite diffuse en croissant, avec dépôts d’immunoglobuline A [IgA]",category,4
N01.79,"Syndromes néphritiques d’évolution rapide avec glomérulonéphrite diffuse en croissant, autres et sans précision",category,4
N02.00,"Hématurie récidivante et persistante avec anomalies glomérulaires mineures, avec dépôts d’immunoglobuline A [IgA]",category,4
N02.09,"Hématuries récidivantes et persistantes avec anomalies glomérulaires mineures, autres et sans précision",category,4
N02.10,"Hématurie récidivante et persistante avec anomalies glomérulaires segmentaires et focales, avec dépôts d’immunoglobuline A [IgA]",category,4
N02.19,"Hématuries récidivantes et persistantes avec anomalies glomérulaires segmentaires et focales, autres et sans précision",category,4
N03.10,"Syndrome néphritique chronique avec lésions glomérulaires segmentaires et focales, avec dépôts d’immunoglobuline A [IgA]",category,4
N03.19,"Syndromes néphritiques chroniques avec lésions glomérulaires segmentaires et focales, autres et sans précision",category,4
N03.30,"Syndrome néphritique chronique avec glomérulonéphrite proliférative mésangiale diffuse, avec dépôts d’immunoglobuline A [IgA]",category,4
N03.39,"Syndromes néphritiques chroniques avec glomérulonéphrite proliférative mésangiale diffuse, autres et sans précision",category,4
N03.80,"Syndrome néphritique chronique avec autres lésions, avec dépôts d’immunoglobuline A [IgA]",category,4
N03.89,"Syndromes néphritiques chroniques avec autres lésions, autres et sans précision",category,4
N04.00,"Syndrome néphrotique avec anomalies glomérulaires mineures, avec dépôts d’immunoglobuline A [IgA]",category,4
N04.09,"Syndrome néphrotique avec anomalies glomérulaires mineures, autre et sans précision",category,4
N18.1,"Maladie rénale chronique, stade 1",category,3
N18.2,"Maladie rénale chronique, stade 2",category,3
N18.3,"Maladie rénale chronique, stade 3",category,3
N18.4,"Maladie rénale chronique, stade 4",category,3
N18.5,"Maladie rénale chronique, stade 5",category,3
N42.3,Dysplasie de la prostate,category,3
N99-N99,Autres affections de l'appareil génito-urinaire,block,1
O04.-0,Interruption médicale volontaire de grossesse [IVG dans le cadre légal],category,3
O04.-0.0,"Interruption médicale volontaire de grossesse [IVG dans le cadre légal] - "" Incomplet, compliqué d'une infection de l'appareil génital et des organes pelviens """,category,4
O04.-0.1,"Interruption médicale volontaire de grossesse [IVG dans le cadre légal] - "" Incomplet, compliqué d'une hémorragie retardée ou sévère """,category,4
O04.-0.2,"Interruption médicale volontaire de grossesse [IVG dans le cadre légal] - "" Incomplet, compliqué d'une embolie """,category,4
O04.-0.3,"Interruption médicale volontaire de grossesse [IVG dans le cadre légal] - "" Incomplet, avec complications autres et non précisées """,category,4
O04.-0.4,"Interruption médicale volontaire de grossesse [IVG dans le cadre légal] - "" Incomplet, sans complication """,category,4
O04.-0.5,"Interruption médicale volontaire de grossesse [IVG dans le cadre légal] - "" Complet ou sans précision, compliqué d'une infection de l'appareil génital et des organes pelviens """,category,4
O04.-0.6,"Interruption médicale volontaire de grossesse [IVG dans le cadre légal] - "" Complet ou sans précision, compliqué d'une hémorragie retardée ou sévère """,category,4
O04.-0.7,"Interruption médicale volontaire de grossesse [IVG dans le cadre légal] - "" Complet ou sans précision, compliqué d'une embolie """,category,4
O04.-0.8,"Interruption médicale volontaire de grossesse [IVG dans le cadre légal] - "" Complet ou sans précision, avec complications autres et non précisées """,category,4
O04.-0.9,"Interruption médicale volontaire de grossesse [IVG dans le cadre légal] - "" Complet ou sans précision, sans complication """,category,4
O04.-1,Interruption médicale de grossesse [IMG] [ITG] pour cause embryonnaire ou fœtale,category,3
O04.-1.0,"Interruption médicale de grossesse [IMG] [ITG] pour cause embryonnaire ou fœtale - "" Incomplet, compliqué d'une infection de l'appareil génital et des organes pelviens """,category,4
O04.-1.1,"Interruption médicale de grossesse [IMG] [ITG] pour cause embryonnaire ou fœtale - "" Incomplet, compliqué d'une hémorragie retardée ou sévère """,category,4
O04.-1.2,"Interruption médicale de grossesse [IMG] [ITG] pour cause embryonnaire ou fœtale - "" Incomplet, compliqué d'une embolie """,category,4
O04.-1.3,"Interruption médicale de grossesse [IMG] [ITG] pour cause embryonnaire ou fœtale - "" Incomplet, avec complications autres et non précisées """,category,4
O04.-1.4,"Interruption médicale de grossesse [IMG] [ITG] pour cause embryonnaire ou fœtale - "" Incomplet, sans complication """,category,4
O04.-1.5,"Interruption médicale de grossesse [IMG] [ITG] pour cause embryonnaire ou fœtale - "" Complet ou sans précision, compliqué d'une infection de l'appareil génital et des organes pelviens """,category,4
O04.-1.6,"Interruption médicale de grossesse [IMG] [ITG] pour cause embryonnaire ou fœtale - "" Complet ou sans précision, compliqué d'une hémorragie retardée ou sévère """,category,4
O04.-1.7,"Interruption médicale de grossesse [IMG] [ITG] pour cause embryonnaire ou fœtale - "" Complet ou sans précision, compliqué d'une embolie """,category,4
O04.-1.8,"Interruption médicale de grossesse [IMG] [ITG] pour cause embryonnaire ou fœtale - "" Complet ou sans précision, avec complications autres et non précisées """,category,4
O04.-1.9,"Interruption médicale de grossesse [IMG] [ITG] pour cause embryonnaire ou fœtale - "" Complet ou sans précision, sans complication """,category,4
O04.-2,Interruption médicale de grossesse [IMG] [ITG] pour cause maternelle,category,3
O04.-2.0,"Interruption médicale de grossesse [IMG] [ITG] pour cause maternelle - "" Incomplet, compliqué d'une infection de l'appareil génital et des organes pelviens """,category,4
O04.-2.1,"Interruption médicale de grossesse [IMG] [ITG] pour cause maternelle - "" Incomplet, compliqué d'une hémorragie retardée ou sévère """,category,4
O04.-2.2,"Interruption médicale de grossesse [IMG] [ITG] pour cause maternelle - "" Incomplet, compliqué d'une embolie """,category,4
O04.-2.3,"Interruption médicale de grossesse [IMG] [ITG] pour cause maternelle - "" Incomplet, avec complications autres et non précisées """,category,4
O04.-2.4,"Interruption médicale de grossesse [IMG] [ITG] pour cause maternelle - "" Incomplet, sans complication """,category,4
O04.-2.5,"Interruption médicale de grossesse [IMG] [ITG] pour cause maternelle - "" Complet ou sans précision, compliqué d'une infection de l'appareil génital et des organes pelviens """,category,4
O04.-2.6,"Interruption médicale de grossesse [IMG] [ITG] pour cause maternelle - "" Complet ou sans précision, compliqué d'une hémorragie retardée ou sévère """,category,4
O04.-2.7,"Interruption médicale de grossesse [IMG] [ITG] pour cause maternelle - "" Complet ou sans précision, compliqué d'une embolie """,category,4
O04.-2.8,"Interruption médicale de grossesse [IMG] [ITG] pour cause maternelle - "" Complet ou sans précision, avec complications autres et non précisées """,category,4
O04.-2.9,"Interruption médicale de grossesse [IMG] [ITG] pour cause maternelle - "" Complet ou sans précision, sans complication """,category,4
O04.-3,Interruption médicale de grossesse [IMG] [ITG] pour association de causes fœtale et maternelle,category,3
O04.-3.0,"Interruption médicale de grossesse [IMG] [ITG] pour association de causes fœtale et maternelle - "" Incomplet, compliqué d'une infection de l'appareil génital et des organes pelviens """,category,4
O04.-3.1,"Interruption médicale de grossesse [IMG] [ITG] pour association de causes fœtale et maternelle - "" Incomplet, compliqué d'une hémorragie retardée ou sévère """,category,4
O04.-3.2,"Interruption médicale de grossesse [IMG] [ITG] pour association de causes fœtale et maternelle - "" Incomplet, compliqué d'une embolie """,category,4
O04.-3.3,"Interruption médicale de grossesse [IMG] [ITG] pour association de causes fœtale et maternelle - "" Incomplet, avec complications autres et non précisées """,category,4
O04.-3.4,"Interruption médicale de grossesse [IMG] [ITG] pour association de causes fœtale et maternelle - "" Incomplet, sans complication """,category,4
O04.-3.5,"Interruption médicale de grossesse [IMG] [ITG] pour association de causes fœtale et maternelle - "" Complet ou sans précision, compliqué d'une infection de l'appareil génital et des organes pelviens """,category,4
O04.-3.6,"Interruption médicale de grossesse [IMG] [ITG] pour association de causes fœtale et maternelle - "" Complet ou sans précision, compliqué d'une hémorragie retardée ou sévère """,category,4
O04.-3.7,"Interruption médicale de grossesse [IMG] [ITG] pour association de causes fœtale et maternelle - "" Complet ou sans précision, compliqué d'une embolie """,category,4
O04.-3.8,"Interruption médicale de grossesse [IMG] [ITG] pour association de causes fœtale et maternelle - "" Complet ou sans précision, avec complications autres et non précisées """,category,4
O04.-3.9,"Interruption médicale de grossesse [IMG] [ITG] pour association de causes fœtale et maternelle - "" Complet ou sans précision, sans complication """,category,4
O14.2,HELLP syndrome,category,3
O43.2,Placenta adhérent pathologique,category,3
O60.0,Travail prématuré sans accouchement,category,3
O60.1,Travail prématuré spontané avec accouchement prématuré,category,3
O60.2,Travail prématuré spontané avec accouchement à terme,category,3
O60.3,Accouchement prématuré sans travail spontané,category,3
O72.00,"Hémorragie de la délivrance [troisième période], sévère",category,4
O72.08,"Hémorragie de la délivrance [troisième période], autre et sans précision",category,4
O72.10,"Autres hémorragies immédiates du postpartum, sévères",category,4
O72.18,Autres hémorragies immédiates du postpartum et sans précision,category,4
O72.20,"Hémorragie du postpartum, tardive et secondaire, sévère",category,4
O72.28,"Hémorragie du postpartum, tardive et secondaire, autre et sans précision",category,4
O94,"Séquelles de complications de la grossesse, de l’accouchement et de la puerpéralité",category,2
O94-O99,"Autres problèmes obstétricaux, non classés ailleurs",block,1
O96.0,Mort relevant directement d'une cause obstétricale survenant plus de 42 jours mais moins d'un an après l'accouchement,category,3
O96.1,Mort relevant indirectement d'une cause obstétricale survenant plus de 42 jours mais moins d'un an après l'accouchement,category,3
O96.9,Mort relevant d'une cause obstétricale non précisée survenant plus de 42 jours mais moins d'un an après l'accouchement,category,3
O97.0,Mort de séquelles relevant directement d’une cause obstétricale,category,3
O97.1,Mort de séquelles relevant indirectement d’une cause obstétricale,category,3
O97.9,"Mort de séquelles relevant d’une cause obstétricale, non précisée",category,3
O98.7,"Maladies dues au virus de l’immunodéficience [VIH] compliquant la grossesse, l'accouchement et la puerpéralité",category,3
P35.4,Maladie congénitale due au virus Zika,category,3
P36.00,"Infection du nouveau-né à streptocoques, groupe B - "" Sepsis """,category,4
P36.09,"Infection du nouveau-né à streptocoques, groupe B - "" Infection autre et non précisée """,category,4
P36.10,"Infections du nouveau-né à streptocoques, autres et sans précision - "" Sepsis """,category,4
P36.19,"Infections du nouveau-né à streptocoques, autres et sans précision - "" Infection autre et non précisée """,category,4
P36.20,"Infection du nouveau-né à staphylocoques dorés - "" Sepsis """,category,4
P36.29,"Infection du nouveau-né à staphylocoques dorés - "" Infection autre et non précisée """,category,4
P36.30,"Infections du nouveau-né à staphylocoques, autres et sans précision - "" Sepsis """,category,4
P36.39,"Infections du nouveau-né à staphylocoques, autres et sans précision - "" Infection autre et non précisée """,category,4
P36.40,"Infection du nouveau-né à Escherichia coli - "" Sepsis """,category,4
P36.49,"Infection du nouveau-né à Escherichia coli - "" Infection autre et non précisée """,category,4
P36.50,"Infection du nouveau-né due à des anaérobies - "" Sepsis """,category,4
P36.59,"Infection du nouveau-né due à des anaérobies - "" Infection autre et non précisée """,category,4
P36.80,"Autres infections bactériennes du nouveau-né - "" Sepsis """,category,4
P36.89,"Autres infections bactériennes du nouveau-né - "" Infection autre et non précisée """,category,4
P36.90,"Infection bactérienne du nouveau-né, sans précision - "" Sepsis """,category,4
P36.99,"Infection bactérienne du nouveau-né, sans précision - "" Infection autre et non précisée """,category,4
P91.6,Encéphalopathie anoxo-ischémique [hypoxique ischémique] du nouveau-né,category,3
P91.7,Hydrocéphalie acquise du nouveau-né,category,3
P95.+0,Mort fœtale in utero ou perpartum suite à une interruption médicale de grossesse,category,3
P95.+1,Mort fœtale in utero en dehors d'une interruption médicale de grossesse,category,3
P95.+2,Mort fœtale perpartum en dehors d'une interruption médicale de grossesse,category,3
P95.+8,Mort fœtale sans précision en dehors d'une interruption médicale de grossesse,category,3
Q18.00,Kyste de la queue du sourcil,category,4
Q18.08,"Autres fissures, fistules et kystes d’origine branchiale",category,4
Q31.5,Laryngomalacie congénitale,category,3
R00.3,"Activité électrique sans pouls, non classée ailleurs",category,3
R17.0,"Hyperbilirubinémie, avec mention d'ictère, non classée ailleurs",category,3
R17.9,"Hyperbilirubinémie, sans mention d'ictère, non classée ailleurs",category,3
R26.3,Immobilité,category,3
R26.30,État grabataire,category,4
R26.38,"Immobilité, autre et sans précision",category,4
R29.6,"Chutes à répétition, non classées ailleurs",category,3
R40.10,État paucirelationnel,category,4
R40.18,"Stupeur, autre et sans précision",category,4
R40.20,État végétatif chronique,category,4
R40.28,"Coma, autre et sans précision",category,4
R47.00,"Aphasie récente, persistant au-delà de 24 heures",category,4
R47.01,"Aphasie récente, régressive dans les 24 heures",category,4
R47.02,"Aphasie, autre et sans précision",category,4
R47.03,Dysphasie,category,4
R48.10,Hémiasomatognosie,category,4
R48.18,"Agnosie, autre et sans précision",category,4
R50.2,Fièvre due à des médicaments,category,3
R50.8,Autres fièvres précisées,category,3
R52.10,Douleur neuropathique,category,4
R52.18,"Douleurs chroniques irréductibles, autres et non précisées",category,4
R53.+0,Altération [Baisse] de l’état général,category,3
R53.+1,Malaise,category,3
R53.+2,Fatigue,category,3
R54.+0,Syndrome de glissement (sénile),category,3
R54.+8,Autres états de sénilité,category,3
R57.2,Choc septique,category,3
R63.6,Ingestion insuffisante d'aliments et de liquides,category,3
R65,Syndrome de réponse inflammatoire systémique [SRIS],category,2
R65.0,Syndrome de réponse inflammatoire systémique d'origine infectieuse sans défaillance d'organe,category,3
R65.1,Syndrome de réponse inflammatoire systémique d'origine infectieuse avec défaillance d'organe,category,3
R65.2,Syndrome de réponse inflammatoire systémique d'origine non infectieuse sans défaillance d'organe,category,3
R65.3,Syndrome de réponse inflammatoire systémique d'origine non infectieuse avec défaillance d'organe,category,3
R65.9,"Syndrome de réponse inflammatoire systémique, non précisé",category,3
R95.0,Syndrome de la mort subite du nourrisson avec mention d’autopsie,category,3
R95.9,Syndrome de la mort subite du nourrisson sans mention d’autopsie,category,3
S25.80,Lésion traumatique de la veine azygos,category,4
S25.88,Lésion traumatique d’autres vaisseaux sanguins précisés du thorax,category,4
S37.8-0,Lésion traumatique de la glande surrénale,category,4
S37.8-8,Lésion traumatique d’autres organes urinaires et pelviens précisés,category,4
S37.800,"Lésion traumatique de la glande surrénale - "" Sans plaie pénétrante de la cavité abdominale """,category,5
S37.808,"Lésion traumatique d’autres organes urinaires et pelviens précisés - "" Sans plaie pénétrante de la cavité abdominale """,category,5
S37.810,"Lésion traumatique de la glande surrénale - "" Avec plaie pénétrante de la cavité abdominale """,category,5
S37.818,"Lésion traumatique d’autres organes urinaires et pelviens précisés - "" Avec plaie pénétrante de la cavité abdominale """,category,5
S38.10,Écrasement de la fesse,category,4
S38.18,"Écrasement d’autres parties précisées de l’abdomen, des lombes et du bassin",category,4
S38.19,"Écrasement de parties non précisées de l’abdomen, des lombes et du bassin",category,4
S47.+0,Écrasement de la région scapulaire,category,3
S47.+8,Écrasement de parties autres et non précisées de l’épaule et du bras,category,3
T08+0,"Fracture du rachis, niveau non précisé - "" Fracture fermée """,category,3
T08+1,"Fracture du rachis, niveau non précisé - "" Fracture ouverte """,category,3
T10+0,"Fracture du membre supérieur, niveau non précisé - "" Fracture fermée """,category,3
T10+1,"Fracture du membre supérieur, niveau non précisé - "" Fracture ouverte """,category,3
T12+0,"Fracture d'un membre inférieur, niveau non précisé - "" Fracture fermée """,category,3
T12+1,"Fracture d'un membre inférieur, niveau non précisé - "" Fracture ouverte """,category,3
T31.30,"Brulures du premier degré ou de degré non précisé, couvrant entre 30% et moins de 40% de la surface du corps",category,5
T31.31,"Brulures du deuxième ou du troisième degré, couvrant entre 30% et moins de 40% de la surface du corps",category,5
T31.40,"Brulures du premier degré ou de degré non précisé, couvrant entre 40% et moins de 50% de la surface du corps",category,5
T31.41,"Brulures du deuxième ou du troisième degré, couvrant entre 40% et moins de 50% de la surface du corps",category,5
T31.50,"Brulures du premier degré ou de degré non précisé, couvrant entre 50% et moins de 60% de la surface du corps",category,5
T31.51,"Brulures du deuxième ou du troisième degré, couvrant entre 50% et moins de 60% de la surface du corps",category,5
T68.+0,"Hypothermie, température corporelle égale ou inférieure à 32°C",category,3
T68.+8,"Hypothermie, température corporelle supérieure à 32°C ou non précisée",category,3
T76,Effets non précisés de causes externes,category,2
T79-T79,Certaines complications précoces des traumatismes ,block,1
T81.30,Éviscération postopératoire,category,4
T81.38,"Désunions d'une plaie opératoire non classées ailleurs, autres et non précisées",category,4
T85.50,Complication mécanique due à un dispositif implantable périgastrique de gastroplastie pour obésité morbide,category,4
T85.58,"Complication mécanique due à d’autres prothèses, implants et greffes gastro-intestinaux",category,4
T86.00,Rejet d’une greffe de moelle osseuse par l’hôte,category,4
T86.01,Réaction aigüe d’un greffon de moelle osseuse contre l’hôte,category,4
T86.02,Réaction chronique d’un greffon de moelle osseuse contre l’hôte,category,4
T86.09,"Rejet d’une greffe de moelle osseuse, sans précision",category,4
T86.80,Échec et rejet de greffe d’intestin,category,4
T86.81,Échec et rejet de greffe de pancréas,category,4
T86.82,Échec et rejet de greffe de poumon,category,4
T86.83,Échec et rejet de greffe de cornée,category,4
T86.84,Échec et rejet de greffe d’os,category,4
T86.85,Échec et rejet de greffe de peau (allogreffe)(autogreffe),category,4
T86.88,Autres échecs et rejets de greffe,category,4
U00-U49,Classement provisoire d’affections nouvelles d’étiologie incertaine,block,1
U04,Syndrome respiratoire aigu sévère [SRAS],category,2
U04.9,"Syndrome respiratoire aigu sévère [SRAS], sans précision",category,3
U07,Codes pour usage urgent,category,2
U07.0,Affection liée au vapotage,category,3
U07.1,COVID-19,category,3
U07.10,"COVID-19, forme respiratoire, virus identifié",category,4
U07.11,"COVID-19, forme respiratoire, virus non identifié",category,4
U07.12,Porteur de SARS-CoV-2 asymptomatique,category,4
U07.13,Autres examens et mises en observation en lien avec l’épidémie COVID-19,category,4
U07.14,"COVID-19, autres formes cliniques, virus identifié",category,4
U07.15,"COVID-19, autres formes cliniques, virus non identifié",category,4
U07.2,Usage urgent de U07.2,category,3
U07.3,Usage urgent de U07.3,category,3
U07.4,Usage urgent de U07.4,category,3
U07.5,Usage urgent de U07.5,category,3
U07.6,Usage urgent de U07.6,category,3
U07.7,Usage urgent de U07.7,category,3
U07.8,Usage urgent de U07.8,category,3
U07.9,Usage urgent de U07.9,category,3
U08,Antécédents personnels de COVID-19,category,2
U08.9,"Antécédents personnels de COVID-19, sans précision",category,3
U09,Affection post-COVID-19,category,2
U09.9,"Affection post-COVID-19, sans précision",category,3
U10,Syndrome inflammatoire multisystémique associé à la COVID-19,category,2
U10.9,"Syndrome inflammatoire multisystémique associé à la COVID-19, sans précision",category,3
U11,Nécessité d’une vaccination contre la COVID-19,category,2
U11.9,"Nécessité d’une vaccination contre la COVID-19, sans précision",category,3
U12,Vaccins contre la COVID-19 ayant provoqué des effets indésirables au cours de leur usage thérapeutique,category,2
U12.9,"Vaccins contre la COVID-19 ayant provoqué des effets indésirables au cours de leur usage thérapeutique, sans précision",category,3
U82,Résistance aux antibiotiques bétalactamines [bétalactames],category,2
U82-U85,Résistance aux médicaments antimicrobiens et antinéoplasiques,block,1
U82.0,Résistance à la pénicilline,category,3
U82.0+0,"Résistance à la pénicilline, situation d'infection",category,4
U82.0+1,"Résistance à la pénicilline, situation de portage sain",category,4
U82.1,Résistance à la méthicilline,category,3
U82.10,"Résistance à la méthicilline - "" Situation d'infection """,category,4
U82.100,"Staphylococcus aureus résistant à la méthicilline [SARM], situation d'infection",category,5
U82.101,"Staphylococcus aureus résistant à la méthicilline [SARM], situation de portage sain",category,5
U82.18,"Staphylocoques, autres et non précisés, résistants à la méthicilline",category,4
U82.180,"Staphylocoques, autres et non précisés, résistants à la méthicilline, situation d'infection",category,5
U82.181,"Staphylocoques, autres et non précisés, résistants à la méthicilline, , situation de portage sain",category,5
U82.2,Résistance par bétalactamases à spectre étendu [BLSE],category,3
U82.2+0,"Résistance par bétalactamases à spectre étendu [BLSE], situation d'infection",category,4
U82.2+1,"Résistance par bétalactamases à spectre étendu [BLSE], situation de portage sain",category,4
U82.8,Résistance à d’autres antibiotiques bétalactamines,category,3
U82.8+0,"Résistance à d’autres antibiotiques bétalactamines, situation d'infection",category,4
U82.8+1,"Résistance à d’autres antibiotiques bétalactamines, situation de portage sain",category,4
U82.9,"Résistance aux antibiotiques bétalactamines, non précisée",category,3
U82.9+0,"Résistance aux antibiotiques bétalactamines, non précisée, situation d'infection",category,4
U82.9+1,"Résistance aux antibiotiques bétalactamines, non précisée, situation de portage sain",category,4
U83,Résistance aux autres antibiotiques,category,2
U83.0,Résistance à la vancomycine,category,3
U83.0+0,"Résistance à la vancomycine, situationd'infection",category,4
U83.0+1,"Résistance à la vancomycine, situation de portage sain",category,4
U83.1,Résistance à d’autres antibiotiques apparentés à la vancomycine,category,3
U83.1+0,"Résistance à d’autres antibiotiques apparentés à la vancomycine, situation d'infection",category,4
U83.1+1,"Résistance à d’autres antibiotiques apparentés à la vancomycine, situation de portage sain",category,4
U83.2,Résistance aux quinolones,category,3
U83.2+0,"Résistance aux quinolones, situation d'infection",category,4
U83.2+1,"Résistance aux quinolones, situation de portage sain",category,4
U83.7,Résistance à de multiples antibiotiques,category,3
U83.70,Bactérie hautement résistante émergente [BHRe],category,4
U83.700,"Bactérie hautement résistante émergente [BHRe], situation d'infection",category,5
U83.701,"Bactérie hautement résistante émergente [BHRe], situation de portage sain",category,5
U83.71,"Résistance à de multiples antibiotiques - "" Situation de portage sain """,category,4
U83.710,"Bactérie multirésistante [BMR], situation d'infection",category,5
U83.711,"Bactérie multirésistante [BMR], situation de portage sain",category,5
U83.78,Autres résistances à de multiples antibiotiques,category,4
U83.780,"Autres résistances à de multiples antibiotiques, situation d'infection",category,5
U83.781,"Autres résistances à de multiples antibiotiques, situation de portage sain",category,5
U83.8,Résistance à un seul autre antibiotique précisé,category,3
U83.8+0,"Résistance à un seul autre antibiotique précisé - "" Situation d'infection """,category,4
U83.8+1,"Résistance à un seul autre antibiotique précisé - "" Situation de portage sain """,category,4
U83.9,Résistance à un antibiotique non précisé,category,3
U83.9+0,"Résistance à un antibiotique non précisé - "" Situation d'infection """,category,4
U83.9+1,"Résistance à un antibiotique non précisé - "" Situation de portage sain """,category,4
U84,Résistance aux autres antimicrobiens,category,2
U84.0,Résistance aux médicaments antiparasitaires,category,3
U84.1,Résistance aux médicaments antifongiques,category,3
U84.2,Résistance aux médicaments antiviraux,category,3
U84.3,Résistance aux médicaments antituberculeux,category,3
U84.7,Résistance à de multiples médicaments antimicrobiens,category,3
U84.8,Résistance à un autre antimicrobien précisé,category,3
U84.9,Résistance à un antimicrobien non précisé,category,3
U85,Résistance aux médicaments antinéoplasiques,category,2
U90,Autres formes de pharmacorésistance,category,2
U90-U99,Autres codes d’utilisation particulière,block,1
U90.0,Résistance aux antiépileptiques,category,3
U90.9,"Résistances à un traitement, autres et sans précision",category,3
V,Troubles mentaux et du comportement,chapter,0
V01-X59,Accidents,block,1
VI,Maladies du système nerveux,chapter,0
VII,Maladies de l'œil et de ses annexes,chapter,0
VIII,Maladies de l'oreille et de l'apophyse mastoïde,chapter,0
W46,Contact avec aiguille à usage médical [aiguille hypodermique],category,4
X,Maladies de l'appareil respiratoire,chapter,0
XI,Maladies de l'appareil digestif,chapter,0
XII,Maladies de la peau et du tissu cellulaire souscutané,chapter,0
XIII,"Maladies du système ostéoarticulaire, des muscles et du tissu conjonctif",chapter,0
XIV,Maladies de l'appareil génito-urinaire,chapter,0
XIX,"Lésions traumatiques, empoisonnements et certaines autres conséquences de causes externes",chapter,0
XV,"Grossesse, accouchement et puerpéralité",chapter,0
XVI,Certaines affections dont l'origine se situe dans la période périnatale,chapter,0
XVII,Malformations congénitales et anomalies chromosomiques,chapter,0
XVIII,"Symptômes, signes et résultats anormaux d'examens cliniques et de laboratoire, non classés ailleurs",chapter,0
XX,Causes externes de morbidité et de mortalité,chapter,0
XXI,Facteurs influant sur l'état de santé et motifs de recours aux services de santé,chapter,0
XXII,Codes d’utilisation particulière,chapter,0
Z04.800,Examen et mise en observation pour enregistrement électroencéphalographique de longue durée,category,4
Z04.801,Examen et mise en observation pour polysomnographie,category,4
Z04.802,Examen et mise en observation pour bilan préopératoire,category,4
Z04.880,Autres examens et mises en observation pour d'autres raisons précisées,category,4
Z13.50,Examen spécial de dépistage des affections des yeux,category,4
Z13.51,Examen spécial de dépistage des affections des oreilles,category,4
Z22.7,Sujet porteur d'infection tuberculeuse latente,category,3
Z31.80,Greffe de tissu ovarien pour préservation de la fertilité,category,4
Z31.88,Autres mesures et procédures procréatives,category,4
Z37.00,"Naissance unique, enfant vivant - "" naissance en dehors d’une interruption de grossesse pour motif médical """,category,4
Z37.01,"Naissance unique, enfant vivant - "" naissance à la suite d’une interruption de grossesse pour motif médical """,category,4
Z37.10,"Naissance unique, enfant mort-né - "" naissance en dehors d’une interruption de grossesse pour motif médical """,category,4
Z37.11,"Naissance unique, enfant mort-né - "" naissance à la suite d’une interruption de grossesse pour motif médical """,category,4
Z37.20,"Naissance gémellaire, jumeaux nés vivants - "" naissance en dehors d’une interruption de grossesse pour motif médical """,category,4
Z37.21,"Naissance gémellaire, jumeaux nés vivants - "" naissance à la suite d’une interruption de grossesse pour motif médical """,category,4
Z37.30,"Naissance gémellaire, l'un des jumeaux né vivant, l'autre mort-né - "" naissance en dehors d’une interruption de grossesse pour motif médical """,category,4
Z37.31,"Naissance gémellaire, l'un des jumeaux né vivant, l'autre mort-né - "" naissance à la suite d’une interruption de grossesse pour motif médical """,category,4
Z37.40,"Naissance gémellaire, jumeaux mort-nés - "" naissance en dehors d’une interruption de grossesse pour motif médical """,category,4
Z37.41,"Naissance gémellaire, jumeaux mort-nés - "" naissance à la suite d’une interruption de grossesse pour motif médical """,category,4
Z37.50,"Autres naissances multiples, tous nés vivants - "" naissance en dehors d’une interruption de grossesse pour motif médical """,category,4
Z37.51,"Autres naissances multiples, tous nés vivants - "" naissance à la suite d’une interruption de grossesse pour motif médical """,category,4
Z37.60,"Autres naissances multiples, certains enfants nés vivants - "" naissance en dehors d’une interruption de grossesse pour motif médical """,category,4
Z37.61,"Autres naissances multiples, certains enfants nés vivants - "" naissance à la suite d’une interruption de grossesse pour motif médical """,category,4
Z37.70,"Autres naissances multiples, tous mort-nés - "" naissance en dehors d’une interruption de grossesse pour motif médical """,category,4
Z37.71,"Autres naissances multiples, tous mort-nés - "" naissance à la suite d’une interruption de grossesse pour motif médical """,category,4
Z37.90,"Résultat de l'accouchement, sans précision - "" naissance en dehors d’une interruption de grossesse pour motif médical """,category,4
Z37.91,"Résultat de l'accouchement, sans précision - "" naissance à la suite d’une interruption de grossesse pour motif médical """,category,4
Z39.00,Soins et examens immédiatement après un accouchement hors d’un établissement de santé,category,4
Z39.08,"Soins et examens immédiatement après l’accouchement, autres et sans précision",category,4
Z40.00,Ablation prophylactique de sein,category,4
Z40.01,Ablation prophylactique d’organe de l’appareil génital féminin,category,4
Z40.02,Ablation prophylactique d’organe de l’appareil digestif,category,4
Z40.08,Ablation prophylactique d'autres organes,category,4
Z41.80,Intervention de confort,category,4
Z41.88,"Autres thérapies sans raison médicale, non classées ailleurs",category,4
Z45.80,Ajustement et entretien d’une prothèse interne urinaire,category,4
Z45.81,Ajustement et entretien d’une prothèse interne génitale,category,4
Z45.82,Ajustement et entretien d’une prothèse intraoculaire,category,4
Z45.83,Ajustement et entretien d’une prothèse interne des voies aériennes supérieures,category,4
Z45.84,Ajustement et entretien d’une prothèse interne du système nerveux central,category,4
Z45.88,Ajustement et entretien d’autres prothèses internes précisées,category,4
Z47.80,Soins de contrôle d’appareil externe de fixation ou de traction,category,4
Z47.88,"Autres soins de contrôle orthopédiques, NCA",category,4
Z49.20,Séance de dialyse péritonéale automatisée [DPA],category,4
Z49.21,Séance de dialyse péritonéale continue ambulatoire [DPCA],category,4
Z51.00,Préparation à une radiothérapie,category,4
Z51.01,Séance d’irradiation,category,4
Z51.30,Séance de transfusion de produit sanguin labile,category,4
Z51.31,Séance d’aphérèse sanguine,category,4
Z51.80,Séance d’oxygénothérapie hyperbare,category,4
Z51.85,"Sédation profonde continue maintenue jusqu’au décès [SPCMJD, loi Claeys Leonetti]",category,4
Z51.86,Sédation palliative hors SPCMJD,category,4
Z51.88,"Autres formes précisées de soins médicaux, non classées ailleurs",category,4
Z52.80,Don ou prélèvement d’ovocytes ou de tissu ovarien,category,4
Z52.801,Prélèvement d’ovocytes pour assistance médicale à la procréation (AMP),category,5
Z52.802,Prélèvement d’ovocytes pour préservation de la fertilité avec indication médicale,category,5
Z52.803,Prélèvement d’ovocytes pour autoconservation,category,5
Z52.804,Don d'ovocytes,category,5
Z52.805,Prélèvement d’ovocytes en vue d’un diagnostic préimplantatoire [DPI],category,5
Z52.806,Prélèvement de tissu ovarien,category,5
Z52.808,Prélèvement d’ovocytes pour d’autres motifs précisés,category,5
Z52.88,Donneur d’autres organes et tissus non classés ailleurs,category,4
Z55.00,Analphabétisme et illettrisme,category,4
Z55.08,"Faibles niveaux éducatifs, autres et sans précision",category,4
Z58.7,Exposition à la fumée du tabac,category,3
Z59.10,Logement insalubre ou impropre à l’habitation,category,4
Z59.11,Logement sans confort,category,4
Z59.12,Logement inadéquat du fait de l’état de santé de la personne,category,4
Z59.13,Logement en habitat temporaire ou de fortune,category,4
Z59.18,"Logements inadéquats, autres et non précisés",category,4
Z59.50,"Absence totale de revenu, d’aide et de prestation financières",category,4
Z59.58,"Situations de pauvreté extrême, autres et sans précision",category,4
Z59.60,Bénéficiaire de l’aide de l’État à la complémentaire santé,category,4
Z59.61,Bénéficiaire de l’AME,category,4
Z59.62,Bénéficiaire de minima sociaux,category,4
Z59.68,"Faibles revenus, autres et non précisés",category,4
Z59.70,Absence de couverture sociale,category,4
Z59.78,"Couverture sociale et secours insuffisants, autres et non précisés",category,4
Z60.20,Personne vivant seule à son domicile,category,4
Z60.28,"Solitudes, autres et non précisées",category,4
Z60.30,Difficultés liées à la langue,category,4
Z60.38,"Difficultés d’acculturation, autres et non précisées",category,4
Z75.80,"Sujet adressé dans un autre établissement, pour réalisation d’un acte",category,4
Z75.88,"Autres difficultés liées aux installations médicales et autres soins de santé, non classées ailleurs",category,4
Z76.800,Sujet ayant recours aux services de santé après une réunion de concertation pluridisciplinaire [RCP] ayant établi la complexité d'une infection ostéoarticulaire,category,4
Z76.850,Enfant recevant du lait provenant d’un lactarium,category,4
Z76.880,"Sujet ayant recours aux services de santé dans d'autres circonstances précisées, non classées ailleurs",category,4
Z80.00,Antécédents familiaux de tumeur maligne du tube digestif,category,4
Z80.01,Antécédents familiaux de tumeur maligne du système hépatobiliaire et du pancréas,category,4
Z80.02,Antécédents familiaux de tumeur maligne de la rate,category,4
Z80.09,"Antécédents familiaux de tumeur maligne des organes digestifs, sans précision",category,4
Z80.20,Antécédents familiaux de tumeur maligne des voies aériennes supérieures et de l'oreille moyenne,category,4
Z80.21,Antécédents familiaux de tumeur maligne du cœur,category,4
Z80.28,Antécédents familiaux de tumeur maligne d'autres organes intrathoraciques précisés,category,4
Z80.29,"Antécédents familiaux de tumeur maligne des autres organes respiratoires et intrathoraciques, sans précision",category,4
Z80.800,Antécédents familiaux de tumeur maligne du système nerveux,category,4
Z80.801,Antécédents familiaux de tumeur maligne de l'œil,category,4
Z80.802,Antécédents familiaux de tumeur maligne de la gorge et de la bouche,category,4
Z80.803,Antécédents familiaux de tumeur maligne de l'appareil musculosquelettique et du tissu conjonctif,category,4
Z80.804,Antécédents familiaux de tumeur maligne de la peau et des tissus souscutanés,category,4
Z80.805,Antécédents familiaux de tumeur maligne des glandes endocrines,category,4
Z80.880,Antécédents familiaux de tumeur maligne d'autres localisations,category,4
Z83.50,Antécédents familiaux de maladies des organes de la vue,category,4
Z83.51,Antécédents familiaux de maladies des organes de l'audition,category,4
Z83.70,Antécédents familiaux de maladies du tube digestif,category,4
Z83.71,Antécédents familiaux de maladies du système hépatobiliaire et du pancréas,category,4
Z83.72,Antécédents familiaux de maladies de la bouche et des dents,category,4
Z83.79,"Antécédents familiaux de maladies de l'appareil digestif, sans précision",category,4
Z84.20,Antécédents familiaux d'autres maladies de l'appareil urinaire,category,4
Z84.21,Antécédents familiaux d'autres maladies de l'appareil génital,category,4
Z84.22,Antécédents familiaux de maladies du sein,category,4
Z84.80,Antécédents familiaux de tumeur non maligne,category,4
Z84.88,Antécédents familiaux d'autres affections non classées ailleurs,category,4
Z85.00,Antécédents personnels de tumeur maligne du tube digestif,category,4
Z85.01,Antécédents personnels de tumeur maligne du système hépatobiliaire et du pancréas,category,4
Z85.02,Antécédents personnels de tumeur maligne de la rate,category,4
Z85.09,"Antécédents personnels de tumeur maligne des organes digestifs, sans précision",category,4
Z85.20,Antécédents personnels de tumeur maligne des voies aériennes supérieures et de l'oreille moyenne,category,4
Z85.21,Antécédents personnels de tumeur maligne du cœur,category,4
Z85.28,Antécédents personnels de tumeur maligne d'autres organes intrathoraciques précisés,category,4
Z85.29,"Antécédents personnels de tumeur maligne des autres organes respiratoires et intrathoraciques, sans précision",category,4
Z85.800,Antécédents personnels de tumeur maligne du système nerveux,category,4
Z85.801,Antécédents personnels de tumeur maligne de l'œil,category,4
Z85.802,Antécédents personnels de tumeur maligne de la gorge et de la bouche,category,4
Z85.803,Antécédents personnels de tumeur maligne de l'appareil musculosquelettique et du tissu conjonctif,category,4
Z85.804,Antécédents personnels de tumeur maligne de la peau et des tissus souscutanés,category,4
Z85.805,Antécédents personnels de tumeur maligne des glandes endocrines,category,4
Z85.880,Antécédents personnels de tumeur maligne d'autres localisations,category,4
Z86.000,Antécédents personnels de tumeur non maligne du système nerveux,category,4
Z86.001,Antécédents personnels de tumeur non maligne du tube digestif,category,4
Z86.002,Antécédents personnels de tumeur non maligne de l'appareil musculosquelettique et du tissu conjonctif,category,4
Z86.003,Antécédents personnels de tumeur non maligne du sein,category,4
Z86.004,Antécédents personnels de tumeur non maligne de la peau,category,4
Z86.005,Antécédents personnels de tumeur non maligne de la vessie,category,4
Z86.080,Antécédents personnels de tumeur non maligne d'autres localisations,category,4
Z86.090,Antécédents personnels de tumeur non maligne sans précision,category,4
Z86.60,Antécédents personnels d'accidents ischémiques cérébraux transitoires et syndromes apparentés,category,4
Z86.61,Antécédents personnels d'autres maladies du système nerveux,category,4
Z86.62,Antécédents personnels de maladies des organes de la vue,category,4
Z86.63,Antécédents personnels de maladies des organes de l'audition,category,4
Z86.70,Antécédents personnels de maladies cérébrovasculaires,category,4
Z86.71,Antécédents personnels de cardiopathies ischémiques et autres maladies de l'appareil circulatoire,category,4
Z87.00,Antécédents personnels de maladies des voies respiratoires supérieures,category,4
Z87.01,Antécédents personnels d'autres maladies de l'appareil respiratoire,category,4
Z87.09,Antécédents personnels de maladies de l'appareil respiratoire sans précision,category,4
Z87.10,Antécédents personnels de maladies de la bouche et des dents,category,4
Z87.11,Antécédents personnels de maladies du tube digestif,category,4
Z87.12,Antécédents personnels de maladies du système hépatobiliaire et du pancréas,category,4
Z87.19,Antécédents personnels de maladies de l'appareil digestif sans précision,category,4
Z87.40,Antécédents personnels de maladies de l'appareil urinaire,category,4
Z87.41,Antécédents personnels de maladies de l'appareil génital,category,4
Z87.42,Antécédents personnels de maladies du sein,category,4
Z87.80,Antécédents personnels de lésion traumatique intracrânienne,category,4
Z87.81,Antécédents personnels de traumatisme des membres et du bassin,category,4
Z87.82,Antécédents personnels de traumatismes autres et non précisés,category,4
Z87.83,Antécédents personnels d'intoxication,category,4
Z87.88,Antécédents personnels d'autres états précisés,category,4
Z91.50,Antécédents personnels récents de lésions auto-infligées,category,4
Z91.58,"Antécédents personnels de lésions auto-infligées, autres et non précisés",category,4
Z91.7,Antécédent personnel de mutilation sexuelle féminine,category,3
Z92.6,Antécédents personnels de chimiothérapie pour tumeur,category,3
Z94.80,Greffe de moelle osseuse,category,4
Z94.800,Autogreffe de cellules souches hématopoïétiques,category,5
Z94.802,"Allogreffe de cellules souches hématopoïétiques, greffon de moelle osseuse, de cellules souches périphériques ou d’unité de sang placentaire de donneur apparenté",category,5
Z94.803,"Allogreffe de cellules souches hématopoïétiques, greffon de moelle osseuse ou de cellules souches périphériques de donneur non apparenté",category,5
Z94.804,"Allogreffe de cellules souches hématopoïétiques, greffon d’unité de sang placentaire de donneur non apparenté",category,5
Z94.809,"Allogreffe de cellules souches hématopoïétiques, autres et sans précision",category,5
Z94.81,Greffe de pancréas,category,4
Z94.82,Greffe d’intestin,category,4
Z94.88,"Greffes d’organes et de tissus, autres",category,4
Z95.80,Présence d’une endoprothèse vasculaire périphérique,category,4
Z95.88,"Présence d’autres implants et greffes cardiaques et vasculaires, NCA",category,4
Z99.1+0,Dépendance envers un respirateur : ventilation par trachéostomie,category,4
Z99.1+1,Dépendance envers un respirateur : ventilation par masque nasal,category,4
Z99.1+8,Dépendance envers un respirateur : ventilation par un autre moyen,category,4
Z99.2+0,Dépendance envers une hémodialyse (rénale),category,4
Z99.2+1,Dépendance envers une dialyse péritonéale,category,4
Z99.2+8,"Dépendance envers une dialyse rénale, autre",category,4
Z99.4,Dépendance envers un cœur artificiel,category,3
