code_maitre,cle,classe,sous_classe,code_atih,libelle
I70.200,I70200,ATIH s'arrête à un niveau supérieur,préfixe ATIH I7020 (type MCO 0),I7020,"Athérosclérose des artères distales, sans gangrène - "" sans gangrène """
I70.201,I70201,ATIH s'arrête à un niveau supérieur,préfixe ATIH I7020 (type MCO 0),I7020,"Athérosclérose des artères distales, sans gangrène - "" avec gangrène """
I70.210,I70210,ATIH s'arrête à un niveau supérieur,préfixe ATIH I7021 (type MCO 0),I7021,"Athérosclérose des artères distales, avec gangrène - "" sans gangrène """
I70.211,I70211,ATIH s'arrête à un niveau supérieur,préfixe ATIH I7021 (type MCO 0),I7021,"Athérosclérose des artères distales, avec gangrène - "" avec gangrène """
M07.01,M0701,ATIH s'arrête à un niveau supérieur,préfixe ATIH M070 (type MCO 0),M070,"Arthropathie psoriasique distale interphalangienne (L40.5)   - "" Région scapulaire """
M07.02,M0702,ATIH s'arrête à un niveau supérieur,préfixe ATIH M070 (type MCO 0),M070,"Arthropathie psoriasique distale interphalangienne (L40.5)   - "" Bras """
M07.03,M0703,ATIH s'arrête à un niveau supérieur,préfixe ATIH M070 (type MCO 0),M070,"Arthropathie psoriasique distale interphalangienne (L40.5)   - "" Avant-bras """
M07.05,M0705,ATIH s'arrête à un niveau supérieur,préfixe ATIH M070 (type MCO 0),M070,"Arthropathie psoriasique distale interphalangienne (L40.5)   - "" Région pelvienne et cuisse """
M07.06,M0706,ATIH s'arrête à un niveau supérieur,préfixe ATIH M070 (type MCO 0),M070,"Arthropathie psoriasique distale interphalangienne (L40.5)   - "" Jambe """
M07.08,M0708,ATIH s'arrête à un niveau supérieur,préfixe ATIH M070 (type MCO 0),M070,"Arthropathie psoriasique distale interphalangienne (L40.5)   - "" Autres """
M07.21,M0721,ATIH s'arrête à un niveau supérieur,préfixe ATIH M072 (type MCO 0),M072,"Spondylite psoriasique (L40.5)   - "" Région scapulaire """
M07.22,M0722,ATIH s'arrête à un niveau supérieur,préfixe ATIH M072 (type MCO 0),M072,"Spondylite psoriasique (L40.5)   - "" Bras """
M07.23,M0723,ATIH s'arrête à un niveau supérieur,préfixe ATIH M072 (type MCO 0),M072,"Spondylite psoriasique (L40.5)   - "" Avant-bras """
M07.24,M0724,ATIH s'arrête à un niveau supérieur,préfixe ATIH M072 (type MCO 0),M072,"Spondylite psoriasique (L40.5)   - "" Main """
M07.25,M0725,ATIH s'arrête à un niveau supérieur,préfixe ATIH M072 (type MCO 0),M072,"Spondylite psoriasique (L40.5)   - "" Région pelvienne et cuisse """
M07.26,M0726,ATIH s'arrête à un niveau supérieur,préfixe ATIH M072 (type MCO 0),M072,"Spondylite psoriasique (L40.5)   - "" Jambe """
M07.27,M0727,ATIH s'arrête à un niveau supérieur,préfixe ATIH M072 (type MCO 0),M072,"Spondylite psoriasique (L40.5)   - "" Cheville et pied """
M07.29,M0729,ATIH s'arrête à un niveau supérieur,préfixe ATIH M072 (type MCO 0),M072,"Spondylite psoriasique (L40.5)   - "" Siège non précisé """
M08.11,M0811,ATIH s'arrête à un niveau supérieur,préfixe ATIH M081 (type MCO 0),M081,"Spondylarthrite ankylosante juvénile - "" Région scapulaire """
M08.12,M0812,ATIH s'arrête à un niveau supérieur,préfixe ATIH M081 (type MCO 0),M081,"Spondylarthrite ankylosante juvénile - "" Bras """
M08.13,M0813,ATIH s'arrête à un niveau supérieur,préfixe ATIH M081 (type MCO 0),M081,"Spondylarthrite ankylosante juvénile - "" Avant-bras """
M08.14,M0814,ATIH s'arrête à un niveau supérieur,préfixe ATIH M081 (type MCO 0),M081,"Spondylarthrite ankylosante juvénile - "" Main """
M08.16,M0816,ATIH s'arrête à un niveau supérieur,préfixe ATIH M081 (type MCO 0),M081,"Spondylarthrite ankylosante juvénile - "" Jambe """
M08.17,M0817,ATIH s'arrête à un niveau supérieur,préfixe ATIH M081 (type MCO 0),M081,"Spondylarthrite ankylosante juvénile - "" Cheville et pied """
M13.10,M1310,ATIH s'arrête à un niveau supérieur,préfixe ATIH M131 (type MCO 0),M131,"Monoarthrite, non classée ailleurs - "" Sièges multiples """
M14.00,M1400,ATIH s'arrête à un niveau supérieur,préfixe ATIH M140 (type MCO 0),M140,"Arthropathie goutteuse due à un déficit enzymatique et autres troubles héréditaires - "" Sièges multiples """
M14.01,M1401,ATIH s'arrête à un niveau supérieur,préfixe ATIH M140 (type MCO 0),M140,"Arthropathie goutteuse due à un déficit enzymatique et autres troubles héréditaires - "" Région scapulaire """
M14.02,M1402,ATIH s'arrête à un niveau supérieur,préfixe ATIH M140 (type MCO 0),M140,"Arthropathie goutteuse due à un déficit enzymatique et autres troubles héréditaires - "" Bras """
M14.03,M1403,ATIH s'arrête à un niveau supérieur,préfixe ATIH M140 (type MCO 0),M140,"Arthropathie goutteuse due à un déficit enzymatique et autres troubles héréditaires - "" Avant-bras """
M14.04,M1404,ATIH s'arrête à un niveau supérieur,préfixe ATIH M140 (type MCO 0),M140,"Arthropathie goutteuse due à un déficit enzymatique et autres troubles héréditaires - "" Main """
M14.05,M1405,ATIH s'arrête à un niveau supérieur,préfixe ATIH M140 (type MCO 0),M140,"Arthropathie goutteuse due à un déficit enzymatique et autres troubles héréditaires - "" Région pelvienne et cuisse """
M14.06,M1406,ATIH s'arrête à un niveau supérieur,préfixe ATIH M140 (type MCO 0),M140,"Arthropathie goutteuse due à un déficit enzymatique et autres troubles héréditaires - "" Jambe """
M14.07,M1407,ATIH s'arrête à un niveau supérieur,préfixe ATIH M140 (type MCO 0),M140,"Arthropathie goutteuse due à un déficit enzymatique et autres troubles héréditaires - "" Cheville et pied """
M14.08,M1408,ATIH s'arrête à un niveau supérieur,préfixe ATIH M140 (type MCO 0),M140,"Arthropathie goutteuse due à un déficit enzymatique et autres troubles héréditaires - "" Autres """
M14.09,M1409,ATIH s'arrête à un niveau supérieur,préfixe ATIH M140 (type MCO 0),M140,"Arthropathie goutteuse due à un déficit enzymatique et autres troubles héréditaires - "" Siège non précisé """
M14.10,M1410,ATIH s'arrête à un niveau supérieur,préfixe ATIH M141 (type MCO 0),M141,"Arthropathie à microcristaux au cours d'autres troubles métaboliques classés ailleurs - "" Sièges multiples """
M14.11,M1411,ATIH s'arrête à un niveau supérieur,préfixe ATIH M141 (type MCO 0),M141,"Arthropathie à microcristaux au cours d'autres troubles métaboliques classés ailleurs - "" Région scapulaire """
M14.12,M1412,ATIH s'arrête à un niveau supérieur,préfixe ATIH M141 (type MCO 0),M141,"Arthropathie à microcristaux au cours d'autres troubles métaboliques classés ailleurs - "" Bras """
M14.13,M1413,ATIH s'arrête à un niveau supérieur,préfixe ATIH M141 (type MCO 0),M141,"Arthropathie à microcristaux au cours d'autres troubles métaboliques classés ailleurs - "" Avant-bras """
M14.14,M1414,ATIH s'arrête à un niveau supérieur,préfixe ATIH M141 (type MCO 0),M141,"Arthropathie à microcristaux au cours d'autres troubles métaboliques classés ailleurs - "" Main """
M14.15,M1415,ATIH s'arrête à un niveau supérieur,préfixe ATIH M141 (type MCO 0),M141,"Arthropathie à microcristaux au cours d'autres troubles métaboliques classés ailleurs - "" Région pelvienne et cuisse """
M14.16,M1416,ATIH s'arrête à un niveau supérieur,préfixe ATIH M141 (type MCO 0),M141,"Arthropathie à microcristaux au cours d'autres troubles métaboliques classés ailleurs - "" Jambe """
M14.17,M1417,ATIH s'arrête à un niveau supérieur,préfixe ATIH M141 (type MCO 0),M141,"Arthropathie à microcristaux au cours d'autres troubles métaboliques classés ailleurs - "" Cheville et pied """
M14.18,M1418,ATIH s'arrête à un niveau supérieur,préfixe ATIH M141 (type MCO 0),M141,"Arthropathie à microcristaux au cours d'autres troubles métaboliques classés ailleurs - "" Autres """
M14.19,M1419,ATIH s'arrête à un niveau supérieur,préfixe ATIH M141 (type MCO 0),M141,"Arthropathie à microcristaux au cours d'autres troubles métaboliques classés ailleurs - "" Siège non précisé """
M14.20,M1420,ATIH s'arrête à un niveau supérieur,préfixe ATIH M142 (type MCO 0),M142,"Arthropathie diabétique ( (E10-E14)  avec le quatrième caractère .6)  - "" Sièges multiples """
M14.21,M1421,ATIH s'arrête à un niveau supérieur,préfixe ATIH M142 (type MCO 0),M142,"Arthropathie diabétique ( (E10-E14)  avec le quatrième caractère .6)  - "" Région scapulaire """
M14.22,M1422,ATIH s'arrête à un niveau supérieur,préfixe ATIH M142 (type MCO 0),M142,"Arthropathie diabétique ( (E10-E14)  avec le quatrième caractère .6)  - "" Bras """
M14.23,M1423,ATIH s'arrête à un niveau supérieur,préfixe ATIH M142 (type MCO 0),M142,"Arthropathie diabétique ( (E10-E14)  avec le quatrième caractère .6)  - "" Avant-bras """
M14.24,M1424,ATIH s'arrête à un niveau supérieur,préfixe ATIH M142 (type MCO 0),M142,"Arthropathie diabétique ( (E10-E14)  avec le quatrième caractère .6)  - "" Main """
M14.25,M1425,ATIH s'arrête à un niveau supérieur,préfixe ATIH M142 (type MCO 0),M142,"Arthropathie diabétique ( (E10-E14)  avec le quatrième caractère .6)  - "" Région pelvienne et cuisse """
M14.26,M1426,ATIH s'arrête à un niveau supérieur,préfixe ATIH M142 (type MCO 0),M142,"Arthropathie diabétique ( (E10-E14)  avec le quatrième caractère .6)  - "" Jambe """
M14.27,M1427,ATIH s'arrête à un niveau supérieur,préfixe ATIH M142 (type MCO 0),M142,"Arthropathie diabétique ( (E10-E14)  avec le quatrième caractère .6)  - "" Cheville et pied """
M14.28,M1428,ATIH s'arrête à un niveau supérieur,préfixe ATIH M142 (type MCO 0),M142,"Arthropathie diabétique ( (E10-E14)  avec le quatrième caractère .6)  - "" Autres """
M14.29,M1429,ATIH s'arrête à un niveau supérieur,préfixe ATIH M142 (type MCO 0),M142,"Arthropathie diabétique ( (E10-E14)  avec le quatrième caractère .6)  - "" Siège non précisé """
M14.30,M1430,ATIH s'arrête à un niveau supérieur,préfixe ATIH M143 (type MCO 0),M143,"Dermatoarthrite lipoïde (E78.8)   - "" Sièges multiples """
M14.31,M1431,ATIH s'arrête à un niveau supérieur,préfixe ATIH M143 (type MCO 0),M143,"Dermatoarthrite lipoïde (E78.8)   - "" Région scapulaire """
M14.32,M1432,ATIH s'arrête à un niveau supérieur,préfixe ATIH M143 (type MCO 0),M143,"Dermatoarthrite lipoïde (E78.8)   - "" Bras """
M14.33,M1433,ATIH s'arrête à un niveau supérieur,préfixe ATIH M143 (type MCO 0),M143,"Dermatoarthrite lipoïde (E78.8)   - "" Avant-bras """
M14.34,M1434,ATIH s'arrête à un niveau supérieur,préfixe ATIH M143 (type MCO 0),M143,"Dermatoarthrite lipoïde (E78.8)   - "" Main """
M14.35,M1435,ATIH s'arrête à un niveau supérieur,préfixe ATIH M143 (type MCO 0),M143,"Dermatoarthrite lipoïde (E78.8)   - "" Région pelvienne et cuisse """
M14.36,M1436,ATIH s'arrête à un niveau supérieur,préfixe ATIH M143 (type MCO 0),M143,"Dermatoarthrite lipoïde (E78.8)   - "" Jambe """
M14.37,M1437,ATIH s'arrête à un niveau supérieur,préfixe ATIH M143 (type MCO 0),M143,"Dermatoarthrite lipoïde (E78.8)   - "" Cheville et pied """
M14.38,M1438,ATIH s'arrête à un niveau supérieur,préfixe ATIH M143 (type MCO 0),M143,"Dermatoarthrite lipoïde (E78.8)   - "" Autres """
M14.39,M1439,ATIH s'arrête à un niveau supérieur,préfixe ATIH M143 (type MCO 0),M143,"Dermatoarthrite lipoïde (E78.8)   - "" Siège non précisé """
M14.40,M1440,ATIH s'arrête à un niveau supérieur,préfixe ATIH M144 (type MCO 0),M144,"Arthropathie au cours d'amylose (E85.-)   - "" Sièges multiples """
M14.41,M1441,ATIH s'arrête à un niveau supérieur,préfixe ATIH M144 (type MCO 0),M144,"Arthropathie au cours d'amylose (E85.-)   - "" Région scapulaire """
M14.42,M1442,ATIH s'arrête à un niveau supérieur,préfixe ATIH M144 (type MCO 0),M144,"Arthropathie au cours d'amylose (E85.-)   - "" Bras """
M14.43,M1443,ATIH s'arrête à un niveau supérieur,préfixe ATIH M144 (type MCO 0),M144,"Arthropathie au cours d'amylose (E85.-)   - "" Avant-bras """
M14.44,M1444,ATIH s'arrête à un niveau supérieur,préfixe ATIH M144 (type MCO 0),M144,"Arthropathie au cours d'amylose (E85.-)   - "" Main """
M14.45,M1445,ATIH s'arrête à un niveau supérieur,préfixe ATIH M144 (type MCO 0),M144,"Arthropathie au cours d'amylose (E85.-)   - "" Région pelvienne et cuisse """
M14.46,M1446,ATIH s'arrête à un niveau supérieur,préfixe ATIH M144 (type MCO 0),M144,"Arthropathie au cours d'amylose (E85.-)   - "" Jambe """
M14.47,M1447,ATIH s'arrête à un niveau supérieur,préfixe ATIH M144 (type MCO 0),M144,"Arthropathie au cours d'amylose (E85.-)   - "" Cheville et pied """
M14.48,M1448,ATIH s'arrête à un niveau supérieur,préfixe ATIH M144 (type MCO 0),M144,"Arthropathie au cours d'amylose (E85.-)   - "" Autres """
M14.49,M1449,ATIH s'arrête à un niveau supérieur,préfixe ATIH M144 (type MCO 0),M144,"Arthropathie au cours d'amylose (E85.-)   - "" Siège non précisé """
M14.50,M1450,ATIH s'arrête à un niveau supérieur,préfixe ATIH M145 (type MCO 0),M145,"Arthropathie au cours d'autres maladies endocriniennes, nutritionnelles et métaboliques - "" Sièges multiples """
M14.51,M1451,ATIH s'arrête à un niveau supérieur,préfixe ATIH M145 (type MCO 0),M145,"Arthropathie au cours d'autres maladies endocriniennes, nutritionnelles et métaboliques - "" Région scapulaire """
M14.52,M1452,ATIH s'arrête à un niveau supérieur,préfixe ATIH M145 (type MCO 0),M145,"Arthropathie au cours d'autres maladies endocriniennes, nutritionnelles et métaboliques - "" Bras """
M14.53,M1453,ATIH s'arrête à un niveau supérieur,préfixe ATIH M145 (type MCO 0),M145,"Arthropathie au cours d'autres maladies endocriniennes, nutritionnelles et métaboliques - "" Avant-bras """
M14.54,M1454,ATIH s'arrête à un niveau supérieur,préfixe ATIH M145 (type MCO 0),M145,"Arthropathie au cours d'autres maladies endocriniennes, nutritionnelles et métaboliques - "" Main """
M14.55,M1455,ATIH s'arrête à un niveau supérieur,préfixe ATIH M145 (type MCO 0),M145,"Arthropathie au cours d'autres maladies endocriniennes, nutritionnelles et métaboliques - "" Région pelvienne et cuisse """
M14.56,M1456,ATIH s'arrête à un niveau supérieur,préfixe ATIH M145 (type MCO 0),M145,"Arthropathie au cours d'autres maladies endocriniennes, nutritionnelles et métaboliques - "" Jambe """
M14.57,M1457,ATIH s'arrête à un niveau supérieur,préfixe ATIH M145 (type MCO 0),M145,"Arthropathie au cours d'autres maladies endocriniennes, nutritionnelles et métaboliques - "" Cheville et pied """
M14.58,M1458,ATIH s'arrête à un niveau supérieur,préfixe ATIH M145 (type MCO 0),M145,"Arthropathie au cours d'autres maladies endocriniennes, nutritionnelles et métaboliques - "" Autres """
M14.59,M1459,ATIH s'arrête à un niveau supérieur,préfixe ATIH M145 (type MCO 0),M145,"Arthropathie au cours d'autres maladies endocriniennes, nutritionnelles et métaboliques - "" Siège non précisé """
M14.60,M1460,ATIH s'arrête à un niveau supérieur,préfixe ATIH M146 (type MCO 0),M146,"Arthropathie nerveuse - "" Sièges multiples """
M14.61,M1461,ATIH s'arrête à un niveau supérieur,préfixe ATIH M146 (type MCO 0),M146,"Arthropathie nerveuse - "" Région scapulaire """
M14.62,M1462,ATIH s'arrête à un niveau supérieur,préfixe ATIH M146 (type MCO 0),M146,"Arthropathie nerveuse - "" Bras """
M14.63,M1463,ATIH s'arrête à un niveau supérieur,préfixe ATIH M146 (type MCO 0),M146,"Arthropathie nerveuse - "" Avant-bras """
M14.64,M1464,ATIH s'arrête à un niveau supérieur,préfixe ATIH M146 (type MCO 0),M146,"Arthropathie nerveuse - "" Main """
M14.65,M1465,ATIH s'arrête à un niveau supérieur,préfixe ATIH M146 (type MCO 0),M146,"Arthropathie nerveuse - "" Région pelvienne et cuisse """
M14.66,M1466,ATIH s'arrête à un niveau supérieur,préfixe ATIH M146 (type MCO 0),M146,"Arthropathie nerveuse - "" Jambe """
M14.67,M1467,ATIH s'arrête à un niveau supérieur,préfixe ATIH M146 (type MCO 0),M146,"Arthropathie nerveuse - "" Cheville et pied """
M14.68,M1468,ATIH s'arrête à un niveau supérieur,préfixe ATIH M146 (type MCO 0),M146,"Arthropathie nerveuse - "" Autres """
M14.69,M1469,ATIH s'arrête à un niveau supérieur,préfixe ATIH M146 (type MCO 0),M146,"Arthropathie nerveuse - "" Siège non précisé """
M14.80,M1480,ATIH s'arrête à un niveau supérieur,préfixe ATIH M148 (type MCO 0),M148,"Arthropathie au cours d'autres maladies précisées classées ailleurs - "" Sièges multiples """
M14.81,M1481,ATIH s'arrête à un niveau supérieur,préfixe ATIH M148 (type MCO 0),M148,"Arthropathie au cours d'autres maladies précisées classées ailleurs - "" Région scapulaire """
M14.82,M1482,ATIH s'arrête à un niveau supérieur,préfixe ATIH M148 (type MCO 0),M148,"Arthropathie au cours d'autres maladies précisées classées ailleurs - "" Bras """
M14.83,M1483,ATIH s'arrête à un niveau supérieur,préfixe ATIH M148 (type MCO 0),M148,"Arthropathie au cours d'autres maladies précisées classées ailleurs - "" Avant-bras """
M14.84,M1484,ATIH s'arrête à un niveau supérieur,préfixe ATIH M148 (type MCO 0),M148,"Arthropathie au cours d'autres maladies précisées classées ailleurs - "" Main """
M14.85,M1485,ATIH s'arrête à un niveau supérieur,préfixe ATIH M148 (type MCO 0),M148,"Arthropathie au cours d'autres maladies précisées classées ailleurs - "" Région pelvienne et cuisse """
M14.86,M1486,ATIH s'arrête à un niveau supérieur,préfixe ATIH M148 (type MCO 0),M148,"Arthropathie au cours d'autres maladies précisées classées ailleurs - "" Jambe """
M14.87,M1487,ATIH s'arrête à un niveau supérieur,préfixe ATIH M148 (type MCO 0),M148,"Arthropathie au cours d'autres maladies précisées classées ailleurs - "" Cheville et pied """
M14.88,M1488,ATIH s'arrête à un niveau supérieur,préfixe ATIH M148 (type MCO 0),M148,"Arthropathie au cours d'autres maladies précisées classées ailleurs - "" Autres """
M14.89,M1489,ATIH s'arrête à un niveau supérieur,préfixe ATIH M148 (type MCO 0),M148,"Arthropathie au cours d'autres maladies précisées classées ailleurs - "" Siège non précisé """
M15.00,M1500,ATIH s'arrête à un niveau supérieur,préfixe ATIH M150 (type MCO 0),M150,"(Ostéo)arthrose primaire généralisée - "" Sièges multiples """
M15.01,M1501,ATIH s'arrête à un niveau supérieur,préfixe ATIH M150 (type MCO 0),M150,"(Ostéo)arthrose primaire généralisée - "" Région scapulaire """
M15.02,M1502,ATIH s'arrête à un niveau supérieur,préfixe ATIH M150 (type MCO 0),M150,"(Ostéo)arthrose primaire généralisée - "" Bras """
M15.03,M1503,ATIH s'arrête à un niveau supérieur,préfixe ATIH M150 (type MCO 0),M150,"(Ostéo)arthrose primaire généralisée - "" Avant-bras """
M15.04,M1504,ATIH s'arrête à un niveau supérieur,préfixe ATIH M150 (type MCO 0),M150,"(Ostéo)arthrose primaire généralisée - "" Main """
M15.05,M1505,ATIH s'arrête à un niveau supérieur,préfixe ATIH M150 (type MCO 0),M150,"(Ostéo)arthrose primaire généralisée - "" Région pelvienne et cuisse """
M15.06,M1506,ATIH s'arrête à un niveau supérieur,préfixe ATIH M150 (type MCO 0),M150,"(Ostéo)arthrose primaire généralisée - "" Jambe """
M15.07,M1507,ATIH s'arrête à un niveau supérieur,préfixe ATIH M150 (type MCO 0),M150,"(Ostéo)arthrose primaire généralisée - "" Cheville et pied """
M15.08,M1508,ATIH s'arrête à un niveau supérieur,préfixe ATIH M150 (type MCO 0),M150,"(Ostéo)arthrose primaire généralisée - "" Autres """
M15.09,M1509,ATIH s'arrête à un niveau supérieur,préfixe ATIH M150 (type MCO 0),M150,"(Ostéo)arthrose primaire généralisée - "" Siège non précisé """
M15.10,M1510,ATIH s'arrête à un niveau supérieur,préfixe ATIH M151 (type MCO 0),M151,"Nodosités d'Heberden (avec arthropathie) - "" Sièges multiples """
M15.11,M1511,ATIH s'arrête à un niveau supérieur,préfixe ATIH M151 (type MCO 0),M151,"Nodosités d'Heberden (avec arthropathie) - "" Région scapulaire """
M15.12,M1512,ATIH s'arrête à un niveau supérieur,préfixe ATIH M151 (type MCO 0),M151,"Nodosités d'Heberden (avec arthropathie) - "" Bras """
M15.13,M1513,ATIH s'arrête à un niveau supérieur,préfixe ATIH M151 (type MCO 0),M151,"Nodosités d'Heberden (avec arthropathie) - "" Avant-bras """
M15.14,M1514,ATIH s'arrête à un niveau supérieur,préfixe ATIH M151 (type MCO 0),M151,"Nodosités d'Heberden (avec arthropathie) - "" Main """
M15.15,M1515,ATIH s'arrête à un niveau supérieur,préfixe ATIH M151 (type MCO 0),M151,"Nodosités d'Heberden (avec arthropathie) - "" Région pelvienne et cuisse """
M15.16,M1516,ATIH s'arrête à un niveau supérieur,préfixe ATIH M151 (type MCO 0),M151,"Nodosités d'Heberden (avec arthropathie) - "" Jambe """
M15.17,M1517,ATIH s'arrête à un niveau supérieur,préfixe ATIH M151 (type MCO 0),M151,"Nodosités d'Heberden (avec arthropathie) - "" Cheville et pied """
M15.18,M1518,ATIH s'arrête à un niveau supérieur,préfixe ATIH M151 (type MCO 0),M151,"Nodosités d'Heberden (avec arthropathie) - "" Autres """
M15.19,M1519,ATIH s'arrête à un niveau supérieur,préfixe ATIH M151 (type MCO 0),M151,"Nodosités d'Heberden (avec arthropathie) - "" Siège non précisé """
M15.20,M1520,ATIH s'arrête à un niveau supérieur,préfixe ATIH M152 (type MCO 0),M152,"Nodosités de Bouchard (avec arthropathie) - "" Sièges multiples """
M15.21,M1521,ATIH s'arrête à un niveau supérieur,préfixe ATIH M152 (type MCO 0),M152,"Nodosités de Bouchard (avec arthropathie) - "" Région scapulaire """
M15.22,M1522,ATIH s'arrête à un niveau supérieur,préfixe ATIH M152 (type MCO 0),M152,"Nodosités de Bouchard (avec arthropathie) - "" Bras """
M15.23,M1523,ATIH s'arrête à un niveau supérieur,préfixe ATIH M152 (type MCO 0),M152,"Nodosités de Bouchard (avec arthropathie) - "" Avant-bras """
M15.24,M1524,ATIH s'arrête à un niveau supérieur,préfixe ATIH M152 (type MCO 0),M152,"Nodosités de Bouchard (avec arthropathie) - "" Main """
M15.25,M1525,ATIH s'arrête à un niveau supérieur,préfixe ATIH M152 (type MCO 0),M152,"Nodosités de Bouchard (avec arthropathie) - "" Région pelvienne et cuisse """
M15.26,M1526,ATIH s'arrête à un niveau supérieur,préfixe ATIH M152 (type MCO 0),M152,"Nodosités de Bouchard (avec arthropathie) - "" Jambe """
M15.27,M1527,ATIH s'arrête à un niveau supérieur,préfixe ATIH M152 (type MCO 0),M152,"Nodosités de Bouchard (avec arthropathie) - "" Cheville et pied """
M15.28,M1528,ATIH s'arrête à un niveau supérieur,préfixe ATIH M152 (type MCO 0),M152,"Nodosités de Bouchard (avec arthropathie) - "" Autres """
M15.29,M1529,ATIH s'arrête à un niveau supérieur,préfixe ATIH M152 (type MCO 0),M152,"Nodosités de Bouchard (avec arthropathie) - "" Siège non précisé """
M15.30,M1530,ATIH s'arrête à un niveau supérieur,préfixe ATIH M153 (type MCO 0),M153,"Arthrose secondaire multiple - "" Sièges multiples """
M15.31,M1531,ATIH s'arrête à un niveau supérieur,préfixe ATIH M153 (type MCO 0),M153,"Arthrose secondaire multiple - "" Région scapulaire """
M15.32,M1532,ATIH s'arrête à un niveau supérieur,préfixe ATIH M153 (type MCO 0),M153,"Arthrose secondaire multiple - "" Bras """
M15.33,M1533,ATIH s'arrête à un niveau supérieur,préfixe ATIH M153 (type MCO 0),M153,"Arthrose secondaire multiple - "" Avant-bras """
M15.34,M1534,ATIH s'arrête à un niveau supérieur,préfixe ATIH M153 (type MCO 0),M153,"Arthrose secondaire multiple - "" Main """
M15.35,M1535,ATIH s'arrête à un niveau supérieur,préfixe ATIH M153 (type MCO 0),M153,"Arthrose secondaire multiple - "" Région pelvienne et cuisse """
M15.36,M1536,ATIH s'arrête à un niveau supérieur,préfixe ATIH M153 (type MCO 0),M153,"Arthrose secondaire multiple - "" Jambe """
M15.37,M1537,ATIH s'arrête à un niveau supérieur,préfixe ATIH M153 (type MCO 0),M153,"Arthrose secondaire multiple - "" Cheville et pied """
M15.38,M1538,ATIH s'arrête à un niveau supérieur,préfixe ATIH M153 (type MCO 0),M153,"Arthrose secondaire multiple - "" Autres """
M15.39,M1539,ATIH s'arrête à un niveau supérieur,préfixe ATIH M153 (type MCO 0),M153,"Arthrose secondaire multiple - "" Siège non précisé """
M15.40,M1540,ATIH s'arrête à un niveau supérieur,préfixe ATIH M154 (type MCO 0),M154,"(Ostéo)arthrose érosive - "" Sièges multiples """
M15.41,M1541,ATIH s'arrête à un niveau supérieur,préfixe ATIH M154 (type MCO 0),M154,"(Ostéo)arthrose érosive - "" Région scapulaire """
M15.42,M1542,ATIH s'arrête à un niveau supérieur,préfixe ATIH M154 (type MCO 0),M154,"(Ostéo)arthrose érosive - "" Bras """
M15.43,M1543,ATIH s'arrête à un niveau supérieur,préfixe ATIH M154 (type MCO 0),M154,"(Ostéo)arthrose érosive - "" Avant-bras """
M15.44,M1544,ATIH s'arrête à un niveau supérieur,préfixe ATIH M154 (type MCO 0),M154,"(Ostéo)arthrose érosive - "" Main """
M15.45,M1545,ATIH s'arrête à un niveau supérieur,préfixe ATIH M154 (type MCO 0),M154,"(Ostéo)arthrose érosive - "" Région pelvienne et cuisse """
M15.46,M1546,ATIH s'arrête à un niveau supérieur,préfixe ATIH M154 (type MCO 0),M154,"(Ostéo)arthrose érosive - "" Jambe """
M15.47,M1547,ATIH s'arrête à un niveau supérieur,préfixe ATIH M154 (type MCO 0),M154,"(Ostéo)arthrose érosive - "" Cheville et pied """
M15.48,M1548,ATIH s'arrête à un niveau supérieur,préfixe ATIH M154 (type MCO 0),M154,"(Ostéo)arthrose érosive - "" Autres """
M15.49,M1549,ATIH s'arrête à un niveau supérieur,préfixe ATIH M154 (type MCO 0),M154,"(Ostéo)arthrose érosive - "" Siège non précisé """
M15.80,M1580,ATIH s'arrête à un niveau supérieur,préfixe ATIH M158 (type MCO 0),M158,"Autres polyarthroses - "" Sièges multiples """
M15.81,M1581,ATIH s'arrête à un niveau supérieur,préfixe ATIH M158 (type MCO 0),M158,"Autres polyarthroses - "" Région scapulaire """
M15.82,M1582,ATIH s'arrête à un niveau supérieur,préfixe ATIH M158 (type MCO 0),M158,"Autres polyarthroses - "" Bras """
M15.83,M1583,ATIH s'arrête à un niveau supérieur,préfixe ATIH M158 (type MCO 0),M158,"Autres polyarthroses - "" Avant-bras """
M15.84,M1584,ATIH s'arrête à un niveau supérieur,préfixe ATIH M158 (type MCO 0),M158,"Autres polyarthroses - "" Main """
M15.85,M1585,ATIH s'arrête à un niveau supérieur,préfixe ATIH M158 (type MCO 0),M158,"Autres polyarthroses - "" Région pelvienne et cuisse """
M15.86,M1586,ATIH s'arrête à un niveau supérieur,préfixe ATIH M158 (type MCO 0),M158,"Autres polyarthroses - "" Jambe """
M15.87,M1587,ATIH s'arrête à un niveau supérieur,préfixe ATIH M158 (type MCO 0),M158,"Autres polyarthroses - "" Cheville et pied """
M15.88,M1588,ATIH s'arrête à un niveau supérieur,préfixe ATIH M158 (type MCO 0),M158,"Autres polyarthroses - "" Autres """
M15.89,M1589,ATIH s'arrête à un niveau supérieur,préfixe ATIH M158 (type MCO 0),M158,"Autres polyarthroses - "" Siège non précisé """
M15.90,M1590,ATIH s'arrête à un niveau supérieur,préfixe ATIH M159 (type MCO 0),M159,"Polyarthrose, sans précision - "" Sièges multiples """
M15.91,M1591,ATIH s'arrête à un niveau supérieur,préfixe ATIH M159 (type MCO 0),M159,"Polyarthrose, sans précision - "" Région scapulaire """
M15.92,M1592,ATIH s'arrête à un niveau supérieur,préfixe ATIH M159 (type MCO 0),M159,"Polyarthrose, sans précision - "" Bras """
M15.93,M1593,ATIH s'arrête à un niveau supérieur,préfixe ATIH M159 (type MCO 0),M159,"Polyarthrose, sans précision - "" Avant-bras """
M15.94,M1594,ATIH s'arrête à un niveau supérieur,préfixe ATIH M159 (type MCO 0),M159,"Polyarthrose, sans précision - "" Main """
M15.95,M1595,ATIH s'arrête à un niveau supérieur,préfixe ATIH M159 (type MCO 0),M159,"Polyarthrose, sans précision - "" Région pelvienne et cuisse """
M15.96,M1596,ATIH s'arrête à un niveau supérieur,préfixe ATIH M159 (type MCO 0),M159,"Polyarthrose, sans précision - "" Jambe """
M15.97,M1597,ATIH s'arrête à un niveau supérieur,préfixe ATIH M159 (type MCO 0),M159,"Polyarthrose, sans précision - "" Cheville et pied """
M15.98,M1598,ATIH s'arrête à un niveau supérieur,préfixe ATIH M159 (type MCO 0),M159,"Polyarthrose, sans précision - "" Autres """
M15.99,M1599,ATIH s'arrête à un niveau supérieur,préfixe ATIH M159 (type MCO 0),M159,"Polyarthrose, sans précision - "" Siège non précisé """
M16.00,M1600,ATIH s'arrête à un niveau supérieur,préfixe ATIH M160 (type MCO 0),M160,"Coxarthrose primaire, bilatérale - "" Sièges multiples """
M16.01,M1601,ATIH s'arrête à un niveau supérieur,préfixe ATIH M160 (type MCO 0),M160,"Coxarthrose primaire, bilatérale - "" Région scapulaire """
M16.02,M1602,ATIH s'arrête à un niveau supérieur,préfixe ATIH M160 (type MCO 0),M160,"Coxarthrose primaire, bilatérale - "" Bras """
M16.03,M1603,ATIH s'arrête à un niveau supérieur,préfixe ATIH M160 (type MCO 0),M160,"Coxarthrose primaire, bilatérale - "" Avant-bras """
M16.04,M1604,ATIH s'arrête à un niveau supérieur,préfixe ATIH M160 (type MCO 0),M160,"Coxarthrose primaire, bilatérale - "" Main """
M16.05,M1605,ATIH s'arrête à un niveau supérieur,préfixe ATIH M160 (type MCO 0),M160,"Coxarthrose primaire, bilatérale - "" Région pelvienne et cuisse """
M16.06,M1606,ATIH s'arrête à un niveau supérieur,préfixe ATIH M160 (type MCO 0),M160,"Coxarthrose primaire, bilatérale - "" Jambe """
M16.07,M1607,ATIH s'arrête à un niveau supérieur,préfixe ATIH M160 (type MCO 0),M160,"Coxarthrose primaire, bilatérale - "" Cheville et pied """
M16.08,M1608,ATIH s'arrête à un niveau supérieur,préfixe ATIH M160 (type MCO 0),M160,"Coxarthrose primaire, bilatérale - "" Autres """
M16.09,M1609,ATIH s'arrête à un niveau supérieur,préfixe ATIH M160 (type MCO 0),M160,"Coxarthrose primaire, bilatérale - "" Siège non précisé """
M16.10,M1610,ATIH s'arrête à un niveau supérieur,préfixe ATIH M161 (type MCO 0),M161,"Autres coxarthroses primaires - "" Sièges multiples """
M16.11,M1611,ATIH s'arrête à un niveau supérieur,préfixe ATIH M161 (type MCO 0),M161,"Autres coxarthroses primaires - "" Région scapulaire """
M16.12,M1612,ATIH s'arrête à un niveau supérieur,préfixe ATIH M161 (type MCO 0),M161,"Autres coxarthroses primaires - "" Bras """
M16.13,M1613,ATIH s'arrête à un niveau supérieur,préfixe ATIH M161 (type MCO 0),M161,"Autres coxarthroses primaires - "" Avant-bras """
M16.14,M1614,ATIH s'arrête à un niveau supérieur,préfixe ATIH M161 (type MCO 0),M161,"Autres coxarthroses primaires - "" Main """
M16.15,M1615,ATIH s'arrête à un niveau supérieur,préfixe ATIH M161 (type MCO 0),M161,"Autres coxarthroses primaires - "" Région pelvienne et cuisse """
M16.16,M1616,ATIH s'arrête à un niveau supérieur,préfixe ATIH M161 (type MCO 0),M161,"Autres coxarthroses primaires - "" Jambe """
M16.17,M1617,ATIH s'arrête à un niveau supérieur,préfixe ATIH M161 (type MCO 0),M161,"Autres coxarthroses primaires - "" Cheville et pied """
M16.18,M1618,ATIH s'arrête à un niveau supérieur,préfixe ATIH M161 (type MCO 0),M161,"Autres coxarthroses primaires - "" Autres """
M16.19,M1619,ATIH s'arrête à un niveau supérieur,préfixe ATIH M161 (type MCO 0),M161,"Autres coxarthroses primaires - "" Siège non précisé """
M16.20,M1620,ATIH s'arrête à un niveau supérieur,préfixe ATIH M162 (type MCO 0),M162,"Coxarthrose d'origine dysplasique, bilatérale - "" Sièges multiples """
M16.21,M1621,ATIH s'arrête à un niveau supérieur,préfixe ATIH M162 (type MCO 0),M162,"Coxarthrose d'origine dysplasique, bilatérale - "" Région scapulaire """
M16.22,M1622,ATIH s'arrête à un niveau supérieur,préfixe ATIH M162 (type MCO 0),M162,"Coxarthrose d'origine dysplasique, bilatérale - "" Bras """
M16.23,M1623,ATIH s'arrête à un niveau supérieur,préfixe ATIH M162 (type MCO 0),M162,"Coxarthrose d'origine dysplasique, bilatérale - "" Avant-bras """
M16.24,M1624,ATIH s'arrête à un niveau supérieur,préfixe ATIH M162 (type MCO 0),M162,"Coxarthrose d'origine dysplasique, bilatérale - "" Main """
M16.25,M1625,ATIH s'arrête à un niveau supérieur,préfixe ATIH M162 (type MCO 0),M162,"Coxarthrose d'origine dysplasique, bilatérale - "" Région pelvienne et cuisse """
M16.26,M1626,ATIH s'arrête à un niveau supérieur,préfixe ATIH M162 (type MCO 0),M162,"Coxarthrose d'origine dysplasique, bilatérale - "" Jambe """
M16.27,M1627,ATIH s'arrête à un niveau supérieur,préfixe ATIH M162 (type MCO 0),M162,"Coxarthrose d'origine dysplasique, bilatérale - "" Cheville et pied """
M16.28,M1628,ATIH s'arrête à un niveau supérieur,préfixe ATIH M162 (type MCO 0),M162,"Coxarthrose d'origine dysplasique, bilatérale - "" Autres """
M16.29,M1629,ATIH s'arrête à un niveau supérieur,préfixe ATIH M162 (type MCO 0),M162,"Coxarthrose d'origine dysplasique, bilatérale - "" Siège non précisé """
M16.30,M1630,ATIH s'arrête à un niveau supérieur,préfixe ATIH M163 (type MCO 0),M163,"Autres coxarthroses dysplasiques - "" Sièges multiples """
M16.31,M1631,ATIH s'arrête à un niveau supérieur,préfixe ATIH M163 (type MCO 0),M163,"Autres coxarthroses dysplasiques - "" Région scapulaire """
M16.32,M1632,ATIH s'arrête à un niveau supérieur,préfixe ATIH M163 (type MCO 0),M163,"Autres coxarthroses dysplasiques - "" Bras """
M16.33,M1633,ATIH s'arrête à un niveau supérieur,préfixe ATIH M163 (type MCO 0),M163,"Autres coxarthroses dysplasiques - "" Avant-bras """
M16.34,M1634,ATIH s'arrête à un niveau supérieur,préfixe ATIH M163 (type MCO 0),M163,"Autres coxarthroses dysplasiques - "" Main """
M16.35,M1635,ATIH s'arrête à un niveau supérieur,préfixe ATIH M163 (type MCO 0),M163,"Autres coxarthroses dysplasiques - "" Région pelvienne et cuisse """
M16.36,M1636,ATIH s'arrête à un niveau supérieur,préfixe ATIH M163 (type MCO 0),M163,"Autres coxarthroses dysplasiques - "" Jambe """
M16.37,M1637,ATIH s'arrête à un niveau supérieur,préfixe ATIH M163 (type MCO 0),M163,"Autres coxarthroses dysplasiques - "" Cheville et pied """
M16.38,M1638,ATIH s'arrête à un niveau supérieur,préfixe ATIH M163 (type MCO 0),M163,"Autres coxarthroses dysplasiques - "" Autres """
M16.39,M1639,ATIH s'arrête à un niveau supérieur,préfixe ATIH M163 (type MCO 0),M163,"Autres coxarthroses dysplasiques - "" Siège non précisé """
M16.40,M1640,ATIH s'arrête à un niveau supérieur,préfixe ATIH M164 (type MCO 0),M164,"Coxarthrose posttraumatique, bilatérale - "" Sièges multiples """
M16.41,M1641,ATIH s'arrête à un niveau supérieur,préfixe ATIH M164 (type MCO 0),M164,"Coxarthrose posttraumatique, bilatérale - "" Région scapulaire """
M16.42,M1642,ATIH s'arrête à un niveau supérieur,préfixe ATIH M164 (type MCO 0),M164,"Coxarthrose posttraumatique, bilatérale - "" Bras """
M16.43,M1643,ATIH s'arrête à un niveau supérieur,préfixe ATIH M164 (type MCO 0),M164,"Coxarthrose posttraumatique, bilatérale - "" Avant-bras """
M16.44,M1644,ATIH s'arrête à un niveau supérieur,préfixe ATIH M164 (type MCO 0),M164,"Coxarthrose posttraumatique, bilatérale - "" Main """
M16.45,M1645,ATIH s'arrête à un niveau supérieur,préfixe ATIH M164 (type MCO 0),M164,"Coxarthrose posttraumatique, bilatérale - "" Région pelvienne et cuisse """
M16.46,M1646,ATIH s'arrête à un niveau supérieur,préfixe ATIH M164 (type MCO 0),M164,"Coxarthrose posttraumatique, bilatérale - "" Jambe """
M16.47,M1647,ATIH s'arrête à un niveau supérieur,préfixe ATIH M164 (type MCO 0),M164,"Coxarthrose posttraumatique, bilatérale - "" Cheville et pied """
M16.48,M1648,ATIH s'arrête à un niveau supérieur,préfixe ATIH M164 (type MCO 0),M164,"Coxarthrose posttraumatique, bilatérale - "" Autres """
M16.49,M1649,ATIH s'arrête à un niveau supérieur,préfixe ATIH M164 (type MCO 0),M164,"Coxarthrose posttraumatique, bilatérale - "" Siège non précisé """
M16.50,M1650,ATIH s'arrête à un niveau supérieur,préfixe ATIH M165 (type MCO 0),M165,"Autres coxarthroses posttraumatiques - "" Sièges multiples """
M16.51,M1651,ATIH s'arrête à un niveau supérieur,préfixe ATIH M165 (type MCO 0),M165,"Autres coxarthroses posttraumatiques - "" Région scapulaire """
M16.52,M1652,ATIH s'arrête à un niveau supérieur,préfixe ATIH M165 (type MCO 0),M165,"Autres coxarthroses posttraumatiques - "" Bras """
M16.53,M1653,ATIH s'arrête à un niveau supérieur,préfixe ATIH M165 (type MCO 0),M165,"Autres coxarthroses posttraumatiques - "" Avant-bras """
M16.54,M1654,ATIH s'arrête à un niveau supérieur,préfixe ATIH M165 (type MCO 0),M165,"Autres coxarthroses posttraumatiques - "" Main """
M16.55,M1655,ATIH s'arrête à un niveau supérieur,préfixe ATIH M165 (type MCO 0),M165,"Autres coxarthroses posttraumatiques - "" Région pelvienne et cuisse """
M16.56,M1656,ATIH s'arrête à un niveau supérieur,préfixe ATIH M165 (type MCO 0),M165,"Autres coxarthroses posttraumatiques - "" Jambe """
M16.57,M1657,ATIH s'arrête à un niveau supérieur,préfixe ATIH M165 (type MCO 0),M165,"Autres coxarthroses posttraumatiques - "" Cheville et pied """
M16.58,M1658,ATIH s'arrête à un niveau supérieur,préfixe ATIH M165 (type MCO 0),M165,"Autres coxarthroses posttraumatiques - "" Autres """
M16.59,M1659,ATIH s'arrête à un niveau supérieur,préfixe ATIH M165 (type MCO 0),M165,"Autres coxarthroses posttraumatiques - "" Siège non précisé """
M16.60,M1660,ATIH s'arrête à un niveau supérieur,préfixe ATIH M166 (type MCO 0),M166,"Autres coxarthroses secondaires, bilatérales - "" Sièges multiples """
M16.61,M1661,ATIH s'arrête à un niveau supérieur,préfixe ATIH M166 (type MCO 0),M166,"Autres coxarthroses secondaires, bilatérales - "" Région scapulaire """
M16.62,M1662,ATIH s'arrête à un niveau supérieur,préfixe ATIH M166 (type MCO 0),M166,"Autres coxarthroses secondaires, bilatérales - "" Bras """
M16.63,M1663,ATIH s'arrête à un niveau supérieur,préfixe ATIH M166 (type MCO 0),M166,"Autres coxarthroses secondaires, bilatérales - "" Avant-bras """
M16.64,M1664,ATIH s'arrête à un niveau supérieur,préfixe ATIH M166 (type MCO 0),M166,"Autres coxarthroses secondaires, bilatérales - "" Main """
M16.65,M1665,ATIH s'arrête à un niveau supérieur,préfixe ATIH M166 (type MCO 0),M166,"Autres coxarthroses secondaires, bilatérales - "" Région pelvienne et cuisse """
M16.66,M1666,ATIH s'arrête à un niveau supérieur,préfixe ATIH M166 (type MCO 0),M166,"Autres coxarthroses secondaires, bilatérales - "" Jambe """
M16.67,M1667,ATIH s'arrête à un niveau supérieur,préfixe ATIH M166 (type MCO 0),M166,"Autres coxarthroses secondaires, bilatérales - "" Cheville et pied """
M16.68,M1668,ATIH s'arrête à un niveau supérieur,préfixe ATIH M166 (type MCO 0),M166,"Autres coxarthroses secondaires, bilatérales - "" Autres """
M16.69,M1669,ATIH s'arrête à un niveau supérieur,préfixe ATIH M166 (type MCO 0),M166,"Autres coxarthroses secondaires, bilatérales - "" Siège non précisé """
M16.70,M1670,ATIH s'arrête à un niveau supérieur,préfixe ATIH M167 (type MCO 0),M167,"Autres coxarthroses secondaires - "" Sièges multiples """
M16.71,M1671,ATIH s'arrête à un niveau supérieur,préfixe ATIH M167 (type MCO 0),M167,"Autres coxarthroses secondaires - "" Région scapulaire """
M16.72,M1672,ATIH s'arrête à un niveau supérieur,préfixe ATIH M167 (type MCO 0),M167,"Autres coxarthroses secondaires - "" Bras """
M16.73,M1673,ATIH s'arrête à un niveau supérieur,préfixe ATIH M167 (type MCO 0),M167,"Autres coxarthroses secondaires - "" Avant-bras """
M16.74,M1674,ATIH s'arrête à un niveau supérieur,préfixe ATIH M167 (type MCO 0),M167,"Autres coxarthroses secondaires - "" Main """
M16.75,M1675,ATIH s'arrête à un niveau supérieur,préfixe ATIH M167 (type MCO 0),M167,"Autres coxarthroses secondaires - "" Région pelvienne et cuisse """
M16.76,M1676,ATIH s'arrête à un niveau supérieur,préfixe ATIH M167 (type MCO 0),M167,"Autres coxarthroses secondaires - "" Jambe """
M16.77,M1677,ATIH s'arrête à un niveau supérieur,préfixe ATIH M167 (type MCO 0),M167,"Autres coxarthroses secondaires - "" Cheville et pied """
M16.78,M1678,ATIH s'arrête à un niveau supérieur,préfixe ATIH M167 (type MCO 0),M167,"Autres coxarthroses secondaires - "" Autres """
M16.79,M1679,ATIH s'arrête à un niveau supérieur,préfixe ATIH M167 (type MCO 0),M167,"Autres coxarthroses secondaires - "" Siège non précisé """
M16.90,M1690,ATIH s'arrête à un niveau supérieur,préfixe ATIH M169 (type MCO 0),M169,"Coxarthrose, sans précision - "" Sièges multiples """
M16.91,M1691,ATIH s'arrête à un niveau supérieur,préfixe ATIH M169 (type MCO 0),M169,"Coxarthrose, sans précision - "" Région scapulaire """
M16.92,M1692,ATIH s'arrête à un niveau supérieur,préfixe ATIH M169 (type MCO 0),M169,"Coxarthrose, sans précision - "" Bras """
M16.93,M1693,ATIH s'arrête à un niveau supérieur,préfixe ATIH M169 (type MCO 0),M169,"Coxarthrose, sans précision - "" Avant-bras """
M16.94,M1694,ATIH s'arrête à un niveau supérieur,préfixe ATIH M169 (type MCO 0),M169,"Coxarthrose, sans précision - "" Main """
M16.95,M1695,ATIH s'arrête à un niveau supérieur,préfixe ATIH M169 (type MCO 0),M169,"Coxarthrose, sans précision - "" Région pelvienne et cuisse """
M16.96,M1696,ATIH s'arrête à un niveau supérieur,préfixe ATIH M169 (type MCO 0),M169,"Coxarthrose, sans précision - "" Jambe """
M16.97,M1697,ATIH s'arrête à un niveau supérieur,préfixe ATIH M169 (type MCO 0),M169,"Coxarthrose, sans précision - "" Cheville et pied """
M16.98,M1698,ATIH s'arrête à un niveau supérieur,préfixe ATIH M169 (type MCO 0),M169,"Coxarthrose, sans précision - "" Autres """
M16.99,M1699,ATIH s'arrête à un niveau supérieur,préfixe ATIH M169 (type MCO 0),M169,"Coxarthrose, sans précision - "" Siège non précisé """
M17.00,M1700,ATIH s'arrête à un niveau supérieur,préfixe ATIH M170 (type MCO 0),M170,"Gonarthrose primaire, bilatérale - "" Sièges multiples """
M17.01,M1701,ATIH s'arrête à un niveau supérieur,préfixe ATIH M170 (type MCO 0),M170,"Gonarthrose primaire, bilatérale - "" Région scapulaire """
M17.02,M1702,ATIH s'arrête à un niveau supérieur,préfixe ATIH M170 (type MCO 0),M170,"Gonarthrose primaire, bilatérale - "" Bras """
M17.03,M1703,ATIH s'arrête à un niveau supérieur,préfixe ATIH M170 (type MCO 0),M170,"Gonarthrose primaire, bilatérale - "" Avant-bras """
M17.04,M1704,ATIH s'arrête à un niveau supérieur,préfixe ATIH M170 (type MCO 0),M170,"Gonarthrose primaire, bilatérale - "" Main """
M17.05,M1705,ATIH s'arrête à un niveau supérieur,préfixe ATIH M170 (type MCO 0),M170,"Gonarthrose primaire, bilatérale - "" Région pelvienne et cuisse """
M17.06,M1706,ATIH s'arrête à un niveau supérieur,préfixe ATIH M170 (type MCO 0),M170,"Gonarthrose primaire, bilatérale - "" Jambe """
M17.07,M1707,ATIH s'arrête à un niveau supérieur,préfixe ATIH M170 (type MCO 0),M170,"Gonarthrose primaire, bilatérale - "" Cheville et pied """
M17.08,M1708,ATIH s'arrête à un niveau supérieur,préfixe ATIH M170 (type MCO 0),M170,"Gonarthrose primaire, bilatérale - "" Autres """
M17.09,M1709,ATIH s'arrête à un niveau supérieur,préfixe ATIH M170 (type MCO 0),M170,"Gonarthrose primaire, bilatérale - "" Siège non précisé """
M17.10,M1710,ATIH s'arrête à un niveau supérieur,préfixe ATIH M171 (type MCO 0),M171,"Autres gonarthroses primaires - "" Sièges multiples """
M17.11,M1711,ATIH s'arrête à un niveau supérieur,préfixe ATIH M171 (type MCO 0),M171,"Autres gonarthroses primaires - "" Région scapulaire """
M17.12,M1712,ATIH s'arrête à un niveau supérieur,préfixe ATIH M171 (type MCO 0),M171,"Autres gonarthroses primaires - "" Bras """
M17.13,M1713,ATIH s'arrête à un niveau supérieur,préfixe ATIH M171 (type MCO 0),M171,"Autres gonarthroses primaires - "" Avant-bras """
M17.14,M1714,ATIH s'arrête à un niveau supérieur,préfixe ATIH M171 (type MCO 0),M171,"Autres gonarthroses primaires - "" Main """
M17.15,M1715,ATIH s'arrête à un niveau supérieur,préfixe ATIH M171 (type MCO 0),M171,"Autres gonarthroses primaires - "" Région pelvienne et cuisse """
M17.16,M1716,ATIH s'arrête à un niveau supérieur,préfixe ATIH M171 (type MCO 0),M171,"Autres gonarthroses primaires - "" Jambe """
M17.17,M1717,ATIH s'arrête à un niveau supérieur,préfixe ATIH M171 (type MCO 0),M171,"Autres gonarthroses primaires - "" Cheville et pied """
M17.18,M1718,ATIH s'arrête à un niveau supérieur,préfixe ATIH M171 (type MCO 0),M171,"Autres gonarthroses primaires - "" Autres """
M17.19,M1719,ATIH s'arrête à un niveau supérieur,préfixe ATIH M171 (type MCO 0),M171,"Autres gonarthroses primaires - "" Siège non précisé """
M17.20,M1720,ATIH s'arrête à un niveau supérieur,préfixe ATIH M172 (type MCO 0),M172,"Gonarthrose posttraumatique, bilatérale - "" Sièges multiples """
M17.21,M1721,ATIH s'arrête à un niveau supérieur,préfixe ATIH M172 (type MCO 0),M172,"Gonarthrose posttraumatique, bilatérale - "" Région scapulaire """
M17.22,M1722,ATIH s'arrête à un niveau supérieur,préfixe ATIH M172 (type MCO 0),M172,"Gonarthrose posttraumatique, bilatérale - "" Bras """
M17.23,M1723,ATIH s'arrête à un niveau supérieur,préfixe ATIH M172 (type MCO 0),M172,"Gonarthrose posttraumatique, bilatérale - "" Avant-bras """
M17.24,M1724,ATIH s'arrête à un niveau supérieur,préfixe ATIH M172 (type MCO 0),M172,"Gonarthrose posttraumatique, bilatérale - "" Main """
M17.25,M1725,ATIH s'arrête à un niveau supérieur,préfixe ATIH M172 (type MCO 0),M172,"Gonarthrose posttraumatique, bilatérale - "" Région pelvienne et cuisse """
M17.26,M1726,ATIH s'arrête à un niveau supérieur,préfixe ATIH M172 (type MCO 0),M172,"Gonarthrose posttraumatique, bilatérale - "" Jambe """
M17.27,M1727,ATIH s'arrête à un niveau supérieur,préfixe ATIH M172 (type MCO 0),M172,"Gonarthrose posttraumatique, bilatérale - "" Cheville et pied """
M17.28,M1728,ATIH s'arrête à un niveau supérieur,préfixe ATIH M172 (type MCO 0),M172,"Gonarthrose posttraumatique, bilatérale - "" Autres """
M17.29,M1729,ATIH s'arrête à un niveau supérieur,préfixe ATIH M172 (type MCO 0),M172,"Gonarthrose posttraumatique, bilatérale - "" Siège non précisé """
M17.30,M1730,ATIH s'arrête à un niveau supérieur,préfixe ATIH M173 (type MCO 0),M173,"Autres gonarthroses posttraumatiques - "" Sièges multiples """
M17.31,M1731,ATIH s'arrête à un niveau supérieur,préfixe ATIH M173 (type MCO 0),M173,"Autres gonarthroses posttraumatiques - "" Région scapulaire """
M17.32,M1732,ATIH s'arrête à un niveau supérieur,préfixe ATIH M173 (type MCO 0),M173,"Autres gonarthroses posttraumatiques - "" Bras """
M17.33,M1733,ATIH s'arrête à un niveau supérieur,préfixe ATIH M173 (type MCO 0),M173,"Autres gonarthroses posttraumatiques - "" Avant-bras """
M17.34,M1734,ATIH s'arrête à un niveau supérieur,préfixe ATIH M173 (type MCO 0),M173,"Autres gonarthroses posttraumatiques - "" Main """
M17.35,M1735,ATIH s'arrête à un niveau supérieur,préfixe ATIH M173 (type MCO 0),M173,"Autres gonarthroses posttraumatiques - "" Région pelvienne et cuisse """
M17.36,M1736,ATIH s'arrête à un niveau supérieur,préfixe ATIH M173 (type MCO 0),M173,"Autres gonarthroses posttraumatiques - "" Jambe """
M17.37,M1737,ATIH s'arrête à un niveau supérieur,préfixe ATIH M173 (type MCO 0),M173,"Autres gonarthroses posttraumatiques - "" Cheville et pied """
M17.38,M1738,ATIH s'arrête à un niveau supérieur,préfixe ATIH M173 (type MCO 0),M173,"Autres gonarthroses posttraumatiques - "" Autres """
M17.39,M1739,ATIH s'arrête à un niveau supérieur,préfixe ATIH M173 (type MCO 0),M173,"Autres gonarthroses posttraumatiques - "" Siège non précisé """
M17.40,M1740,ATIH s'arrête à un niveau supérieur,préfixe ATIH M174 (type MCO 0),M174,"Autres gonarthroses secondaires, bilatérales - "" Sièges multiples """
M17.41,M1741,ATIH s'arrête à un niveau supérieur,préfixe ATIH M174 (type MCO 0),M174,"Autres gonarthroses secondaires, bilatérales - "" Région scapulaire """
M17.42,M1742,ATIH s'arrête à un niveau supérieur,préfixe ATIH M174 (type MCO 0),M174,"Autres gonarthroses secondaires, bilatérales - "" Bras """
M17.43,M1743,ATIH s'arrête à un niveau supérieur,préfixe ATIH M174 (type MCO 0),M174,"Autres gonarthroses secondaires, bilatérales - "" Avant-bras """
M17.44,M1744,ATIH s'arrête à un niveau supérieur,préfixe ATIH M174 (type MCO 0),M174,"Autres gonarthroses secondaires, bilatérales - "" Main """
M17.45,M1745,ATIH s'arrête à un niveau supérieur,préfixe ATIH M174 (type MCO 0),M174,"Autres gonarthroses secondaires, bilatérales - "" Région pelvienne et cuisse """
M17.46,M1746,ATIH s'arrête à un niveau supérieur,préfixe ATIH M174 (type MCO 0),M174,"Autres gonarthroses secondaires, bilatérales - "" Jambe """
M17.47,M1747,ATIH s'arrête à un niveau supérieur,préfixe ATIH M174 (type MCO 0),M174,"Autres gonarthroses secondaires, bilatérales - "" Cheville et pied """
M17.48,M1748,ATIH s'arrête à un niveau supérieur,préfixe ATIH M174 (type MCO 0),M174,"Autres gonarthroses secondaires, bilatérales - "" Autres """
M17.49,M1749,ATIH s'arrête à un niveau supérieur,préfixe ATIH M174 (type MCO 0),M174,"Autres gonarthroses secondaires, bilatérales - "" Siège non précisé """
M17.50,M1750,ATIH s'arrête à un niveau supérieur,préfixe ATIH M175 (type MCO 0),M175,"Autres gonarthroses secondaires - "" Sièges multiples """
M17.51,M1751,ATIH s'arrête à un niveau supérieur,préfixe ATIH M175 (type MCO 0),M175,"Autres gonarthroses secondaires - "" Région scapulaire """
M17.52,M1752,ATIH s'arrête à un niveau supérieur,préfixe ATIH M175 (type MCO 0),M175,"Autres gonarthroses secondaires - "" Bras """
M17.53,M1753,ATIH s'arrête à un niveau supérieur,préfixe ATIH M175 (type MCO 0),M175,"Autres gonarthroses secondaires - "" Avant-bras """
M17.54,M1754,ATIH s'arrête à un niveau supérieur,préfixe ATIH M175 (type MCO 0),M175,"Autres gonarthroses secondaires - "" Main """
M17.55,M1755,ATIH s'arrête à un niveau supérieur,préfixe ATIH M175 (type MCO 0),M175,"Autres gonarthroses secondaires - "" Région pelvienne et cuisse """
M17.56,M1756,ATIH s'arrête à un niveau supérieur,préfixe ATIH M175 (type MCO 0),M175,"Autres gonarthroses secondaires - "" Jambe """
M17.57,M1757,ATIH s'arrête à un niveau supérieur,préfixe ATIH M175 (type MCO 0),M175,"Autres gonarthroses secondaires - "" Cheville et pied """
M17.58,M1758,ATIH s'arrête à un niveau supérieur,préfixe ATIH M175 (type MCO 0),M175,"Autres gonarthroses secondaires - "" Autres """
M17.59,M1759,ATIH s'arrête à un niveau supérieur,préfixe ATIH M175 (type MCO 0),M175,"Autres gonarthroses secondaires - "" Siège non précisé """
M17.90,M1790,ATIH s'arrête à un niveau supérieur,préfixe ATIH M179 (type MCO 0),M179,"Gonarthrose, sans précision - "" Sièges multiples """
M17.91,M1791,ATIH s'arrête à un niveau supérieur,préfixe ATIH M179 (type MCO 0),M179,"Gonarthrose, sans précision - "" Région scapulaire """
M17.92,M1792,ATIH s'arrête à un niveau supérieur,préfixe ATIH M179 (type MCO 0),M179,"Gonarthrose, sans précision - "" Bras """
M17.93,M1793,ATIH s'arrête à un niveau supérieur,préfixe ATIH M179 (type MCO 0),M179,"Gonarthrose, sans précision - "" Avant-bras """
M17.94,M1794,ATIH s'arrête à un niveau supérieur,préfixe ATIH M179 (type MCO 0),M179,"Gonarthrose, sans précision - "" Main """
M17.95,M1795,ATIH s'arrête à un niveau supérieur,préfixe ATIH M179 (type MCO 0),M179,"Gonarthrose, sans précision - "" Région pelvienne et cuisse """
M17.96,M1796,ATIH s'arrête à un niveau supérieur,préfixe ATIH M179 (type MCO 0),M179,"Gonarthrose, sans précision - "" Jambe """
M17.97,M1797,ATIH s'arrête à un niveau supérieur,préfixe ATIH M179 (type MCO 0),M179,"Gonarthrose, sans précision - "" Cheville et pied """
M17.98,M1798,ATIH s'arrête à un niveau supérieur,préfixe ATIH M179 (type MCO 0),M179,"Gonarthrose, sans précision - "" Autres """
M17.99,M1799,ATIH s'arrête à un niveau supérieur,préfixe ATIH M179 (type MCO 0),M179,"Gonarthrose, sans précision - "" Siège non précisé """
M18.00,M1800,ATIH s'arrête à un niveau supérieur,préfixe ATIH M180 (type MCO 0),M180,"Arthrose primaire de la première articulation carpométacarpienne, bilatérale - "" Sièges multiples """
M18.01,M1801,ATIH s'arrête à un niveau supérieur,préfixe ATIH M180 (type MCO 0),M180,"Arthrose primaire de la première articulation carpométacarpienne, bilatérale - "" Région scapulaire """
M18.02,M1802,ATIH s'arrête à un niveau supérieur,préfixe ATIH M180 (type MCO 0),M180,"Arthrose primaire de la première articulation carpométacarpienne, bilatérale - "" Bras """
M18.03,M1803,ATIH s'arrête à un niveau supérieur,préfixe ATIH M180 (type MCO 0),M180,"Arthrose primaire de la première articulation carpométacarpienne, bilatérale - "" Avant-bras """
M18.04,M1804,ATIH s'arrête à un niveau supérieur,préfixe ATIH M180 (type MCO 0),M180,"Arthrose primaire de la première articulation carpométacarpienne, bilatérale - "" Main """
M18.05,M1805,ATIH s'arrête à un niveau supérieur,préfixe ATIH M180 (type MCO 0),M180,"Arthrose primaire de la première articulation carpométacarpienne, bilatérale - "" Région pelvienne et cuisse """
M18.06,M1806,ATIH s'arrête à un niveau supérieur,préfixe ATIH M180 (type MCO 0),M180,"Arthrose primaire de la première articulation carpométacarpienne, bilatérale - "" Jambe """
M18.07,M1807,ATIH s'arrête à un niveau supérieur,préfixe ATIH M180 (type MCO 0),M180,"Arthrose primaire de la première articulation carpométacarpienne, bilatérale - "" Cheville et pied """
M18.08,M1808,ATIH s'arrête à un niveau supérieur,préfixe ATIH M180 (type MCO 0),M180,"Arthrose primaire de la première articulation carpométacarpienne, bilatérale - "" Autres """
M18.09,M1809,ATIH s'arrête à un niveau supérieur,préfixe ATIH M180 (type MCO 0),M180,"Arthrose primaire de la première articulation carpométacarpienne, bilatérale - "" Siège non précisé """
M18.10,M1810,ATIH s'arrête à un niveau supérieur,préfixe ATIH M181 (type MCO 0),M181,"Autres arthroses primaires de la première articulation carpométacarpienne - "" Sièges multiples """
M18.11,M1811,ATIH s'arrête à un niveau supérieur,préfixe ATIH M181 (type MCO 0),M181,"Autres arthroses primaires de la première articulation carpométacarpienne - "" Région scapulaire """
M18.12,M1812,ATIH s'arrête à un niveau supérieur,préfixe ATIH M181 (type MCO 0),M181,"Autres arthroses primaires de la première articulation carpométacarpienne - "" Bras """
M18.13,M1813,ATIH s'arrête à un niveau supérieur,préfixe ATIH M181 (type MCO 0),M181,"Autres arthroses primaires de la première articulation carpométacarpienne - "" Avant-bras """
M18.14,M1814,ATIH s'arrête à un niveau supérieur,préfixe ATIH M181 (type MCO 0),M181,"Autres arthroses primaires de la première articulation carpométacarpienne - "" Main """
M18.15,M1815,ATIH s'arrête à un niveau supérieur,préfixe ATIH M181 (type MCO 0),M181,"Autres arthroses primaires de la première articulation carpométacarpienne - "" Région pelvienne et cuisse """
M18.16,M1816,ATIH s'arrête à un niveau supérieur,préfixe ATIH M181 (type MCO 0),M181,"Autres arthroses primaires de la première articulation carpométacarpienne - "" Jambe """
M18.17,M1817,ATIH s'arrête à un niveau supérieur,préfixe ATIH M181 (type MCO 0),M181,"Autres arthroses primaires de la première articulation carpométacarpienne - "" Cheville et pied """
M18.18,M1818,ATIH s'arrête à un niveau supérieur,préfixe ATIH M181 (type MCO 0),M181,"Autres arthroses primaires de la première articulation carpométacarpienne - "" Autres """
M18.19,M1819,ATIH s'arrête à un niveau supérieur,préfixe ATIH M181 (type MCO 0),M181,"Autres arthroses primaires de la première articulation carpométacarpienne - "" Siège non précisé """
M18.20,M1820,ATIH s'arrête à un niveau supérieur,préfixe ATIH M182 (type MCO 0),M182,"Arthrose posttraumatique de la première articulation carpométacarpienne, bilatérale - "" Sièges multiples """
M18.21,M1821,ATIH s'arrête à un niveau supérieur,préfixe ATIH M182 (type MCO 0),M182,"Arthrose posttraumatique de la première articulation carpométacarpienne, bilatérale - "" Région scapulaire """
M18.22,M1822,ATIH s'arrête à un niveau supérieur,préfixe ATIH M182 (type MCO 0),M182,"Arthrose posttraumatique de la première articulation carpométacarpienne, bilatérale - "" Bras """
M18.23,M1823,ATIH s'arrête à un niveau supérieur,préfixe ATIH M182 (type MCO 0),M182,"Arthrose posttraumatique de la première articulation carpométacarpienne, bilatérale - "" Avant-bras """
M18.24,M1824,ATIH s'arrête à un niveau supérieur,préfixe ATIH M182 (type MCO 0),M182,"Arthrose posttraumatique de la première articulation carpométacarpienne, bilatérale - "" Main """
M18.25,M1825,ATIH s'arrête à un niveau supérieur,préfixe ATIH M182 (type MCO 0),M182,"Arthrose posttraumatique de la première articulation carpométacarpienne, bilatérale - "" Région pelvienne et cuisse """
M18.26,M1826,ATIH s'arrête à un niveau supérieur,préfixe ATIH M182 (type MCO 0),M182,"Arthrose posttraumatique de la première articulation carpométacarpienne, bilatérale - "" Jambe """
M18.27,M1827,ATIH s'arrête à un niveau supérieur,préfixe ATIH M182 (type MCO 0),M182,"Arthrose posttraumatique de la première articulation carpométacarpienne, bilatérale - "" Cheville et pied """
M18.28,M1828,ATIH s'arrête à un niveau supérieur,préfixe ATIH M182 (type MCO 0),M182,"Arthrose posttraumatique de la première articulation carpométacarpienne, bilatérale - "" Autres """
M18.29,M1829,ATIH s'arrête à un niveau supérieur,préfixe ATIH M182 (type MCO 0),M182,"Arthrose posttraumatique de la première articulation carpométacarpienne, bilatérale - "" Siège non précisé """
M18.30,M1830,ATIH s'arrête à un niveau supérieur,préfixe ATIH M183 (type MCO 0),M183,"Autres arthroses posttraumatiques de la première articulation carpométacarpienne - "" Sièges multiples """
M18.31,M1831,ATIH s'arrête à un niveau supérieur,préfixe ATIH M183 (type MCO 0),M183,"Autres arthroses posttraumatiques de la première articulation carpométacarpienne - "" Région scapulaire """
M18.32,M1832,ATIH s'arrête à un niveau supérieur,préfixe ATIH M183 (type MCO 0),M183,"Autres arthroses posttraumatiques de la première articulation carpométacarpienne - "" Bras """
M18.33,M1833,ATIH s'arrête à un niveau supérieur,préfixe ATIH M183 (type MCO 0),M183,"Autres arthroses posttraumatiques de la première articulation carpométacarpienne - "" Avant-bras """
M18.34,M1834,ATIH s'arrête à un niveau supérieur,préfixe ATIH M183 (type MCO 0),M183,"Autres arthroses posttraumatiques de la première articulation carpométacarpienne - "" Main """
M18.35,M1835,ATIH s'arrête à un niveau supérieur,préfixe ATIH M183 (type MCO 0),M183,"Autres arthroses posttraumatiques de la première articulation carpométacarpienne - "" Région pelvienne et cuisse """
M18.36,M1836,ATIH s'arrête à un niveau supérieur,préfixe ATIH M183 (type MCO 0),M183,"Autres arthroses posttraumatiques de la première articulation carpométacarpienne - "" Jambe """
M18.37,M1837,ATIH s'arrête à un niveau supérieur,préfixe ATIH M183 (type MCO 0),M183,"Autres arthroses posttraumatiques de la première articulation carpométacarpienne - "" Cheville et pied """
M18.38,M1838,ATIH s'arrête à un niveau supérieur,préfixe ATIH M183 (type MCO 0),M183,"Autres arthroses posttraumatiques de la première articulation carpométacarpienne - "" Autres """
M18.39,M1839,ATIH s'arrête à un niveau supérieur,préfixe ATIH M183 (type MCO 0),M183,"Autres arthroses posttraumatiques de la première articulation carpométacarpienne - "" Siège non précisé """
M18.40,M1840,ATIH s'arrête à un niveau supérieur,préfixe ATIH M184 (type MCO 0),M184,"Autres arthroses secondaires de la première articulation carpométacarpienne, bilatérale - "" Sièges multiples """
M18.41,M1841,ATIH s'arrête à un niveau supérieur,préfixe ATIH M184 (type MCO 0),M184,"Autres arthroses secondaires de la première articulation carpométacarpienne, bilatérale - "" Région scapulaire """
M18.42,M1842,ATIH s'arrête à un niveau supérieur,préfixe ATIH M184 (type MCO 0),M184,"Autres arthroses secondaires de la première articulation carpométacarpienne, bilatérale - "" Bras """
M18.43,M1843,ATIH s'arrête à un niveau supérieur,préfixe ATIH M184 (type MCO 0),M184,"Autres arthroses secondaires de la première articulation carpométacarpienne, bilatérale - "" Avant-bras """
M18.44,M1844,ATIH s'arrête à un niveau supérieur,préfixe ATIH M184 (type MCO 0),M184,"Autres arthroses secondaires de la première articulation carpométacarpienne, bilatérale - "" Main """
M18.45,M1845,ATIH s'arrête à un niveau supérieur,préfixe ATIH M184 (type MCO 0),M184,"Autres arthroses secondaires de la première articulation carpométacarpienne, bilatérale - "" Région pelvienne et cuisse """
M18.46,M1846,ATIH s'arrête à un niveau supérieur,préfixe ATIH M184 (type MCO 0),M184,"Autres arthroses secondaires de la première articulation carpométacarpienne, bilatérale - "" Jambe """
M18.47,M1847,ATIH s'arrête à un niveau supérieur,préfixe ATIH M184 (type MCO 0),M184,"Autres arthroses secondaires de la première articulation carpométacarpienne, bilatérale - "" Cheville et pied """
M18.48,M1848,ATIH s'arrête à un niveau supérieur,préfixe ATIH M184 (type MCO 0),M184,"Autres arthroses secondaires de la première articulation carpométacarpienne, bilatérale - "" Autres """
M18.49,M1849,ATIH s'arrête à un niveau supérieur,préfixe ATIH M184 (type MCO 0),M184,"Autres arthroses secondaires de la première articulation carpométacarpienne, bilatérale - "" Siège non précisé """
M18.50,M1850,ATIH s'arrête à un niveau supérieur,préfixe ATIH M185 (type MCO 0),M185,"Autres arthroses secondaires de la première articulation carpométacarpienne - "" Sièges multiples """
M18.51,M1851,ATIH s'arrête à un niveau supérieur,préfixe ATIH M185 (type MCO 0),M185,"Autres arthroses secondaires de la première articulation carpométacarpienne - "" Région scapulaire """
M18.52,M1852,ATIH s'arrête à un niveau supérieur,préfixe ATIH M185 (type MCO 0),M185,"Autres arthroses secondaires de la première articulation carpométacarpienne - "" Bras """
M18.53,M1853,ATIH s'arrête à un niveau supérieur,préfixe ATIH M185 (type MCO 0),M185,"Autres arthroses secondaires de la première articulation carpométacarpienne - "" Avant-bras """
M18.54,M1854,ATIH s'arrête à un niveau supérieur,préfixe ATIH M185 (type MCO 0),M185,"Autres arthroses secondaires de la première articulation carpométacarpienne - "" Main """
M18.55,M1855,ATIH s'arrête à un niveau supérieur,préfixe ATIH M185 (type MCO 0),M185,"Autres arthroses secondaires de la première articulation carpométacarpienne - "" Région pelvienne et cuisse """
M18.56,M1856,ATIH s'arrête à un niveau supérieur,préfixe ATIH M185 (type MCO 0),M185,"Autres arthroses secondaires de la première articulation carpométacarpienne - "" Jambe """
M18.57,M1857,ATIH s'arrête à un niveau supérieur,préfixe ATIH M185 (type MCO 0),M185,"Autres arthroses secondaires de la première articulation carpométacarpienne - "" Cheville et pied """
M18.58,M1858,ATIH s'arrête à un niveau supérieur,préfixe ATIH M185 (type MCO 0),M185,"Autres arthroses secondaires de la première articulation carpométacarpienne - "" Autres """
M18.59,M1859,ATIH s'arrête à un niveau supérieur,préfixe ATIH M185 (type MCO 0),M185,"Autres arthroses secondaires de la première articulation carpométacarpienne - "" Siège non précisé """
M18.90,M1890,ATIH s'arrête à un niveau supérieur,préfixe ATIH M189 (type MCO 0),M189,"Arthrose de la première articulation carpométacarpienne, sans précision - "" Sièges multiples """
M18.91,M1891,ATIH s'arrête à un niveau supérieur,préfixe ATIH M189 (type MCO 0),M189,"Arthrose de la première articulation carpométacarpienne, sans précision - "" Région scapulaire """
M18.92,M1892,ATIH s'arrête à un niveau supérieur,préfixe ATIH M189 (type MCO 0),M189,"Arthrose de la première articulation carpométacarpienne, sans précision - "" Bras """
M18.93,M1893,ATIH s'arrête à un niveau supérieur,préfixe ATIH M189 (type MCO 0),M189,"Arthrose de la première articulation carpométacarpienne, sans précision - "" Avant-bras """
M18.94,M1894,ATIH s'arrête à un niveau supérieur,préfixe ATIH M189 (type MCO 0),M189,"Arthrose de la première articulation carpométacarpienne, sans précision - "" Main """
M18.95,M1895,ATIH s'arrête à un niveau supérieur,préfixe ATIH M189 (type MCO 0),M189,"Arthrose de la première articulation carpométacarpienne, sans précision - "" Région pelvienne et cuisse """
M18.96,M1896,ATIH s'arrête à un niveau supérieur,préfixe ATIH M189 (type MCO 0),M189,"Arthrose de la première articulation carpométacarpienne, sans précision - "" Jambe """
M18.97,M1897,ATIH s'arrête à un niveau supérieur,préfixe ATIH M189 (type MCO 0),M189,"Arthrose de la première articulation carpométacarpienne, sans précision - "" Cheville et pied """
M18.98,M1898,ATIH s'arrête à un niveau supérieur,préfixe ATIH M189 (type MCO 0),M189,"Arthrose de la première articulation carpométacarpienne, sans précision - "" Autres """
M18.99,M1899,ATIH s'arrête à un niveau supérieur,préfixe ATIH M189 (type MCO 0),M189,"Arthrose de la première articulation carpométacarpienne, sans précision - "" Siège non précisé """
M19.00,M1900,ATIH s'arrête à un niveau supérieur,préfixe ATIH M190 (type MCO 0),M190,"Arthrose primaire d'autres articulations - "" Sièges multiples """
M19.06,M1906,ATIH s'arrête à un niveau supérieur,préfixe ATIH M190 (type MCO 0),M190,"Arthrose primaire d'autres articulations - "" Jambe """
M19.10,M1910,ATIH s'arrête à un niveau supérieur,préfixe ATIH M191 (type MCO 0),M191,"Arthrose posttraumatique d'autres articulations - "" Sièges multiples """
M19.16,M1916,ATIH s'arrête à un niveau supérieur,préfixe ATIH M191 (type MCO 0),M191,"Arthrose posttraumatique d'autres articulations - "" Jambe """
M19.20,M1920,ATIH s'arrête à un niveau supérieur,préfixe ATIH M192 (type MCO 0),M192,"Autres arthroses secondaires - "" Sièges multiples """
M19.26,M1926,ATIH s'arrête à un niveau supérieur,préfixe ATIH M192 (type MCO 0),M192,"Autres arthroses secondaires - "" Jambe """
M19.80,M1980,ATIH s'arrête à un niveau supérieur,préfixe ATIH M198 (type MCO 0),M198,"Autres arthroses précisées - "" Sièges multiples """
M19.86,M1986,ATIH s'arrête à un niveau supérieur,préfixe ATIH M198 (type MCO 0),M198,"Autres arthroses précisées - "" Jambe """
M19.90,M1990,ATIH s'arrête à un niveau supérieur,préfixe ATIH M199 (type MCO 0),M199,"Arthrose, sans précision - "" Sièges multiples """
M19.96,M1996,ATIH s'arrête à un niveau supérieur,préfixe ATIH M199 (type MCO 0),M199,"Arthrose, sans précision - "" Jambe """
M20.00,M2000,ATIH s'arrête à un niveau supérieur,préfixe ATIH M200 (type MCO 0),M200,"Déformation de(s) doigt(s) - "" Sièges multiples """
M20.01,M2001,ATIH s'arrête à un niveau supérieur,préfixe ATIH M200 (type MCO 0),M200,"Déformation de(s) doigt(s) - "" Région scapulaire """
M20.02,M2002,ATIH s'arrête à un niveau supérieur,préfixe ATIH M200 (type MCO 0),M200,"Déformation de(s) doigt(s) - "" Bras """
M20.03,M2003,ATIH s'arrête à un niveau supérieur,préfixe ATIH M200 (type MCO 0),M200,"Déformation de(s) doigt(s) - "" Avant-bras """
M20.04,M2004,ATIH s'arrête à un niveau supérieur,préfixe ATIH M200 (type MCO 0),M200,"Déformation de(s) doigt(s) - "" Main """
M20.05,M2005,ATIH s'arrête à un niveau supérieur,préfixe ATIH M200 (type MCO 0),M200,"Déformation de(s) doigt(s) - "" Région pelvienne et cuisse """
M20.06,M2006,ATIH s'arrête à un niveau supérieur,préfixe ATIH M200 (type MCO 0),M200,"Déformation de(s) doigt(s) - "" Jambe """
M20.07,M2007,ATIH s'arrête à un niveau supérieur,préfixe ATIH M200 (type MCO 0),M200,"Déformation de(s) doigt(s) - "" Cheville et pied """
M20.08,M2008,ATIH s'arrête à un niveau supérieur,préfixe ATIH M200 (type MCO 0),M200,"Déformation de(s) doigt(s) - "" Autres """
M20.09,M2009,ATIH s'arrête à un niveau supérieur,préfixe ATIH M200 (type MCO 0),M200,"Déformation de(s) doigt(s) - "" Siège non précisé """
M20.10,M2010,ATIH s'arrête à un niveau supérieur,préfixe ATIH M201 (type MCO 0),M201,"Hallux valgus (acquis) - "" Sièges multiples """
M20.11,M2011,ATIH s'arrête à un niveau supérieur,préfixe ATIH M201 (type MCO 0),M201,"Hallux valgus (acquis) - "" Région scapulaire """
M20.12,M2012,ATIH s'arrête à un niveau supérieur,préfixe ATIH M201 (type MCO 0),M201,"Hallux valgus (acquis) - "" Bras """
M20.13,M2013,ATIH s'arrête à un niveau supérieur,préfixe ATIH M201 (type MCO 0),M201,"Hallux valgus (acquis) - "" Avant-bras """
M20.14,M2014,ATIH s'arrête à un niveau supérieur,préfixe ATIH M201 (type MCO 0),M201,"Hallux valgus (acquis) - "" Main """
M20.15,M2015,ATIH s'arrête à un niveau supérieur,préfixe ATIH M201 (type MCO 0),M201,"Hallux valgus (acquis) - "" Région pelvienne et cuisse """
M20.16,M2016,ATIH s'arrête à un niveau supérieur,préfixe ATIH M201 (type MCO 0),M201,"Hallux valgus (acquis) - "" Jambe """
M20.17,M2017,ATIH s'arrête à un niveau supérieur,préfixe ATIH M201 (type MCO 0),M201,"Hallux valgus (acquis) - "" Cheville et pied """
M20.18,M2018,ATIH s'arrête à un niveau supérieur,préfixe ATIH M201 (type MCO 0),M201,"Hallux valgus (acquis) - "" Autres """
M20.19,M2019,ATIH s'arrête à un niveau supérieur,préfixe ATIH M201 (type MCO 0),M201,"Hallux valgus (acquis) - "" Siège non précisé """
M20.20,M2020,ATIH s'arrête à un niveau supérieur,préfixe ATIH M202 (type MCO 0),M202,"Hallux rigidus - "" Sièges multiples """
M20.21,M2021,ATIH s'arrête à un niveau supérieur,préfixe ATIH M202 (type MCO 0),M202,"Hallux rigidus - "" Région scapulaire """
M20.22,M2022,ATIH s'arrête à un niveau supérieur,préfixe ATIH M202 (type MCO 0),M202,"Hallux rigidus - "" Bras """
M20.23,M2023,ATIH s'arrête à un niveau supérieur,préfixe ATIH M202 (type MCO 0),M202,"Hallux rigidus - "" Avant-bras """
M20.24,M2024,ATIH s'arrête à un niveau supérieur,préfixe ATIH M202 (type MCO 0),M202,"Hallux rigidus - "" Main """
M20.25,M2025,ATIH s'arrête à un niveau supérieur,préfixe ATIH M202 (type MCO 0),M202,"Hallux rigidus - "" Région pelvienne et cuisse """
M20.26,M2026,ATIH s'arrête à un niveau supérieur,préfixe ATIH M202 (type MCO 0),M202,"Hallux rigidus - "" Jambe """
M20.27,M2027,ATIH s'arrête à un niveau supérieur,préfixe ATIH M202 (type MCO 0),M202,"Hallux rigidus - "" Cheville et pied """
M20.28,M2028,ATIH s'arrête à un niveau supérieur,préfixe ATIH M202 (type MCO 0),M202,"Hallux rigidus - "" Autres """
M20.29,M2029,ATIH s'arrête à un niveau supérieur,préfixe ATIH M202 (type MCO 0),M202,"Hallux rigidus - "" Siège non précisé """
M20.30,M2030,ATIH s'arrête à un niveau supérieur,préfixe ATIH M203 (type MCO 0),M203,"Autres déformations du gros orteil - "" Sièges multiples """
M20.31,M2031,ATIH s'arrête à un niveau supérieur,préfixe ATIH M203 (type MCO 0),M203,"Autres déformations du gros orteil - "" Région scapulaire """
M20.32,M2032,ATIH s'arrête à un niveau supérieur,préfixe ATIH M203 (type MCO 0),M203,"Autres déformations du gros orteil - "" Bras """
M20.33,M2033,ATIH s'arrête à un niveau supérieur,préfixe ATIH M203 (type MCO 0),M203,"Autres déformations du gros orteil - "" Avant-bras """
M20.34,M2034,ATIH s'arrête à un niveau supérieur,préfixe ATIH M203 (type MCO 0),M203,"Autres déformations du gros orteil - "" Main """
M20.35,M2035,ATIH s'arrête à un niveau supérieur,préfixe ATIH M203 (type MCO 0),M203,"Autres déformations du gros orteil - "" Région pelvienne et cuisse """
M20.36,M2036,ATIH s'arrête à un niveau supérieur,préfixe ATIH M203 (type MCO 0),M203,"Autres déformations du gros orteil - "" Jambe """
M20.37,M2037,ATIH s'arrête à un niveau supérieur,préfixe ATIH M203 (type MCO 0),M203,"Autres déformations du gros orteil - "" Cheville et pied """
M20.38,M2038,ATIH s'arrête à un niveau supérieur,préfixe ATIH M203 (type MCO 0),M203,"Autres déformations du gros orteil - "" Autres """
M20.39,M2039,ATIH s'arrête à un niveau supérieur,préfixe ATIH M203 (type MCO 0),M203,"Autres déformations du gros orteil - "" Siège non précisé """
M20.40,M2040,ATIH s'arrête à un niveau supérieur,préfixe ATIH M204 (type MCO 0),M204,"Autre(s) orteil(s) en marteau (acquis) - "" Sièges multiples """
M20.41,M2041,ATIH s'arrête à un niveau supérieur,préfixe ATIH M204 (type MCO 0),M204,"Autre(s) orteil(s) en marteau (acquis) - "" Région scapulaire """
M20.42,M2042,ATIH s'arrête à un niveau supérieur,préfixe ATIH M204 (type MCO 0),M204,"Autre(s) orteil(s) en marteau (acquis) - "" Bras """
M20.43,M2043,ATIH s'arrête à un niveau supérieur,préfixe ATIH M204 (type MCO 0),M204,"Autre(s) orteil(s) en marteau (acquis) - "" Avant-bras """
M20.44,M2044,ATIH s'arrête à un niveau supérieur,préfixe ATIH M204 (type MCO 0),M204,"Autre(s) orteil(s) en marteau (acquis) - "" Main """
M20.45,M2045,ATIH s'arrête à un niveau supérieur,préfixe ATIH M204 (type MCO 0),M204,"Autre(s) orteil(s) en marteau (acquis) - "" Région pelvienne et cuisse """
M20.46,M2046,ATIH s'arrête à un niveau supérieur,préfixe ATIH M204 (type MCO 0),M204,"Autre(s) orteil(s) en marteau (acquis) - "" Jambe """
M20.47,M2047,ATIH s'arrête à un niveau supérieur,préfixe ATIH M204 (type MCO 0),M204,"Autre(s) orteil(s) en marteau (acquis) - "" Cheville et pied """
M20.48,M2048,ATIH s'arrête à un niveau supérieur,préfixe ATIH M204 (type MCO 0),M204,"Autre(s) orteil(s) en marteau (acquis) - "" Autres """
M20.49,M2049,ATIH s'arrête à un niveau supérieur,préfixe ATIH M204 (type MCO 0),M204,"Autre(s) orteil(s) en marteau (acquis) - "" Siège non précisé """
M20.50,M2050,ATIH s'arrête à un niveau supérieur,préfixe ATIH M205 (type MCO 0),M205,"Autres déformations d'(es) orteil(s) - "" Sièges multiples """
M20.51,M2051,ATIH s'arrête à un niveau supérieur,préfixe ATIH M205 (type MCO 0),M205,"Autres déformations d'(es) orteil(s) - "" Région scapulaire """
M20.52,M2052,ATIH s'arrête à un niveau supérieur,préfixe ATIH M205 (type MCO 0),M205,"Autres déformations d'(es) orteil(s) - "" Bras """
M20.53,M2053,ATIH s'arrête à un niveau supérieur,préfixe ATIH M205 (type MCO 0),M205,"Autres déformations d'(es) orteil(s) - "" Avant-bras """
M20.54,M2054,ATIH s'arrête à un niveau supérieur,préfixe ATIH M205 (type MCO 0),M205,"Autres déformations d'(es) orteil(s) - "" Main """
M20.55,M2055,ATIH s'arrête à un niveau supérieur,préfixe ATIH M205 (type MCO 0),M205,"Autres déformations d'(es) orteil(s) - "" Région pelvienne et cuisse """
M20.56,M2056,ATIH s'arrête à un niveau supérieur,préfixe ATIH M205 (type MCO 0),M205,"Autres déformations d'(es) orteil(s) - "" Jambe """
M20.57,M2057,ATIH s'arrête à un niveau supérieur,préfixe ATIH M205 (type MCO 0),M205,"Autres déformations d'(es) orteil(s) - "" Cheville et pied """
M20.58,M2058,ATIH s'arrête à un niveau supérieur,préfixe ATIH M205 (type MCO 0),M205,"Autres déformations d'(es) orteil(s) - "" Autres """
M20.59,M2059,ATIH s'arrête à un niveau supérieur,préfixe ATIH M205 (type MCO 0),M205,"Autres déformations d'(es) orteil(s) - "" Siège non précisé """
M20.60,M2060,ATIH s'arrête à un niveau supérieur,préfixe ATIH M206 (type MCO 0),M206,"Déformation d'(es) orteil(s), sans précision - "" Sièges multiples """
M20.61,M2061,ATIH s'arrête à un niveau supérieur,préfixe ATIH M206 (type MCO 0),M206,"Déformation d'(es) orteil(s), sans précision - "" Région scapulaire """
M20.62,M2062,ATIH s'arrête à un niveau supérieur,préfixe ATIH M206 (type MCO 0),M206,"Déformation d'(es) orteil(s), sans précision - "" Bras """
M20.63,M2063,ATIH s'arrête à un niveau supérieur,préfixe ATIH M206 (type MCO 0),M206,"Déformation d'(es) orteil(s), sans précision - "" Avant-bras """
M20.64,M2064,ATIH s'arrête à un niveau supérieur,préfixe ATIH M206 (type MCO 0),M206,"Déformation d'(es) orteil(s), sans précision - "" Main """
M20.65,M2065,ATIH s'arrête à un niveau supérieur,préfixe ATIH M206 (type MCO 0),M206,"Déformation d'(es) orteil(s), sans précision - "" Région pelvienne et cuisse """
M20.66,M2066,ATIH s'arrête à un niveau supérieur,préfixe ATIH M206 (type MCO 0),M206,"Déformation d'(es) orteil(s), sans précision - "" Jambe """
M20.67,M2067,ATIH s'arrête à un niveau supérieur,préfixe ATIH M206 (type MCO 0),M206,"Déformation d'(es) orteil(s), sans précision - "" Cheville et pied """
M20.68,M2068,ATIH s'arrête à un niveau supérieur,préfixe ATIH M206 (type MCO 0),M206,"Déformation d'(es) orteil(s), sans précision - "" Autres """
M20.69,M2069,ATIH s'arrête à un niveau supérieur,préfixe ATIH M206 (type MCO 0),M206,"Déformation d'(es) orteil(s), sans précision - "" Siège non précisé """
M21.08,M2108,ATIH s'arrête à un niveau supérieur,préfixe ATIH M210 (type MCO 0),M210,"Déformation en valgus, non classée ailleurs - "" Autres """
M21.18,M2118,ATIH s'arrête à un niveau supérieur,préfixe ATIH M211 (type MCO 0),M211,"Déformation en varus, non classée ailleurs - "" Autres """
M21.28,M2128,ATIH s'arrête à un niveau supérieur,préfixe ATIH M212 (type MCO 0),M212,"Déformation en flexion - "" Autres """
M21.31,M2131,ATIH s'arrête à un niveau supérieur,préfixe ATIH M213 (type MCO 0),M213,"Poignet ou pied tombant (acquis) - "" Région scapulaire """
M21.32,M2132,ATIH s'arrête à un niveau supérieur,préfixe ATIH M213 (type MCO 0),M213,"Poignet ou pied tombant (acquis) - "" Bras """
M21.34,M2134,ATIH s'arrête à un niveau supérieur,préfixe ATIH M213 (type MCO 0),M213,"Poignet ou pied tombant (acquis) - "" Main """
M21.35,M2135,ATIH s'arrête à un niveau supérieur,préfixe ATIH M213 (type MCO 0),M213,"Poignet ou pied tombant (acquis) - "" Région pelvienne et cuisse """
M21.36,M2136,ATIH s'arrête à un niveau supérieur,préfixe ATIH M213 (type MCO 0),M213,"Poignet ou pied tombant (acquis) - "" Jambe """
M21.38,M2138,ATIH s'arrête à un niveau supérieur,préfixe ATIH M213 (type MCO 0),M213,"Poignet ou pied tombant (acquis) - "" Autres """
M21.41,M2141,ATIH s'arrête à un niveau supérieur,préfixe ATIH M214 (type MCO 0),M214,"Pied plat [pes planus] (acquis) - "" Région scapulaire """
M21.42,M2142,ATIH s'arrête à un niveau supérieur,préfixe ATIH M214 (type MCO 0),M214,"Pied plat [pes planus] (acquis) - "" Bras """
M21.43,M2143,ATIH s'arrête à un niveau supérieur,préfixe ATIH M214 (type MCO 0),M214,"Pied plat [pes planus] (acquis) - "" Avant-bras """
M21.44,M2144,ATIH s'arrête à un niveau supérieur,préfixe ATIH M214 (type MCO 0),M214,"Pied plat [pes planus] (acquis) - "" Main """
M21.45,M2145,ATIH s'arrête à un niveau supérieur,préfixe ATIH M214 (type MCO 0),M214,"Pied plat [pes planus] (acquis) - "" Région pelvienne et cuisse """
M21.46,M2146,ATIH s'arrête à un niveau supérieur,préfixe ATIH M214 (type MCO 0),M214,"Pied plat [pes planus] (acquis) - "" Jambe """
M21.48,M2148,ATIH s'arrête à un niveau supérieur,préfixe ATIH M214 (type MCO 0),M214,"Pied plat [pes planus] (acquis) - "" Autres """
M21.49,M2149,ATIH s'arrête à un niveau supérieur,préfixe ATIH M214 (type MCO 0),M214,"Pied plat [pes planus] (acquis) - "" Siège non précisé """
M21.51,M2151,ATIH s'arrête à un niveau supérieur,préfixe ATIH M215 (type MCO 0),M215,"Main et pied bot(e) ou en griffe acquis(e) - "" Région scapulaire """
M21.52,M2152,ATIH s'arrête à un niveau supérieur,préfixe ATIH M215 (type MCO 0),M215,"Main et pied bot(e) ou en griffe acquis(e) - "" Bras """
M21.53,M2153,ATIH s'arrête à un niveau supérieur,préfixe ATIH M215 (type MCO 0),M215,"Main et pied bot(e) ou en griffe acquis(e) - "" Avant-bras """
M21.55,M2155,ATIH s'arrête à un niveau supérieur,préfixe ATIH M215 (type MCO 0),M215,"Main et pied bot(e) ou en griffe acquis(e) - "" Région pelvienne et cuisse """
M21.56,M2156,ATIH s'arrête à un niveau supérieur,préfixe ATIH M215 (type MCO 0),M215,"Main et pied bot(e) ou en griffe acquis(e) - "" Jambe """
M21.58,M2158,ATIH s'arrête à un niveau supérieur,préfixe ATIH M215 (type MCO 0),M215,"Main et pied bot(e) ou en griffe acquis(e) - "" Autres """
M21.61,M2161,ATIH s'arrête à un niveau supérieur,préfixe ATIH M216 (type MCO 0),M216,"Autres déformations de la cheville et du pied - "" Région scapulaire """
M21.62,M2162,ATIH s'arrête à un niveau supérieur,préfixe ATIH M216 (type MCO 0),M216,"Autres déformations de la cheville et du pied - "" Bras """
M21.63,M2163,ATIH s'arrête à un niveau supérieur,préfixe ATIH M216 (type MCO 0),M216,"Autres déformations de la cheville et du pied - "" Avant-bras """
M21.64,M2164,ATIH s'arrête à un niveau supérieur,préfixe ATIH M216 (type MCO 0),M216,"Autres déformations de la cheville et du pied - "" Main """
M21.65,M2165,ATIH s'arrête à un niveau supérieur,préfixe ATIH M216 (type MCO 0),M216,"Autres déformations de la cheville et du pied - "" Région pelvienne et cuisse """
M21.66,M2166,ATIH s'arrête à un niveau supérieur,préfixe ATIH M216 (type MCO 0),M216,"Autres déformations de la cheville et du pied - "" Jambe """
M21.68,M2168,ATIH s'arrête à un niveau supérieur,préfixe ATIH M216 (type MCO 0),M216,"Autres déformations de la cheville et du pied - "" Autres """
M21.69,M2169,ATIH s'arrête à un niveau supérieur,préfixe ATIH M216 (type MCO 0),M216,"Autres déformations de la cheville et du pied - "" Siège non précisé """
M21.78,M2178,ATIH s'arrête à un niveau supérieur,préfixe ATIH M217 (type MCO 0),M217,"Inégalité des membres (acquise) - "" Autres """
M21.88,M2188,ATIH s'arrête à un niveau supérieur,préfixe ATIH M218 (type MCO 0),M218,"Autres déformations précisées des membres - "" Autres """
M21.98,M2198,ATIH s'arrête à un niveau supérieur,préfixe ATIH M219 (type MCO 0),M219,"Déformation d'un membre, sans précision - "" Autres """
M22.00,M2200,ATIH s'arrête à un niveau supérieur,préfixe ATIH M220 (type MCO 0),M220,"Luxation récidivante de la rotule - "" Sièges multiples """
M22.01,M2201,ATIH s'arrête à un niveau supérieur,préfixe ATIH M220 (type MCO 0),M220,"Luxation récidivante de la rotule - "" Région scapulaire """
M22.02,M2202,ATIH s'arrête à un niveau supérieur,préfixe ATIH M220 (type MCO 0),M220,"Luxation récidivante de la rotule - "" Bras """
M22.03,M2203,ATIH s'arrête à un niveau supérieur,préfixe ATIH M220 (type MCO 0),M220,"Luxation récidivante de la rotule - "" Avant-bras """
M22.04,M2204,ATIH s'arrête à un niveau supérieur,préfixe ATIH M220 (type MCO 0),M220,"Luxation récidivante de la rotule - "" Main """
M22.05,M2205,ATIH s'arrête à un niveau supérieur,préfixe ATIH M220 (type MCO 0),M220,"Luxation récidivante de la rotule - "" Région pelvienne et cuisse """
M22.06,M2206,ATIH s'arrête à un niveau supérieur,préfixe ATIH M220 (type MCO 0),M220,"Luxation récidivante de la rotule - "" Jambe """
M22.07,M2207,ATIH s'arrête à un niveau supérieur,préfixe ATIH M220 (type MCO 0),M220,"Luxation récidivante de la rotule - "" Cheville et pied """
M22.08,M2208,ATIH s'arrête à un niveau supérieur,préfixe ATIH M220 (type MCO 0),M220,"Luxation récidivante de la rotule - "" Autres """
M22.09,M2209,ATIH s'arrête à un niveau supérieur,préfixe ATIH M220 (type MCO 0),M220,"Luxation récidivante de la rotule - "" Siège non précisé """
M22.10,M2210,ATIH s'arrête à un niveau supérieur,préfixe ATIH M221 (type MCO 0),M221,"Subluxation récidivante de la rotule - "" Sièges multiples """
M22.11,M2211,ATIH s'arrête à un niveau supérieur,préfixe ATIH M221 (type MCO 0),M221,"Subluxation récidivante de la rotule - "" Région scapulaire """
M22.12,M2212,ATIH s'arrête à un niveau supérieur,préfixe ATIH M221 (type MCO 0),M221,"Subluxation récidivante de la rotule - "" Bras """
M22.13,M2213,ATIH s'arrête à un niveau supérieur,préfixe ATIH M221 (type MCO 0),M221,"Subluxation récidivante de la rotule - "" Avant-bras """
M22.14,M2214,ATIH s'arrête à un niveau supérieur,préfixe ATIH M221 (type MCO 0),M221,"Subluxation récidivante de la rotule - "" Main """
M22.15,M2215,ATIH s'arrête à un niveau supérieur,préfixe ATIH M221 (type MCO 0),M221,"Subluxation récidivante de la rotule - "" Région pelvienne et cuisse """
M22.16,M2216,ATIH s'arrête à un niveau supérieur,préfixe ATIH M221 (type MCO 0),M221,"Subluxation récidivante de la rotule - "" Jambe """
M22.17,M2217,ATIH s'arrête à un niveau supérieur,préfixe ATIH M221 (type MCO 0),M221,"Subluxation récidivante de la rotule - "" Cheville et pied """
M22.18,M2218,ATIH s'arrête à un niveau supérieur,préfixe ATIH M221 (type MCO 0),M221,"Subluxation récidivante de la rotule - "" Autres """
M22.19,M2219,ATIH s'arrête à un niveau supérieur,préfixe ATIH M221 (type MCO 0),M221,"Subluxation récidivante de la rotule - "" Siège non précisé """
M22.20,M2220,ATIH s'arrête à un niveau supérieur,préfixe ATIH M222 (type MCO 0),M222,"Lésions fémoropatellaires - "" Sièges multiples """
M22.21,M2221,ATIH s'arrête à un niveau supérieur,préfixe ATIH M222 (type MCO 0),M222,"Lésions fémoropatellaires - "" Région scapulaire """
M22.22,M2222,ATIH s'arrête à un niveau supérieur,préfixe ATIH M222 (type MCO 0),M222,"Lésions fémoropatellaires - "" Bras """
M22.23,M2223,ATIH s'arrête à un niveau supérieur,préfixe ATIH M222 (type MCO 0),M222,"Lésions fémoropatellaires - "" Avant-bras """
M22.24,M2224,ATIH s'arrête à un niveau supérieur,préfixe ATIH M222 (type MCO 0),M222,"Lésions fémoropatellaires - "" Main """
M22.25,M2225,ATIH s'arrête à un niveau supérieur,préfixe ATIH M222 (type MCO 0),M222,"Lésions fémoropatellaires - "" Région pelvienne et cuisse """
M22.26,M2226,ATIH s'arrête à un niveau supérieur,préfixe ATIH M222 (type MCO 0),M222,"Lésions fémoropatellaires - "" Jambe """
M22.27,M2227,ATIH s'arrête à un niveau supérieur,préfixe ATIH M222 (type MCO 0),M222,"Lésions fémoropatellaires - "" Cheville et pied """
M22.28,M2228,ATIH s'arrête à un niveau supérieur,préfixe ATIH M222 (type MCO 0),M222,"Lésions fémoropatellaires - "" Autres """
M22.29,M2229,ATIH s'arrête à un niveau supérieur,préfixe ATIH M222 (type MCO 0),M222,"Lésions fémoropatellaires - "" Siège non précisé """
M22.30,M2230,ATIH s'arrête à un niveau supérieur,préfixe ATIH M223 (type MCO 0),M223,"Autres déplacements de la rotule - "" Sièges multiples """
M22.31,M2231,ATIH s'arrête à un niveau supérieur,préfixe ATIH M223 (type MCO 0),M223,"Autres déplacements de la rotule - "" Région scapulaire """
M22.32,M2232,ATIH s'arrête à un niveau supérieur,préfixe ATIH M223 (type MCO 0),M223,"Autres déplacements de la rotule - "" Bras """
M22.33,M2233,ATIH s'arrête à un niveau supérieur,préfixe ATIH M223 (type MCO 0),M223,"Autres déplacements de la rotule - "" Avant-bras """
M22.34,M2234,ATIH s'arrête à un niveau supérieur,préfixe ATIH M223 (type MCO 0),M223,"Autres déplacements de la rotule - "" Main """
M22.35,M2235,ATIH s'arrête à un niveau supérieur,préfixe ATIH M223 (type MCO 0),M223,"Autres déplacements de la rotule - "" Région pelvienne et cuisse """
M22.36,M2236,ATIH s'arrête à un niveau supérieur,préfixe ATIH M223 (type MCO 0),M223,"Autres déplacements de la rotule - "" Jambe """
M22.37,M2237,ATIH s'arrête à un niveau supérieur,préfixe ATIH M223 (type MCO 0),M223,"Autres déplacements de la rotule - "" Cheville et pied """
M22.38,M2238,ATIH s'arrête à un niveau supérieur,préfixe ATIH M223 (type MCO 0),M223,"Autres déplacements de la rotule - "" Autres """
M22.39,M2239,ATIH s'arrête à un niveau supérieur,préfixe ATIH M223 (type MCO 0),M223,"Autres déplacements de la rotule - "" Siège non précisé """
M22.40,M2240,ATIH s'arrête à un niveau supérieur,préfixe ATIH M224 (type MCO 0),M224,"Chondromalacie rotulienne - "" Sièges multiples """
M22.41,M2241,ATIH s'arrête à un niveau supérieur,préfixe ATIH M224 (type MCO 0),M224,"Chondromalacie rotulienne - "" Région scapulaire """
M22.42,M2242,ATIH s'arrête à un niveau supérieur,préfixe ATIH M224 (type MCO 0),M224,"Chondromalacie rotulienne - "" Bras """
M22.43,M2243,ATIH s'arrête à un niveau supérieur,préfixe ATIH M224 (type MCO 0),M224,"Chondromalacie rotulienne - "" Avant-bras """
M22.44,M2244,ATIH s'arrête à un niveau supérieur,préfixe ATIH M224 (type MCO 0),M224,"Chondromalacie rotulienne - "" Main """
M22.45,M2245,ATIH s'arrête à un niveau supérieur,préfixe ATIH M224 (type MCO 0),M224,"Chondromalacie rotulienne - "" Région pelvienne et cuisse """
M22.46,M2246,ATIH s'arrête à un niveau supérieur,préfixe ATIH M224 (type MCO 0),M224,"Chondromalacie rotulienne - "" Jambe """
M22.47,M2247,ATIH s'arrête à un niveau supérieur,préfixe ATIH M224 (type MCO 0),M224,"Chondromalacie rotulienne - "" Cheville et pied """
M22.48,M2248,ATIH s'arrête à un niveau supérieur,préfixe ATIH M224 (type MCO 0),M224,"Chondromalacie rotulienne - "" Autres """
M22.49,M2249,ATIH s'arrête à un niveau supérieur,préfixe ATIH M224 (type MCO 0),M224,"Chondromalacie rotulienne - "" Siège non précisé """
M22.80,M2280,ATIH s'arrête à un niveau supérieur,préfixe ATIH M228 (type MCO 0),M228,"Autres lésions de la rotule - "" Sièges multiples """
M22.81,M2281,ATIH s'arrête à un niveau supérieur,préfixe ATIH M228 (type MCO 0),M228,"Autres lésions de la rotule - "" Région scapulaire """
M22.82,M2282,ATIH s'arrête à un niveau supérieur,préfixe ATIH M228 (type MCO 0),M228,"Autres lésions de la rotule - "" Bras """
M22.83,M2283,ATIH s'arrête à un niveau supérieur,préfixe ATIH M228 (type MCO 0),M228,"Autres lésions de la rotule - "" Avant-bras """
M22.84,M2284,ATIH s'arrête à un niveau supérieur,préfixe ATIH M228 (type MCO 0),M228,"Autres lésions de la rotule - "" Main """
M22.85,M2285,ATIH s'arrête à un niveau supérieur,préfixe ATIH M228 (type MCO 0),M228,"Autres lésions de la rotule - "" Région pelvienne et cuisse """
M22.86,M2286,ATIH s'arrête à un niveau supérieur,préfixe ATIH M228 (type MCO 0),M228,"Autres lésions de la rotule - "" Jambe """
M22.87,M2287,ATIH s'arrête à un niveau supérieur,préfixe ATIH M228 (type MCO 0),M228,"Autres lésions de la rotule - "" Cheville et pied """
M22.88,M2288,ATIH s'arrête à un niveau supérieur,préfixe ATIH M228 (type MCO 0),M228,"Autres lésions de la rotule - "" Autres """
M22.89,M2289,ATIH s'arrête à un niveau supérieur,préfixe ATIH M228 (type MCO 0),M228,"Autres lésions de la rotule - "" Siège non précisé """
M22.90,M2290,ATIH s'arrête à un niveau supérieur,préfixe ATIH M229 (type MCO 0),M229,"Lésion de la rotule, sans précision - "" Sièges multiples """
M22.91,M2291,ATIH s'arrête à un niveau supérieur,préfixe ATIH M229 (type MCO 0),M229,"Lésion de la rotule, sans précision - "" Région scapulaire """
M22.92,M2292,ATIH s'arrête à un niveau supérieur,préfixe ATIH M229 (type MCO 0),M229,"Lésion de la rotule, sans précision - "" Bras """
M22.93,M2293,ATIH s'arrête à un niveau supérieur,préfixe ATIH M229 (type MCO 0),M229,"Lésion de la rotule, sans précision - "" Avant-bras """
M22.94,M2294,ATIH s'arrête à un niveau supérieur,préfixe ATIH M229 (type MCO 0),M229,"Lésion de la rotule, sans précision - "" Main """
M22.95,M2295,ATIH s'arrête à un niveau supérieur,préfixe ATIH M229 (type MCO 0),M229,"Lésion de la rotule, sans précision - "" Région pelvienne et cuisse """
M22.96,M2296,ATIH s'arrête à un niveau supérieur,préfixe ATIH M229 (type MCO 0),M229,"Lésion de la rotule, sans précision - "" Jambe """
M22.97,M2297,ATIH s'arrête à un niveau supérieur,préfixe ATIH M229 (type MCO 0),M229,"Lésion de la rotule, sans précision - "" Cheville et pied """
M22.98,M2298,ATIH s'arrête à un niveau supérieur,préfixe ATIH M229 (type MCO 0),M229,"Lésion de la rotule, sans précision - "" Autres """
M22.99,M2299,ATIH s'arrête à un niveau supérieur,préfixe ATIH M229 (type MCO 0),M229,"Lésion de la rotule, sans précision - "" Siège non précisé """
M23.07,M2307,ATIH s'arrête à un niveau supérieur,préfixe ATIH M230 (type MCO 0),M230,"Kyste du ménisque - "" Capsule articulaire """
M23.17,M2317,ATIH s'arrête à un niveau supérieur,préfixe ATIH M231 (type MCO 0),M231,"Ménisque discoïde (congénital) - "" Capsule articulaire """
M23.27,M2327,ATIH s'arrête à un niveau supérieur,préfixe ATIH M232 (type MCO 0),M232,"Lésion du ménisque due à une déchirure ou un traumatisme ancien - "" Capsule articulaire """
M23.37,M2337,ATIH s'arrête à un niveau supérieur,préfixe ATIH M233 (type MCO 0),M233,"Autres atteintes du ménisque - "" Capsule articulaire """
M23.47,M2347,ATIH s'arrête à un niveau supérieur,préfixe ATIH M234 (type MCO 0),M234,"Souris intraarticulaire du genou - "" Capsule articulaire """
M23.55,M2355,ATIH s'arrête à un niveau supérieur,préfixe ATIH M235 (type MCO 0),M235,"Instabilité chronique du genou - "" Corne postérieure du ménisque externe """
M23.56,M2356,ATIH s'arrête à un niveau supérieur,préfixe ATIH M235 (type MCO 0),M235,"Instabilité chronique du genou - "" Partie autre et non précisée du ménisque externe """
M23.65,M2365,ATIH s'arrête à un niveau supérieur,préfixe ATIH M236 (type MCO 0),M236,"Autres ruptures spontanées de ligament(s) du genou - "" Corne postérieure du ménisque externe """
M23.66,M2366,ATIH s'arrête à un niveau supérieur,préfixe ATIH M236 (type MCO 0),M236,"Autres ruptures spontanées de ligament(s) du genou - "" Partie autre et non précisée du ménisque externe """
M23.85,M2385,ATIH s'arrête à un niveau supérieur,préfixe ATIH M238 (type MCO 0),M238,"Autres lésions internes du genou - "" Corne postérieure du ménisque externe """
M23.86,M2386,ATIH s'arrête à un niveau supérieur,préfixe ATIH M238 (type MCO 0),M238,"Autres lésions internes du genou - "" Partie autre et non précisée du ménisque externe """
M24.06,M2406,ATIH s'arrête à un niveau supérieur,préfixe ATIH M240 (type MCO 0),M240,"Souris intraarticulaire - "" Jambe """
M24.26,M2426,ATIH s'arrête à un niveau supérieur,préfixe ATIH M242 (type MCO 0),M242,"Lésion ligamentaire - "" Jambe """
M24.71,M2471,ATIH s'arrête à un niveau supérieur,préfixe ATIH M247 (type MCO 0),M247,"Protrusion acétabulaire - "" Région scapulaire """
M24.72,M2472,ATIH s'arrête à un niveau supérieur,préfixe ATIH M247 (type MCO 0),M247,"Protrusion acétabulaire - "" Bras """
M24.73,M2473,ATIH s'arrête à un niveau supérieur,préfixe ATIH M247 (type MCO 0),M247,"Protrusion acétabulaire - "" Avant-bras """
M24.74,M2474,ATIH s'arrête à un niveau supérieur,préfixe ATIH M247 (type MCO 0),M247,"Protrusion acétabulaire - "" Main """
M24.76,M2476,ATIH s'arrête à un niveau supérieur,préfixe ATIH M247 (type MCO 0),M247,"Protrusion acétabulaire - "" Jambe """
M24.77,M2477,ATIH s'arrête à un niveau supérieur,préfixe ATIH M247 (type MCO 0),M247,"Protrusion acétabulaire - "" Cheville et pied """
M24.78,M2478,ATIH s'arrête à un niveau supérieur,préfixe ATIH M247 (type MCO 0),M247,"Protrusion acétabulaire - "" Autres """
M24.79,M2479,ATIH s'arrête à un niveau supérieur,préfixe ATIH M247 (type MCO 0),M247,"Protrusion acétabulaire - "" Siège non précisé """
M40.01,M4001,ATIH s'arrête à un niveau supérieur,préfixe ATIH M400 (type MCO 0),M400,"Cyphose posturale - "" Région occipito-atloïdo-axoïdienne """
M40.08,M4008,ATIH s'arrête à un niveau supérieur,préfixe ATIH M400 (type MCO 0),M400,"Cyphose posturale - "" Région sacrée et sacrococcygienne """
M40.11,M4011,ATIH s'arrête à un niveau supérieur,préfixe ATIH M401 (type MCO 0),M401,"Autres cyphoses secondaires - "" Région occipito-atloïdo-axoïdienne """
M40.18,M4018,ATIH s'arrête à un niveau supérieur,préfixe ATIH M401 (type MCO 0),M401,"Autres cyphoses secondaires - "" Région sacrée et sacrococcygienne """
M40.21,M4021,ATIH s'arrête à un niveau supérieur,préfixe ATIH M402 (type MCO 0),M402,"Cyphoses autres et non précisées - "" Région occipito-atloïdo-axoïdienne """
M40.28,M4028,ATIH s'arrête à un niveau supérieur,préfixe ATIH M402 (type MCO 0),M402,"Cyphoses autres et non précisées - "" Région sacrée et sacrococcygienne """
M40.31,M4031,ATIH s'arrête à un niveau supérieur,préfixe ATIH M403 (type MCO 0),M403,"Syndrome du dos plat - "" Région occipito-atloïdo-axoïdienne """
M40.38,M4038,ATIH s'arrête à un niveau supérieur,préfixe ATIH M403 (type MCO 0),M403,"Syndrome du dos plat - "" Région sacrée et sacrococcygienne """
M40.41,M4041,ATIH s'arrête à un niveau supérieur,préfixe ATIH M404 (type MCO 0),M404,"Autres lordoses - "" Région occipito-atloïdo-axoïdienne """
M40.48,M4048,ATIH s'arrête à un niveau supérieur,préfixe ATIH M404 (type MCO 0),M404,"Autres lordoses - "" Région sacrée et sacrococcygienne """
M40.51,M4051,ATIH s'arrête à un niveau supérieur,préfixe ATIH M405 (type MCO 0),M405,"Lordose, sans précision - "" Région occipito-atloïdo-axoïdienne """
M40.58,M4058,ATIH s'arrête à un niveau supérieur,préfixe ATIH M405 (type MCO 0),M405,"Lordose, sans précision - "" Région sacrée et sacrococcygienne """
M41.01,M4101,ATIH s'arrête à un niveau supérieur,préfixe ATIH M410 (type MCO 0),M410,"Scoliose idiopathique infantile - "" Région occipito-atloïdo-axoïdienne """
M41.08,M4108,ATIH s'arrête à un niveau supérieur,préfixe ATIH M410 (type MCO 0),M410,"Scoliose idiopathique infantile - "" Région sacrée et sacrococcygienne """
M41.11,M4111,ATIH s'arrête à un niveau supérieur,préfixe ATIH M411 (type MCO 0),M411,"Scoliose juvénile idiopathique - "" Région occipito-atloïdo-axoïdienne """
M41.18,M4118,ATIH s'arrête à un niveau supérieur,préfixe ATIH M411 (type MCO 0),M411,"Scoliose juvénile idiopathique - "" Région sacrée et sacrococcygienne """
M41.21,M4121,ATIH s'arrête à un niveau supérieur,préfixe ATIH M412 (type MCO 0),M412,"Autres scolioses idiopathiques - "" Région occipito-atloïdo-axoïdienne """
M41.28,M4128,ATIH s'arrête à un niveau supérieur,préfixe ATIH M412 (type MCO 0),M412,"Autres scolioses idiopathiques - "" Région sacrée et sacrococcygienne """
M41.31,M4131,ATIH s'arrête à un niveau supérieur,préfixe ATIH M413 (type MCO 0),M413,"Scoliose par anomalie dorsale - "" Région occipito-atloïdo-axoïdienne """
M41.38,M4138,ATIH s'arrête à un niveau supérieur,préfixe ATIH M413 (type MCO 0),M413,"Scoliose par anomalie dorsale - "" Région sacrée et sacrococcygienne """
M41.41,M4141,ATIH s'arrête à un niveau supérieur,préfixe ATIH M414 (type MCO 0),M414,"Scoliose neuromusculaire - "" Région occipito-atloïdo-axoïdienne """
M41.48,M4148,ATIH s'arrête à un niveau supérieur,préfixe ATIH M414 (type MCO 0),M414,"Scoliose neuromusculaire - "" Région sacrée et sacrococcygienne """
M41.51,M4151,ATIH s'arrête à un niveau supérieur,préfixe ATIH M415 (type MCO 0),M415,"Autres formes de scoliose secondaire - "" Région occipito-atloïdo-axoïdienne """
M41.58,M4158,ATIH s'arrête à un niveau supérieur,préfixe ATIH M415 (type MCO 0),M415,"Autres formes de scoliose secondaire - "" Région sacrée et sacrococcygienne """
M41.81,M4181,ATIH s'arrête à un niveau supérieur,préfixe ATIH M418 (type MCO 0),M418,"Autres formes de scoliose - "" Région occipito-atloïdo-axoïdienne """
M41.88,M4188,ATIH s'arrête à un niveau supérieur,préfixe ATIH M418 (type MCO 0),M418,"Autres formes de scoliose - "" Région sacrée et sacrococcygienne """
M41.91,M4191,ATIH s'arrête à un niveau supérieur,préfixe ATIH M419 (type MCO 0),M419,"Scoliose, sans précision - "" Région occipito-atloïdo-axoïdienne """
M41.98,M4198,ATIH s'arrête à un niveau supérieur,préfixe ATIH M419 (type MCO 0),M419,"Scoliose, sans précision - "" Région sacrée et sacrococcygienne """
M43.18,M4318,ATIH s'arrête à un niveau supérieur,préfixe ATIH M431 (type MCO 0),M431,"Spondylolisthésis - "" Région sacrée et sacrococcygienne """
M43.28,M4328,ATIH s'arrête à un niveau supérieur,préfixe ATIH M432 (type MCO 0),M432,"Autres soudures vertébrales - "" Région sacrée et sacrococcygienne """
M43.30,M4330,ATIH s'arrête à un niveau supérieur,préfixe ATIH M433 (type MCO 0),M433,"Subluxation récidivante atloïdoaxoïdienne avec myélopathie - "" Localisations vertébrales multiples """
M43.32,M4332,ATIH s'arrête à un niveau supérieur,préfixe ATIH M433 (type MCO 0),M433,"Subluxation récidivante atloïdoaxoïdienne avec myélopathie - "" Région cervicale """
M43.33,M4333,ATIH s'arrête à un niveau supérieur,préfixe ATIH M433 (type MCO 0),M433,"Subluxation récidivante atloïdoaxoïdienne avec myélopathie - "" Région cervicodorsal """
M43.34,M4334,ATIH s'arrête à un niveau supérieur,préfixe ATIH M433 (type MCO 0),M433,"Subluxation récidivante atloïdoaxoïdienne avec myélopathie - "" Région dorsale """
M43.35,M4335,ATIH s'arrête à un niveau supérieur,préfixe ATIH M433 (type MCO 0),M433,"Subluxation récidivante atloïdoaxoïdienne avec myélopathie - "" Région dorsolombaire """
M43.36,M4336,ATIH s'arrête à un niveau supérieur,préfixe ATIH M433 (type MCO 0),M433,"Subluxation récidivante atloïdoaxoïdienne avec myélopathie - "" Région lombaire """
M43.37,M4337,ATIH s'arrête à un niveau supérieur,préfixe ATIH M433 (type MCO 0),M433,"Subluxation récidivante atloïdoaxoïdienne avec myélopathie - "" Région lombosacrée """
M43.38,M4338,ATIH s'arrête à un niveau supérieur,préfixe ATIH M433 (type MCO 0),M433,"Subluxation récidivante atloïdoaxoïdienne avec myélopathie - "" Région sacrée et sacrococcygienne """
M43.39,M4339,ATIH s'arrête à un niveau supérieur,préfixe ATIH M433 (type MCO 0),M433,"Subluxation récidivante atloïdoaxoïdienne avec myélopathie - "" Localisation non précisée """
M43.40,M4340,ATIH s'arrête à un niveau supérieur,préfixe ATIH M434 (type MCO 0),M434,"Autres subluxations atloïdoaxoïdiennes récidivantes - "" Localisations vertébrales multiples """
M43.42,M4342,ATIH s'arrête à un niveau supérieur,préfixe ATIH M434 (type MCO 0),M434,"Autres subluxations atloïdoaxoïdiennes récidivantes - "" Région cervicale """
M43.43,M4343,ATIH s'arrête à un niveau supérieur,préfixe ATIH M434 (type MCO 0),M434,"Autres subluxations atloïdoaxoïdiennes récidivantes - "" Région cervicodorsal """
M43.44,M4344,ATIH s'arrête à un niveau supérieur,préfixe ATIH M434 (type MCO 0),M434,"Autres subluxations atloïdoaxoïdiennes récidivantes - "" Région dorsale """
M43.45,M4345,ATIH s'arrête à un niveau supérieur,préfixe ATIH M434 (type MCO 0),M434,"Autres subluxations atloïdoaxoïdiennes récidivantes - "" Région dorsolombaire """
M43.46,M4346,ATIH s'arrête à un niveau supérieur,préfixe ATIH M434 (type MCO 0),M434,"Autres subluxations atloïdoaxoïdiennes récidivantes - "" Région lombaire """
M43.47,M4347,ATIH s'arrête à un niveau supérieur,préfixe ATIH M434 (type MCO 0),M434,"Autres subluxations atloïdoaxoïdiennes récidivantes - "" Région lombosacrée """
M43.48,M4348,ATIH s'arrête à un niveau supérieur,préfixe ATIH M434 (type MCO 0),M434,"Autres subluxations atloïdoaxoïdiennes récidivantes - "" Région sacrée et sacrococcygienne """
M43.49,M4349,ATIH s'arrête à un niveau supérieur,préfixe ATIH M434 (type MCO 0),M434,"Autres subluxations atloïdoaxoïdiennes récidivantes - "" Localisation non précisée """
M43.51,M4351,ATIH s'arrête à un niveau supérieur,préfixe ATIH M435 (type MCO 0),M435,"Autres subluxations vertébrales récidivantes - "" Région occipito-atloïdo-axoïdienne """
M43.60,M4360,ATIH s'arrête à un niveau supérieur,préfixe ATIH M436 (type MCO 0),M436,"Torticolis - "" Localisations vertébrales multiples """
M43.61,M4361,ATIH s'arrête à un niveau supérieur,préfixe ATIH M436 (type MCO 0),M436,"Torticolis - "" Région occipito-atloïdo-axoïdienne """
M43.63,M4363,ATIH s'arrête à un niveau supérieur,préfixe ATIH M436 (type MCO 0),M436,"Torticolis - "" Région cervicodorsal """
M43.64,M4364,ATIH s'arrête à un niveau supérieur,préfixe ATIH M436 (type MCO 0),M436,"Torticolis - "" Région dorsale """
M43.65,M4365,ATIH s'arrête à un niveau supérieur,préfixe ATIH M436 (type MCO 0),M436,"Torticolis - "" Région dorsolombaire """
M43.66,M4366,ATIH s'arrête à un niveau supérieur,préfixe ATIH M436 (type MCO 0),M436,"Torticolis - "" Région lombaire """
M43.67,M4367,ATIH s'arrête à un niveau supérieur,préfixe ATIH M436 (type MCO 0),M436,"Torticolis - "" Région lombosacrée """
M43.68,M4368,ATIH s'arrête à un niveau supérieur,préfixe ATIH M436 (type MCO 0),M436,"Torticolis - "" Région sacrée et sacrococcygienne """
M43.69,M4369,ATIH s'arrête à un niveau supérieur,préfixe ATIH M436 (type MCO 0),M436,"Torticolis - "" Localisation non précisée """
M46.11,M4611,ATIH s'arrête à un niveau supérieur,préfixe ATIH M461 (type MCO 0),M461,"Sacro-iliite, non classée ailleurs - "" Région occipito-atloïdo-axoïdienne """
M46.12,M4612,ATIH s'arrête à un niveau supérieur,préfixe ATIH M461 (type MCO 0),M461,"Sacro-iliite, non classée ailleurs - "" Région cervicale """
M46.13,M4613,ATIH s'arrête à un niveau supérieur,préfixe ATIH M461 (type MCO 0),M461,"Sacro-iliite, non classée ailleurs - "" Région cervicodorsal """
M46.14,M4614,ATIH s'arrête à un niveau supérieur,préfixe ATIH M461 (type MCO 0),M461,"Sacro-iliite, non classée ailleurs - "" Région dorsale """
M46.15,M4615,ATIH s'arrête à un niveau supérieur,préfixe ATIH M461 (type MCO 0),M461,"Sacro-iliite, non classée ailleurs - "" Région dorsolombaire """
M46.16,M4616,ATIH s'arrête à un niveau supérieur,préfixe ATIH M461 (type MCO 0),M461,"Sacro-iliite, non classée ailleurs - "" Région lombaire """
M46.17,M4617,ATIH s'arrête à un niveau supérieur,préfixe ATIH M461 (type MCO 0),M461,"Sacro-iliite, non classée ailleurs - "" Région lombosacrée """
M46.19,M4619,ATIH s'arrête à un niveau supérieur,préfixe ATIH M461 (type MCO 0),M461,"Sacro-iliite, non classée ailleurs - "" Localisation non précisée """
M46.31,M4631,ATIH s'arrête à un niveau supérieur,préfixe ATIH M463 (type MCO 0),M463,"Infection (pyogène) d'un disque intervertébral - "" Région occipito-atloïdo-axoïdienne """
M46.41,M4641,ATIH s'arrête à un niveau supérieur,préfixe ATIH M464 (type MCO 0),M464,"Discite, sans précision - "" Région occipito-atloïdo-axoïdienne """
M47.07,M4707,ATIH s'arrête à un niveau supérieur,préfixe ATIH M470 (type MCO 0),M470,"Syndromes de compression des artères vertébrale et spinale antérieure (G99.2)   - "" Région lombosacrée """
M47.08,M4708,ATIH s'arrête à un niveau supérieur,préfixe ATIH M470 (type MCO 0),M470,"Syndromes de compression des artères vertébrale et spinale antérieure (G99.2)   - "" Région sacrée et sacrococcygienne """
M47.17,M4717,ATIH s'arrête à un niveau supérieur,préfixe ATIH M471 (type MCO 0),M471,"Autres spondylarthroses avec myélopathie - "" Région lombosacrée """
M47.18,M4718,ATIH s'arrête à un niveau supérieur,préfixe ATIH M471 (type MCO 0),M471,"Autres spondylarthroses avec myélopathie - "" Région sacrée et sacrococcygienne """
M53.04,M5304,ATIH s'arrête à un niveau supérieur,préfixe ATIH M530 (type MCO 0),M530,"Syndrome cervicocéphalique - "" Région dorsale """
M53.05,M5305,ATIH s'arrête à un niveau supérieur,préfixe ATIH M530 (type MCO 0),M530,"Syndrome cervicocéphalique - "" Région dorsolombaire """
M53.06,M5306,ATIH s'arrête à un niveau supérieur,préfixe ATIH M530 (type MCO 0),M530,"Syndrome cervicocéphalique - "" Région lombaire """
M53.07,M5307,ATIH s'arrête à un niveau supérieur,préfixe ATIH M530 (type MCO 0),M530,"Syndrome cervicocéphalique - "" Région lombosacrée """
M53.08,M5308,ATIH s'arrête à un niveau supérieur,préfixe ATIH M530 (type MCO 0),M530,"Syndrome cervicocéphalique - "" Région sacrée et sacrococcygienne """
M53.11,M5311,ATIH s'arrête à un niveau supérieur,préfixe ATIH M531 (type MCO 0),M531,"Syndrome cervicobrachial - "" Région occipito-atloïdo-axoïdienne """
M53.14,M5314,ATIH s'arrête à un niveau supérieur,préfixe ATIH M531 (type MCO 0),M531,"Syndrome cervicobrachial - "" Région dorsale """
M53.15,M5315,ATIH s'arrête à un niveau supérieur,préfixe ATIH M531 (type MCO 0),M531,"Syndrome cervicobrachial - "" Région dorsolombaire """
M53.16,M5316,ATIH s'arrête à un niveau supérieur,préfixe ATIH M531 (type MCO 0),M531,"Syndrome cervicobrachial - "" Région lombaire """
M53.17,M5317,ATIH s'arrête à un niveau supérieur,préfixe ATIH M531 (type MCO 0),M531,"Syndrome cervicobrachial - "" Région lombosacrée """
M53.18,M5318,ATIH s'arrête à un niveau supérieur,préfixe ATIH M531 (type MCO 0),M531,"Syndrome cervicobrachial - "" Région sacrée et sacrococcygienne """
M53.31,M5331,ATIH s'arrête à un niveau supérieur,préfixe ATIH M533 (type MCO 0),M533,"Atteintes sacrococcygiennes, non classées ailleurs - "" Région occipito-atloïdo-axoïdienne """
M53.32,M5332,ATIH s'arrête à un niveau supérieur,préfixe ATIH M533 (type MCO 0),M533,"Atteintes sacrococcygiennes, non classées ailleurs - "" Région cervicale """
M53.33,M5333,ATIH s'arrête à un niveau supérieur,préfixe ATIH M533 (type MCO 0),M533,"Atteintes sacrococcygiennes, non classées ailleurs - "" Région cervicodorsal """
M53.34,M5334,ATIH s'arrête à un niveau supérieur,préfixe ATIH M533 (type MCO 0),M533,"Atteintes sacrococcygiennes, non classées ailleurs - "" Région dorsale """
M53.35,M5335,ATIH s'arrête à un niveau supérieur,préfixe ATIH M533 (type MCO 0),M533,"Atteintes sacrococcygiennes, non classées ailleurs - "" Région dorsolombaire """
M53.36,M5336,ATIH s'arrête à un niveau supérieur,préfixe ATIH M533 (type MCO 0),M533,"Atteintes sacrococcygiennes, non classées ailleurs - "" Région lombaire """
M53.37,M5337,ATIH s'arrête à un niveau supérieur,préfixe ATIH M533 (type MCO 0),M533,"Atteintes sacrococcygiennes, non classées ailleurs - "" Région lombosacrée """
M54.24,M5424,ATIH s'arrête à un niveau supérieur,préfixe ATIH M542 (type MCO 0),M542,"Cervicalgie - "" Région dorsale """
M54.25,M5425,ATIH s'arrête à un niveau supérieur,préfixe ATIH M542 (type MCO 0),M542,"Cervicalgie - "" Région dorsolombaire """
M54.26,M5426,ATIH s'arrête à un niveau supérieur,préfixe ATIH M542 (type MCO 0),M542,"Cervicalgie - "" Région lombaire """
M54.27,M5427,ATIH s'arrête à un niveau supérieur,préfixe ATIH M542 (type MCO 0),M542,"Cervicalgie - "" Région lombosacrée """
M54.28,M5428,ATIH s'arrête à un niveau supérieur,préfixe ATIH M542 (type MCO 0),M542,"Cervicalgie - "" Région sacrée et sacrococcygienne """
M54.31,M5431,ATIH s'arrête à un niveau supérieur,préfixe ATIH M543 (type MCO 0),M543,"Sciatique - "" Région occipito-atloïdo-axoïdienne """
M54.32,M5432,ATIH s'arrête à un niveau supérieur,préfixe ATIH M543 (type MCO 0),M543,"Sciatique - "" Région cervicale """
M54.33,M5433,ATIH s'arrête à un niveau supérieur,préfixe ATIH M543 (type MCO 0),M543,"Sciatique - "" Région cervicodorsal """
M54.34,M5434,ATIH s'arrête à un niveau supérieur,préfixe ATIH M543 (type MCO 0),M543,"Sciatique - "" Région dorsale """
M54.35,M5435,ATIH s'arrête à un niveau supérieur,préfixe ATIH M543 (type MCO 0),M543,"Sciatique - "" Région dorsolombaire """
M54.41,M5441,ATIH s'arrête à un niveau supérieur,préfixe ATIH M544 (type MCO 0),M544,"Lumbago avec sciatique - "" Région occipito-atloïdo-axoïdienne """
M54.42,M5442,ATIH s'arrête à un niveau supérieur,préfixe ATIH M544 (type MCO 0),M544,"Lumbago avec sciatique - "" Région cervicale """
M54.43,M5443,ATIH s'arrête à un niveau supérieur,préfixe ATIH M544 (type MCO 0),M544,"Lumbago avec sciatique - "" Région cervicodorsal """
M54.44,M5444,ATIH s'arrête à un niveau supérieur,préfixe ATIH M544 (type MCO 0),M544,"Lumbago avec sciatique - "" Région dorsale """
M54.45,M5445,ATIH s'arrête à un niveau supérieur,préfixe ATIH M544 (type MCO 0),M544,"Lumbago avec sciatique - "" Région dorsolombaire """
M54.51,M5451,ATIH s'arrête à un niveau supérieur,préfixe ATIH M545 (type MCO 0),M545,"Lombalgie basse - "" Région occipito-atloïdo-axoïdienne """
M54.52,M5452,ATIH s'arrête à un niveau supérieur,préfixe ATIH M545 (type MCO 0),M545,"Lombalgie basse - "" Région cervicale """
M54.53,M5453,ATIH s'arrête à un niveau supérieur,préfixe ATIH M545 (type MCO 0),M545,"Lombalgie basse - "" Région cervicodorsal """
M54.54,M5454,ATIH s'arrête à un niveau supérieur,préfixe ATIH M545 (type MCO 0),M545,"Lombalgie basse - "" Région dorsale """
M54.55,M5455,ATIH s'arrête à un niveau supérieur,préfixe ATIH M545 (type MCO 0),M545,"Lombalgie basse - "" Région dorsolombaire """
M54.90,M5490,ATIH s'arrête à un niveau supérieur,préfixe ATIH M549 (type MCO 0),M549,"Dorsalgie, sans précision - "" Localisations vertébrales multiples """
M54.91,M5491,ATIH s'arrête à un niveau supérieur,préfixe ATIH M549 (type MCO 0),M549,"Dorsalgie, sans précision - "" Région occipito-atloïdo-axoïdienne """
M54.92,M5492,ATIH s'arrête à un niveau supérieur,préfixe ATIH M549 (type MCO 0),M549,"Dorsalgie, sans précision - "" Région cervicale """
M54.93,M5493,ATIH s'arrête à un niveau supérieur,préfixe ATIH M549 (type MCO 0),M549,"Dorsalgie, sans précision - "" Région cervicodorsal """
M54.94,M5494,ATIH s'arrête à un niveau supérieur,préfixe ATIH M549 (type MCO 0),M549,"Dorsalgie, sans précision - "" Région dorsale """
M54.95,M5495,ATIH s'arrête à un niveau supérieur,préfixe ATIH M549 (type MCO 0),M549,"Dorsalgie, sans précision - "" Région dorsolombaire """
M54.96,M5496,ATIH s'arrête à un niveau supérieur,préfixe ATIH M549 (type MCO 0),M549,"Dorsalgie, sans précision - "" Région lombaire """
M54.97,M5497,ATIH s'arrête à un niveau supérieur,préfixe ATIH M549 (type MCO 0),M549,"Dorsalgie, sans précision - "" Région lombosacrée """
M54.98,M5498,ATIH s'arrête à un niveau supérieur,préfixe ATIH M549 (type MCO 0),M549,"Dorsalgie, sans précision - "" Région sacrée et sacrococcygienne """
M63.00,M6300,ATIH s'arrête à un niveau supérieur,préfixe ATIH M630 (type MCO 0),M630,"Myosite au cours de maladies bactériennes classées ailleurs - "" Sièges multiples """
M63.01,M6301,ATIH s'arrête à un niveau supérieur,préfixe ATIH M630 (type MCO 0),M630,"Myosite au cours de maladies bactériennes classées ailleurs - "" Région scapulaire """
M63.02,M6302,ATIH s'arrête à un niveau supérieur,préfixe ATIH M630 (type MCO 0),M630,"Myosite au cours de maladies bactériennes classées ailleurs - "" Bras """
M63.03,M6303,ATIH s'arrête à un niveau supérieur,préfixe ATIH M630 (type MCO 0),M630,"Myosite au cours de maladies bactériennes classées ailleurs - "" Avant-bras """
M63.04,M6304,ATIH s'arrête à un niveau supérieur,préfixe ATIH M630 (type MCO 0),M630,"Myosite au cours de maladies bactériennes classées ailleurs - "" Main """
M63.05,M6305,ATIH s'arrête à un niveau supérieur,préfixe ATIH M630 (type MCO 0),M630,"Myosite au cours de maladies bactériennes classées ailleurs - "" Région pelvienne et cuisse """
M63.06,M6306,ATIH s'arrête à un niveau supérieur,préfixe ATIH M630 (type MCO 0),M630,"Myosite au cours de maladies bactériennes classées ailleurs - "" Jambe """
M63.07,M6307,ATIH s'arrête à un niveau supérieur,préfixe ATIH M630 (type MCO 0),M630,"Myosite au cours de maladies bactériennes classées ailleurs - "" Cheville et pied """
M63.08,M6308,ATIH s'arrête à un niveau supérieur,préfixe ATIH M630 (type MCO 0),M630,"Myosite au cours de maladies bactériennes classées ailleurs - "" Autres """
M63.09,M6309,ATIH s'arrête à un niveau supérieur,préfixe ATIH M630 (type MCO 0),M630,"Myosite au cours de maladies bactériennes classées ailleurs - "" Siège non précisé """
M63.10,M6310,ATIH s'arrête à un niveau supérieur,préfixe ATIH M631 (type MCO 0),M631,"Myosite au cours d'infections parasitaires et à protozoaires classées ailleurs - "" Sièges multiples """
M63.11,M6311,ATIH s'arrête à un niveau supérieur,préfixe ATIH M631 (type MCO 0),M631,"Myosite au cours d'infections parasitaires et à protozoaires classées ailleurs - "" Région scapulaire """
M63.12,M6312,ATIH s'arrête à un niveau supérieur,préfixe ATIH M631 (type MCO 0),M631,"Myosite au cours d'infections parasitaires et à protozoaires classées ailleurs - "" Bras """
M63.13,M6313,ATIH s'arrête à un niveau supérieur,préfixe ATIH M631 (type MCO 0),M631,"Myosite au cours d'infections parasitaires et à protozoaires classées ailleurs - "" Avant-bras """
M63.14,M6314,ATIH s'arrête à un niveau supérieur,préfixe ATIH M631 (type MCO 0),M631,"Myosite au cours d'infections parasitaires et à protozoaires classées ailleurs - "" Main """
M63.15,M6315,ATIH s'arrête à un niveau supérieur,préfixe ATIH M631 (type MCO 0),M631,"Myosite au cours d'infections parasitaires et à protozoaires classées ailleurs - "" Région pelvienne et cuisse """
M63.16,M6316,ATIH s'arrête à un niveau supérieur,préfixe ATIH M631 (type MCO 0),M631,"Myosite au cours d'infections parasitaires et à protozoaires classées ailleurs - "" Jambe """
M63.17,M6317,ATIH s'arrête à un niveau supérieur,préfixe ATIH M631 (type MCO 0),M631,"Myosite au cours d'infections parasitaires et à protozoaires classées ailleurs - "" Cheville et pied """
M63.18,M6318,ATIH s'arrête à un niveau supérieur,préfixe ATIH M631 (type MCO 0),M631,"Myosite au cours d'infections parasitaires et à protozoaires classées ailleurs - "" Autres """
M63.19,M6319,ATIH s'arrête à un niveau supérieur,préfixe ATIH M631 (type MCO 0),M631,"Myosite au cours d'infections parasitaires et à protozoaires classées ailleurs - "" Siège non précisé """
M63.20,M6320,ATIH s'arrête à un niveau supérieur,préfixe ATIH M632 (type MCO 0),M632,"Myosite au cours d'autres maladies infectieuses classées ailleurs - "" Sièges multiples """
M63.21,M6321,ATIH s'arrête à un niveau supérieur,préfixe ATIH M632 (type MCO 0),M632,"Myosite au cours d'autres maladies infectieuses classées ailleurs - "" Région scapulaire """
M63.22,M6322,ATIH s'arrête à un niveau supérieur,préfixe ATIH M632 (type MCO 0),M632,"Myosite au cours d'autres maladies infectieuses classées ailleurs - "" Bras """
M63.23,M6323,ATIH s'arrête à un niveau supérieur,préfixe ATIH M632 (type MCO 0),M632,"Myosite au cours d'autres maladies infectieuses classées ailleurs - "" Avant-bras """
M63.24,M6324,ATIH s'arrête à un niveau supérieur,préfixe ATIH M632 (type MCO 0),M632,"Myosite au cours d'autres maladies infectieuses classées ailleurs - "" Main """
M63.25,M6325,ATIH s'arrête à un niveau supérieur,préfixe ATIH M632 (type MCO 0),M632,"Myosite au cours d'autres maladies infectieuses classées ailleurs - "" Région pelvienne et cuisse """
M63.26,M6326,ATIH s'arrête à un niveau supérieur,préfixe ATIH M632 (type MCO 0),M632,"Myosite au cours d'autres maladies infectieuses classées ailleurs - "" Jambe """
M63.27,M6327,ATIH s'arrête à un niveau supérieur,préfixe ATIH M632 (type MCO 0),M632,"Myosite au cours d'autres maladies infectieuses classées ailleurs - "" Cheville et pied """
M63.28,M6328,ATIH s'arrête à un niveau supérieur,préfixe ATIH M632 (type MCO 0),M632,"Myosite au cours d'autres maladies infectieuses classées ailleurs - "" Autres """
M63.29,M6329,ATIH s'arrête à un niveau supérieur,préfixe ATIH M632 (type MCO 0),M632,"Myosite au cours d'autres maladies infectieuses classées ailleurs - "" Siège non précisé """
M63.30,M6330,ATIH s'arrête à un niveau supérieur,préfixe ATIH M633 (type MCO 0),M633,"Myosite au cours de sarcoïdose (D86.8)   - "" Sièges multiples """
M63.31,M6331,ATIH s'arrête à un niveau supérieur,préfixe ATIH M633 (type MCO 0),M633,"Myosite au cours de sarcoïdose (D86.8)   - "" Région scapulaire """
M63.32,M6332,ATIH s'arrête à un niveau supérieur,préfixe ATIH M633 (type MCO 0),M633,"Myosite au cours de sarcoïdose (D86.8)   - "" Bras """
M63.33,M6333,ATIH s'arrête à un niveau supérieur,préfixe ATIH M633 (type MCO 0),M633,"Myosite au cours de sarcoïdose (D86.8)   - "" Avant-bras """
M63.34,M6334,ATIH s'arrête à un niveau supérieur,préfixe ATIH M633 (type MCO 0),M633,"Myosite au cours de sarcoïdose (D86.8)   - "" Main """
M63.35,M6335,ATIH s'arrête à un niveau supérieur,préfixe ATIH M633 (type MCO 0),M633,"Myosite au cours de sarcoïdose (D86.8)   - "" Région pelvienne et cuisse """
M63.36,M6336,ATIH s'arrête à un niveau supérieur,préfixe ATIH M633 (type MCO 0),M633,"Myosite au cours de sarcoïdose (D86.8)   - "" Jambe """
M63.37,M6337,ATIH s'arrête à un niveau supérieur,préfixe ATIH M633 (type MCO 0),M633,"Myosite au cours de sarcoïdose (D86.8)   - "" Cheville et pied """
M63.38,M6338,ATIH s'arrête à un niveau supérieur,préfixe ATIH M633 (type MCO 0),M633,"Myosite au cours de sarcoïdose (D86.8)   - "" Autres """
M63.39,M6339,ATIH s'arrête à un niveau supérieur,préfixe ATIH M633 (type MCO 0),M633,"Myosite au cours de sarcoïdose (D86.8)   - "" Siège non précisé """
M63.80,M6380,ATIH s'arrête à un niveau supérieur,préfixe ATIH M638 (type MCO 0),M638,"Autres atteintes musculaires au cours de maladies classées ailleurs - "" Sièges multiples """
M63.81,M6381,ATIH s'arrête à un niveau supérieur,préfixe ATIH M638 (type MCO 0),M638,"Autres atteintes musculaires au cours de maladies classées ailleurs - "" Région scapulaire """
M63.82,M6382,ATIH s'arrête à un niveau supérieur,préfixe ATIH M638 (type MCO 0),M638,"Autres atteintes musculaires au cours de maladies classées ailleurs - "" Bras """
M63.83,M6383,ATIH s'arrête à un niveau supérieur,préfixe ATIH M638 (type MCO 0),M638,"Autres atteintes musculaires au cours de maladies classées ailleurs - "" Avant-bras """
M63.84,M6384,ATIH s'arrête à un niveau supérieur,préfixe ATIH M638 (type MCO 0),M638,"Autres atteintes musculaires au cours de maladies classées ailleurs - "" Main """
M63.85,M6385,ATIH s'arrête à un niveau supérieur,préfixe ATIH M638 (type MCO 0),M638,"Autres atteintes musculaires au cours de maladies classées ailleurs - "" Région pelvienne et cuisse """
M63.86,M6386,ATIH s'arrête à un niveau supérieur,préfixe ATIH M638 (type MCO 0),M638,"Autres atteintes musculaires au cours de maladies classées ailleurs - "" Jambe """
M63.87,M6387,ATIH s'arrête à un niveau supérieur,préfixe ATIH M638 (type MCO 0),M638,"Autres atteintes musculaires au cours de maladies classées ailleurs - "" Cheville et pied """
M63.88,M6388,ATIH s'arrête à un niveau supérieur,préfixe ATIH M638 (type MCO 0),M638,"Autres atteintes musculaires au cours de maladies classées ailleurs - "" Autres """
M63.89,M6389,ATIH s'arrête à un niveau supérieur,préfixe ATIH M638 (type MCO 0),M638,"Autres atteintes musculaires au cours de maladies classées ailleurs - "" Siège non précisé """
M65.21,M6521,ATIH s'arrête à un niveau supérieur,préfixe ATIH M652 (type MCO 0),M652,"Tendinite calcifiante - "" Région scapulaire """
M65.31,M6531,ATIH s'arrête à un niveau supérieur,préfixe ATIH M653 (type MCO 0),M653,"Doigt « à ressort » - "" Région scapulaire """
M65.32,M6532,ATIH s'arrête à un niveau supérieur,préfixe ATIH M653 (type MCO 0),M653,"Doigt « à ressort » - "" Bras """
M65.33,M6533,ATIH s'arrête à un niveau supérieur,préfixe ATIH M653 (type MCO 0),M653,"Doigt « à ressort » - "" Avant-bras """
M65.35,M6535,ATIH s'arrête à un niveau supérieur,préfixe ATIH M653 (type MCO 0),M653,"Doigt « à ressort » - "" Région pelvienne et cuisse """
M65.36,M6536,ATIH s'arrête à un niveau supérieur,préfixe ATIH M653 (type MCO 0),M653,"Doigt « à ressort » - "" Jambe """
M65.37,M6537,ATIH s'arrête à un niveau supérieur,préfixe ATIH M653 (type MCO 0),M653,"Doigt « à ressort » - "" Cheville et pied """
M65.38,M6538,ATIH s'arrête à un niveau supérieur,préfixe ATIH M653 (type MCO 0),M653,"Doigt « à ressort » - "" Autres """
M65.39,M6539,ATIH s'arrête à un niveau supérieur,préfixe ATIH M653 (type MCO 0),M653,"Doigt « à ressort » - "" Siège non précisé """
M65.41,M6541,ATIH s'arrête à un niveau supérieur,préfixe ATIH M654 (type MCO 0),M654,"Ténosynovite chronique sténosante du pouce [de Quervain] - "" Région scapulaire """
M65.42,M6542,ATIH s'arrête à un niveau supérieur,préfixe ATIH M654 (type MCO 0),M654,"Ténosynovite chronique sténosante du pouce [de Quervain] - "" Bras """
M65.43,M6543,ATIH s'arrête à un niveau supérieur,préfixe ATIH M654 (type MCO 0),M654,"Ténosynovite chronique sténosante du pouce [de Quervain] - "" Avant-bras """
M65.45,M6545,ATIH s'arrête à un niveau supérieur,préfixe ATIH M654 (type MCO 0),M654,"Ténosynovite chronique sténosante du pouce [de Quervain] - "" Région pelvienne et cuisse """
M65.46,M6546,ATIH s'arrête à un niveau supérieur,préfixe ATIH M654 (type MCO 0),M654,"Ténosynovite chronique sténosante du pouce [de Quervain] - "" Jambe """
M65.47,M6547,ATIH s'arrête à un niveau supérieur,préfixe ATIH M654 (type MCO 0),M654,"Ténosynovite chronique sténosante du pouce [de Quervain] - "" Cheville et pied """
M65.48,M6548,ATIH s'arrête à un niveau supérieur,préfixe ATIH M654 (type MCO 0),M654,"Ténosynovite chronique sténosante du pouce [de Quervain] - "" Autres """
M65.49,M6549,ATIH s'arrête à un niveau supérieur,préfixe ATIH M654 (type MCO 0),M654,"Ténosynovite chronique sténosante du pouce [de Quervain] - "" Siège non précisé """
M66.01,M6601,ATIH s'arrête à un niveau supérieur,préfixe ATIH M660 (type MCO 0),M660,"Déchirure d'un kyste poplité - "" Région scapulaire """
M66.02,M6602,ATIH s'arrête à un niveau supérieur,préfixe ATIH M660 (type MCO 0),M660,"Déchirure d'un kyste poplité - "" Bras """
M66.03,M6603,ATIH s'arrête à un niveau supérieur,préfixe ATIH M660 (type MCO 0),M660,"Déchirure d'un kyste poplité - "" Avant-bras """
M66.04,M6604,ATIH s'arrête à un niveau supérieur,préfixe ATIH M660 (type MCO 0),M660,"Déchirure d'un kyste poplité - "" Main """
M66.05,M6605,ATIH s'arrête à un niveau supérieur,préfixe ATIH M660 (type MCO 0),M660,"Déchirure d'un kyste poplité - "" Région pelvienne et cuisse """
M66.07,M6607,ATIH s'arrête à un niveau supérieur,préfixe ATIH M660 (type MCO 0),M660,"Déchirure d'un kyste poplité - "" Cheville et pied """
M66.08,M6608,ATIH s'arrête à un niveau supérieur,préfixe ATIH M660 (type MCO 0),M660,"Déchirure d'un kyste poplité - "" Autres """
M66.09,M6609,ATIH s'arrête à un niveau supérieur,préfixe ATIH M660 (type MCO 0),M660,"Déchirure d'un kyste poplité - "" Siège non précisé """
M66.16,M6616,ATIH s'arrête à un niveau supérieur,préfixe ATIH M661 (type MCO 0),M661,"Déchirure de la synoviale - "" Jambe """
M67.00,M6700,ATIH s'arrête à un niveau supérieur,préfixe ATIH M670 (type MCO 0),M670,"Brièveté du tendon d'Achille (acquise) - "" Sièges multiples """
M67.01,M6701,ATIH s'arrête à un niveau supérieur,préfixe ATIH M670 (type MCO 0),M670,"Brièveté du tendon d'Achille (acquise) - "" Région scapulaire """
M67.02,M6702,ATIH s'arrête à un niveau supérieur,préfixe ATIH M670 (type MCO 0),M670,"Brièveté du tendon d'Achille (acquise) - "" Bras """
M67.03,M6703,ATIH s'arrête à un niveau supérieur,préfixe ATIH M670 (type MCO 0),M670,"Brièveté du tendon d'Achille (acquise) - "" Avant-bras """
M67.04,M6704,ATIH s'arrête à un niveau supérieur,préfixe ATIH M670 (type MCO 0),M670,"Brièveté du tendon d'Achille (acquise) - "" Main """
M67.05,M6705,ATIH s'arrête à un niveau supérieur,préfixe ATIH M670 (type MCO 0),M670,"Brièveté du tendon d'Achille (acquise) - "" Région pelvienne et cuisse """
M67.06,M6706,ATIH s'arrête à un niveau supérieur,préfixe ATIH M670 (type MCO 0),M670,"Brièveté du tendon d'Achille (acquise) - "" Jambe """
M67.07,M6707,ATIH s'arrête à un niveau supérieur,préfixe ATIH M670 (type MCO 0),M670,"Brièveté du tendon d'Achille (acquise) - "" Cheville et pied """
M67.08,M6708,ATIH s'arrête à un niveau supérieur,préfixe ATIH M670 (type MCO 0),M670,"Brièveté du tendon d'Achille (acquise) - "" Autres """
M67.09,M6709,ATIH s'arrête à un niveau supérieur,préfixe ATIH M670 (type MCO 0),M670,"Brièveté du tendon d'Achille (acquise) - "" Siège non précisé """
M67.10,M6710,ATIH s'arrête à un niveau supérieur,préfixe ATIH M671 (type MCO 0),M671,"Autres rétractions tendineuses (gaine) - "" Sièges multiples """
M67.11,M6711,ATIH s'arrête à un niveau supérieur,préfixe ATIH M671 (type MCO 0),M671,"Autres rétractions tendineuses (gaine) - "" Région scapulaire """
M67.12,M6712,ATIH s'arrête à un niveau supérieur,préfixe ATIH M671 (type MCO 0),M671,"Autres rétractions tendineuses (gaine) - "" Bras """
M67.13,M6713,ATIH s'arrête à un niveau supérieur,préfixe ATIH M671 (type MCO 0),M671,"Autres rétractions tendineuses (gaine) - "" Avant-bras """
M67.14,M6714,ATIH s'arrête à un niveau supérieur,préfixe ATIH M671 (type MCO 0),M671,"Autres rétractions tendineuses (gaine) - "" Main """
M67.15,M6715,ATIH s'arrête à un niveau supérieur,préfixe ATIH M671 (type MCO 0),M671,"Autres rétractions tendineuses (gaine) - "" Région pelvienne et cuisse """
M67.16,M6716,ATIH s'arrête à un niveau supérieur,préfixe ATIH M671 (type MCO 0),M671,"Autres rétractions tendineuses (gaine) - "" Jambe """
M67.17,M6717,ATIH s'arrête à un niveau supérieur,préfixe ATIH M671 (type MCO 0),M671,"Autres rétractions tendineuses (gaine) - "" Cheville et pied """
M67.18,M6718,ATIH s'arrête à un niveau supérieur,préfixe ATIH M671 (type MCO 0),M671,"Autres rétractions tendineuses (gaine) - "" Autres """
M67.19,M6719,ATIH s'arrête à un niveau supérieur,préfixe ATIH M671 (type MCO 0),M671,"Autres rétractions tendineuses (gaine) - "" Siège non précisé """
M67.20,M6720,ATIH s'arrête à un niveau supérieur,préfixe ATIH M672 (type MCO 0),M672,"Hypertrophie synoviale, non classée ailleurs - "" Sièges multiples """
M67.21,M6721,ATIH s'arrête à un niveau supérieur,préfixe ATIH M672 (type MCO 0),M672,"Hypertrophie synoviale, non classée ailleurs - "" Région scapulaire """
M67.22,M6722,ATIH s'arrête à un niveau supérieur,préfixe ATIH M672 (type MCO 0),M672,"Hypertrophie synoviale, non classée ailleurs - "" Bras """
M67.23,M6723,ATIH s'arrête à un niveau supérieur,préfixe ATIH M672 (type MCO 0),M672,"Hypertrophie synoviale, non classée ailleurs - "" Avant-bras """
M67.24,M6724,ATIH s'arrête à un niveau supérieur,préfixe ATIH M672 (type MCO 0),M672,"Hypertrophie synoviale, non classée ailleurs - "" Main """
M67.25,M6725,ATIH s'arrête à un niveau supérieur,préfixe ATIH M672 (type MCO 0),M672,"Hypertrophie synoviale, non classée ailleurs - "" Région pelvienne et cuisse """
M67.26,M6726,ATIH s'arrête à un niveau supérieur,préfixe ATIH M672 (type MCO 0),M672,"Hypertrophie synoviale, non classée ailleurs - "" Jambe """
M67.27,M6727,ATIH s'arrête à un niveau supérieur,préfixe ATIH M672 (type MCO 0),M672,"Hypertrophie synoviale, non classée ailleurs - "" Cheville et pied """
M67.28,M6728,ATIH s'arrête à un niveau supérieur,préfixe ATIH M672 (type MCO 0),M672,"Hypertrophie synoviale, non classée ailleurs - "" Autres """
M67.29,M6729,ATIH s'arrête à un niveau supérieur,préfixe ATIH M672 (type MCO 0),M672,"Hypertrophie synoviale, non classée ailleurs - "" Siège non précisé """
M67.30,M6730,ATIH s'arrête à un niveau supérieur,préfixe ATIH M673 (type MCO 0),M673,"Synovite transitoire - "" Sièges multiples """
M67.31,M6731,ATIH s'arrête à un niveau supérieur,préfixe ATIH M673 (type MCO 0),M673,"Synovite transitoire - "" Région scapulaire """
M67.32,M6732,ATIH s'arrête à un niveau supérieur,préfixe ATIH M673 (type MCO 0),M673,"Synovite transitoire - "" Bras """
M67.33,M6733,ATIH s'arrête à un niveau supérieur,préfixe ATIH M673 (type MCO 0),M673,"Synovite transitoire - "" Avant-bras """
M67.34,M6734,ATIH s'arrête à un niveau supérieur,préfixe ATIH M673 (type MCO 0),M673,"Synovite transitoire - "" Main """
M67.35,M6735,ATIH s'arrête à un niveau supérieur,préfixe ATIH M673 (type MCO 0),M673,"Synovite transitoire - "" Région pelvienne et cuisse """
M67.36,M6736,ATIH s'arrête à un niveau supérieur,préfixe ATIH M673 (type MCO 0),M673,"Synovite transitoire - "" Jambe """
M67.37,M6737,ATIH s'arrête à un niveau supérieur,préfixe ATIH M673 (type MCO 0),M673,"Synovite transitoire - "" Cheville et pied """
M67.38,M6738,ATIH s'arrête à un niveau supérieur,préfixe ATIH M673 (type MCO 0),M673,"Synovite transitoire - "" Autres """
M67.39,M6739,ATIH s'arrête à un niveau supérieur,préfixe ATIH M673 (type MCO 0),M673,"Synovite transitoire - "" Siège non précisé """
M67.40,M6740,ATIH s'arrête à un niveau supérieur,préfixe ATIH M674 (type MCO 0),M674,"Kyste - "" Sièges multiples """
M67.41,M6741,ATIH s'arrête à un niveau supérieur,préfixe ATIH M674 (type MCO 0),M674,"Kyste - "" Région scapulaire """
M67.42,M6742,ATIH s'arrête à un niveau supérieur,préfixe ATIH M674 (type MCO 0),M674,"Kyste - "" Bras """
M67.43,M6743,ATIH s'arrête à un niveau supérieur,préfixe ATIH M674 (type MCO 0),M674,"Kyste - "" Avant-bras """
M67.44,M6744,ATIH s'arrête à un niveau supérieur,préfixe ATIH M674 (type MCO 0),M674,"Kyste - "" Main """
M67.45,M6745,ATIH s'arrête à un niveau supérieur,préfixe ATIH M674 (type MCO 0),M674,"Kyste - "" Région pelvienne et cuisse """
M67.46,M6746,ATIH s'arrête à un niveau supérieur,préfixe ATIH M674 (type MCO 0),M674,"Kyste - "" Jambe """
M67.47,M6747,ATIH s'arrête à un niveau supérieur,préfixe ATIH M674 (type MCO 0),M674,"Kyste - "" Cheville et pied """
M67.48,M6748,ATIH s'arrête à un niveau supérieur,préfixe ATIH M674 (type MCO 0),M674,"Kyste - "" Autres """
M67.49,M6749,ATIH s'arrête à un niveau supérieur,préfixe ATIH M674 (type MCO 0),M674,"Kyste - "" Siège non précisé """
M67.80,M6780,ATIH s'arrête à un niveau supérieur,préfixe ATIH M678 (type MCO 0),M678,"Autres atteintes précisées de la synoviale et du tendon - "" Sièges multiples """
M67.81,M6781,ATIH s'arrête à un niveau supérieur,préfixe ATIH M678 (type MCO 0),M678,"Autres atteintes précisées de la synoviale et du tendon - "" Région scapulaire """
M67.82,M6782,ATIH s'arrête à un niveau supérieur,préfixe ATIH M678 (type MCO 0),M678,"Autres atteintes précisées de la synoviale et du tendon - "" Bras """
M67.83,M6783,ATIH s'arrête à un niveau supérieur,préfixe ATIH M678 (type MCO 0),M678,"Autres atteintes précisées de la synoviale et du tendon - "" Avant-bras """
M67.84,M6784,ATIH s'arrête à un niveau supérieur,préfixe ATIH M678 (type MCO 0),M678,"Autres atteintes précisées de la synoviale et du tendon - "" Main """
M67.85,M6785,ATIH s'arrête à un niveau supérieur,préfixe ATIH M678 (type MCO 0),M678,"Autres atteintes précisées de la synoviale et du tendon - "" Région pelvienne et cuisse """
M67.86,M6786,ATIH s'arrête à un niveau supérieur,préfixe ATIH M678 (type MCO 0),M678,"Autres atteintes précisées de la synoviale et du tendon - "" Jambe """
M67.87,M6787,ATIH s'arrête à un niveau supérieur,préfixe ATIH M678 (type MCO 0),M678,"Autres atteintes précisées de la synoviale et du tendon - "" Cheville et pied """
M67.88,M6788,ATIH s'arrête à un niveau supérieur,préfixe ATIH M678 (type MCO 0),M678,"Autres atteintes précisées de la synoviale et du tendon - "" Autres """
M67.89,M6789,ATIH s'arrête à un niveau supérieur,préfixe ATIH M678 (type MCO 0),M678,"Autres atteintes précisées de la synoviale et du tendon - "" Siège non précisé """
M67.90,M6790,ATIH s'arrête à un niveau supérieur,préfixe ATIH M679 (type MCO 0),M679,"Atteinte de la synoviale et du tendon, sans précision - "" Sièges multiples """
M67.91,M6791,ATIH s'arrête à un niveau supérieur,préfixe ATIH M679 (type MCO 0),M679,"Atteinte de la synoviale et du tendon, sans précision - "" Région scapulaire """
M67.92,M6792,ATIH s'arrête à un niveau supérieur,préfixe ATIH M679 (type MCO 0),M679,"Atteinte de la synoviale et du tendon, sans précision - "" Bras """
M67.93,M6793,ATIH s'arrête à un niveau supérieur,préfixe ATIH M679 (type MCO 0),M679,"Atteinte de la synoviale et du tendon, sans précision - "" Avant-bras """
M67.94,M6794,ATIH s'arrête à un niveau supérieur,préfixe ATIH M679 (type MCO 0),M679,"Atteinte de la synoviale et du tendon, sans précision - "" Main """
M67.95,M6795,ATIH s'arrête à un niveau supérieur,préfixe ATIH M679 (type MCO 0),M679,"Atteinte de la synoviale et du tendon, sans précision - "" Région pelvienne et cuisse """
M67.96,M6796,ATIH s'arrête à un niveau supérieur,préfixe ATIH M679 (type MCO 0),M679,"Atteinte de la synoviale et du tendon, sans précision - "" Jambe """
M67.97,M6797,ATIH s'arrête à un niveau supérieur,préfixe ATIH M679 (type MCO 0),M679,"Atteinte de la synoviale et du tendon, sans précision - "" Cheville et pied """
M67.98,M6798,ATIH s'arrête à un niveau supérieur,préfixe ATIH M679 (type MCO 0),M679,"Atteinte de la synoviale et du tendon, sans précision - "" Autres """
M67.99,M6799,ATIH s'arrête à un niveau supérieur,préfixe ATIH M679 (type MCO 0),M679,"Atteinte de la synoviale et du tendon, sans précision - "" Siège non précisé """
M68.00,M6800,ATIH s'arrête à un niveau supérieur,préfixe ATIH M680 (type MCO 0),M680,"Synovite et ténosynovite au cours de maladies bactériennes classées ailleurs - "" Sièges multiples """
M68.01,M6801,ATIH s'arrête à un niveau supérieur,préfixe ATIH M680 (type MCO 0),M680,"Synovite et ténosynovite au cours de maladies bactériennes classées ailleurs - "" Région scapulaire """
M68.02,M6802,ATIH s'arrête à un niveau supérieur,préfixe ATIH M680 (type MCO 0),M680,"Synovite et ténosynovite au cours de maladies bactériennes classées ailleurs - "" Bras """
M68.03,M6803,ATIH s'arrête à un niveau supérieur,préfixe ATIH M680 (type MCO 0),M680,"Synovite et ténosynovite au cours de maladies bactériennes classées ailleurs - "" Avant-bras """
M68.04,M6804,ATIH s'arrête à un niveau supérieur,préfixe ATIH M680 (type MCO 0),M680,"Synovite et ténosynovite au cours de maladies bactériennes classées ailleurs - "" Main """
M68.05,M6805,ATIH s'arrête à un niveau supérieur,préfixe ATIH M680 (type MCO 0),M680,"Synovite et ténosynovite au cours de maladies bactériennes classées ailleurs - "" Région pelvienne et cuisse """
M68.06,M6806,ATIH s'arrête à un niveau supérieur,préfixe ATIH M680 (type MCO 0),M680,"Synovite et ténosynovite au cours de maladies bactériennes classées ailleurs - "" Jambe """
M68.07,M6807,ATIH s'arrête à un niveau supérieur,préfixe ATIH M680 (type MCO 0),M680,"Synovite et ténosynovite au cours de maladies bactériennes classées ailleurs - "" Cheville et pied """
M68.08,M6808,ATIH s'arrête à un niveau supérieur,préfixe ATIH M680 (type MCO 0),M680,"Synovite et ténosynovite au cours de maladies bactériennes classées ailleurs - "" Autres """
M68.09,M6809,ATIH s'arrête à un niveau supérieur,préfixe ATIH M680 (type MCO 0),M680,"Synovite et ténosynovite au cours de maladies bactériennes classées ailleurs - "" Siège non précisé """
M68.80,M6880,ATIH s'arrête à un niveau supérieur,préfixe ATIH M688 (type MCO 0),M688,"Autres atteintes de la synoviale et du tendon au cours de maladies classées ailleurs - "" Sièges multiples """
M68.81,M6881,ATIH s'arrête à un niveau supérieur,préfixe ATIH M688 (type MCO 0),M688,"Autres atteintes de la synoviale et du tendon au cours de maladies classées ailleurs - "" Région scapulaire """
M68.82,M6882,ATIH s'arrête à un niveau supérieur,préfixe ATIH M688 (type MCO 0),M688,"Autres atteintes de la synoviale et du tendon au cours de maladies classées ailleurs - "" Bras """
M68.83,M6883,ATIH s'arrête à un niveau supérieur,préfixe ATIH M688 (type MCO 0),M688,"Autres atteintes de la synoviale et du tendon au cours de maladies classées ailleurs - "" Avant-bras """
M68.84,M6884,ATIH s'arrête à un niveau supérieur,préfixe ATIH M688 (type MCO 0),M688,"Autres atteintes de la synoviale et du tendon au cours de maladies classées ailleurs - "" Main """
M68.85,M6885,ATIH s'arrête à un niveau supérieur,préfixe ATIH M688 (type MCO 0),M688,"Autres atteintes de la synoviale et du tendon au cours de maladies classées ailleurs - "" Région pelvienne et cuisse """
M68.86,M6886,ATIH s'arrête à un niveau supérieur,préfixe ATIH M688 (type MCO 0),M688,"Autres atteintes de la synoviale et du tendon au cours de maladies classées ailleurs - "" Jambe """
M68.87,M6887,ATIH s'arrête à un niveau supérieur,préfixe ATIH M688 (type MCO 0),M688,"Autres atteintes de la synoviale et du tendon au cours de maladies classées ailleurs - "" Cheville et pied """
M68.88,M6888,ATIH s'arrête à un niveau supérieur,préfixe ATIH M688 (type MCO 0),M688,"Autres atteintes de la synoviale et du tendon au cours de maladies classées ailleurs - "" Autres """
M68.89,M6889,ATIH s'arrête à un niveau supérieur,préfixe ATIH M688 (type MCO 0),M688,"Autres atteintes de la synoviale et du tendon au cours de maladies classées ailleurs - "" Siège non précisé """
M70.01,M7001,ATIH s'arrête à un niveau supérieur,préfixe ATIH M700 (type MCO 0),M700,"Synovite sèche de la main et du poignet - "" Région scapulaire """
M70.02,M7002,ATIH s'arrête à un niveau supérieur,préfixe ATIH M700 (type MCO 0),M700,"Synovite sèche de la main et du poignet - "" Bras """
M70.05,M7005,ATIH s'arrête à un niveau supérieur,préfixe ATIH M700 (type MCO 0),M700,"Synovite sèche de la main et du poignet - "" Région pelvienne et cuisse """
M70.06,M7006,ATIH s'arrête à un niveau supérieur,préfixe ATIH M700 (type MCO 0),M700,"Synovite sèche de la main et du poignet - "" Jambe """
M70.07,M7007,ATIH s'arrête à un niveau supérieur,préfixe ATIH M700 (type MCO 0),M700,"Synovite sèche de la main et du poignet - "" Cheville et pied """
M70.08,M7008,ATIH s'arrête à un niveau supérieur,préfixe ATIH M700 (type MCO 0),M700,"Synovite sèche de la main et du poignet - "" Autres """
M70.11,M7011,ATIH s'arrête à un niveau supérieur,préfixe ATIH M701 (type MCO 0),M701,"Bursite de la main - "" Région scapulaire """
M70.12,M7012,ATIH s'arrête à un niveau supérieur,préfixe ATIH M701 (type MCO 0),M701,"Bursite de la main - "" Bras """
M70.13,M7013,ATIH s'arrête à un niveau supérieur,préfixe ATIH M701 (type MCO 0),M701,"Bursite de la main - "" Avant-bras """
M70.15,M7015,ATIH s'arrête à un niveau supérieur,préfixe ATIH M701 (type MCO 0),M701,"Bursite de la main - "" Région pelvienne et cuisse """
M70.16,M7016,ATIH s'arrête à un niveau supérieur,préfixe ATIH M701 (type MCO 0),M701,"Bursite de la main - "" Jambe """
M70.17,M7017,ATIH s'arrête à un niveau supérieur,préfixe ATIH M701 (type MCO 0),M701,"Bursite de la main - "" Cheville et pied """
M70.18,M7018,ATIH s'arrête à un niveau supérieur,préfixe ATIH M701 (type MCO 0),M701,"Bursite de la main - "" Autres """
M70.19,M7019,ATIH s'arrête à un niveau supérieur,préfixe ATIH M701 (type MCO 0),M701,"Bursite de la main - "" Siège non précisé """
M70.21,M7021,ATIH s'arrête à un niveau supérieur,préfixe ATIH M702 (type MCO 0),M702,"Bursite olécrânienne - "" Région scapulaire """
M70.23,M7023,ATIH s'arrête à un niveau supérieur,préfixe ATIH M702 (type MCO 0),M702,"Bursite olécrânienne - "" Avant-bras """
M70.24,M7024,ATIH s'arrête à un niveau supérieur,préfixe ATIH M702 (type MCO 0),M702,"Bursite olécrânienne - "" Main """
M70.25,M7025,ATIH s'arrête à un niveau supérieur,préfixe ATIH M702 (type MCO 0),M702,"Bursite olécrânienne - "" Région pelvienne et cuisse """
M70.26,M7026,ATIH s'arrête à un niveau supérieur,préfixe ATIH M702 (type MCO 0),M702,"Bursite olécrânienne - "" Jambe """
M70.27,M7027,ATIH s'arrête à un niveau supérieur,préfixe ATIH M702 (type MCO 0),M702,"Bursite olécrânienne - "" Cheville et pied """
M70.28,M7028,ATIH s'arrête à un niveau supérieur,préfixe ATIH M702 (type MCO 0),M702,"Bursite olécrânienne - "" Autres """
M70.29,M7029,ATIH s'arrête à un niveau supérieur,préfixe ATIH M702 (type MCO 0),M702,"Bursite olécrânienne - "" Siège non précisé """
M70.31,M7031,ATIH s'arrête à un niveau supérieur,préfixe ATIH M703 (type MCO 0),M703,"Autres bursites du coude - "" Région scapulaire """
M70.33,M7033,ATIH s'arrête à un niveau supérieur,préfixe ATIH M703 (type MCO 0),M703,"Autres bursites du coude - "" Avant-bras """
M70.34,M7034,ATIH s'arrête à un niveau supérieur,préfixe ATIH M703 (type MCO 0),M703,"Autres bursites du coude - "" Main """
M70.35,M7035,ATIH s'arrête à un niveau supérieur,préfixe ATIH M703 (type MCO 0),M703,"Autres bursites du coude - "" Région pelvienne et cuisse """
M70.36,M7036,ATIH s'arrête à un niveau supérieur,préfixe ATIH M703 (type MCO 0),M703,"Autres bursites du coude - "" Jambe """
M70.37,M7037,ATIH s'arrête à un niveau supérieur,préfixe ATIH M703 (type MCO 0),M703,"Autres bursites du coude - "" Cheville et pied """
M70.38,M7038,ATIH s'arrête à un niveau supérieur,préfixe ATIH M703 (type MCO 0),M703,"Autres bursites du coude - "" Autres """
M70.39,M7039,ATIH s'arrête à un niveau supérieur,préfixe ATIH M703 (type MCO 0),M703,"Autres bursites du coude - "" Siège non précisé """
M70.41,M7041,ATIH s'arrête à un niveau supérieur,préfixe ATIH M704 (type MCO 0),M704,"Bursite prépatellaire - "" Région scapulaire """
M70.42,M7042,ATIH s'arrête à un niveau supérieur,préfixe ATIH M704 (type MCO 0),M704,"Bursite prépatellaire - "" Bras """
M70.43,M7043,ATIH s'arrête à un niveau supérieur,préfixe ATIH M704 (type MCO 0),M704,"Bursite prépatellaire - "" Avant-bras """
M70.44,M7044,ATIH s'arrête à un niveau supérieur,préfixe ATIH M704 (type MCO 0),M704,"Bursite prépatellaire - "" Main """
M70.45,M7045,ATIH s'arrête à un niveau supérieur,préfixe ATIH M704 (type MCO 0),M704,"Bursite prépatellaire - "" Région pelvienne et cuisse """
M70.47,M7047,ATIH s'arrête à un niveau supérieur,préfixe ATIH M704 (type MCO 0),M704,"Bursite prépatellaire - "" Cheville et pied """
M70.48,M7048,ATIH s'arrête à un niveau supérieur,préfixe ATIH M704 (type MCO 0),M704,"Bursite prépatellaire - "" Autres """
M70.49,M7049,ATIH s'arrête à un niveau supérieur,préfixe ATIH M704 (type MCO 0),M704,"Bursite prépatellaire - "" Siège non précisé """
M70.51,M7051,ATIH s'arrête à un niveau supérieur,préfixe ATIH M705 (type MCO 0),M705,"Autres bursites du genou - "" Région scapulaire """
M70.52,M7052,ATIH s'arrête à un niveau supérieur,préfixe ATIH M705 (type MCO 0),M705,"Autres bursites du genou - "" Bras """
M70.53,M7053,ATIH s'arrête à un niveau supérieur,préfixe ATIH M705 (type MCO 0),M705,"Autres bursites du genou - "" Avant-bras """
M70.54,M7054,ATIH s'arrête à un niveau supérieur,préfixe ATIH M705 (type MCO 0),M705,"Autres bursites du genou - "" Main """
M70.55,M7055,ATIH s'arrête à un niveau supérieur,préfixe ATIH M705 (type MCO 0),M705,"Autres bursites du genou - "" Région pelvienne et cuisse """
M70.57,M7057,ATIH s'arrête à un niveau supérieur,préfixe ATIH M705 (type MCO 0),M705,"Autres bursites du genou - "" Cheville et pied """
M70.58,M7058,ATIH s'arrête à un niveau supérieur,préfixe ATIH M705 (type MCO 0),M705,"Autres bursites du genou - "" Autres """
M70.59,M7059,ATIH s'arrête à un niveau supérieur,préfixe ATIH M705 (type MCO 0),M705,"Autres bursites du genou - "" Siège non précisé """
M70.61,M7061,ATIH s'arrête à un niveau supérieur,préfixe ATIH M706 (type MCO 0),M706,"Bursite trochantérienne - "" Région scapulaire """
M70.62,M7062,ATIH s'arrête à un niveau supérieur,préfixe ATIH M706 (type MCO 0),M706,"Bursite trochantérienne - "" Bras """
M70.63,M7063,ATIH s'arrête à un niveau supérieur,préfixe ATIH M706 (type MCO 0),M706,"Bursite trochantérienne - "" Avant-bras """
M70.64,M7064,ATIH s'arrête à un niveau supérieur,préfixe ATIH M706 (type MCO 0),M706,"Bursite trochantérienne - "" Main """
M70.66,M7066,ATIH s'arrête à un niveau supérieur,préfixe ATIH M706 (type MCO 0),M706,"Bursite trochantérienne - "" Jambe """
M70.67,M7067,ATIH s'arrête à un niveau supérieur,préfixe ATIH M706 (type MCO 0),M706,"Bursite trochantérienne - "" Cheville et pied """
M70.68,M7068,ATIH s'arrête à un niveau supérieur,préfixe ATIH M706 (type MCO 0),M706,"Bursite trochantérienne - "" Autres """
M70.69,M7069,ATIH s'arrête à un niveau supérieur,préfixe ATIH M706 (type MCO 0),M706,"Bursite trochantérienne - "" Siège non précisé """
M70.71,M7071,ATIH s'arrête à un niveau supérieur,préfixe ATIH M707 (type MCO 0),M707,"Autres bursites de la hanche - "" Région scapulaire """
M70.72,M7072,ATIH s'arrête à un niveau supérieur,préfixe ATIH M707 (type MCO 0),M707,"Autres bursites de la hanche - "" Bras """
M70.73,M7073,ATIH s'arrête à un niveau supérieur,préfixe ATIH M707 (type MCO 0),M707,"Autres bursites de la hanche - "" Avant-bras """
M70.74,M7074,ATIH s'arrête à un niveau supérieur,préfixe ATIH M707 (type MCO 0),M707,"Autres bursites de la hanche - "" Main """
M70.76,M7076,ATIH s'arrête à un niveau supérieur,préfixe ATIH M707 (type MCO 0),M707,"Autres bursites de la hanche - "" Jambe """
M70.77,M7077,ATIH s'arrête à un niveau supérieur,préfixe ATIH M707 (type MCO 0),M707,"Autres bursites de la hanche - "" Cheville et pied """
M70.78,M7078,ATIH s'arrête à un niveau supérieur,préfixe ATIH M707 (type MCO 0),M707,"Autres bursites de la hanche - "" Autres """
M70.79,M7079,ATIH s'arrête à un niveau supérieur,préfixe ATIH M707 (type MCO 0),M707,"Autres bursites de la hanche - "" Siège non précisé """
M70.81,M7081,ATIH s'arrête à un niveau supérieur,préfixe ATIH M708 (type MCO 0),M708,"Autres affections des tissus mous par sollicitation excessive - "" Région scapulaire """
M70.82,M7082,ATIH s'arrête à un niveau supérieur,préfixe ATIH M708 (type MCO 0),M708,"Autres affections des tissus mous par sollicitation excessive - "" Bras """
M70.84,M7084,ATIH s'arrête à un niveau supérieur,préfixe ATIH M708 (type MCO 0),M708,"Autres affections des tissus mous par sollicitation excessive - "" Main """
M70.85,M7085,ATIH s'arrête à un niveau supérieur,préfixe ATIH M708 (type MCO 0),M708,"Autres affections des tissus mous par sollicitation excessive - "" Région pelvienne et cuisse """
M70.86,M7086,ATIH s'arrête à un niveau supérieur,préfixe ATIH M708 (type MCO 0),M708,"Autres affections des tissus mous par sollicitation excessive - "" Jambe """
M71.21,M7121,ATIH s'arrête à un niveau supérieur,préfixe ATIH M712 (type MCO 0),M712,"Kyste synovial poplité [Baker] - "" Région scapulaire """
M71.22,M7122,ATIH s'arrête à un niveau supérieur,préfixe ATIH M712 (type MCO 0),M712,"Kyste synovial poplité [Baker] - "" Bras """
M71.23,M7123,ATIH s'arrête à un niveau supérieur,préfixe ATIH M712 (type MCO 0),M712,"Kyste synovial poplité [Baker] - "" Avant-bras """
M71.24,M7124,ATIH s'arrête à un niveau supérieur,préfixe ATIH M712 (type MCO 0),M712,"Kyste synovial poplité [Baker] - "" Main """
M71.25,M7125,ATIH s'arrête à un niveau supérieur,préfixe ATIH M712 (type MCO 0),M712,"Kyste synovial poplité [Baker] - "" Région pelvienne et cuisse """
M71.27,M7127,ATIH s'arrête à un niveau supérieur,préfixe ATIH M712 (type MCO 0),M712,"Kyste synovial poplité [Baker] - "" Cheville et pied """
M71.28,M7128,ATIH s'arrête à un niveau supérieur,préfixe ATIH M712 (type MCO 0),M712,"Kyste synovial poplité [Baker] - "" Autres """
M71.29,M7129,ATIH s'arrête à un niveau supérieur,préfixe ATIH M712 (type MCO 0),M712,"Kyste synovial poplité [Baker] - "" Siège non précisé """
M71.36,M7136,ATIH s'arrête à un niveau supérieur,préfixe ATIH M713 (type MCO 0),M713,"Autres kystes des bourses séreuses - "" Jambe """
M71.41,M7141,ATIH s'arrête à un niveau supérieur,préfixe ATIH M714 (type MCO 0),M714,"Dépôts calciques dans une bourse séreuse - "" Région scapulaire """
M71.51,M7151,ATIH s'arrête à un niveau supérieur,préfixe ATIH M715 (type MCO 0),M715,"Autres bursites, non classées ailleurs - "" Région scapulaire """
M71.81,M7181,ATIH s'arrête à un niveau supérieur,préfixe ATIH M718 (type MCO 0),M718,"Autres bursopathies précisées - "" Région scapulaire """
M71.91,M7191,ATIH s'arrête à un niveau supérieur,préfixe ATIH M719 (type MCO 0),M719,"Bursopathie, sans précision - "" Région scapulaire """
M72.01,M7201,ATIH s'arrête à un niveau supérieur,préfixe ATIH M720 (type MCO 0),M720,"Fibromatose de l'aponévrose palmaire [Dupuytren] - "" Région scapulaire """
M72.02,M7202,ATIH s'arrête à un niveau supérieur,préfixe ATIH M720 (type MCO 0),M720,"Fibromatose de l'aponévrose palmaire [Dupuytren] - "" Bras """
M72.03,M7203,ATIH s'arrête à un niveau supérieur,préfixe ATIH M720 (type MCO 0),M720,"Fibromatose de l'aponévrose palmaire [Dupuytren] - "" Avant-bras """
M72.05,M7205,ATIH s'arrête à un niveau supérieur,préfixe ATIH M720 (type MCO 0),M720,"Fibromatose de l'aponévrose palmaire [Dupuytren] - "" Région pelvienne et cuisse """
M72.06,M7206,ATIH s'arrête à un niveau supérieur,préfixe ATIH M720 (type MCO 0),M720,"Fibromatose de l'aponévrose palmaire [Dupuytren] - "" Jambe """
M72.07,M7207,ATIH s'arrête à un niveau supérieur,préfixe ATIH M720 (type MCO 0),M720,"Fibromatose de l'aponévrose palmaire [Dupuytren] - "" Cheville et pied """
M72.08,M7208,ATIH s'arrête à un niveau supérieur,préfixe ATIH M720 (type MCO 0),M720,"Fibromatose de l'aponévrose palmaire [Dupuytren] - "" Autres """
M72.09,M7209,ATIH s'arrête à un niveau supérieur,préfixe ATIH M720 (type MCO 0),M720,"Fibromatose de l'aponévrose palmaire [Dupuytren] - "" Siège non précisé """
M72.11,M7211,ATIH s'arrête à un niveau supérieur,préfixe ATIH M721 (type MCO 0),M721,"Coussinet des phalanges - "" Région scapulaire """
M72.12,M7212,ATIH s'arrête à un niveau supérieur,préfixe ATIH M721 (type MCO 0),M721,"Coussinet des phalanges - "" Bras """
M72.13,M7213,ATIH s'arrête à un niveau supérieur,préfixe ATIH M721 (type MCO 0),M721,"Coussinet des phalanges - "" Avant-bras """
M72.15,M7215,ATIH s'arrête à un niveau supérieur,préfixe ATIH M721 (type MCO 0),M721,"Coussinet des phalanges - "" Région pelvienne et cuisse """
M72.16,M7216,ATIH s'arrête à un niveau supérieur,préfixe ATIH M721 (type MCO 0),M721,"Coussinet des phalanges - "" Jambe """
M72.17,M7217,ATIH s'arrête à un niveau supérieur,préfixe ATIH M721 (type MCO 0),M721,"Coussinet des phalanges - "" Cheville et pied """
M72.18,M7218,ATIH s'arrête à un niveau supérieur,préfixe ATIH M721 (type MCO 0),M721,"Coussinet des phalanges - "" Autres """
M72.19,M7219,ATIH s'arrête à un niveau supérieur,préfixe ATIH M721 (type MCO 0),M721,"Coussinet des phalanges - "" Siège non précisé """
M72.21,M7221,ATIH s'arrête à un niveau supérieur,préfixe ATIH M722 (type MCO 0),M722,"Fibromatose de l'aponévrose plantaire - "" Région scapulaire """
M72.22,M7222,ATIH s'arrête à un niveau supérieur,préfixe ATIH M722 (type MCO 0),M722,"Fibromatose de l'aponévrose plantaire - "" Bras """
M72.23,M7223,ATIH s'arrête à un niveau supérieur,préfixe ATIH M722 (type MCO 0),M722,"Fibromatose de l'aponévrose plantaire - "" Avant-bras """
M72.24,M7224,ATIH s'arrête à un niveau supérieur,préfixe ATIH M722 (type MCO 0),M722,"Fibromatose de l'aponévrose plantaire - "" Main """
M72.25,M7225,ATIH s'arrête à un niveau supérieur,préfixe ATIH M722 (type MCO 0),M722,"Fibromatose de l'aponévrose plantaire - "" Région pelvienne et cuisse """
M72.26,M7226,ATIH s'arrête à un niveau supérieur,préfixe ATIH M722 (type MCO 0),M722,"Fibromatose de l'aponévrose plantaire - "" Jambe """
M72.28,M7228,ATIH s'arrête à un niveau supérieur,préfixe ATIH M722 (type MCO 0),M722,"Fibromatose de l'aponévrose plantaire - "" Autres """
M72.29,M7229,ATIH s'arrête à un niveau supérieur,préfixe ATIH M722 (type MCO 0),M722,"Fibromatose de l'aponévrose plantaire - "" Siège non précisé """
M75.10,M7510,ATIH s'arrête à un niveau supérieur,préfixe ATIH M751 (type MCO 0),M751,"Syndrome de la coiffe des rotateurs - "" Sièges multiples """
M75.11,M7511,ATIH s'arrête à un niveau supérieur,préfixe ATIH M751 (type MCO 0),M751,"Syndrome de la coiffe des rotateurs - "" Région scapulaire """
M75.12,M7512,ATIH s'arrête à un niveau supérieur,préfixe ATIH M751 (type MCO 0),M751,"Syndrome de la coiffe des rotateurs - "" Bras """
M75.13,M7513,ATIH s'arrête à un niveau supérieur,préfixe ATIH M751 (type MCO 0),M751,"Syndrome de la coiffe des rotateurs - "" Avant-bras """
M75.14,M7514,ATIH s'arrête à un niveau supérieur,préfixe ATIH M751 (type MCO 0),M751,"Syndrome de la coiffe des rotateurs - "" Main """
M75.15,M7515,ATIH s'arrête à un niveau supérieur,préfixe ATIH M751 (type MCO 0),M751,"Syndrome de la coiffe des rotateurs - "" Région pelvienne et cuisse """
M75.16,M7516,ATIH s'arrête à un niveau supérieur,préfixe ATIH M751 (type MCO 0),M751,"Syndrome de la coiffe des rotateurs - "" Jambe """
M75.17,M7517,ATIH s'arrête à un niveau supérieur,préfixe ATIH M751 (type MCO 0),M751,"Syndrome de la coiffe des rotateurs - "" Cheville et pied """
M75.18,M7518,ATIH s'arrête à un niveau supérieur,préfixe ATIH M751 (type MCO 0),M751,"Syndrome de la coiffe des rotateurs - "" Autres """
M75.19,M7519,ATIH s'arrête à un niveau supérieur,préfixe ATIH M751 (type MCO 0),M751,"Syndrome de la coiffe des rotateurs - "" Siège non précisé """
M75.20,M7520,ATIH s'arrête à un niveau supérieur,préfixe ATIH M752 (type MCO 0),M752,"Tendinite du biceps - "" Sièges multiples """
M75.21,M7521,ATIH s'arrête à un niveau supérieur,préfixe ATIH M752 (type MCO 0),M752,"Tendinite du biceps - "" Région scapulaire """
M75.22,M7522,ATIH s'arrête à un niveau supérieur,préfixe ATIH M752 (type MCO 0),M752,"Tendinite du biceps - "" Bras """
M75.23,M7523,ATIH s'arrête à un niveau supérieur,préfixe ATIH M752 (type MCO 0),M752,"Tendinite du biceps - "" Avant-bras """
M75.24,M7524,ATIH s'arrête à un niveau supérieur,préfixe ATIH M752 (type MCO 0),M752,"Tendinite du biceps - "" Main """
M75.25,M7525,ATIH s'arrête à un niveau supérieur,préfixe ATIH M752 (type MCO 0),M752,"Tendinite du biceps - "" Région pelvienne et cuisse """
M75.26,M7526,ATIH s'arrête à un niveau supérieur,préfixe ATIH M752 (type MCO 0),M752,"Tendinite du biceps - "" Jambe """
M75.27,M7527,ATIH s'arrête à un niveau supérieur,préfixe ATIH M752 (type MCO 0),M752,"Tendinite du biceps - "" Cheville et pied """
M75.28,M7528,ATIH s'arrête à un niveau supérieur,préfixe ATIH M752 (type MCO 0),M752,"Tendinite du biceps - "" Autres """
M75.29,M7529,ATIH s'arrête à un niveau supérieur,préfixe ATIH M752 (type MCO 0),M752,"Tendinite du biceps - "" Siège non précisé """
M75.30,M7530,ATIH s'arrête à un niveau supérieur,préfixe ATIH M753 (type MCO 0),M753,"Tendinite calcifiante de l'épaule - "" Sièges multiples """
M75.31,M7531,ATIH s'arrête à un niveau supérieur,préfixe ATIH M753 (type MCO 0),M753,"Tendinite calcifiante de l'épaule - "" Région scapulaire """
M75.32,M7532,ATIH s'arrête à un niveau supérieur,préfixe ATIH M753 (type MCO 0),M753,"Tendinite calcifiante de l'épaule - "" Bras """
M75.33,M7533,ATIH s'arrête à un niveau supérieur,préfixe ATIH M753 (type MCO 0),M753,"Tendinite calcifiante de l'épaule - "" Avant-bras """
M75.34,M7534,ATIH s'arrête à un niveau supérieur,préfixe ATIH M753 (type MCO 0),M753,"Tendinite calcifiante de l'épaule - "" Main """
M75.35,M7535,ATIH s'arrête à un niveau supérieur,préfixe ATIH M753 (type MCO 0),M753,"Tendinite calcifiante de l'épaule - "" Région pelvienne et cuisse """
M75.36,M7536,ATIH s'arrête à un niveau supérieur,préfixe ATIH M753 (type MCO 0),M753,"Tendinite calcifiante de l'épaule - "" Jambe """
M75.37,M7537,ATIH s'arrête à un niveau supérieur,préfixe ATIH M753 (type MCO 0),M753,"Tendinite calcifiante de l'épaule - "" Cheville et pied """
M75.38,M7538,ATIH s'arrête à un niveau supérieur,préfixe ATIH M753 (type MCO 0),M753,"Tendinite calcifiante de l'épaule - "" Autres """
M75.39,M7539,ATIH s'arrête à un niveau supérieur,préfixe ATIH M753 (type MCO 0),M753,"Tendinite calcifiante de l'épaule - "" Siège non précisé """
M75.40,M7540,ATIH s'arrête à un niveau supérieur,préfixe ATIH M754 (type MCO 0),M754,"Syndrome d'accrochage de l'épaule - "" Sièges multiples """
M75.41,M7541,ATIH s'arrête à un niveau supérieur,préfixe ATIH M754 (type MCO 0),M754,"Syndrome d'accrochage de l'épaule - "" Région scapulaire """
M75.42,M7542,ATIH s'arrête à un niveau supérieur,préfixe ATIH M754 (type MCO 0),M754,"Syndrome d'accrochage de l'épaule - "" Bras """
M75.43,M7543,ATIH s'arrête à un niveau supérieur,préfixe ATIH M754 (type MCO 0),M754,"Syndrome d'accrochage de l'épaule - "" Avant-bras """
M75.44,M7544,ATIH s'arrête à un niveau supérieur,préfixe ATIH M754 (type MCO 0),M754,"Syndrome d'accrochage de l'épaule - "" Main """
M75.45,M7545,ATIH s'arrête à un niveau supérieur,préfixe ATIH M754 (type MCO 0),M754,"Syndrome d'accrochage de l'épaule - "" Région pelvienne et cuisse """
M75.46,M7546,ATIH s'arrête à un niveau supérieur,préfixe ATIH M754 (type MCO 0),M754,"Syndrome d'accrochage de l'épaule - "" Jambe """
M75.47,M7547,ATIH s'arrête à un niveau supérieur,préfixe ATIH M754 (type MCO 0),M754,"Syndrome d'accrochage de l'épaule - "" Cheville et pied """
M75.48,M7548,ATIH s'arrête à un niveau supérieur,préfixe ATIH M754 (type MCO 0),M754,"Syndrome d'accrochage de l'épaule - "" Autres """
M75.49,M7549,ATIH s'arrête à un niveau supérieur,préfixe ATIH M754 (type MCO 0),M754,"Syndrome d'accrochage de l'épaule - "" Siège non précisé """
M75.50,M7550,ATIH s'arrête à un niveau supérieur,préfixe ATIH M755 (type MCO 0),M755,"Bursite de l'épaule - "" Sièges multiples """
M75.51,M7551,ATIH s'arrête à un niveau supérieur,préfixe ATIH M755 (type MCO 0),M755,"Bursite de l'épaule - "" Région scapulaire """
M75.52,M7552,ATIH s'arrête à un niveau supérieur,préfixe ATIH M755 (type MCO 0),M755,"Bursite de l'épaule - "" Bras """
M75.53,M7553,ATIH s'arrête à un niveau supérieur,préfixe ATIH M755 (type MCO 0),M755,"Bursite de l'épaule - "" Avant-bras """
M75.54,M7554,ATIH s'arrête à un niveau supérieur,préfixe ATIH M755 (type MCO 0),M755,"Bursite de l'épaule - "" Main """
M75.55,M7555,ATIH s'arrête à un niveau supérieur,préfixe ATIH M755 (type MCO 0),M755,"Bursite de l'épaule - "" Région pelvienne et cuisse """
M75.56,M7556,ATIH s'arrête à un niveau supérieur,préfixe ATIH M755 (type MCO 0),M755,"Bursite de l'épaule - "" Jambe """
M75.57,M7557,ATIH s'arrête à un niveau supérieur,préfixe ATIH M755 (type MCO 0),M755,"Bursite de l'épaule - "" Cheville et pied """
M75.58,M7558,ATIH s'arrête à un niveau supérieur,préfixe ATIH M755 (type MCO 0),M755,"Bursite de l'épaule - "" Autres """
M75.59,M7559,ATIH s'arrête à un niveau supérieur,préfixe ATIH M755 (type MCO 0),M755,"Bursite de l'épaule - "" Siège non précisé """
M75.80,M7580,ATIH s'arrête à un niveau supérieur,préfixe ATIH M758 (type MCO 0),M758,"Autres lésions de l'épaule - "" Sièges multiples """
M75.81,M7581,ATIH s'arrête à un niveau supérieur,préfixe ATIH M758 (type MCO 0),M758,"Autres lésions de l'épaule - "" Région scapulaire """
M75.82,M7582,ATIH s'arrête à un niveau supérieur,préfixe ATIH M758 (type MCO 0),M758,"Autres lésions de l'épaule - "" Bras """
M75.83,M7583,ATIH s'arrête à un niveau supérieur,préfixe ATIH M758 (type MCO 0),M758,"Autres lésions de l'épaule - "" Avant-bras """
M75.84,M7584,ATIH s'arrête à un niveau supérieur,préfixe ATIH M758 (type MCO 0),M758,"Autres lésions de l'épaule - "" Main """
M75.85,M7585,ATIH s'arrête à un niveau supérieur,préfixe ATIH M758 (type MCO 0),M758,"Autres lésions de l'épaule - "" Région pelvienne et cuisse """
M75.86,M7586,ATIH s'arrête à un niveau supérieur,préfixe ATIH M758 (type MCO 0),M758,"Autres lésions de l'épaule - "" Jambe """
M75.87,M7587,ATIH s'arrête à un niveau supérieur,préfixe ATIH M758 (type MCO 0),M758,"Autres lésions de l'épaule - "" Cheville et pied """
M75.88,M7588,ATIH s'arrête à un niveau supérieur,préfixe ATIH M758 (type MCO 0),M758,"Autres lésions de l'épaule - "" Autres """
M75.89,M7589,ATIH s'arrête à un niveau supérieur,préfixe ATIH M758 (type MCO 0),M758,"Autres lésions de l'épaule - "" Siège non précisé """
M75.90,M7590,ATIH s'arrête à un niveau supérieur,préfixe ATIH M759 (type MCO 0),M759,"Lésion de l'épaule, sans précision - "" Sièges multiples """
M75.91,M7591,ATIH s'arrête à un niveau supérieur,préfixe ATIH M759 (type MCO 0),M759,"Lésion de l'épaule, sans précision - "" Région scapulaire """
M75.92,M7592,ATIH s'arrête à un niveau supérieur,préfixe ATIH M759 (type MCO 0),M759,"Lésion de l'épaule, sans précision - "" Bras """
M75.93,M7593,ATIH s'arrête à un niveau supérieur,préfixe ATIH M759 (type MCO 0),M759,"Lésion de l'épaule, sans précision - "" Avant-bras """
M75.94,M7594,ATIH s'arrête à un niveau supérieur,préfixe ATIH M759 (type MCO 0),M759,"Lésion de l'épaule, sans précision - "" Main """
M75.95,M7595,ATIH s'arrête à un niveau supérieur,préfixe ATIH M759 (type MCO 0),M759,"Lésion de l'épaule, sans précision - "" Région pelvienne et cuisse """
M75.96,M7596,ATIH s'arrête à un niveau supérieur,préfixe ATIH M759 (type MCO 0),M759,"Lésion de l'épaule, sans précision - "" Jambe """
M75.97,M7597,ATIH s'arrête à un niveau supérieur,préfixe ATIH M759 (type MCO 0),M759,"Lésion de l'épaule, sans précision - "" Cheville et pied """
M75.98,M7598,ATIH s'arrête à un niveau supérieur,préfixe ATIH M759 (type MCO 0),M759,"Lésion de l'épaule, sans précision - "" Autres """
M75.99,M7599,ATIH s'arrête à un niveau supérieur,préfixe ATIH M759 (type MCO 0),M759,"Lésion de l'épaule, sans précision - "" Siège non précisé """
M76.01,M7601,ATIH s'arrête à un niveau supérieur,préfixe ATIH M760 (type MCO 0),M760,"Tendinite de la région fessière - "" Région scapulaire """
M76.02,M7602,ATIH s'arrête à un niveau supérieur,préfixe ATIH M760 (type MCO 0),M760,"Tendinite de la région fessière - "" Bras """
M76.03,M7603,ATIH s'arrête à un niveau supérieur,préfixe ATIH M760 (type MCO 0),M760,"Tendinite de la région fessière - "" Avant-bras """
M76.04,M7604,ATIH s'arrête à un niveau supérieur,préfixe ATIH M760 (type MCO 0),M760,"Tendinite de la région fessière - "" Main """
M76.06,M7606,ATIH s'arrête à un niveau supérieur,préfixe ATIH M760 (type MCO 0),M760,"Tendinite de la région fessière - "" Jambe """
M76.07,M7607,ATIH s'arrête à un niveau supérieur,préfixe ATIH M760 (type MCO 0),M760,"Tendinite de la région fessière - "" Cheville et pied """
M76.08,M7608,ATIH s'arrête à un niveau supérieur,préfixe ATIH M760 (type MCO 0),M760,"Tendinite de la région fessière - "" Autres """
M76.09,M7609,ATIH s'arrête à un niveau supérieur,préfixe ATIH M760 (type MCO 0),M760,"Tendinite de la région fessière - "" Siège non précisé """
M76.11,M7611,ATIH s'arrête à un niveau supérieur,préfixe ATIH M761 (type MCO 0),M761,"Tendinite du psoas - "" Région scapulaire """
M76.12,M7612,ATIH s'arrête à un niveau supérieur,préfixe ATIH M761 (type MCO 0),M761,"Tendinite du psoas - "" Bras """
M76.13,M7613,ATIH s'arrête à un niveau supérieur,préfixe ATIH M761 (type MCO 0),M761,"Tendinite du psoas - "" Avant-bras """
M76.14,M7614,ATIH s'arrête à un niveau supérieur,préfixe ATIH M761 (type MCO 0),M761,"Tendinite du psoas - "" Main """
M76.16,M7616,ATIH s'arrête à un niveau supérieur,préfixe ATIH M761 (type MCO 0),M761,"Tendinite du psoas - "" Jambe """
M76.17,M7617,ATIH s'arrête à un niveau supérieur,préfixe ATIH M761 (type MCO 0),M761,"Tendinite du psoas - "" Cheville et pied """
M76.18,M7618,ATIH s'arrête à un niveau supérieur,préfixe ATIH M761 (type MCO 0),M761,"Tendinite du psoas - "" Autres """
M76.19,M7619,ATIH s'arrête à un niveau supérieur,préfixe ATIH M761 (type MCO 0),M761,"Tendinite du psoas - "" Siège non précisé """
M76.21,M7621,ATIH s'arrête à un niveau supérieur,préfixe ATIH M762 (type MCO 0),M762,"Exostose de la crête iliaque - "" Région scapulaire """
M76.22,M7622,ATIH s'arrête à un niveau supérieur,préfixe ATIH M762 (type MCO 0),M762,"Exostose de la crête iliaque - "" Bras """
M76.23,M7623,ATIH s'arrête à un niveau supérieur,préfixe ATIH M762 (type MCO 0),M762,"Exostose de la crête iliaque - "" Avant-bras """
M76.24,M7624,ATIH s'arrête à un niveau supérieur,préfixe ATIH M762 (type MCO 0),M762,"Exostose de la crête iliaque - "" Main """
M76.26,M7626,ATIH s'arrête à un niveau supérieur,préfixe ATIH M762 (type MCO 0),M762,"Exostose de la crête iliaque - "" Jambe """
M76.27,M7627,ATIH s'arrête à un niveau supérieur,préfixe ATIH M762 (type MCO 0),M762,"Exostose de la crête iliaque - "" Cheville et pied """
M76.28,M7628,ATIH s'arrête à un niveau supérieur,préfixe ATIH M762 (type MCO 0),M762,"Exostose de la crête iliaque - "" Autres """
M76.29,M7629,ATIH s'arrête à un niveau supérieur,préfixe ATIH M762 (type MCO 0),M762,"Exostose de la crête iliaque - "" Siège non précisé """
M76.31,M7631,ATIH s'arrête à un niveau supérieur,préfixe ATIH M763 (type MCO 0),M763,"Syndrome de la bandelette de Maissiat [iliotibiale] - "" Région scapulaire """
M76.32,M7632,ATIH s'arrête à un niveau supérieur,préfixe ATIH M763 (type MCO 0),M763,"Syndrome de la bandelette de Maissiat [iliotibiale] - "" Bras """
M76.33,M7633,ATIH s'arrête à un niveau supérieur,préfixe ATIH M763 (type MCO 0),M763,"Syndrome de la bandelette de Maissiat [iliotibiale] - "" Avant-bras """
M76.34,M7634,ATIH s'arrête à un niveau supérieur,préfixe ATIH M763 (type MCO 0),M763,"Syndrome de la bandelette de Maissiat [iliotibiale] - "" Main """
M76.37,M7637,ATIH s'arrête à un niveau supérieur,préfixe ATIH M763 (type MCO 0),M763,"Syndrome de la bandelette de Maissiat [iliotibiale] - "" Cheville et pied """
M76.38,M7638,ATIH s'arrête à un niveau supérieur,préfixe ATIH M763 (type MCO 0),M763,"Syndrome de la bandelette de Maissiat [iliotibiale] - "" Autres """
M76.39,M7639,ATIH s'arrête à un niveau supérieur,préfixe ATIH M763 (type MCO 0),M763,"Syndrome de la bandelette de Maissiat [iliotibiale] - "" Siège non précisé """
M76.41,M7641,ATIH s'arrête à un niveau supérieur,préfixe ATIH M764 (type MCO 0),M764,"Bursite du ligament latéral interne du genou [Pellegrini–Stieda] - "" Région scapulaire """
M76.42,M7642,ATIH s'arrête à un niveau supérieur,préfixe ATIH M764 (type MCO 0),M764,"Bursite du ligament latéral interne du genou [Pellegrini–Stieda] - "" Bras """
M76.43,M7643,ATIH s'arrête à un niveau supérieur,préfixe ATIH M764 (type MCO 0),M764,"Bursite du ligament latéral interne du genou [Pellegrini–Stieda] - "" Avant-bras """
M76.44,M7644,ATIH s'arrête à un niveau supérieur,préfixe ATIH M764 (type MCO 0),M764,"Bursite du ligament latéral interne du genou [Pellegrini–Stieda] - "" Main """
M76.45,M7645,ATIH s'arrête à un niveau supérieur,préfixe ATIH M764 (type MCO 0),M764,"Bursite du ligament latéral interne du genou [Pellegrini–Stieda] - "" Région pelvienne et cuisse """
M76.47,M7647,ATIH s'arrête à un niveau supérieur,préfixe ATIH M764 (type MCO 0),M764,"Bursite du ligament latéral interne du genou [Pellegrini–Stieda] - "" Cheville et pied """
M76.48,M7648,ATIH s'arrête à un niveau supérieur,préfixe ATIH M764 (type MCO 0),M764,"Bursite du ligament latéral interne du genou [Pellegrini–Stieda] - "" Autres """
M76.49,M7649,ATIH s'arrête à un niveau supérieur,préfixe ATIH M764 (type MCO 0),M764,"Bursite du ligament latéral interne du genou [Pellegrini–Stieda] - "" Siège non précisé """
M76.51,M7651,ATIH s'arrête à un niveau supérieur,préfixe ATIH M765 (type MCO 0),M765,"Tendinite rotulienne - "" Région scapulaire """
M76.52,M7652,ATIH s'arrête à un niveau supérieur,préfixe ATIH M765 (type MCO 0),M765,"Tendinite rotulienne - "" Bras """
M76.53,M7653,ATIH s'arrête à un niveau supérieur,préfixe ATIH M765 (type MCO 0),M765,"Tendinite rotulienne - "" Avant-bras """
M76.54,M7654,ATIH s'arrête à un niveau supérieur,préfixe ATIH M765 (type MCO 0),M765,"Tendinite rotulienne - "" Main """
M76.55,M7655,ATIH s'arrête à un niveau supérieur,préfixe ATIH M765 (type MCO 0),M765,"Tendinite rotulienne - "" Région pelvienne et cuisse """
M76.57,M7657,ATIH s'arrête à un niveau supérieur,préfixe ATIH M765 (type MCO 0),M765,"Tendinite rotulienne - "" Cheville et pied """
M76.58,M7658,ATIH s'arrête à un niveau supérieur,préfixe ATIH M765 (type MCO 0),M765,"Tendinite rotulienne - "" Autres """
M76.59,M7659,ATIH s'arrête à un niveau supérieur,préfixe ATIH M765 (type MCO 0),M765,"Tendinite rotulienne - "" Siège non précisé """
M76.61,M7661,ATIH s'arrête à un niveau supérieur,préfixe ATIH M766 (type MCO 0),M766,"Tendinite du tendon d'Achille - "" Région scapulaire """
M76.62,M7662,ATIH s'arrête à un niveau supérieur,préfixe ATIH M766 (type MCO 0),M766,"Tendinite du tendon d'Achille - "" Bras """
M76.63,M7663,ATIH s'arrête à un niveau supérieur,préfixe ATIH M766 (type MCO 0),M766,"Tendinite du tendon d'Achille - "" Avant-bras """
M76.64,M7664,ATIH s'arrête à un niveau supérieur,préfixe ATIH M766 (type MCO 0),M766,"Tendinite du tendon d'Achille - "" Main """
M76.65,M7665,ATIH s'arrête à un niveau supérieur,préfixe ATIH M766 (type MCO 0),M766,"Tendinite du tendon d'Achille - "" Région pelvienne et cuisse """
M76.68,M7668,ATIH s'arrête à un niveau supérieur,préfixe ATIH M766 (type MCO 0),M766,"Tendinite du tendon d'Achille - "" Autres """
M76.69,M7669,ATIH s'arrête à un niveau supérieur,préfixe ATIH M766 (type MCO 0),M766,"Tendinite du tendon d'Achille - "" Siège non précisé """
M76.71,M7671,ATIH s'arrête à un niveau supérieur,préfixe ATIH M767 (type MCO 0),M767,"Tendinite péronière - "" Région scapulaire """
M76.72,M7672,ATIH s'arrête à un niveau supérieur,préfixe ATIH M767 (type MCO 0),M767,"Tendinite péronière - "" Bras """
M76.73,M7673,ATIH s'arrête à un niveau supérieur,préfixe ATIH M767 (type MCO 0),M767,"Tendinite péronière - "" Avant-bras """
M76.74,M7674,ATIH s'arrête à un niveau supérieur,préfixe ATIH M767 (type MCO 0),M767,"Tendinite péronière - "" Main """
M76.75,M7675,ATIH s'arrête à un niveau supérieur,préfixe ATIH M767 (type MCO 0),M767,"Tendinite péronière - "" Région pelvienne et cuisse """
M76.77,M7677,ATIH s'arrête à un niveau supérieur,préfixe ATIH M767 (type MCO 0),M767,"Tendinite péronière - "" Cheville et pied """
M76.78,M7678,ATIH s'arrête à un niveau supérieur,préfixe ATIH M767 (type MCO 0),M767,"Tendinite péronière - "" Autres """
M76.79,M7679,ATIH s'arrête à un niveau supérieur,préfixe ATIH M767 (type MCO 0),M767,"Tendinite péronière - "" Siège non précisé """
M76.81,M7681,ATIH s'arrête à un niveau supérieur,préfixe ATIH M768 (type MCO 0),M768,"Autres enthésopathies du membre inférieur, sauf le pied - "" Région scapulaire """
M76.82,M7682,ATIH s'arrête à un niveau supérieur,préfixe ATIH M768 (type MCO 0),M768,"Autres enthésopathies du membre inférieur, sauf le pied - "" Bras """
M76.83,M7683,ATIH s'arrête à un niveau supérieur,préfixe ATIH M768 (type MCO 0),M768,"Autres enthésopathies du membre inférieur, sauf le pied - "" Avant-bras """
M76.84,M7684,ATIH s'arrête à un niveau supérieur,préfixe ATIH M768 (type MCO 0),M768,"Autres enthésopathies du membre inférieur, sauf le pied - "" Main """
M76.88,M7688,ATIH s'arrête à un niveau supérieur,préfixe ATIH M768 (type MCO 0),M768,"Autres enthésopathies du membre inférieur, sauf le pied - "" Autres """
M76.91,M7691,ATIH s'arrête à un niveau supérieur,préfixe ATIH M769 (type MCO 0),M769,"Enthésopathie du membre inférieur, sans précision - "" Région scapulaire """
M76.92,M7692,ATIH s'arrête à un niveau supérieur,préfixe ATIH M769 (type MCO 0),M769,"Enthésopathie du membre inférieur, sans précision - "" Bras """
M76.93,M7693,ATIH s'arrête à un niveau supérieur,préfixe ATIH M769 (type MCO 0),M769,"Enthésopathie du membre inférieur, sans précision - "" Avant-bras """
M76.94,M7694,ATIH s'arrête à un niveau supérieur,préfixe ATIH M769 (type MCO 0),M769,"Enthésopathie du membre inférieur, sans précision - "" Main """
M76.98,M7698,ATIH s'arrête à un niveau supérieur,préfixe ATIH M769 (type MCO 0),M769,"Enthésopathie du membre inférieur, sans précision - "" Autres """
M77.01,M7701,ATIH s'arrête à un niveau supérieur,préfixe ATIH M770 (type MCO 0),M770,"Épitrochéite - "" Région scapulaire """
M77.03,M7703,ATIH s'arrête à un niveau supérieur,préfixe ATIH M770 (type MCO 0),M770,"Épitrochéite - "" Avant-bras """
M77.04,M7704,ATIH s'arrête à un niveau supérieur,préfixe ATIH M770 (type MCO 0),M770,"Épitrochéite - "" Main """
M77.05,M7705,ATIH s'arrête à un niveau supérieur,préfixe ATIH M770 (type MCO 0),M770,"Épitrochéite - "" Région pelvienne et cuisse """
M77.06,M7706,ATIH s'arrête à un niveau supérieur,préfixe ATIH M770 (type MCO 0),M770,"Épitrochéite - "" Jambe """
M77.07,M7707,ATIH s'arrête à un niveau supérieur,préfixe ATIH M770 (type MCO 0),M770,"Épitrochéite - "" Cheville et pied """
M77.08,M7708,ATIH s'arrête à un niveau supérieur,préfixe ATIH M770 (type MCO 0),M770,"Épitrochéite - "" Autres """
M77.09,M7709,ATIH s'arrête à un niveau supérieur,préfixe ATIH M770 (type MCO 0),M770,"Épitrochéite - "" Siège non précisé """
M77.11,M7711,ATIH s'arrête à un niveau supérieur,préfixe ATIH M771 (type MCO 0),M771,"Épicondylite - "" Région scapulaire """
M77.13,M7713,ATIH s'arrête à un niveau supérieur,préfixe ATIH M771 (type MCO 0),M771,"Épicondylite - "" Avant-bras """
M77.14,M7714,ATIH s'arrête à un niveau supérieur,préfixe ATIH M771 (type MCO 0),M771,"Épicondylite - "" Main """
M77.15,M7715,ATIH s'arrête à un niveau supérieur,préfixe ATIH M771 (type MCO 0),M771,"Épicondylite - "" Région pelvienne et cuisse """
M77.16,M7716,ATIH s'arrête à un niveau supérieur,préfixe ATIH M771 (type MCO 0),M771,"Épicondylite - "" Jambe """
M77.17,M7717,ATIH s'arrête à un niveau supérieur,préfixe ATIH M771 (type MCO 0),M771,"Épicondylite - "" Cheville et pied """
M77.18,M7718,ATIH s'arrête à un niveau supérieur,préfixe ATIH M771 (type MCO 0),M771,"Épicondylite - "" Autres """
M77.19,M7719,ATIH s'arrête à un niveau supérieur,préfixe ATIH M771 (type MCO 0),M771,"Épicondylite - "" Siège non précisé """
M77.21,M7721,ATIH s'arrête à un niveau supérieur,préfixe ATIH M772 (type MCO 0),M772,"Périarthrite du poignet - "" Région scapulaire """
M77.22,M7722,ATIH s'arrête à un niveau supérieur,préfixe ATIH M772 (type MCO 0),M772,"Périarthrite du poignet - "" Bras """
M77.24,M7724,ATIH s'arrête à un niveau supérieur,préfixe ATIH M772 (type MCO 0),M772,"Périarthrite du poignet - "" Main """
M77.25,M7725,ATIH s'arrête à un niveau supérieur,préfixe ATIH M772 (type MCO 0),M772,"Périarthrite du poignet - "" Région pelvienne et cuisse """
M77.26,M7726,ATIH s'arrête à un niveau supérieur,préfixe ATIH M772 (type MCO 0),M772,"Périarthrite du poignet - "" Jambe """
M77.27,M7727,ATIH s'arrête à un niveau supérieur,préfixe ATIH M772 (type MCO 0),M772,"Périarthrite du poignet - "" Cheville et pied """
M77.28,M7728,ATIH s'arrête à un niveau supérieur,préfixe ATIH M772 (type MCO 0),M772,"Périarthrite du poignet - "" Autres """
M77.29,M7729,ATIH s'arrête à un niveau supérieur,préfixe ATIH M772 (type MCO 0),M772,"Périarthrite du poignet - "" Siège non précisé """
M77.31,M7731,ATIH s'arrête à un niveau supérieur,préfixe ATIH M773 (type MCO 0),M773,"Exostose calcanéenne - "" Région scapulaire """
M77.32,M7732,ATIH s'arrête à un niveau supérieur,préfixe ATIH M773 (type MCO 0),M773,"Exostose calcanéenne - "" Bras """
M77.33,M7733,ATIH s'arrête à un niveau supérieur,préfixe ATIH M773 (type MCO 0),M773,"Exostose calcanéenne - "" Avant-bras """
M77.34,M7734,ATIH s'arrête à un niveau supérieur,préfixe ATIH M773 (type MCO 0),M773,"Exostose calcanéenne - "" Main """
M77.35,M7735,ATIH s'arrête à un niveau supérieur,préfixe ATIH M773 (type MCO 0),M773,"Exostose calcanéenne - "" Région pelvienne et cuisse """
M77.36,M7736,ATIH s'arrête à un niveau supérieur,préfixe ATIH M773 (type MCO 0),M773,"Exostose calcanéenne - "" Jambe """
M77.38,M7738,ATIH s'arrête à un niveau supérieur,préfixe ATIH M773 (type MCO 0),M773,"Exostose calcanéenne - "" Autres """
M77.39,M7739,ATIH s'arrête à un niveau supérieur,préfixe ATIH M773 (type MCO 0),M773,"Exostose calcanéenne - "" Siège non précisé """
M77.41,M7741,ATIH s'arrête à un niveau supérieur,préfixe ATIH M774 (type MCO 0),M774,"Métatarsalgie - "" Région scapulaire """
M77.42,M7742,ATIH s'arrête à un niveau supérieur,préfixe ATIH M774 (type MCO 0),M774,"Métatarsalgie - "" Bras """
M77.43,M7743,ATIH s'arrête à un niveau supérieur,préfixe ATIH M774 (type MCO 0),M774,"Métatarsalgie - "" Avant-bras """
M77.44,M7744,ATIH s'arrête à un niveau supérieur,préfixe ATIH M774 (type MCO 0),M774,"Métatarsalgie - "" Main """
M77.45,M7745,ATIH s'arrête à un niveau supérieur,préfixe ATIH M774 (type MCO 0),M774,"Métatarsalgie - "" Région pelvienne et cuisse """
M77.46,M7746,ATIH s'arrête à un niveau supérieur,préfixe ATIH M774 (type MCO 0),M774,"Métatarsalgie - "" Jambe """
M77.48,M7748,ATIH s'arrête à un niveau supérieur,préfixe ATIH M774 (type MCO 0),M774,"Métatarsalgie - "" Autres """
M77.49,M7749,ATIH s'arrête à un niveau supérieur,préfixe ATIH M774 (type MCO 0),M774,"Métatarsalgie - "" Siège non précisé """
M77.51,M7751,ATIH s'arrête à un niveau supérieur,préfixe ATIH M775 (type MCO 0),M775,"Autres enthésopathies du pied - "" Région scapulaire """
M77.52,M7752,ATIH s'arrête à un niveau supérieur,préfixe ATIH M775 (type MCO 0),M775,"Autres enthésopathies du pied - "" Bras """
M77.53,M7753,ATIH s'arrête à un niveau supérieur,préfixe ATIH M775 (type MCO 0),M775,"Autres enthésopathies du pied - "" Avant-bras """
M77.54,M7754,ATIH s'arrête à un niveau supérieur,préfixe ATIH M775 (type MCO 0),M775,"Autres enthésopathies du pied - "" Main """
M77.55,M7755,ATIH s'arrête à un niveau supérieur,préfixe ATIH M775 (type MCO 0),M775,"Autres enthésopathies du pied - "" Région pelvienne et cuisse """
M77.56,M7756,ATIH s'arrête à un niveau supérieur,préfixe ATIH M775 (type MCO 0),M775,"Autres enthésopathies du pied - "" Jambe """
M77.58,M7758,ATIH s'arrête à un niveau supérieur,préfixe ATIH M775 (type MCO 0),M775,"Autres enthésopathies du pied - "" Autres """
M77.59,M7759,ATIH s'arrête à un niveau supérieur,préfixe ATIH M775 (type MCO 0),M775,"Autres enthésopathies du pied - "" Siège non précisé """
M77.85,M7785,ATIH s'arrête à un niveau supérieur,préfixe ATIH M778 (type MCO 0),M778,"Autres enthésopathies, non classées ailleurs - "" Région pelvienne et cuisse """
M77.86,M7786,ATIH s'arrête à un niveau supérieur,préfixe ATIH M778 (type MCO 0),M778,"Autres enthésopathies, non classées ailleurs - "" Jambe """
M77.87,M7787,ATIH s'arrête à un niveau supérieur,préfixe ATIH M778 (type MCO 0),M778,"Autres enthésopathies, non classées ailleurs - "" Cheville et pied """
M77.95,M7795,ATIH s'arrête à un niveau supérieur,préfixe ATIH M779 (type MCO 0),M779,"Enthésopathie, sans précision - "" Région pelvienne et cuisse """
M77.96,M7796,ATIH s'arrête à un niveau supérieur,préfixe ATIH M779 (type MCO 0),M779,"Enthésopathie, sans précision - "" Jambe """
M79.49,M7949,ATIH s'arrête à un niveau supérieur,préfixe ATIH M794 (type MCO 0),M794,"Hypertrophie du coussinet graisseux (rotulien) - "" Siège non précisé """
M79.68,M7968,ATIH s'arrête à un niveau supérieur,préfixe ATIH M796 (type MCO 0),M796,"Douleur au niveau d'un membre - "" Autres """
M85.21,M8521,ATIH s'arrête à un niveau supérieur,préfixe ATIH M852 (type MCO 0),M852,"Hyperostose du crâne - "" Région scapulaire """
M85.22,M8522,ATIH s'arrête à un niveau supérieur,préfixe ATIH M852 (type MCO 0),M852,"Hyperostose du crâne - "" Bras """
M85.23,M8523,ATIH s'arrête à un niveau supérieur,préfixe ATIH M852 (type MCO 0),M852,"Hyperostose du crâne - "" Avant-bras """
M85.24,M8524,ATIH s'arrête à un niveau supérieur,préfixe ATIH M852 (type MCO 0),M852,"Hyperostose du crâne - "" Main """
M85.25,M8525,ATIH s'arrête à un niveau supérieur,préfixe ATIH M852 (type MCO 0),M852,"Hyperostose du crâne - "" Région pelvienne et cuisse """
M85.26,M8526,ATIH s'arrête à un niveau supérieur,préfixe ATIH M852 (type MCO 0),M852,"Hyperostose du crâne - "" Jambe """
M85.27,M8527,ATIH s'arrête à un niveau supérieur,préfixe ATIH M852 (type MCO 0),M852,"Hyperostose du crâne - "" Cheville et pied """
M85.29,M8529,ATIH s'arrête à un niveau supérieur,préfixe ATIH M852 (type MCO 0),M852,"Hyperostose du crâne - "" Siège non précisé """
M88.01,M8801,ATIH s'arrête à un niveau supérieur,préfixe ATIH M880 (type MCO 0),M880,"Maladie de Paget du crâne - "" Région scapulaire """
M88.02,M8802,ATIH s'arrête à un niveau supérieur,préfixe ATIH M880 (type MCO 0),M880,"Maladie de Paget du crâne - "" Bras """
M88.03,M8803,ATIH s'arrête à un niveau supérieur,préfixe ATIH M880 (type MCO 0),M880,"Maladie de Paget du crâne - "" Avant-bras """
M88.04,M8804,ATIH s'arrête à un niveau supérieur,préfixe ATIH M880 (type MCO 0),M880,"Maladie de Paget du crâne - "" Main """
M88.05,M8805,ATIH s'arrête à un niveau supérieur,préfixe ATIH M880 (type MCO 0),M880,"Maladie de Paget du crâne - "" Région pelvienne et cuisse """
M88.06,M8806,ATIH s'arrête à un niveau supérieur,préfixe ATIH M880 (type MCO 0),M880,"Maladie de Paget du crâne - "" Jambe """
M88.07,M8807,ATIH s'arrête à un niveau supérieur,préfixe ATIH M880 (type MCO 0),M880,"Maladie de Paget du crâne - "" Cheville et pied """
M88.09,M8809,ATIH s'arrête à un niveau supérieur,préfixe ATIH M880 (type MCO 0),M880,"Maladie de Paget du crâne - "" Siège non précisé """
M88.89,M8889,ATIH s'arrête à un niveau supérieur,préfixe ATIH M888 (type MCO 0),M888,"Maladie de Paget d'autres os - "" Siège non précisé """
M88.91,M8891,ATIH s'arrête à un niveau supérieur,préfixe ATIH M889 (type MCO 0),M889,"Maladie osseuse de Paget, sans précision - "" Région scapulaire """
M88.92,M8892,ATIH s'arrête à un niveau supérieur,préfixe ATIH M889 (type MCO 0),M889,"Maladie osseuse de Paget, sans précision - "" Bras """
M88.93,M8893,ATIH s'arrête à un niveau supérieur,préfixe ATIH M889 (type MCO 0),M889,"Maladie osseuse de Paget, sans précision - "" Avant-bras """
M88.94,M8894,ATIH s'arrête à un niveau supérieur,préfixe ATIH M889 (type MCO 0),M889,"Maladie osseuse de Paget, sans précision - "" Main """
M88.95,M8895,ATIH s'arrête à un niveau supérieur,préfixe ATIH M889 (type MCO 0),M889,"Maladie osseuse de Paget, sans précision - "" Région pelvienne et cuisse """
M88.96,M8896,ATIH s'arrête à un niveau supérieur,préfixe ATIH M889 (type MCO 0),M889,"Maladie osseuse de Paget, sans précision - "" Jambe """
M88.97,M8897,ATIH s'arrête à un niveau supérieur,préfixe ATIH M889 (type MCO 0),M889,"Maladie osseuse de Paget, sans précision - "" Cheville et pied """
M88.98,M8898,ATIH s'arrête à un niveau supérieur,préfixe ATIH M889 (type MCO 0),M889,"Maladie osseuse de Paget, sans précision - "" Autres """
M91.01,M9101,ATIH s'arrête à un niveau supérieur,préfixe ATIH M910 (type MCO 0),M910,"Ostéochondrite juvénile du bassin - "" Région scapulaire """
M91.02,M9102,ATIH s'arrête à un niveau supérieur,préfixe ATIH M910 (type MCO 0),M910,"Ostéochondrite juvénile du bassin - "" Bras """
M91.03,M9103,ATIH s'arrête à un niveau supérieur,préfixe ATIH M910 (type MCO 0),M910,"Ostéochondrite juvénile du bassin - "" Avant-bras """
M91.04,M9104,ATIH s'arrête à un niveau supérieur,préfixe ATIH M910 (type MCO 0),M910,"Ostéochondrite juvénile du bassin - "" Main """
M91.06,M9106,ATIH s'arrête à un niveau supérieur,préfixe ATIH M910 (type MCO 0),M910,"Ostéochondrite juvénile du bassin - "" Jambe """
M91.07,M9107,ATIH s'arrête à un niveau supérieur,préfixe ATIH M910 (type MCO 0),M910,"Ostéochondrite juvénile du bassin - "" Cheville et pied """
M91.08,M9108,ATIH s'arrête à un niveau supérieur,préfixe ATIH M910 (type MCO 0),M910,"Ostéochondrite juvénile du bassin - "" Autres """
M91.09,M9109,ATIH s'arrête à un niveau supérieur,préfixe ATIH M910 (type MCO 0),M910,"Ostéochondrite juvénile du bassin - "" Siège non précisé """
M91.11,M9111,ATIH s'arrête à un niveau supérieur,préfixe ATIH M911 (type MCO 0),M911,"Ostéochondrite juvénile de la tête du fémur [Legg–Calvé–Perthes] - "" Région scapulaire """
M91.12,M9112,ATIH s'arrête à un niveau supérieur,préfixe ATIH M911 (type MCO 0),M911,"Ostéochondrite juvénile de la tête du fémur [Legg–Calvé–Perthes] - "" Bras """
M91.13,M9113,ATIH s'arrête à un niveau supérieur,préfixe ATIH M911 (type MCO 0),M911,"Ostéochondrite juvénile de la tête du fémur [Legg–Calvé–Perthes] - "" Avant-bras """
M91.14,M9114,ATIH s'arrête à un niveau supérieur,préfixe ATIH M911 (type MCO 0),M911,"Ostéochondrite juvénile de la tête du fémur [Legg–Calvé–Perthes] - "" Main """
M91.16,M9116,ATIH s'arrête à un niveau supérieur,préfixe ATIH M911 (type MCO 0),M911,"Ostéochondrite juvénile de la tête du fémur [Legg–Calvé–Perthes] - "" Jambe """
M91.17,M9117,ATIH s'arrête à un niveau supérieur,préfixe ATIH M911 (type MCO 0),M911,"Ostéochondrite juvénile de la tête du fémur [Legg–Calvé–Perthes] - "" Cheville et pied """
M91.18,M9118,ATIH s'arrête à un niveau supérieur,préfixe ATIH M911 (type MCO 0),M911,"Ostéochondrite juvénile de la tête du fémur [Legg–Calvé–Perthes] - "" Autres """
M91.19,M9119,ATIH s'arrête à un niveau supérieur,préfixe ATIH M911 (type MCO 0),M911,"Ostéochondrite juvénile de la tête du fémur [Legg–Calvé–Perthes] - "" Siège non précisé """
M91.21,M9121,ATIH s'arrête à un niveau supérieur,préfixe ATIH M912 (type MCO 0),M912,"Coxa plana - "" Région scapulaire """
M91.22,M9122,ATIH s'arrête à un niveau supérieur,préfixe ATIH M912 (type MCO 0),M912,"Coxa plana - "" Bras """
M91.23,M9123,ATIH s'arrête à un niveau supérieur,préfixe ATIH M912 (type MCO 0),M912,"Coxa plana - "" Avant-bras """
M91.24,M9124,ATIH s'arrête à un niveau supérieur,préfixe ATIH M912 (type MCO 0),M912,"Coxa plana - "" Main """
M91.26,M9126,ATIH s'arrête à un niveau supérieur,préfixe ATIH M912 (type MCO 0),M912,"Coxa plana - "" Jambe """
M91.27,M9127,ATIH s'arrête à un niveau supérieur,préfixe ATIH M912 (type MCO 0),M912,"Coxa plana - "" Cheville et pied """
M91.28,M9128,ATIH s'arrête à un niveau supérieur,préfixe ATIH M912 (type MCO 0),M912,"Coxa plana - "" Autres """
M91.29,M9129,ATIH s'arrête à un niveau supérieur,préfixe ATIH M912 (type MCO 0),M912,"Coxa plana - "" Siège non précisé """
M91.31,M9131,ATIH s'arrête à un niveau supérieur,préfixe ATIH M913 (type MCO 0),M913,"Pseudocoxalgie - "" Région scapulaire """
M91.32,M9132,ATIH s'arrête à un niveau supérieur,préfixe ATIH M913 (type MCO 0),M913,"Pseudocoxalgie - "" Bras """
M91.33,M9133,ATIH s'arrête à un niveau supérieur,préfixe ATIH M913 (type MCO 0),M913,"Pseudocoxalgie - "" Avant-bras """
M91.34,M9134,ATIH s'arrête à un niveau supérieur,préfixe ATIH M913 (type MCO 0),M913,"Pseudocoxalgie - "" Main """
M91.36,M9136,ATIH s'arrête à un niveau supérieur,préfixe ATIH M913 (type MCO 0),M913,"Pseudocoxalgie - "" Jambe """
M91.37,M9137,ATIH s'arrête à un niveau supérieur,préfixe ATIH M913 (type MCO 0),M913,"Pseudocoxalgie - "" Cheville et pied """
M91.38,M9138,ATIH s'arrête à un niveau supérieur,préfixe ATIH M913 (type MCO 0),M913,"Pseudocoxalgie - "" Autres """
M91.39,M9139,ATIH s'arrête à un niveau supérieur,préfixe ATIH M913 (type MCO 0),M913,"Pseudocoxalgie - "" Siège non précisé """
M91.81,M9181,ATIH s'arrête à un niveau supérieur,préfixe ATIH M918 (type MCO 0),M918,"Autres ostéochondrites juvéniles de la hanche et du bassin - "" Région scapulaire """
M91.82,M9182,ATIH s'arrête à un niveau supérieur,préfixe ATIH M918 (type MCO 0),M918,"Autres ostéochondrites juvéniles de la hanche et du bassin - "" Bras """
M91.83,M9183,ATIH s'arrête à un niveau supérieur,préfixe ATIH M918 (type MCO 0),M918,"Autres ostéochondrites juvéniles de la hanche et du bassin - "" Avant-bras """
M91.84,M9184,ATIH s'arrête à un niveau supérieur,préfixe ATIH M918 (type MCO 0),M918,"Autres ostéochondrites juvéniles de la hanche et du bassin - "" Main """
M91.86,M9186,ATIH s'arrête à un niveau supérieur,préfixe ATIH M918 (type MCO 0),M918,"Autres ostéochondrites juvéniles de la hanche et du bassin - "" Jambe """
M91.87,M9187,ATIH s'arrête à un niveau supérieur,préfixe ATIH M918 (type MCO 0),M918,"Autres ostéochondrites juvéniles de la hanche et du bassin - "" Cheville et pied """
M91.88,M9188,ATIH s'arrête à un niveau supérieur,préfixe ATIH M918 (type MCO 0),M918,"Autres ostéochondrites juvéniles de la hanche et du bassin - "" Autres """
M91.89,M9189,ATIH s'arrête à un niveau supérieur,préfixe ATIH M918 (type MCO 0),M918,"Autres ostéochondrites juvéniles de la hanche et du bassin - "" Siège non précisé """
M91.91,M9191,ATIH s'arrête à un niveau supérieur,préfixe ATIH M919 (type MCO 0),M919,"Ostéochondrite juvénile de la hanche et du bassin, sans précision - "" Région scapulaire """
M91.92,M9192,ATIH s'arrête à un niveau supérieur,préfixe ATIH M919 (type MCO 0),M919,"Ostéochondrite juvénile de la hanche et du bassin, sans précision - "" Bras """
M91.93,M9193,ATIH s'arrête à un niveau supérieur,préfixe ATIH M919 (type MCO 0),M919,"Ostéochondrite juvénile de la hanche et du bassin, sans précision - "" Avant-bras """
M91.94,M9194,ATIH s'arrête à un niveau supérieur,préfixe ATIH M919 (type MCO 0),M919,"Ostéochondrite juvénile de la hanche et du bassin, sans précision - "" Main """
M91.96,M9196,ATIH s'arrête à un niveau supérieur,préfixe ATIH M919 (type MCO 0),M919,"Ostéochondrite juvénile de la hanche et du bassin, sans précision - "" Jambe """
M91.97,M9197,ATIH s'arrête à un niveau supérieur,préfixe ATIH M919 (type MCO 0),M919,"Ostéochondrite juvénile de la hanche et du bassin, sans précision - "" Cheville et pied """
M91.98,M9198,ATIH s'arrête à un niveau supérieur,préfixe ATIH M919 (type MCO 0),M919,"Ostéochondrite juvénile de la hanche et du bassin, sans précision - "" Autres """
M91.99,M9199,ATIH s'arrête à un niveau supérieur,préfixe ATIH M919 (type MCO 0),M919,"Ostéochondrite juvénile de la hanche et du bassin, sans précision - "" Siège non précisé """
M92.00,M9200,ATIH s'arrête à un niveau supérieur,préfixe ATIH M920 (type MCO 0),M920,"Ostéochondrite juvénile de l'humérus - "" Sièges multiples """
M92.01,M9201,ATIH s'arrête à un niveau supérieur,préfixe ATIH M920 (type MCO 0),M920,"Ostéochondrite juvénile de l'humérus - "" Région scapulaire """
M92.02,M9202,ATIH s'arrête à un niveau supérieur,préfixe ATIH M920 (type MCO 0),M920,"Ostéochondrite juvénile de l'humérus - "" Bras """
M92.03,M9203,ATIH s'arrête à un niveau supérieur,préfixe ATIH M920 (type MCO 0),M920,"Ostéochondrite juvénile de l'humérus - "" Avant-bras """
M92.04,M9204,ATIH s'arrête à un niveau supérieur,préfixe ATIH M920 (type MCO 0),M920,"Ostéochondrite juvénile de l'humérus - "" Main """
M92.05,M9205,ATIH s'arrête à un niveau supérieur,préfixe ATIH M920 (type MCO 0),M920,"Ostéochondrite juvénile de l'humérus - "" Région pelvienne et cuisse """
M92.06,M9206,ATIH s'arrête à un niveau supérieur,préfixe ATIH M920 (type MCO 0),M920,"Ostéochondrite juvénile de l'humérus - "" Jambe """
M92.07,M9207,ATIH s'arrête à un niveau supérieur,préfixe ATIH M920 (type MCO 0),M920,"Ostéochondrite juvénile de l'humérus - "" Cheville et pied """
M92.08,M9208,ATIH s'arrête à un niveau supérieur,préfixe ATIH M920 (type MCO 0),M920,"Ostéochondrite juvénile de l'humérus - "" Autres """
M92.09,M9209,ATIH s'arrête à un niveau supérieur,préfixe ATIH M920 (type MCO 0),M920,"Ostéochondrite juvénile de l'humérus - "" Siège non précisé """
M92.10,M9210,ATIH s'arrête à un niveau supérieur,préfixe ATIH M921 (type MCO 0),M921,"Ostéochondrite juvénile du radius et du cubitus - "" Sièges multiples """
M92.11,M9211,ATIH s'arrête à un niveau supérieur,préfixe ATIH M921 (type MCO 0),M921,"Ostéochondrite juvénile du radius et du cubitus - "" Région scapulaire """
M92.12,M9212,ATIH s'arrête à un niveau supérieur,préfixe ATIH M921 (type MCO 0),M921,"Ostéochondrite juvénile du radius et du cubitus - "" Bras """
M92.13,M9213,ATIH s'arrête à un niveau supérieur,préfixe ATIH M921 (type MCO 0),M921,"Ostéochondrite juvénile du radius et du cubitus - "" Avant-bras """
M92.14,M9214,ATIH s'arrête à un niveau supérieur,préfixe ATIH M921 (type MCO 0),M921,"Ostéochondrite juvénile du radius et du cubitus - "" Main """
M92.15,M9215,ATIH s'arrête à un niveau supérieur,préfixe ATIH M921 (type MCO 0),M921,"Ostéochondrite juvénile du radius et du cubitus - "" Région pelvienne et cuisse """
M92.16,M9216,ATIH s'arrête à un niveau supérieur,préfixe ATIH M921 (type MCO 0),M921,"Ostéochondrite juvénile du radius et du cubitus - "" Jambe """
M92.17,M9217,ATIH s'arrête à un niveau supérieur,préfixe ATIH M921 (type MCO 0),M921,"Ostéochondrite juvénile du radius et du cubitus - "" Cheville et pied """
M92.18,M9218,ATIH s'arrête à un niveau supérieur,préfixe ATIH M921 (type MCO 0),M921,"Ostéochondrite juvénile du radius et du cubitus - "" Autres """
M92.19,M9219,ATIH s'arrête à un niveau supérieur,préfixe ATIH M921 (type MCO 0),M921,"Ostéochondrite juvénile du radius et du cubitus - "" Siège non précisé """
M92.20,M9220,ATIH s'arrête à un niveau supérieur,préfixe ATIH M922 (type MCO 0),M922,"Ostéochondrite juvénile de la main - "" Sièges multiples """
M92.21,M9221,ATIH s'arrête à un niveau supérieur,préfixe ATIH M922 (type MCO 0),M922,"Ostéochondrite juvénile de la main - "" Région scapulaire """
M92.22,M9222,ATIH s'arrête à un niveau supérieur,préfixe ATIH M922 (type MCO 0),M922,"Ostéochondrite juvénile de la main - "" Bras """
M92.23,M9223,ATIH s'arrête à un niveau supérieur,préfixe ATIH M922 (type MCO 0),M922,"Ostéochondrite juvénile de la main - "" Avant-bras """
M92.24,M9224,ATIH s'arrête à un niveau supérieur,préfixe ATIH M922 (type MCO 0),M922,"Ostéochondrite juvénile de la main - "" Main """
M92.25,M9225,ATIH s'arrête à un niveau supérieur,préfixe ATIH M922 (type MCO 0),M922,"Ostéochondrite juvénile de la main - "" Région pelvienne et cuisse """
M92.26,M9226,ATIH s'arrête à un niveau supérieur,préfixe ATIH M922 (type MCO 0),M922,"Ostéochondrite juvénile de la main - "" Jambe """
M92.27,M9227,ATIH s'arrête à un niveau supérieur,préfixe ATIH M922 (type MCO 0),M922,"Ostéochondrite juvénile de la main - "" Cheville et pied """
M92.28,M9228,ATIH s'arrête à un niveau supérieur,préfixe ATIH M922 (type MCO 0),M922,"Ostéochondrite juvénile de la main - "" Autres """
M92.29,M9229,ATIH s'arrête à un niveau supérieur,préfixe ATIH M922 (type MCO 0),M922,"Ostéochondrite juvénile de la main - "" Siège non précisé """
M92.30,M9230,ATIH s'arrête à un niveau supérieur,préfixe ATIH M923 (type MCO 0),M923,"Autres ostéochondrites juvéniles du membre supérieur - "" Sièges multiples """
M92.31,M9231,ATIH s'arrête à un niveau supérieur,préfixe ATIH M923 (type MCO 0),M923,"Autres ostéochondrites juvéniles du membre supérieur - "" Région scapulaire """
M92.32,M9232,ATIH s'arrête à un niveau supérieur,préfixe ATIH M923 (type MCO 0),M923,"Autres ostéochondrites juvéniles du membre supérieur - "" Bras """
M92.33,M9233,ATIH s'arrête à un niveau supérieur,préfixe ATIH M923 (type MCO 0),M923,"Autres ostéochondrites juvéniles du membre supérieur - "" Avant-bras """
M92.34,M9234,ATIH s'arrête à un niveau supérieur,préfixe ATIH M923 (type MCO 0),M923,"Autres ostéochondrites juvéniles du membre supérieur - "" Main """
M92.35,M9235,ATIH s'arrête à un niveau supérieur,préfixe ATIH M923 (type MCO 0),M923,"Autres ostéochondrites juvéniles du membre supérieur - "" Région pelvienne et cuisse """
M92.36,M9236,ATIH s'arrête à un niveau supérieur,préfixe ATIH M923 (type MCO 0),M923,"Autres ostéochondrites juvéniles du membre supérieur - "" Jambe """
M92.37,M9237,ATIH s'arrête à un niveau supérieur,préfixe ATIH M923 (type MCO 0),M923,"Autres ostéochondrites juvéniles du membre supérieur - "" Cheville et pied """
M92.38,M9238,ATIH s'arrête à un niveau supérieur,préfixe ATIH M923 (type MCO 0),M923,"Autres ostéochondrites juvéniles du membre supérieur - "" Autres """
M92.39,M9239,ATIH s'arrête à un niveau supérieur,préfixe ATIH M923 (type MCO 0),M923,"Autres ostéochondrites juvéniles du membre supérieur - "" Siège non précisé """
M92.40,M9240,ATIH s'arrête à un niveau supérieur,préfixe ATIH M924 (type MCO 0),M924,"Ostéochondrite juvénile de la rotule - "" Sièges multiples """
M92.41,M9241,ATIH s'arrête à un niveau supérieur,préfixe ATIH M924 (type MCO 0),M924,"Ostéochondrite juvénile de la rotule - "" Région scapulaire """
M92.42,M9242,ATIH s'arrête à un niveau supérieur,préfixe ATIH M924 (type MCO 0),M924,"Ostéochondrite juvénile de la rotule - "" Bras """
M92.43,M9243,ATIH s'arrête à un niveau supérieur,préfixe ATIH M924 (type MCO 0),M924,"Ostéochondrite juvénile de la rotule - "" Avant-bras """
M92.44,M9244,ATIH s'arrête à un niveau supérieur,préfixe ATIH M924 (type MCO 0),M924,"Ostéochondrite juvénile de la rotule - "" Main """
M92.45,M9245,ATIH s'arrête à un niveau supérieur,préfixe ATIH M924 (type MCO 0),M924,"Ostéochondrite juvénile de la rotule - "" Région pelvienne et cuisse """
M92.46,M9246,ATIH s'arrête à un niveau supérieur,préfixe ATIH M924 (type MCO 0),M924,"Ostéochondrite juvénile de la rotule - "" Jambe """
M92.47,M9247,ATIH s'arrête à un niveau supérieur,préfixe ATIH M924 (type MCO 0),M924,"Ostéochondrite juvénile de la rotule - "" Cheville et pied """
M92.48,M9248,ATIH s'arrête à un niveau supérieur,préfixe ATIH M924 (type MCO 0),M924,"Ostéochondrite juvénile de la rotule - "" Autres """
M92.49,M9249,ATIH s'arrête à un niveau supérieur,préfixe ATIH M924 (type MCO 0),M924,"Ostéochondrite juvénile de la rotule - "" Siège non précisé """
M92.50,M9250,ATIH s'arrête à un niveau supérieur,préfixe ATIH M925 (type MCO 0),M925,"Ostéochondrite juvénile du tibia et du péroné - "" Sièges multiples """
M92.51,M9251,ATIH s'arrête à un niveau supérieur,préfixe ATIH M925 (type MCO 0),M925,"Ostéochondrite juvénile du tibia et du péroné - "" Région scapulaire """
M92.52,M9252,ATIH s'arrête à un niveau supérieur,préfixe ATIH M925 (type MCO 0),M925,"Ostéochondrite juvénile du tibia et du péroné - "" Bras """
M92.53,M9253,ATIH s'arrête à un niveau supérieur,préfixe ATIH M925 (type MCO 0),M925,"Ostéochondrite juvénile du tibia et du péroné - "" Avant-bras """
M92.54,M9254,ATIH s'arrête à un niveau supérieur,préfixe ATIH M925 (type MCO 0),M925,"Ostéochondrite juvénile du tibia et du péroné - "" Main """
M92.55,M9255,ATIH s'arrête à un niveau supérieur,préfixe ATIH M925 (type MCO 0),M925,"Ostéochondrite juvénile du tibia et du péroné - "" Région pelvienne et cuisse """
M92.56,M9256,ATIH s'arrête à un niveau supérieur,préfixe ATIH M925 (type MCO 0),M925,"Ostéochondrite juvénile du tibia et du péroné - "" Jambe """
M92.57,M9257,ATIH s'arrête à un niveau supérieur,préfixe ATIH M925 (type MCO 0),M925,"Ostéochondrite juvénile du tibia et du péroné - "" Cheville et pied """
M92.58,M9258,ATIH s'arrête à un niveau supérieur,préfixe ATIH M925 (type MCO 0),M925,"Ostéochondrite juvénile du tibia et du péroné - "" Autres """
M92.59,M9259,ATIH s'arrête à un niveau supérieur,préfixe ATIH M925 (type MCO 0),M925,"Ostéochondrite juvénile du tibia et du péroné - "" Siège non précisé """
M92.60,M9260,ATIH s'arrête à un niveau supérieur,préfixe ATIH M926 (type MCO 0),M926,"Ostéochondrite juvénile du tarse - "" Sièges multiples """
M92.61,M9261,ATIH s'arrête à un niveau supérieur,préfixe ATIH M926 (type MCO 0),M926,"Ostéochondrite juvénile du tarse - "" Région scapulaire """
M92.62,M9262,ATIH s'arrête à un niveau supérieur,préfixe ATIH M926 (type MCO 0),M926,"Ostéochondrite juvénile du tarse - "" Bras """
M92.63,M9263,ATIH s'arrête à un niveau supérieur,préfixe ATIH M926 (type MCO 0),M926,"Ostéochondrite juvénile du tarse - "" Avant-bras """
M92.64,M9264,ATIH s'arrête à un niveau supérieur,préfixe ATIH M926 (type MCO 0),M926,"Ostéochondrite juvénile du tarse - "" Main """
M92.65,M9265,ATIH s'arrête à un niveau supérieur,préfixe ATIH M926 (type MCO 0),M926,"Ostéochondrite juvénile du tarse - "" Région pelvienne et cuisse """
M92.66,M9266,ATIH s'arrête à un niveau supérieur,préfixe ATIH M926 (type MCO 0),M926,"Ostéochondrite juvénile du tarse - "" Jambe """
M92.67,M9267,ATIH s'arrête à un niveau supérieur,préfixe ATIH M926 (type MCO 0),M926,"Ostéochondrite juvénile du tarse - "" Cheville et pied """
M92.68,M9268,ATIH s'arrête à un niveau supérieur,préfixe ATIH M926 (type MCO 0),M926,"Ostéochondrite juvénile du tarse - "" Autres """
M92.69,M9269,ATIH s'arrête à un niveau supérieur,préfixe ATIH M926 (type MCO 0),M926,"Ostéochondrite juvénile du tarse - "" Siège non précisé """
M92.70,M9270,ATIH s'arrête à un niveau supérieur,préfixe ATIH M927 (type MCO 0),M927,"Ostéochondrite juvénile du métatarse - "" Sièges multiples """
M92.71,M9271,ATIH s'arrête à un niveau supérieur,préfixe ATIH M927 (type MCO 0),M927,"Ostéochondrite juvénile du métatarse - "" Région scapulaire """
M92.72,M9272,ATIH s'arrête à un niveau supérieur,préfixe ATIH M927 (type MCO 0),M927,"Ostéochondrite juvénile du métatarse - "" Bras """
M92.73,M9273,ATIH s'arrête à un niveau supérieur,préfixe ATIH M927 (type MCO 0),M927,"Ostéochondrite juvénile du métatarse - "" Avant-bras """
M92.74,M9274,ATIH s'arrête à un niveau supérieur,préfixe ATIH M927 (type MCO 0),M927,"Ostéochondrite juvénile du métatarse - "" Main """
M92.75,M9275,ATIH s'arrête à un niveau supérieur,préfixe ATIH M927 (type MCO 0),M927,"Ostéochondrite juvénile du métatarse - "" Région pelvienne et cuisse """
M92.76,M9276,ATIH s'arrête à un niveau supérieur,préfixe ATIH M927 (type MCO 0),M927,"Ostéochondrite juvénile du métatarse - "" Jambe """
M92.77,M9277,ATIH s'arrête à un niveau supérieur,préfixe ATIH M927 (type MCO 0),M927,"Ostéochondrite juvénile du métatarse - "" Cheville et pied """
M92.78,M9278,ATIH s'arrête à un niveau supérieur,préfixe ATIH M927 (type MCO 0),M927,"Ostéochondrite juvénile du métatarse - "" Autres """
M92.79,M9279,ATIH s'arrête à un niveau supérieur,préfixe ATIH M927 (type MCO 0),M927,"Ostéochondrite juvénile du métatarse - "" Siège non précisé """
M92.80,M9280,ATIH s'arrête à un niveau supérieur,préfixe ATIH M928 (type MCO 0),M928,"Autres ostéochondrites juvéniles précisées - "" Sièges multiples """
M92.81,M9281,ATIH s'arrête à un niveau supérieur,préfixe ATIH M928 (type MCO 0),M928,"Autres ostéochondrites juvéniles précisées - "" Région scapulaire """
M92.82,M9282,ATIH s'arrête à un niveau supérieur,préfixe ATIH M928 (type MCO 0),M928,"Autres ostéochondrites juvéniles précisées - "" Bras """
M92.83,M9283,ATIH s'arrête à un niveau supérieur,préfixe ATIH M928 (type MCO 0),M928,"Autres ostéochondrites juvéniles précisées - "" Avant-bras """
M92.84,M9284,ATIH s'arrête à un niveau supérieur,préfixe ATIH M928 (type MCO 0),M928,"Autres ostéochondrites juvéniles précisées - "" Main """
M92.85,M9285,ATIH s'arrête à un niveau supérieur,préfixe ATIH M928 (type MCO 0),M928,"Autres ostéochondrites juvéniles précisées - "" Région pelvienne et cuisse """
M92.86,M9286,ATIH s'arrête à un niveau supérieur,préfixe ATIH M928 (type MCO 0),M928,"Autres ostéochondrites juvéniles précisées - "" Jambe """
M92.87,M9287,ATIH s'arrête à un niveau supérieur,préfixe ATIH M928 (type MCO 0),M928,"Autres ostéochondrites juvéniles précisées - "" Cheville et pied """
M92.88,M9288,ATIH s'arrête à un niveau supérieur,préfixe ATIH M928 (type MCO 0),M928,"Autres ostéochondrites juvéniles précisées - "" Autres """
M92.89,M9289,ATIH s'arrête à un niveau supérieur,préfixe ATIH M928 (type MCO 0),M928,"Autres ostéochondrites juvéniles précisées - "" Siège non précisé """
M92.90,M9290,ATIH s'arrête à un niveau supérieur,préfixe ATIH M929 (type MCO 0),M929,"Ostéochondrite juvénile, sans précision - "" Sièges multiples """
M92.91,M9291,ATIH s'arrête à un niveau supérieur,préfixe ATIH M929 (type MCO 0),M929,"Ostéochondrite juvénile, sans précision - "" Région scapulaire """
M92.92,M9292,ATIH s'arrête à un niveau supérieur,préfixe ATIH M929 (type MCO 0),M929,"Ostéochondrite juvénile, sans précision - "" Bras """
M92.93,M9293,ATIH s'arrête à un niveau supérieur,préfixe ATIH M929 (type MCO 0),M929,"Ostéochondrite juvénile, sans précision - "" Avant-bras """
M92.94,M9294,ATIH s'arrête à un niveau supérieur,préfixe ATIH M929 (type MCO 0),M929,"Ostéochondrite juvénile, sans précision - "" Main """
M92.95,M9295,ATIH s'arrête à un niveau supérieur,préfixe ATIH M929 (type MCO 0),M929,"Ostéochondrite juvénile, sans précision - "" Région pelvienne et cuisse """
M92.96,M9296,ATIH s'arrête à un niveau supérieur,préfixe ATIH M929 (type MCO 0),M929,"Ostéochondrite juvénile, sans précision - "" Jambe """
M92.97,M9297,ATIH s'arrête à un niveau supérieur,préfixe ATIH M929 (type MCO 0),M929,"Ostéochondrite juvénile, sans précision - "" Cheville et pied """
M92.98,M9298,ATIH s'arrête à un niveau supérieur,préfixe ATIH M929 (type MCO 0),M929,"Ostéochondrite juvénile, sans précision - "" Autres """
M92.99,M9299,ATIH s'arrête à un niveau supérieur,préfixe ATIH M929 (type MCO 0),M929,"Ostéochondrite juvénile, sans précision - "" Siège non précisé """
M93.00,M9300,ATIH s'arrête à un niveau supérieur,préfixe ATIH M930 (type MCO 0),M930,"Épiphysiolyse de la tête fémorale [coxa vara retrorsa] (non traumatique) - "" Sièges multiples """
M93.01,M9301,ATIH s'arrête à un niveau supérieur,préfixe ATIH M930 (type MCO 0),M930,"Épiphysiolyse de la tête fémorale [coxa vara retrorsa] (non traumatique) - "" Région scapulaire """
M93.02,M9302,ATIH s'arrête à un niveau supérieur,préfixe ATIH M930 (type MCO 0),M930,"Épiphysiolyse de la tête fémorale [coxa vara retrorsa] (non traumatique) - "" Bras """
M93.03,M9303,ATIH s'arrête à un niveau supérieur,préfixe ATIH M930 (type MCO 0),M930,"Épiphysiolyse de la tête fémorale [coxa vara retrorsa] (non traumatique) - "" Avant-bras """
M93.04,M9304,ATIH s'arrête à un niveau supérieur,préfixe ATIH M930 (type MCO 0),M930,"Épiphysiolyse de la tête fémorale [coxa vara retrorsa] (non traumatique) - "" Main """
M93.05,M9305,ATIH s'arrête à un niveau supérieur,préfixe ATIH M930 (type MCO 0),M930,"Épiphysiolyse de la tête fémorale [coxa vara retrorsa] (non traumatique) - "" Région pelvienne et cuisse """
M93.06,M9306,ATIH s'arrête à un niveau supérieur,préfixe ATIH M930 (type MCO 0),M930,"Épiphysiolyse de la tête fémorale [coxa vara retrorsa] (non traumatique) - "" Jambe """
M93.07,M9307,ATIH s'arrête à un niveau supérieur,préfixe ATIH M930 (type MCO 0),M930,"Épiphysiolyse de la tête fémorale [coxa vara retrorsa] (non traumatique) - "" Cheville et pied """
M93.08,M9308,ATIH s'arrête à un niveau supérieur,préfixe ATIH M930 (type MCO 0),M930,"Épiphysiolyse de la tête fémorale [coxa vara retrorsa] (non traumatique) - "" Autres """
M93.09,M9309,ATIH s'arrête à un niveau supérieur,préfixe ATIH M930 (type MCO 0),M930,"Épiphysiolyse de la tête fémorale [coxa vara retrorsa] (non traumatique) - "" Siège non précisé """
M93.10,M9310,ATIH s'arrête à un niveau supérieur,préfixe ATIH M931 (type MCO 0),M931,"Maladie de Kienböck de l'adulte - "" Sièges multiples """
M93.11,M9311,ATIH s'arrête à un niveau supérieur,préfixe ATIH M931 (type MCO 0),M931,"Maladie de Kienböck de l'adulte - "" Région scapulaire """
M93.12,M9312,ATIH s'arrête à un niveau supérieur,préfixe ATIH M931 (type MCO 0),M931,"Maladie de Kienböck de l'adulte - "" Bras """
M93.13,M9313,ATIH s'arrête à un niveau supérieur,préfixe ATIH M931 (type MCO 0),M931,"Maladie de Kienböck de l'adulte - "" Avant-bras """
M93.14,M9314,ATIH s'arrête à un niveau supérieur,préfixe ATIH M931 (type MCO 0),M931,"Maladie de Kienböck de l'adulte - "" Main """
M93.15,M9315,ATIH s'arrête à un niveau supérieur,préfixe ATIH M931 (type MCO 0),M931,"Maladie de Kienböck de l'adulte - "" Région pelvienne et cuisse """
M93.16,M9316,ATIH s'arrête à un niveau supérieur,préfixe ATIH M931 (type MCO 0),M931,"Maladie de Kienböck de l'adulte - "" Jambe """
M93.17,M9317,ATIH s'arrête à un niveau supérieur,préfixe ATIH M931 (type MCO 0),M931,"Maladie de Kienböck de l'adulte - "" Cheville et pied """
M93.18,M9318,ATIH s'arrête à un niveau supérieur,préfixe ATIH M931 (type MCO 0),M931,"Maladie de Kienböck de l'adulte - "" Autres """
M93.19,M9319,ATIH s'arrête à un niveau supérieur,préfixe ATIH M931 (type MCO 0),M931,"Maladie de Kienböck de l'adulte - "" Siège non précisé """
M93.20,M9320,ATIH s'arrête à un niveau supérieur,préfixe ATIH M932 (type MCO 0),M932,"Ostéochondrite disséquante - "" Sièges multiples """
M93.21,M9321,ATIH s'arrête à un niveau supérieur,préfixe ATIH M932 (type MCO 0),M932,"Ostéochondrite disséquante - "" Région scapulaire """
M93.22,M9322,ATIH s'arrête à un niveau supérieur,préfixe ATIH M932 (type MCO 0),M932,"Ostéochondrite disséquante - "" Bras """
M93.23,M9323,ATIH s'arrête à un niveau supérieur,préfixe ATIH M932 (type MCO 0),M932,"Ostéochondrite disséquante - "" Avant-bras """
M93.24,M9324,ATIH s'arrête à un niveau supérieur,préfixe ATIH M932 (type MCO 0),M932,"Ostéochondrite disséquante - "" Main """
M93.25,M9325,ATIH s'arrête à un niveau supérieur,préfixe ATIH M932 (type MCO 0),M932,"Ostéochondrite disséquante - "" Région pelvienne et cuisse """
M93.26,M9326,ATIH s'arrête à un niveau supérieur,préfixe ATIH M932 (type MCO 0),M932,"Ostéochondrite disséquante - "" Jambe """
M93.27,M9327,ATIH s'arrête à un niveau supérieur,préfixe ATIH M932 (type MCO 0),M932,"Ostéochondrite disséquante - "" Cheville et pied """
M93.28,M9328,ATIH s'arrête à un niveau supérieur,préfixe ATIH M932 (type MCO 0),M932,"Ostéochondrite disséquante - "" Autres """
M93.29,M9329,ATIH s'arrête à un niveau supérieur,préfixe ATIH M932 (type MCO 0),M932,"Ostéochondrite disséquante - "" Siège non précisé """
M93.80,M9380,ATIH s'arrête à un niveau supérieur,préfixe ATIH M938 (type MCO 0),M938,"Autres ostéochondropathies précisées - "" Sièges multiples """
M93.81,M9381,ATIH s'arrête à un niveau supérieur,préfixe ATIH M938 (type MCO 0),M938,"Autres ostéochondropathies précisées - "" Région scapulaire """
M93.82,M9382,ATIH s'arrête à un niveau supérieur,préfixe ATIH M938 (type MCO 0),M938,"Autres ostéochondropathies précisées - "" Bras """
M93.83,M9383,ATIH s'arrête à un niveau supérieur,préfixe ATIH M938 (type MCO 0),M938,"Autres ostéochondropathies précisées - "" Avant-bras """
M93.84,M9384,ATIH s'arrête à un niveau supérieur,préfixe ATIH M938 (type MCO 0),M938,"Autres ostéochondropathies précisées - "" Main """
M93.85,M9385,ATIH s'arrête à un niveau supérieur,préfixe ATIH M938 (type MCO 0),M938,"Autres ostéochondropathies précisées - "" Région pelvienne et cuisse """
M93.86,M9386,ATIH s'arrête à un niveau supérieur,préfixe ATIH M938 (type MCO 0),M938,"Autres ostéochondropathies précisées - "" Jambe """
M93.87,M9387,ATIH s'arrête à un niveau supérieur,préfixe ATIH M938 (type MCO 0),M938,"Autres ostéochondropathies précisées - "" Cheville et pied """
M93.88,M9388,ATIH s'arrête à un niveau supérieur,préfixe ATIH M938 (type MCO 0),M938,"Autres ostéochondropathies précisées - "" Autres """
M93.89,M9389,ATIH s'arrête à un niveau supérieur,préfixe ATIH M938 (type MCO 0),M938,"Autres ostéochondropathies précisées - "" Siège non précisé """
M93.90,M9390,ATIH s'arrête à un niveau supérieur,préfixe ATIH M939 (type MCO 0),M939,"Ostéochondropathie, sans précision - "" Sièges multiples """
M93.91,M9391,ATIH s'arrête à un niveau supérieur,préfixe ATIH M939 (type MCO 0),M939,"Ostéochondropathie, sans précision - "" Région scapulaire """
M93.92,M9392,ATIH s'arrête à un niveau supérieur,préfixe ATIH M939 (type MCO 0),M939,"Ostéochondropathie, sans précision - "" Bras """
M93.93,M9393,ATIH s'arrête à un niveau supérieur,préfixe ATIH M939 (type MCO 0),M939,"Ostéochondropathie, sans précision - "" Avant-bras """
M93.94,M9394,ATIH s'arrête à un niveau supérieur,préfixe ATIH M939 (type MCO 0),M939,"Ostéochondropathie, sans précision - "" Main """
M93.95,M9395,ATIH s'arrête à un niveau supérieur,préfixe ATIH M939 (type MCO 0),M939,"Ostéochondropathie, sans précision - "" Région pelvienne et cuisse """
M93.96,M9396,ATIH s'arrête à un niveau supérieur,préfixe ATIH M939 (type MCO 0),M939,"Ostéochondropathie, sans précision - "" Jambe """
M93.97,M9397,ATIH s'arrête à un niveau supérieur,préfixe ATIH M939 (type MCO 0),M939,"Ostéochondropathie, sans précision - "" Cheville et pied """
M93.98,M9398,ATIH s'arrête à un niveau supérieur,préfixe ATIH M939 (type MCO 0),M939,"Ostéochondropathie, sans précision - "" Autres """
M93.99,M9399,ATIH s'arrête à un niveau supérieur,préfixe ATIH M939 (type MCO 0),M939,"Ostéochondropathie, sans précision - "" Siège non précisé """
M94.00,M9400,ATIH s'arrête à un niveau supérieur,préfixe ATIH M940 (type MCO 0),M940,"Syndrome des articulations chondrocostales [Tietze] - "" Sièges multiples """
M94.01,M9401,ATIH s'arrête à un niveau supérieur,préfixe ATIH M940 (type MCO 0),M940,"Syndrome des articulations chondrocostales [Tietze] - "" Région scapulaire """
M94.02,M9402,ATIH s'arrête à un niveau supérieur,préfixe ATIH M940 (type MCO 0),M940,"Syndrome des articulations chondrocostales [Tietze] - "" Bras """
M94.03,M9403,ATIH s'arrête à un niveau supérieur,préfixe ATIH M940 (type MCO 0),M940,"Syndrome des articulations chondrocostales [Tietze] - "" Avant-bras """
M94.04,M9404,ATIH s'arrête à un niveau supérieur,préfixe ATIH M940 (type MCO 0),M940,"Syndrome des articulations chondrocostales [Tietze] - "" Main """
M94.05,M9405,ATIH s'arrête à un niveau supérieur,préfixe ATIH M940 (type MCO 0),M940,"Syndrome des articulations chondrocostales [Tietze] - "" Région pelvienne et cuisse """
M94.06,M9406,ATIH s'arrête à un niveau supérieur,préfixe ATIH M940 (type MCO 0),M940,"Syndrome des articulations chondrocostales [Tietze] - "" Jambe """
M94.07,M9407,ATIH s'arrête à un niveau supérieur,préfixe ATIH M940 (type MCO 0),M940,"Syndrome des articulations chondrocostales [Tietze] - "" Cheville et pied """
M94.09,M9409,ATIH s'arrête à un niveau supérieur,préfixe ATIH M940 (type MCO 0),M940,"Syndrome des articulations chondrocostales [Tietze] - "" Siège non précisé """
M95.00,M9500,ATIH s'arrête à un niveau supérieur,préfixe ATIH M950 (type MCO 0),M950,"Déformation du nez - "" Sièges multiples """
M95.01,M9501,ATIH s'arrête à un niveau supérieur,préfixe ATIH M950 (type MCO 0),M950,"Déformation du nez - "" Région scapulaire """
M95.02,M9502,ATIH s'arrête à un niveau supérieur,préfixe ATIH M950 (type MCO 0),M950,"Déformation du nez - "" Bras """
M95.03,M9503,ATIH s'arrête à un niveau supérieur,préfixe ATIH M950 (type MCO 0),M950,"Déformation du nez - "" Avant-bras """
M95.04,M9504,ATIH s'arrête à un niveau supérieur,préfixe ATIH M950 (type MCO 0),M950,"Déformation du nez - "" Main """
M95.05,M9505,ATIH s'arrête à un niveau supérieur,préfixe ATIH M950 (type MCO 0),M950,"Déformation du nez - "" Région pelvienne et cuisse """
M95.06,M9506,ATIH s'arrête à un niveau supérieur,préfixe ATIH M950 (type MCO 0),M950,"Déformation du nez - "" Jambe """
M95.07,M9507,ATIH s'arrête à un niveau supérieur,préfixe ATIH M950 (type MCO 0),M950,"Déformation du nez - "" Cheville et pied """
M95.08,M9508,ATIH s'arrête à un niveau supérieur,préfixe ATIH M950 (type MCO 0),M950,"Déformation du nez - "" Autres """
M95.09,M9509,ATIH s'arrête à un niveau supérieur,préfixe ATIH M950 (type MCO 0),M950,"Déformation du nez - "" Siège non précisé """
M95.20,M9520,ATIH s'arrête à un niveau supérieur,préfixe ATIH M952 (type MCO 0),M952,"Autres déformations de la tête - "" Sièges multiples """
M95.21,M9521,ATIH s'arrête à un niveau supérieur,préfixe ATIH M952 (type MCO 0),M952,"Autres déformations de la tête - "" Région scapulaire """
M95.22,M9522,ATIH s'arrête à un niveau supérieur,préfixe ATIH M952 (type MCO 0),M952,"Autres déformations de la tête - "" Bras """
M95.23,M9523,ATIH s'arrête à un niveau supérieur,préfixe ATIH M952 (type MCO 0),M952,"Autres déformations de la tête - "" Avant-bras """
M95.24,M9524,ATIH s'arrête à un niveau supérieur,préfixe ATIH M952 (type MCO 0),M952,"Autres déformations de la tête - "" Main """
M95.25,M9525,ATIH s'arrête à un niveau supérieur,préfixe ATIH M952 (type MCO 0),M952,"Autres déformations de la tête - "" Région pelvienne et cuisse """
M95.26,M9526,ATIH s'arrête à un niveau supérieur,préfixe ATIH M952 (type MCO 0),M952,"Autres déformations de la tête - "" Jambe """
M95.27,M9527,ATIH s'arrête à un niveau supérieur,préfixe ATIH M952 (type MCO 0),M952,"Autres déformations de la tête - "" Cheville et pied """
M95.28,M9528,ATIH s'arrête à un niveau supérieur,préfixe ATIH M952 (type MCO 0),M952,"Autres déformations de la tête - "" Autres """
M95.29,M9529,ATIH s'arrête à un niveau supérieur,préfixe ATIH M952 (type MCO 0),M952,"Autres déformations de la tête - "" Siège non précisé """
M95.30,M9530,ATIH s'arrête à un niveau supérieur,préfixe ATIH M953 (type MCO 0),M953,"Déformation du cou - "" Sièges multiples """
M95.31,M9531,ATIH s'arrête à un niveau supérieur,préfixe ATIH M953 (type MCO 0),M953,"Déformation du cou - "" Région scapulaire """
M95.32,M9532,ATIH s'arrête à un niveau supérieur,préfixe ATIH M953 (type MCO 0),M953,"Déformation du cou - "" Bras """
M95.33,M9533,ATIH s'arrête à un niveau supérieur,préfixe ATIH M953 (type MCO 0),M953,"Déformation du cou - "" Avant-bras """
M95.34,M9534,ATIH s'arrête à un niveau supérieur,préfixe ATIH M953 (type MCO 0),M953,"Déformation du cou - "" Main """
M95.35,M9535,ATIH s'arrête à un niveau supérieur,préfixe ATIH M953 (type MCO 0),M953,"Déformation du cou - "" Région pelvienne et cuisse """
M95.36,M9536,ATIH s'arrête à un niveau supérieur,préfixe ATIH M953 (type MCO 0),M953,"Déformation du cou - "" Jambe """
M95.37,M9537,ATIH s'arrête à un niveau supérieur,préfixe ATIH M953 (type MCO 0),M953,"Déformation du cou - "" Cheville et pied """
M95.38,M9538,ATIH s'arrête à un niveau supérieur,préfixe ATIH M953 (type MCO 0),M953,"Déformation du cou - "" Autres """
M95.39,M9539,ATIH s'arrête à un niveau supérieur,préfixe ATIH M953 (type MCO 0),M953,"Déformation du cou - "" Siège non précisé """
M95.40,M9540,ATIH s'arrête à un niveau supérieur,préfixe ATIH M954 (type MCO 0),M954,"Déformation du thorax et des côtes - "" Sièges multiples """
M95.41,M9541,ATIH s'arrête à un niveau supérieur,préfixe ATIH M954 (type MCO 0),M954,"Déformation du thorax et des côtes - "" Région scapulaire """
M95.42,M9542,ATIH s'arrête à un niveau supérieur,préfixe ATIH M954 (type MCO 0),M954,"Déformation du thorax et des côtes - "" Bras """
M95.43,M9543,ATIH s'arrête à un niveau supérieur,préfixe ATIH M954 (type MCO 0),M954,"Déformation du thorax et des côtes - "" Avant-bras """
M95.44,M9544,ATIH s'arrête à un niveau supérieur,préfixe ATIH M954 (type MCO 0),M954,"Déformation du thorax et des côtes - "" Main """
M95.45,M9545,ATIH s'arrête à un niveau supérieur,préfixe ATIH M954 (type MCO 0),M954,"Déformation du thorax et des côtes - "" Région pelvienne et cuisse """
M95.46,M9546,ATIH s'arrête à un niveau supérieur,préfixe ATIH M954 (type MCO 0),M954,"Déformation du thorax et des côtes - "" Jambe """
M95.47,M9547,ATIH s'arrête à un niveau supérieur,préfixe ATIH M954 (type MCO 0),M954,"Déformation du thorax et des côtes - "" Cheville et pied """
M95.48,M9548,ATIH s'arrête à un niveau supérieur,préfixe ATIH M954 (type MCO 0),M954,"Déformation du thorax et des côtes - "" Autres """
M95.49,M9549,ATIH s'arrête à un niveau supérieur,préfixe ATIH M954 (type MCO 0),M954,"Déformation du thorax et des côtes - "" Siège non précisé """
M95.50,M9550,ATIH s'arrête à un niveau supérieur,préfixe ATIH M955 (type MCO 0),M955,"Déformation du bassin - "" Sièges multiples """
M95.51,M9551,ATIH s'arrête à un niveau supérieur,préfixe ATIH M955 (type MCO 0),M955,"Déformation du bassin - "" Région scapulaire """
M95.52,M9552,ATIH s'arrête à un niveau supérieur,préfixe ATIH M955 (type MCO 0),M955,"Déformation du bassin - "" Bras """
M95.53,M9553,ATIH s'arrête à un niveau supérieur,préfixe ATIH M955 (type MCO 0),M955,"Déformation du bassin - "" Avant-bras """
M95.54,M9554,ATIH s'arrête à un niveau supérieur,préfixe ATIH M955 (type MCO 0),M955,"Déformation du bassin - "" Main """
M95.55,M9555,ATIH s'arrête à un niveau supérieur,préfixe ATIH M955 (type MCO 0),M955,"Déformation du bassin - "" Région pelvienne et cuisse """
M95.56,M9556,ATIH s'arrête à un niveau supérieur,préfixe ATIH M955 (type MCO 0),M955,"Déformation du bassin - "" Jambe """
M95.57,M9557,ATIH s'arrête à un niveau supérieur,préfixe ATIH M955 (type MCO 0),M955,"Déformation du bassin - "" Cheville et pied """
M95.58,M9558,ATIH s'arrête à un niveau supérieur,préfixe ATIH M955 (type MCO 0),M955,"Déformation du bassin - "" Autres """
M95.59,M9559,ATIH s'arrête à un niveau supérieur,préfixe ATIH M955 (type MCO 0),M955,"Déformation du bassin - "" Siège non précisé """
M95.80,M9580,ATIH s'arrête à un niveau supérieur,préfixe ATIH M958 (type MCO 0),M958,"Autres déformations précisées du système ostéoarticulaire, des muscles et du tissu conjonctif - "" Sièges multiples """
M95.81,M9581,ATIH s'arrête à un niveau supérieur,préfixe ATIH M958 (type MCO 0),M958,"Autres déformations précisées du système ostéoarticulaire, des muscles et du tissu conjonctif - "" Région scapulaire """
M95.82,M9582,ATIH s'arrête à un niveau supérieur,préfixe ATIH M958 (type MCO 0),M958,"Autres déformations précisées du système ostéoarticulaire, des muscles et du tissu conjonctif - "" Bras """
M95.83,M9583,ATIH s'arrête à un niveau supérieur,préfixe ATIH M958 (type MCO 0),M958,"Autres déformations précisées du système ostéoarticulaire, des muscles et du tissu conjonctif - "" Avant-bras """
M95.84,M9584,ATIH s'arrête à un niveau supérieur,préfixe ATIH M958 (type MCO 0),M958,"Autres déformations précisées du système ostéoarticulaire, des muscles et du tissu conjonctif - "" Main """
M95.85,M9585,ATIH s'arrête à un niveau supérieur,préfixe ATIH M958 (type MCO 0),M958,"Autres déformations précisées du système ostéoarticulaire, des muscles et du tissu conjonctif - "" Région pelvienne et cuisse """
M95.86,M9586,ATIH s'arrête à un niveau supérieur,préfixe ATIH M958 (type MCO 0),M958,"Autres déformations précisées du système ostéoarticulaire, des muscles et du tissu conjonctif - "" Jambe """
M95.87,M9587,ATIH s'arrête à un niveau supérieur,préfixe ATIH M958 (type MCO 0),M958,"Autres déformations précisées du système ostéoarticulaire, des muscles et du tissu conjonctif - "" Cheville et pied """
M95.88,M9588,ATIH s'arrête à un niveau supérieur,préfixe ATIH M958 (type MCO 0),M958,"Autres déformations précisées du système ostéoarticulaire, des muscles et du tissu conjonctif - "" Autres """
M95.89,M9589,ATIH s'arrête à un niveau supérieur,préfixe ATIH M958 (type MCO 0),M958,"Autres déformations précisées du système ostéoarticulaire, des muscles et du tissu conjonctif - "" Siège non précisé """
M95.90,M9590,ATIH s'arrête à un niveau supérieur,préfixe ATIH M959 (type MCO 0),M959,"Déformation du système ostéoarticulaire, des muscles et du tissu conjonctif, sans précision - "" Sièges multiples """
M95.91,M9591,ATIH s'arrête à un niveau supérieur,préfixe ATIH M959 (type MCO 0),M959,"Déformation du système ostéoarticulaire, des muscles et du tissu conjonctif, sans précision - "" Région scapulaire """
M95.92,M9592,ATIH s'arrête à un niveau supérieur,préfixe ATIH M959 (type MCO 0),M959,"Déformation du système ostéoarticulaire, des muscles et du tissu conjonctif, sans précision - "" Bras """
M95.93,M9593,ATIH s'arrête à un niveau supérieur,préfixe ATIH M959 (type MCO 0),M959,"Déformation du système ostéoarticulaire, des muscles et du tissu conjonctif, sans précision - "" Avant-bras """
M95.94,M9594,ATIH s'arrête à un niveau supérieur,préfixe ATIH M959 (type MCO 0),M959,"Déformation du système ostéoarticulaire, des muscles et du tissu conjonctif, sans précision - "" Main """
M95.95,M9595,ATIH s'arrête à un niveau supérieur,préfixe ATIH M959 (type MCO 0),M959,"Déformation du système ostéoarticulaire, des muscles et du tissu conjonctif, sans précision - "" Région pelvienne et cuisse """
M95.96,M9596,ATIH s'arrête à un niveau supérieur,préfixe ATIH M959 (type MCO 0),M959,"Déformation du système ostéoarticulaire, des muscles et du tissu conjonctif, sans précision - "" Jambe """
M95.97,M9597,ATIH s'arrête à un niveau supérieur,préfixe ATIH M959 (type MCO 0),M959,"Déformation du système ostéoarticulaire, des muscles et du tissu conjonctif, sans précision - "" Cheville et pied """
M95.98,M9598,ATIH s'arrête à un niveau supérieur,préfixe ATIH M959 (type MCO 0),M959,"Déformation du système ostéoarticulaire, des muscles et du tissu conjonctif, sans précision - "" Autres """
M95.99,M9599,ATIH s'arrête à un niveau supérieur,préfixe ATIH M959 (type MCO 0),M959,"Déformation du système ostéoarticulaire, des muscles et du tissu conjonctif, sans précision - "" Siège non précisé """
M96.00,M9600,ATIH s'arrête à un niveau supérieur,préfixe ATIH M960 (type MCO 0),M960,"Pseudarthrose après arthrodèse - "" Sièges multiples """
M96.01,M9601,ATIH s'arrête à un niveau supérieur,préfixe ATIH M960 (type MCO 0),M960,"Pseudarthrose après arthrodèse - "" Région scapulaire """
M96.02,M9602,ATIH s'arrête à un niveau supérieur,préfixe ATIH M960 (type MCO 0),M960,"Pseudarthrose après arthrodèse - "" Bras """
M96.03,M9603,ATIH s'arrête à un niveau supérieur,préfixe ATIH M960 (type MCO 0),M960,"Pseudarthrose après arthrodèse - "" Avant-bras """
M96.04,M9604,ATIH s'arrête à un niveau supérieur,préfixe ATIH M960 (type MCO 0),M960,"Pseudarthrose après arthrodèse - "" Main """
M96.05,M9605,ATIH s'arrête à un niveau supérieur,préfixe ATIH M960 (type MCO 0),M960,"Pseudarthrose après arthrodèse - "" Région pelvienne et cuisse """
M96.06,M9606,ATIH s'arrête à un niveau supérieur,préfixe ATIH M960 (type MCO 0),M960,"Pseudarthrose après arthrodèse - "" Jambe """
M96.07,M9607,ATIH s'arrête à un niveau supérieur,préfixe ATIH M960 (type MCO 0),M960,"Pseudarthrose après arthrodèse - "" Cheville et pied """
M96.08,M9608,ATIH s'arrête à un niveau supérieur,préfixe ATIH M960 (type MCO 0),M960,"Pseudarthrose après arthrodèse - "" Autres """
M96.09,M9609,ATIH s'arrête à un niveau supérieur,préfixe ATIH M960 (type MCO 0),M960,"Pseudarthrose après arthrodèse - "" Siège non précisé """
M96.10,M9610,ATIH s'arrête à un niveau supérieur,préfixe ATIH M961 (type MCO 0),M961,"Syndrome postlaminectomie, non classé ailleurs - "" Sièges multiples """
M96.11,M9611,ATIH s'arrête à un niveau supérieur,préfixe ATIH M961 (type MCO 0),M961,"Syndrome postlaminectomie, non classé ailleurs - "" Région scapulaire """
M96.12,M9612,ATIH s'arrête à un niveau supérieur,préfixe ATIH M961 (type MCO 0),M961,"Syndrome postlaminectomie, non classé ailleurs - "" Bras """
M96.13,M9613,ATIH s'arrête à un niveau supérieur,préfixe ATIH M961 (type MCO 0),M961,"Syndrome postlaminectomie, non classé ailleurs - "" Avant-bras """
M96.14,M9614,ATIH s'arrête à un niveau supérieur,préfixe ATIH M961 (type MCO 0),M961,"Syndrome postlaminectomie, non classé ailleurs - "" Main """
M96.15,M9615,ATIH s'arrête à un niveau supérieur,préfixe ATIH M961 (type MCO 0),M961,"Syndrome postlaminectomie, non classé ailleurs - "" Région pelvienne et cuisse """
M96.16,M9616,ATIH s'arrête à un niveau supérieur,préfixe ATIH M961 (type MCO 0),M961,"Syndrome postlaminectomie, non classé ailleurs - "" Jambe """
M96.17,M9617,ATIH s'arrête à un niveau supérieur,préfixe ATIH M961 (type MCO 0),M961,"Syndrome postlaminectomie, non classé ailleurs - "" Cheville et pied """
M96.18,M9618,ATIH s'arrête à un niveau supérieur,préfixe ATIH M961 (type MCO 0),M961,"Syndrome postlaminectomie, non classé ailleurs - "" Autres """
M96.19,M9619,ATIH s'arrête à un niveau supérieur,préfixe ATIH M961 (type MCO 0),M961,"Syndrome postlaminectomie, non classé ailleurs - "" Siège non précisé """
M96.20,M9620,ATIH s'arrête à un niveau supérieur,préfixe ATIH M962 (type MCO 0),M962,"Cyphose après irradiation - "" Sièges multiples """
M96.21,M9621,ATIH s'arrête à un niveau supérieur,préfixe ATIH M962 (type MCO 0),M962,"Cyphose après irradiation - "" Région scapulaire """
M96.22,M9622,ATIH s'arrête à un niveau supérieur,préfixe ATIH M962 (type MCO 0),M962,"Cyphose après irradiation - "" Bras """
M96.23,M9623,ATIH s'arrête à un niveau supérieur,préfixe ATIH M962 (type MCO 0),M962,"Cyphose après irradiation - "" Avant-bras """
M96.24,M9624,ATIH s'arrête à un niveau supérieur,préfixe ATIH M962 (type MCO 0),M962,"Cyphose après irradiation - "" Main """
M96.25,M9625,ATIH s'arrête à un niveau supérieur,préfixe ATIH M962 (type MCO 0),M962,"Cyphose après irradiation - "" Région pelvienne et cuisse """
M96.26,M9626,ATIH s'arrête à un niveau supérieur,préfixe ATIH M962 (type MCO 0),M962,"Cyphose après irradiation - "" Jambe """
M96.27,M9627,ATIH s'arrête à un niveau supérieur,préfixe ATIH M962 (type MCO 0),M962,"Cyphose après irradiation - "" Cheville et pied """
M96.28,M9628,ATIH s'arrête à un niveau supérieur,préfixe ATIH M962 (type MCO 0),M962,"Cyphose après irradiation - "" Autres """
M96.29,M9629,ATIH s'arrête à un niveau supérieur,préfixe ATIH M962 (type MCO 0),M962,"Cyphose après irradiation - "" Siège non précisé """
M96.30,M9630,ATIH s'arrête à un niveau supérieur,préfixe ATIH M963 (type MCO 0),M963,"Cyphose après laminectomie - "" Sièges multiples """
M96.31,M9631,ATIH s'arrête à un niveau supérieur,préfixe ATIH M963 (type MCO 0),M963,"Cyphose après laminectomie - "" Région scapulaire """
M96.32,M9632,ATIH s'arrête à un niveau supérieur,préfixe ATIH M963 (type MCO 0),M963,"Cyphose après laminectomie - "" Bras """
M96.33,M9633,ATIH s'arrête à un niveau supérieur,préfixe ATIH M963 (type MCO 0),M963,"Cyphose après laminectomie - "" Avant-bras """
M96.34,M9634,ATIH s'arrête à un niveau supérieur,préfixe ATIH M963 (type MCO 0),M963,"Cyphose après laminectomie - "" Main """
M96.35,M9635,ATIH s'arrête à un niveau supérieur,préfixe ATIH M963 (type MCO 0),M963,"Cyphose après laminectomie - "" Région pelvienne et cuisse """
M96.36,M9636,ATIH s'arrête à un niveau supérieur,préfixe ATIH M963 (type MCO 0),M963,"Cyphose après laminectomie - "" Jambe """
M96.37,M9637,ATIH s'arrête à un niveau supérieur,préfixe ATIH M963 (type MCO 0),M963,"Cyphose après laminectomie - "" Cheville et pied """
M96.38,M9638,ATIH s'arrête à un niveau supérieur,préfixe ATIH M963 (type MCO 0),M963,"Cyphose après laminectomie - "" Autres """
M96.39,M9639,ATIH s'arrête à un niveau supérieur,préfixe ATIH M963 (type MCO 0),M963,"Cyphose après laminectomie - "" Siège non précisé """
M96.40,M9640,ATIH s'arrête à un niveau supérieur,préfixe ATIH M964 (type MCO 0),M964,"Lordose après chirurgie - "" Sièges multiples """
M96.41,M9641,ATIH s'arrête à un niveau supérieur,préfixe ATIH M964 (type MCO 0),M964,"Lordose après chirurgie - "" Région scapulaire """
M96.42,M9642,ATIH s'arrête à un niveau supérieur,préfixe ATIH M964 (type MCO 0),M964,"Lordose après chirurgie - "" Bras """
M96.43,M9643,ATIH s'arrête à un niveau supérieur,préfixe ATIH M964 (type MCO 0),M964,"Lordose après chirurgie - "" Avant-bras """
M96.44,M9644,ATIH s'arrête à un niveau supérieur,préfixe ATIH M964 (type MCO 0),M964,"Lordose après chirurgie - "" Main """
M96.45,M9645,ATIH s'arrête à un niveau supérieur,préfixe ATIH M964 (type MCO 0),M964,"Lordose après chirurgie - "" Région pelvienne et cuisse """
M96.46,M9646,ATIH s'arrête à un niveau supérieur,préfixe ATIH M964 (type MCO 0),M964,"Lordose après chirurgie - "" Jambe """
M96.47,M9647,ATIH s'arrête à un niveau supérieur,préfixe ATIH M964 (type MCO 0),M964,"Lordose après chirurgie - "" Cheville et pied """
M96.48,M9648,ATIH s'arrête à un niveau supérieur,préfixe ATIH M964 (type MCO 0),M964,"Lordose après chirurgie - "" Autres """
M96.49,M9649,ATIH s'arrête à un niveau supérieur,préfixe ATIH M964 (type MCO 0),M964,"Lordose après chirurgie - "" Siège non précisé """
M96.50,M9650,ATIH s'arrête à un niveau supérieur,préfixe ATIH M965 (type MCO 0),M965,"Scoliose après irradiation - "" Sièges multiples """
M96.51,M9651,ATIH s'arrête à un niveau supérieur,préfixe ATIH M965 (type MCO 0),M965,"Scoliose après irradiation - "" Région scapulaire """
M96.52,M9652,ATIH s'arrête à un niveau supérieur,préfixe ATIH M965 (type MCO 0),M965,"Scoliose après irradiation - "" Bras """
M96.53,M9653,ATIH s'arrête à un niveau supérieur,préfixe ATIH M965 (type MCO 0),M965,"Scoliose après irradiation - "" Avant-bras """
M96.54,M9654,ATIH s'arrête à un niveau supérieur,préfixe ATIH M965 (type MCO 0),M965,"Scoliose après irradiation - "" Main """
M96.55,M9655,ATIH s'arrête à un niveau supérieur,préfixe ATIH M965 (type MCO 0),M965,"Scoliose après irradiation - "" Région pelvienne et cuisse """
M96.56,M9656,ATIH s'arrête à un niveau supérieur,préfixe ATIH M965 (type MCO 0),M965,"Scoliose après irradiation - "" Jambe """
M96.57,M9657,ATIH s'arrête à un niveau supérieur,préfixe ATIH M965 (type MCO 0),M965,"Scoliose après irradiation - "" Cheville et pied """
M96.58,M9658,ATIH s'arrête à un niveau supérieur,préfixe ATIH M965 (type MCO 0),M965,"Scoliose après irradiation - "" Autres """
M96.59,M9659,ATIH s'arrête à un niveau supérieur,préfixe ATIH M965 (type MCO 0),M965,"Scoliose après irradiation - "" Siège non précisé """
M96.60,M9660,ATIH s'arrête à un niveau supérieur,préfixe ATIH M966 (type MCO 0),M966,"Fracture osseuse après mise en place d'un implant, d'une prothèse articulaire ou d'une plaque d'ostéosynthèse - "" Sièges multiples """
M96.61,M9661,ATIH s'arrête à un niveau supérieur,préfixe ATIH M966 (type MCO 0),M966,"Fracture osseuse après mise en place d'un implant, d'une prothèse articulaire ou d'une plaque d'ostéosynthèse - "" Région scapulaire """
M96.62,M9662,ATIH s'arrête à un niveau supérieur,préfixe ATIH M966 (type MCO 0),M966,"Fracture osseuse après mise en place d'un implant, d'une prothèse articulaire ou d'une plaque d'ostéosynthèse - "" Bras """
M96.63,M9663,ATIH s'arrête à un niveau supérieur,préfixe ATIH M966 (type MCO 0),M966,"Fracture osseuse après mise en place d'un implant, d'une prothèse articulaire ou d'une plaque d'ostéosynthèse - "" Avant-bras """
M96.64,M9664,ATIH s'arrête à un niveau supérieur,préfixe ATIH M966 (type MCO 0),M966,"Fracture osseuse après mise en place d'un implant, d'une prothèse articulaire ou d'une plaque d'ostéosynthèse - "" Main """
M96.65,M9665,ATIH s'arrête à un niveau supérieur,préfixe ATIH M966 (type MCO 0),M966,"Fracture osseuse après mise en place d'un implant, d'une prothèse articulaire ou d'une plaque d'ostéosynthèse - "" Région pelvienne et cuisse """
M96.66,M9666,ATIH s'arrête à un niveau supérieur,préfixe ATIH M966 (type MCO 0),M966,"Fracture osseuse après mise en place d'un implant, d'une prothèse articulaire ou d'une plaque d'ostéosynthèse - "" Jambe """
M96.67,M9667,ATIH s'arrête à un niveau supérieur,préfixe ATIH M966 (type MCO 0),M966,"Fracture osseuse après mise en place d'un implant, d'une prothèse articulaire ou d'une plaque d'ostéosynthèse - "" Cheville et pied """
M96.68,M9668,ATIH s'arrête à un niveau supérieur,préfixe ATIH M966 (type MCO 0),M966,"Fracture osseuse après mise en place d'un implant, d'une prothèse articulaire ou d'une plaque d'ostéosynthèse - "" Autres """
M96.69,M9669,ATIH s'arrête à un niveau supérieur,préfixe ATIH M966 (type MCO 0),M966,"Fracture osseuse après mise en place d'un implant, d'une prothèse articulaire ou d'une plaque d'ostéosynthèse - "" Siège non précisé """
M96.80,M9680,ATIH s'arrête à un niveau supérieur,préfixe ATIH M968 (type MCO 0),M968,"Autres affections du système ostéoarticulaire et des muscles après un acte à visée diagnostique et thérapeutique - "" Sièges multiples """
M96.81,M9681,ATIH s'arrête à un niveau supérieur,préfixe ATIH M968 (type MCO 0),M968,"Autres affections du système ostéoarticulaire et des muscles après un acte à visée diagnostique et thérapeutique - "" Région scapulaire """
M96.82,M9682,ATIH s'arrête à un niveau supérieur,préfixe ATIH M968 (type MCO 0),M968,"Autres affections du système ostéoarticulaire et des muscles après un acte à visée diagnostique et thérapeutique - "" Bras """
M96.83,M9683,ATIH s'arrête à un niveau supérieur,préfixe ATIH M968 (type MCO 0),M968,"Autres affections du système ostéoarticulaire et des muscles après un acte à visée diagnostique et thérapeutique - "" Avant-bras """
M96.84,M9684,ATIH s'arrête à un niveau supérieur,préfixe ATIH M968 (type MCO 0),M968,"Autres affections du système ostéoarticulaire et des muscles après un acte à visée diagnostique et thérapeutique - "" Main """
M96.85,M9685,ATIH s'arrête à un niveau supérieur,préfixe ATIH M968 (type MCO 0),M968,"Autres affections du système ostéoarticulaire et des muscles après un acte à visée diagnostique et thérapeutique - "" Région pelvienne et cuisse """
M96.86,M9686,ATIH s'arrête à un niveau supérieur,préfixe ATIH M968 (type MCO 0),M968,"Autres affections du système ostéoarticulaire et des muscles après un acte à visée diagnostique et thérapeutique - "" Jambe """
M96.87,M9687,ATIH s'arrête à un niveau supérieur,préfixe ATIH M968 (type MCO 0),M968,"Autres affections du système ostéoarticulaire et des muscles après un acte à visée diagnostique et thérapeutique - "" Cheville et pied """
M96.88,M9688,ATIH s'arrête à un niveau supérieur,préfixe ATIH M968 (type MCO 0),M968,"Autres affections du système ostéoarticulaire et des muscles après un acte à visée diagnostique et thérapeutique - "" Autres """
M96.89,M9689,ATIH s'arrête à un niveau supérieur,préfixe ATIH M968 (type MCO 0),M968,"Autres affections du système ostéoarticulaire et des muscles après un acte à visée diagnostique et thérapeutique - "" Siège non précisé """
M96.90,M9690,ATIH s'arrête à un niveau supérieur,préfixe ATIH M969 (type MCO 1),M969,"Affection du système ostéoarticulaire et des muscles après un acte à visée diagnostique et thérapeutique, sans précision - "" Sièges multiples """
M96.91,M9691,ATIH s'arrête à un niveau supérieur,préfixe ATIH M969 (type MCO 1),M969,"Affection du système ostéoarticulaire et des muscles après un acte à visée diagnostique et thérapeutique, sans précision - "" Région scapulaire """
M96.92,M9692,ATIH s'arrête à un niveau supérieur,préfixe ATIH M969 (type MCO 1),M969,"Affection du système ostéoarticulaire et des muscles après un acte à visée diagnostique et thérapeutique, sans précision - "" Bras """
M96.93,M9693,ATIH s'arrête à un niveau supérieur,préfixe ATIH M969 (type MCO 1),M969,"Affection du système ostéoarticulaire et des muscles après un acte à visée diagnostique et thérapeutique, sans précision - "" Avant-bras """
M96.94,M9694,ATIH s'arrête à un niveau supérieur,préfixe ATIH M969 (type MCO 1),M969,"Affection du système ostéoarticulaire et des muscles après un acte à visée diagnostique et thérapeutique, sans précision - "" Main """
M96.95,M9695,ATIH s'arrête à un niveau supérieur,préfixe ATIH M969 (type MCO 1),M969,"Affection du système ostéoarticulaire et des muscles après un acte à visée diagnostique et thérapeutique, sans précision - "" Région pelvienne et cuisse """
M96.96,M9696,ATIH s'arrête à un niveau supérieur,préfixe ATIH M969 (type MCO 1),M969,"Affection du système ostéoarticulaire et des muscles après un acte à visée diagnostique et thérapeutique, sans précision - "" Jambe """
M96.97,M9697,ATIH s'arrête à un niveau supérieur,préfixe ATIH M969 (type MCO 1),M969,"Affection du système ostéoarticulaire et des muscles après un acte à visée diagnostique et thérapeutique, sans précision - "" Cheville et pied """
M96.98,M9698,ATIH s'arrête à un niveau supérieur,préfixe ATIH M969 (type MCO 1),M969,"Affection du système ostéoarticulaire et des muscles après un acte à visée diagnostique et thérapeutique, sans précision - "" Autres """
M96.99,M9699,ATIH s'arrête à un niveau supérieur,préfixe ATIH M969 (type MCO 1),M969,"Affection du système ostéoarticulaire et des muscles après un acte à visée diagnostique et thérapeutique, sans précision - "" Siège non précisé """
M99.25,M9925,ATIH s'arrête à un niveau supérieur,préfixe ATIH M992 (type MCO 0),M992,"Rétrécissement du canal rachidien par subluxation - "" Région pelvienne """
M99.26,M9926,ATIH s'arrête à un niveau supérieur,préfixe ATIH M992 (type MCO 0),M992,"Rétrécissement du canal rachidien par subluxation - "" Membre inférieur """
M99.27,M9927,ATIH s'arrête à un niveau supérieur,préfixe ATIH M992 (type MCO 0),M992,"Rétrécissement du canal rachidien par subluxation - "" Membre supérieur """
M99.28,M9928,ATIH s'arrête à un niveau supérieur,préfixe ATIH M992 (type MCO 0),M992,"Rétrécissement du canal rachidien par subluxation - "" Cage thoracique """
M99.29,M9929,ATIH s'arrête à un niveau supérieur,préfixe ATIH M992 (type MCO 0),M992,"Rétrécissement du canal rachidien par subluxation - "" Abdomen et autre """
M99.35,M9935,ATIH s'arrête à un niveau supérieur,préfixe ATIH M993 (type MCO 0),M993,"Rétrécissement osseux du canal rachidien - "" Région pelvienne """
M99.36,M9936,ATIH s'arrête à un niveau supérieur,préfixe ATIH M993 (type MCO 0),M993,"Rétrécissement osseux du canal rachidien - "" Membre inférieur """
M99.37,M9937,ATIH s'arrête à un niveau supérieur,préfixe ATIH M993 (type MCO 0),M993,"Rétrécissement osseux du canal rachidien - "" Membre supérieur """
M99.38,M9938,ATIH s'arrête à un niveau supérieur,préfixe ATIH M993 (type MCO 0),M993,"Rétrécissement osseux du canal rachidien - "" Cage thoracique """
M99.39,M9939,ATIH s'arrête à un niveau supérieur,préfixe ATIH M993 (type MCO 0),M993,"Rétrécissement osseux du canal rachidien - "" Abdomen et autre """
M99.45,M9945,ATIH s'arrête à un niveau supérieur,préfixe ATIH M994 (type MCO 0),M994,"Rétrécissement du canal rachidien par tissu conjonctif - "" Région pelvienne """
M99.46,M9946,ATIH s'arrête à un niveau supérieur,préfixe ATIH M994 (type MCO 0),M994,"Rétrécissement du canal rachidien par tissu conjonctif - "" Membre inférieur """
M99.47,M9947,ATIH s'arrête à un niveau supérieur,préfixe ATIH M994 (type MCO 0),M994,"Rétrécissement du canal rachidien par tissu conjonctif - "" Membre supérieur """
M99.48,M9948,ATIH s'arrête à un niveau supérieur,préfixe ATIH M994 (type MCO 0),M994,"Rétrécissement du canal rachidien par tissu conjonctif - "" Cage thoracique """
M99.55,M9955,ATIH s'arrête à un niveau supérieur,préfixe ATIH M995 (type MCO 0),M995,"Rétrécissement du canal rachidien par lésion discale - "" Région pelvienne """
M99.56,M9956,ATIH s'arrête à un niveau supérieur,préfixe ATIH M995 (type MCO 0),M995,"Rétrécissement du canal rachidien par lésion discale - "" Membre inférieur """
M99.57,M9957,ATIH s'arrête à un niveau supérieur,préfixe ATIH M995 (type MCO 0),M995,"Rétrécissement du canal rachidien par lésion discale - "" Membre supérieur """
M99.58,M9958,ATIH s'arrête à un niveau supérieur,préfixe ATIH M995 (type MCO 0),M995,"Rétrécissement du canal rachidien par lésion discale - "" Cage thoracique """
M99.59,M9959,ATIH s'arrête à un niveau supérieur,préfixe ATIH M995 (type MCO 0),M995,"Rétrécissement du canal rachidien par lésion discale - "" Abdomen et autre """
M99.65,M9965,ATIH s'arrête à un niveau supérieur,préfixe ATIH M996 (type MCO 0),M996,"Rétrécissement des espaces intervertébraux par ossification et subluxation - "" Région pelvienne """
M99.66,M9966,ATIH s'arrête à un niveau supérieur,préfixe ATIH M996 (type MCO 0),M996,"Rétrécissement des espaces intervertébraux par ossification et subluxation - "" Membre inférieur """
M99.67,M9967,ATIH s'arrête à un niveau supérieur,préfixe ATIH M996 (type MCO 0),M996,"Rétrécissement des espaces intervertébraux par ossification et subluxation - "" Membre supérieur """
M99.68,M9968,ATIH s'arrête à un niveau supérieur,préfixe ATIH M996 (type MCO 0),M996,"Rétrécissement des espaces intervertébraux par ossification et subluxation - "" Cage thoracique """
M99.75,M9975,ATIH s'arrête à un niveau supérieur,préfixe ATIH M997 (type MCO 0),M997,"Rétrécissement des espaces intervertébraux par tissu conjonctif et discal - "" Région pelvienne """
M99.76,M9976,ATIH s'arrête à un niveau supérieur,préfixe ATIH M997 (type MCO 0),M997,"Rétrécissement des espaces intervertébraux par tissu conjonctif et discal - "" Membre inférieur """
M99.77,M9977,ATIH s'arrête à un niveau supérieur,préfixe ATIH M997 (type MCO 0),M997,"Rétrécissement des espaces intervertébraux par tissu conjonctif et discal - "" Membre supérieur """
M99.78,M9978,ATIH s'arrête à un niveau supérieur,préfixe ATIH M997 (type MCO 0),M997,"Rétrécissement des espaces intervertébraux par tissu conjonctif et discal - "" Cage thoracique """
M99.79,M9979,ATIH s'arrête à un niveau supérieur,préfixe ATIH M997 (type MCO 0),M997,"Rétrécissement des espaces intervertébraux par tissu conjonctif et discal - "" Abdomen et autre """
N06.9,N069,réellement absent,catégorie seule à l'ATIH,N06,"Protéinurie isolée avec lésions morphologiques précisées - "" Sans précision """
Z37.90,Z3790,ATIH s'arrête à un niveau supérieur,préfixe ATIH Z379 (type MCO 3),Z379,"Résultat de l'accouchement, sans précision - "" naissance en dehors d’une interruption de grossesse pour motif médical """
Z37.91,Z3791,ATIH s'arrête à un niveau supérieur,préfixe ATIH Z379 (type MCO 3),Z379,"Résultat de l'accouchement, sans précision - "" naissance à la suite d’une interruption de grossesse pour motif médical """
