code,chapter,fichier,libelle,n_enfants,has_perimetre,has_exclusions,has_formulations,type_mco,statut_mco,nb_chars,format_version
A00,I,I/A00.md,Choléra,3,true,true,true,3,pere_interdit,1502,1
A01,I,I/A01.md,Fièvres typhoïde et paratyphoïde,5,true,true,true,3,pere_interdit,2477,1
A02,I,I/A02.md,Autres salmonelloses,5,true,true,true,3,pere_interdit,2857,1
A03,I,I/A03.md,Shigellose,6,true,true,true,3,pere_interdit,2260,1
A04,I,I/A04.md,Autres infections intestinales bactériennes,10,true,true,true,3,pere_interdit,3149,1
A05,I,I/A05.md,"Autres intoxications bactériennes d'origine alimentaire, non classées ailleurs",7,true,true,true,3,pere_interdit,3087,1
A06,I,I/A06.md,Amibiase,10,true,true,true,3,pere_interdit,3167,1
A07,I,I/A07.md,Autres maladies intestinales à protozoaires,6,true,true,true,3,pere_interdit,3325,1
A08,I,I/A08.md,Infections virales intestinales et autres infections intestinales précisées,6,true,true,true,3,pere_interdit,2693,1
A09,I,I/A09.md,Autres gastroentérites et colites d'origine infectieuse et non précisée,2,true,true,true,3,pere_interdit,3185,1
A15,I,I/A15.md,"Tuberculose de l'appareil respiratoire, avec confirmation bactériologique et histologique",10,true,true,true,3,pere_interdit,6901,1
A16,I,I/A16.md,"Tuberculose de l'appareil respiratoire, sans confirmation bactériologique ou histologique",9,true,true,true,3,pere_interdit,9290,1
A17,I,I/A17.md,Tuberculose du système nerveux,4,true,true,true,3,pere_interdit,3765,1
A18,I,I/A18.md,Tuberculose d'autres organes,9,true,true,true,3,pere_interdit,6956,1
A19,I,I/A19.md,Tuberculose miliaire,5,true,true,true,3,pere_interdit,2832,1
A20,I,I/A20.md,Peste,7,true,true,true,3,pere_interdit,1992,1
A21,I,I/A21.md,Tularémie,7,true,true,true,3,pere_interdit,2205,1
A22,I,I/A22.md,Charbon,6,true,true,true,3,pere_interdit,2226,1
A23,I,I/A23.md,Brucellose,6,true,true,true,3,pere_interdit,1880,1
A24,I,I/A24.md,Morve et mélioïdose,5,true,true,true,3,pere_interdit,1981,1
A25,I,I/A25.md,Fièvres causées par morsure de rat,3,true,true,true,3,pere_interdit,1906,1
A26,I,I/A26.md,Érysipéloïde,4,true,true,true,3,pere_interdit,1662,1
A27,I,I/A27.md,Leptospirose,3,true,true,true,3,pere_interdit,2095,1
A28,I,I/A28.md,"Autres anthropozoonoses  bactériennes, non classées ailleurs",5,true,true,true,3,pere_interdit,2563,1
A30,I,I/A30.md,Lèpre [maladie de Hansen],8,true,true,true,3,pere_interdit,3034,1
A31,I,I/A31.md,Infections dues à d'autres mycobactéries,4,true,true,true,3,pere_interdit,3442,1
A32,I,I/A32.md,Listériose,5,true,true,true,3,pere_interdit,3250,1
A33,I,I/A33.md,Tétanos du nouveau-né,0,true,true,true,0,codable,1224,1
A34,I,I/A34.md,Tétanos obstétrical,0,true,true,true,0,codable,1247,1
A35,I,I/A35.md,Autres formes de tétanos,0,true,true,true,0,codable,1368,1
A36,I,I/A36.md,Diphtérie,6,true,true,true,3,pere_interdit,2588,1
A37,I,I/A37.md,Coqueluche,4,true,true,true,3,pere_interdit,1558,1
A38,I,I/A38.md,Scarlatine,0,true,true,true,0,codable,1409,1
A39,I,I/A39.md,Infection à méningocoques,8,true,true,true,3,pere_interdit,3901,1
A40,I,I/A40.md,Sepsis à streptocoques,6,true,true,true,3,pere_interdit,3383,1
A41,I,I/A41.md,Autres sepsis,8,true,true,true,3,pere_interdit,4866,1
A42,I,I/A42.md,Actinomycose,6,true,true,true,3,pere_interdit,2557,1
A43,I,I/A43.md,Nocardiose,4,true,true,true,3,pere_interdit,2178,1
A44,I,I/A44.md,Bartonellose,4,true,true,true,3,pere_interdit,1608,1
A46,I,I/A46.md,Érysipèle,0,true,true,true,0,codable,1993,1
A48,I,I/A48.md,"Autres maladies bactériennes, non classées ailleurs",6,true,true,true,3,pere_interdit,3319,1
A49,I,I/A49.md,"Infection bactérienne, siège non précisé",6,true,true,true,3,pere_interdit,3216,1
A50,I,I/A50.md,Syphilis congénitale,9,true,true,true,3,pere_interdit,6597,1
A51,I,I/A51.md,Syphilis précoce,7,true,true,true,3,pere_interdit,3874,1
A52,I,I/A52.md,Syphilis tardive,7,true,true,true,3,pere_interdit,6805,1
A53,I,I/A53.md,"Syphilis, autres et sans précision",2,true,true,true,3,pere_interdit,2200,1
A54,I,I/A54.md,Infection gonococcique,9,true,true,true,3,pere_interdit,5075,1
A55,I,I/A55.md,Lymphogranulomatose vénérienne à Chlamydia,0,true,true,true,0,codable,2125,1
A56,I,I/A56.md,Autres infections à Chlamydia transmises par voie sexuelle,6,true,true,true,3,pere_interdit,3259,1
A57,I,I/A57.md,Chancre mou,0,true,true,true,0,codable,1768,1
A58,I,I/A58.md,Granulome inguinal,0,true,true,true,0,codable,1746,1
A59,I,I/A59.md,Trichomonase,3,true,true,true,3,pere_interdit,2584,1
A60,I,I/A60.md,Infection anogénitale par le virus de l'herpès [Herpes simplex],3,true,true,true,3,pere_interdit,2663,1
A63,I,I/A63.md,"Autres maladies dont le mode de transmission est essentiellement sexuel, non classées ailleurs",2,true,true,true,3,pere_interdit,1983,1
A64,I,I/A64.md,"Maladie sexuellement transmise, sans précision",0,true,true,true,1,interdit_dp_dr,1664,1
A65,I,I/A65.md,Syphilis non vénérienne,0,true,true,true,0,codable,1560,1
A66,I,I/A66.md,Pian,10,true,true,true,3,pere_interdit,4448,1
A67,I,I/A67.md,Pinta [caraté],5,true,true,true,3,pere_interdit,2812,1
A68,I,I/A68.md,Fièvres récurrentes [borrélioses],3,true,true,true,3,pere_interdit,2000,1
A69,I,I/A69.md,Autres infections à spirochètes,5,true,true,true,3,pere_interdit,3161,1
A70,I,I/A70.md,Infection à Chlamydia psittaci,0,true,true,true,0,codable,1360,1
A71,I,I/A71.md,Trachome,3,true,true,true,3,pere_interdit,1968,1
A74,I,I/A74.md,Autres infections à Chlamydia,3,true,true,true,3,pere_interdit,2254,1
A75,I,I/A75.md,Typhus,5,true,true,true,3,pere_interdit,2561,1
A77,I,I/A77.md,Fièvre pourprée [rickettsioses à tiques],6,true,true,true,3,pere_interdit,2858,1
A78,I,I/A78.md,Fièvre Q,0,true,true,true,0,codable,1705,1
A79,I,I/A79.md,Autres rickettsioses,4,true,true,true,3,pere_interdit,2207,1
A80,I,I/A80.md,Poliomyélite aigüe,6,true,true,true,3,pere_interdit,1823,1
A81,I,I/A81.md,"Infections atypiques à virus, du système nerveux central",5,true,true,true,3,pere_interdit,3342,1
A82,I,I/A82.md,Rage,3,true,true,true,3,pere_interdit,1535,1
A83,I,I/A83.md,Encéphalite virale transmise par des moustiques,9,true,true,true,3,pere_interdit,2749,1
A84,I,I/A84.md,Encéphalite virale transmise par des tiques,4,true,true,true,3,pere_interdit,2266,1
A85,I,I/A85.md,"Autres encéphalites virales, non classées ailleurs",4,true,true,true,3,pere_interdit,3052,1
A86,I,I/A86.md,"Encéphalite virale, sans précision",0,true,true,true,0,codable,2037,1
A87,I,I/A87.md,Méningite virale,5,true,true,true,3,pere_interdit,2961,1
A88,I,I/A88.md,"Autres infections virales du système nerveux central, non classées ailleurs",3,true,true,true,3,pere_interdit,1930,1
A89,I,I/A89.md,"Infection virale du système nerveux central, sans précision",0,true,true,false,0,codable,1293,1
A92,I,I/A92.md,Autres fièvres virales transmises par des moustiques,8,true,true,true,3,pere_interdit,2433,1
A93,I,I/A93.md,"Autres fièvres virales transmises par des arthropodes, non classées ailleurs",4,true,true,true,3,pere_interdit,1919,1
A94,I,I/A94.md,"Fièvre virale transmise par des arthropodes, sans précision",0,true,true,true,0,codable,1610,1
A95,I,I/A95.md,Fièvre jaune,3,true,true,true,3,pere_interdit,1546,1
A96,I,I/A96.md,Fièvre hémorragique à arénavirus,5,true,true,true,3,pere_interdit,1650,1
A97,I,I/A97.md,Dengue,4,true,true,false,3,pere_interdit,1500,1
A98,I,I/A98.md,"Autres fièvres hémorragiques virales, non classées ailleurs",7,true,true,true,3,pere_interdit,2590,1
A99,I,I/A99.md,"Fièvre hémorragique virale, sans précision",0,true,true,true,0,codable,1454,1
B00,I,I/B00.md,Infections par le virus de l'herpès [Herpes simplex],9,true,true,true,3,pere_interdit,5484,1
B01,I,I/B01.md,Varicelle,5,true,true,true,3,pere_interdit,2533,1
B02,I,I/B02.md,Zona [herpes zoster],7,true,true,true,3,pere_interdit,3447,1
B03,I,I/B03.md,Variole,0,true,true,true,0,codable,1222,1
B04,I,I/B04.md,Monkeypox,0,true,true,true,0,codable,1189,1
B05,I,I/B05.md,Rougeole,7,true,true,true,3,pere_interdit,2860,1
B06,I,I/B06.md,Rubéole,3,true,true,true,3,pere_interdit,2133,1
B07,I,I/B07.md,Verrues d'origine virale,0,true,true,true,0,codable,1790,1
B08,I,I/B08.md,"Autres infections virales caractérisées par des lésions cutanéomuqueuses, non classées ailleurs",7,true,true,true,3,pere_interdit,3736,1
B09,I,I/B09.md,"Infection virale caractérisée par des lésions cutanéomuqueuses, sans précision",0,true,true,true,0,codable,1584,1
B15,I,I/B15.md,Hépatite aigüe A,2,true,true,true,3,pere_interdit,1784,1
B16,I,I/B16.md,Hépatite aigüe B,4,true,true,true,3,pere_interdit,2462,1
B17,I,I/B17.md,Autres hépatites virales aigües,5,true,true,true,3,pere_interdit,2592,1
B18,I,I/B18.md,Hépatite virale chronique,5,true,true,true,3,pere_interdit,2563,1
B19,I,I/B19.md,"Hépatite virale, sans précision",2,true,true,true,3,pere_interdit,1999,1
B20,I,I/B20.md,"Immunodéficience humaine virale [VIH], à l'origine de maladies infectieuses et parasitaires",10,true,true,true,3,pere_interdit,3137,1
B21,I,I/B21.md,"Immunodéficience humaine virale [VIH], à l'origine de tumeurs malignes",7,true,true,true,3,pere_interdit,2414,1
B22,I,I/B22.md,"Immunodéficience humaine virale [VIH], à l'origine d'autres affections précisées",4,true,true,true,3,pere_interdit,2610,1
B23,I,I/B23.md,"Immunodéficience humaine virale [VIH], à l'origine d'autres maladies",4,true,true,true,3,pere_interdit,2071,1
B24,I,I/B24.md,"Immunodéficience humaine virale [VIH], sans précision",0,true,true,false,3,pere_interdit,1517,1
B25,I,I/B25.md,Maladie à cytomégalovirus,5,true,true,true,3,pere_interdit,2864,1
B26,I,I/B26.md,Oreillons,6,true,true,true,3,pere_interdit,2554,1
B27,I,I/B27.md,Mononucléose infectieuse,4,true,true,true,3,pere_interdit,1852,1
B30,I,I/B30.md,Conjonctivite virale,6,true,true,true,3,pere_interdit,2765,1
B33,I,I/B33.md,"Autres maladies à virus, non classées ailleurs",6,true,true,true,3,pere_interdit,2976,1
B34,I,I/B34.md,"Infection virale, siège non précisé",7,true,true,true,3,pere_interdit,3212,1
B35,I,I/B35.md,Dermatophytose,9,true,true,true,3,pere_interdit,4299,1
B36,I,I/B36.md,Autres mycoses superficielles,6,true,true,true,3,pere_interdit,2749,1
B37,I,I/B37.md,Candidose,10,true,true,true,3,pere_interdit,4046,1
B38,I,I/B38.md,Coccidioïdomycose,8,true,true,true,3,pere_interdit,2017,1
B39,I,I/B39.md,Histoplasmose,7,true,true,true,3,pere_interdit,2438,1
B40,I,I/B40.md,Blastomycose,7,true,true,true,3,pere_interdit,2190,1
B41,I,I/B41.md,Paracoccidioïdomycose,4,true,true,true,3,pere_interdit,1786,1
B42,I,I/B42.md,Sporotrichose,5,true,true,true,3,pere_interdit,1898,1
B43,I,I/B43.md,Chromomycose [chromoblastomycose] et abcès phæohyphomycosique,5,true,true,true,3,pere_interdit,2106,1
B44,I,I/B44.md,Aspergillose,6,true,true,true,3,pere_interdit,2707,1
B45,I,I/B45.md,Cryptococcose,7,true,true,true,3,pere_interdit,3198,1
B46,I,I/B46.md,Zygomycose,8,true,true,true,3,pere_interdit,2887,1
B47,I,I/B47.md,Mycétome,3,true,true,true,3,pere_interdit,2159,1
B48,I,I/B48.md,"Autres mycoses, non classées ailleurs",8,true,true,true,3,pere_interdit,3787,1
B49,I,I/B49.md,"Mycose, sans précision",0,true,true,true,1,interdit_dp_dr,2164,1
B50,I,I/B50.md,Paludisme à Plasmodium falciparum,3,true,true,true,3,pere_interdit,2479,1
B51,I,I/B51.md,Paludisme à Plasmodium vivax,3,true,true,true,3,pere_interdit,1966,1
B52,I,I/B52.md,Paludisme à Plasmodium malariae,3,true,true,true,3,pere_interdit,2077,1
B53,I,I/B53.md,Autres paludismes confirmés par examen parasitologique,3,true,true,true,3,pere_interdit,1992,1
B54,I,I/B54.md,"Paludisme, sans précision",0,true,true,true,0,codable,1685,1
B55,I,I/B55.md,Leishmaniose,4,true,true,true,3,pere_interdit,2323,1
B56,I,I/B56.md,Trypanosomiase africaine,3,true,true,true,3,pere_interdit,2248,1
B57,I,I/B57.md,Maladie de Chagas,6,true,true,true,3,pere_interdit,3038,1
B58,I,I/B58.md,Toxoplasmose,6,true,true,true,3,pere_interdit,3225,1
B60,I,I/B60.md,"Autres maladies dues à des protozoaires, non classées ailleurs",4,true,true,true,3,pere_interdit,2621,1
B64,I,I/B64.md,"Maladie due à des protozoaires, sans précision",0,true,true,true,1,interdit_dp_dr,1372,1
B65,I,I/B65.md,Schistosomiase [bilharziose],6,true,true,true,3,pere_interdit,2931,1
B66,I,I/B66.md,Autres infections par douves [distomatoses],8,true,true,true,3,pere_interdit,3605,1
B67,I,I/B67.md,Échinococcose,10,true,true,true,3,pere_interdit,2758,1
B68,I,I/B68.md,Infection à Taenia [téniase],3,true,true,true,3,pere_interdit,1984,1
B69,I,I/B69.md,Cysticercose,4,true,true,true,3,pere_interdit,1666,1
B70,I,I/B70.md,Diphyllobothriase et sparganose,2,true,true,true,3,pere_interdit,2115,1
B71,I,I/B71.md,Autres infections à cestodes,4,true,true,true,3,pere_interdit,1975,1
B72,I,I/B72.md,Dracunculose,0,true,true,true,0,codable,1570,1
B73,I,I/B73.md,Onchocercose,0,true,true,true,0,codable,1710,1
B74,I,I/B74.md,Filariose,7,true,true,true,3,pere_interdit,2980,1
B75,I,I/B75.md,Trichinose,0,true,true,true,0,codable,1382,1
B76,I,I/B76.md,Ankylostomiase,4,true,true,true,3,pere_interdit,2009,1
B77,I,I/B77.md,Ascaridiase,3,true,true,true,3,pere_interdit,1502,1
B78,I,I/B78.md,Anguillulose [strongyloïdose],4,true,true,true,3,pere_interdit,1939,1
B79,I,I/B79.md,Infection à Trichuris trichiuria,0,true,true,true,0,codable,1462,1
B80,I,I/B80.md,Oxyurose,0,true,true,true,0,codable,1701,1
B81,I,I/B81.md,"Autres helminthiases intestinales, non classées ailleurs",6,true,true,true,3,pere_interdit,3259,1
B82,I,I/B82.md,"Parasitose intestinale, sans précision",2,true,true,true,3,pere_interdit,1339,1
B83,I,I/B83.md,Autres helminthiases,7,true,true,true,3,pere_interdit,3048,1
B85,I,I/B85.md,Pédiculose et phtiriase,5,true,true,true,3,pere_interdit,2410,1
B86,I,I/B86.md,Gale,0,true,true,true,0,codable,1640,1
B87,I,I/B87.md,Myiase,7,true,true,true,3,pere_interdit,2149,1
B88,I,I/B88.md,Autres infestations,6,true,true,true,3,pere_interdit,2958,1
B89,I,I/B89.md,"Parasitose, sans précision",0,true,true,true,1,interdit_dp_dr,1468,1
B90,I,I/B90.md,Séquelles de tuberculose,5,true,true,true,3,pere_interdit,2322,1
B91,I,I/B91.md,Séquelles de poliomyélite,0,true,true,true,4,interdit_dp,1932,1
B92,I,I/B92.md,Séquelles de lèpre,0,true,true,true,4,interdit_dp,1284,1
B94,I,I/B94.md,"Séquelles de maladies infectieuses et parasitaires, autres et non précisées",5,true,true,true,3,pere_interdit,2360,1
B95,I,I/B95.md,"Streptocoques et staphylocoques, cause de maladies classées dans d'autres chapitres",9,true,true,true,3,pere_interdit,3600,1
B96,I,I/B96.md,"Autres agents bactériens précisés, cause de maladies classées dans d'autres chapitres",9,true,true,true,3,pere_interdit,2893,1
B97,I,I/B97.md,"Virus, cause de maladies classées dans d'autres chapitres",9,true,true,true,3,pere_interdit,2834,1
B98,I,I/B98.md,"Autres agents infectieux précisés, cause de maladies classées dans d'autres chapitres",2,true,true,true,3,pere_interdit,1486,1
B99,I,I/B99.md,"Maladies infectieuses, autres et non précisées",0,true,true,false,3,pere_interdit,1131,1
C00,II,II/C00.md,Tumeur maligne de la lèvre,9,true,true,true,3,pere_interdit,3427,1
C01,II,II/C01.md,Tumeur maligne de la base de la langue,0,true,false,true,0,codable,1557,1
C02,II,II/C02.md,"Tumeur maligne de la langue, parties autres et non précisées",7,true,true,true,3,pere_interdit,2460,1
C03,II,II/C03.md,Tumeur maligne de la gencive,3,true,true,true,3,pere_interdit,1745,1
C04,II,II/C04.md,Tumeur maligne du plancher de la bouche,4,true,false,true,3,pere_interdit,1783,1
C05,II,II/C05.md,Tumeur maligne du palais,5,true,true,true,3,pere_interdit,1718,1
C06,II,II/C06.md,"Tumeur maligne de la bouche, parties autres et non précisées",5,true,false,true,3,pere_interdit,2205,1
C07,II,II/C07.md,Tumeur maligne de la glande parotide,0,false,false,true,0,codable,1229,1
C08,II,II/C08.md,"Tumeur maligne des glandes salivaires principales, autres et non précisées",4,true,true,true,3,pere_interdit,2420,1
C09,II,II/C09.md,Tumeur maligne de l'amygdale,4,true,true,true,3,pere_interdit,1898,1
C10,II,II/C10.md,Tumeur maligne de l'oropharynx,7,true,true,true,3,pere_interdit,2297,1
C11,II,II/C11.md,Tumeur maligne du rhinopharynx,6,true,false,true,3,pere_interdit,2362,1
C12,II,II/C12.md,Tumeur maligne du sinus piriforme,0,true,false,true,0,codable,1294,1
C13,II,II/C13.md,Tumeur maligne de l'hypopharynx,5,true,true,true,3,pere_interdit,2072,1
C14,II,II/C14.md,"Tumeur maligne de la lèvre, de la cavité buccale et du pharynx, de sièges autres et mal définis",3,true,true,true,3,pere_interdit,1949,1
C15,II,II/C15.md,Tumeur maligne de l'oesophage,8,false,false,true,3,pere_interdit,1750,1
C16,II,II/C16.md,Tumeur maligne de l'estomac,9,true,false,true,3,pere_interdit,2554,1
C17,II,II/C17.md,Tumeur maligne de l'intestin grêle,6,false,true,true,3,pere_interdit,1535,1
C18,II,II/C18.md,Tumeur maligne du côlon,10,true,true,true,3,pere_interdit,2053,1
C19,II,II/C19.md,Tumeur maligne de la jonction rectosigmoïdienne,0,true,false,true,0,codable,1401,1
C20,II,II/C20.md,Tumeur maligne du rectum,0,true,false,true,0,codable,1271,1
C21,II,II/C21.md,Tumeur maligne de l'anus et du canal anal,4,true,true,true,3,pere_interdit,2149,1
C22,II,II/C22.md,Tumeur maligne du foie et des voies biliaires intrahépatiques,7,true,true,true,3,pere_interdit,2410,1
C23,II,II/C23.md,Tumeur maligne de la vésicule biliaire,0,false,false,true,0,codable,1258,1
C24,II,II/C24.md,"Tumeurs malignes des voies biliaires, autres et non précisées",4,true,true,true,3,pere_interdit,2138,1
C25,II,II/C25.md,Tumeur maligne du pancréas,8,true,false,true,3,pere_interdit,1918,1
C26,II,II/C26.md,"Tumeur maligne des organes digestifs, de sièges autres et mal définis",4,true,true,true,3,pere_interdit,2339,1
C30,II,II/C30.md,Tumeur maligne des fosses nasales et de l'oreille moyenne,2,true,true,true,3,pere_interdit,2468,1
C31,II,II/C31.md,Tumeur maligne des sinus de la face,6,true,true,true,3,pere_interdit,1937,1
C32,II,II/C32.md,Tumeur maligne du larynx,6,true,true,true,3,pere_interdit,2589,1
C33,II,II/C33.md,Tumeur maligne de la trachée,0,true,true,true,0,codable,1379,1
C34,II,II/C34.md,Tumeur maligne des bronches et du poumon,6,true,true,true,3,pere_interdit,2129,1
C37,II,II/C37.md,Tumeur maligne du thymus,0,true,true,true,0,codable,1422,1
C38,II,II/C38.md,"Tumeur maligne du coeur, du médiastin et de la plèvre",6,true,true,true,3,pere_interdit,1920,1
C39,II,II/C39.md,"Tumeur maligne de l'appareil respiratoire et des organes intrathoraciques, de sièges autres et mal définis",3,true,true,true,3,pere_interdit,2339,1
C40,II,II/C40.md,Tumeur maligne des os et du cartilage articulaire des membres,6,false,true,true,3,pere_interdit,1808,1
C41,II,II/C41.md,"Tumeur maligne des os et du cartilage articulaire, de sièges autres et non précisés",7,true,true,true,3,pere_interdit,2871,1
C43,II,II/C43.md,Mélanome malin de la peau,10,true,true,true,3,pere_interdit,2478,1
C44,II,II/C44.md,Autres tumeurs malignes de la peau,10,true,true,true,3,pere_interdit,3599,1
C45,II,II/C45.md,Mésothéliome,5,true,true,true,3,pere_interdit,2044,1
C46,II,II/C46.md,Sarcome de Kaposi,7,true,false,true,3,pere_interdit,1627,1
C47,II,II/C47.md,Tumeur maligne des nerfs périphériques et du système nerveux autonome,9,true,true,true,3,pere_interdit,2299,1
C48,II,II/C48.md,Tumeur maligne du rétropéritoine et du péritoine,4,true,true,true,3,pere_interdit,1906,1
C49,II,II/C49.md,Tumeur maligne du tissu conjonctif et des autres tissus mous,9,true,true,true,3,pere_interdit,3977,1
C50,II,II/C50.md,Tumeur maligne du sein,9,true,true,true,3,pere_interdit,2224,1
C51,II,II/C51.md,Tumeur maligne de la vulve,5,true,false,true,3,pere_interdit,1678,1
C52,II,II/C52.md,Tumeur maligne du vagin,0,true,false,true,0,codable,1258,1
C53,II,II/C53.md,Tumeur maligne du col de l'utérus,4,true,false,true,3,pere_interdit,1524,1
C54,II,II/C54.md,Tumeur maligne du corps de l'utérus,6,true,false,true,3,pere_interdit,1764,1
C55,II,II/C55.md,"Tumeur maligne de l'utérus, partie non précisée",0,true,false,true,0,codable,1249,1
C56,II,II/C56.md,Tumeur maligne de l'ovaire,0,true,false,true,0,codable,1322,1
C57,II,II/C57.md,"Tumeur maligne des organes génitaux de la femme, autres et non précisés",8,true,false,true,3,pere_interdit,2278,1
C58,II,II/C58.md,Tumeur maligne du placenta,0,true,true,true,0,codable,1003,1
C60,II,II/C60.md,Tumeur maligne de la verge,5,true,false,true,3,pere_interdit,1576,1
C61,II,II/C61.md,Tumeur maligne de la prostate,0,true,false,true,0,codable,1390,1
C62,II,II/C62.md,Tumeur maligne du testicule,3,true,false,true,3,pere_interdit,1819,1
C63,II,II/C63.md,"Tumeur maligne des organes génitaux de l'homme, autres et non précisés",6,true,false,true,3,pere_interdit,2023,1
C64,II,II/C64.md,"Tumeur maligne du rein, à l'exception du bassinet",0,false,true,true,0,codable,1559,1
C65,II,II/C65.md,Tumeur maligne du bassinet,0,true,false,true,0,codable,1359,1
C66,II,II/C66.md,Tumeur maligne de l'uretère,0,false,true,true,0,codable,1285,1
C67,II,II/C67.md,Tumeur maligne de la vessie,10,true,false,true,3,pere_interdit,1965,1
C68,II,II/C68.md,"Tumeur maligne des organes urinaires, autres et non précisés",4,true,true,true,3,pere_interdit,2012,1
C69,II,II/C69.md,Tumeur maligne de l'oeil et de ses annexes,9,true,true,true,3,pere_interdit,2855,1
C70,II,II/C70.md,Tumeur maligne des méninges,3,false,false,true,3,pere_interdit,1427,1
C71,II,II/C71.md,Tumeur maligne de l'encéphale,10,true,true,true,3,pere_interdit,2450,1
C72,II,II/C72.md,"Tumeur maligne de la moelle épinière, des nerfs crâniens et d'autres parties du système nerveux central",8,true,true,true,3,pere_interdit,2459,1
C73,II,II/C73.md,Tumeur maligne de la thyroïde,0,false,false,true,0,codable,1314,1
C74,II,II/C74.md,Tumeur maligne de la surrénale,3,false,false,true,3,pere_interdit,1575,1
C75,II,II/C75.md,Tumeur maligne d'autres glandes endocrines et structures apparentées,8,false,true,true,3,pere_interdit,2148,1
C76,II,II/C76.md,Tumeur maligne de sièges autres et mal définis,8,true,true,true,3,pere_interdit,2515,1
C77,II,II/C77.md,"Tumeur maligne des ganglions lymphatiques, secondaire et non précisée",8,true,true,true,3,pere_interdit,2633,1
C78,II,II/C78.md,Tumeur maligne secondaire des organes respiratoires et digestifs,9,true,false,true,3,pere_interdit,2554,1
C79,II,II/C79.md,Tumeur maligne secondaire de sièges autres et non précisés,10,true,false,true,3,pere_interdit,3241,1
C80,II,II/C80.md,Tumeur maligne de siège non précisé,2,true,true,true,3,pere_interdit,1615,1
C81,II,II/C81.md,Lymphome de Hodgkin,7,true,true,true,3,pere_interdit,2685,1
C82,II,II/C82.md,Lymphome folliculaire,9,true,true,true,3,pere_interdit,2601,1
C83,II,II/C83.md,Lymphome non folliculaire,7,true,true,true,3,pere_interdit,3606,1
C84,II,II/C84.md,Lymphomes à cellules T/NK matures,8,true,true,true,3,pere_interdit,3171,1
C85,II,II/C85.md,"Lymphome non hodgkinien, de types autres et non précisés",4,true,true,true,3,pere_interdit,2420,1
C86,II,II/C86.md,Autres types précisés de lymphomes à cellules T/NK,7,true,true,true,3,pere_interdit,2416,1
C88,II,II/C88.md,Maladies immunoprolifératives malignes,6,true,true,true,3,pere_interdit,2836,1
C90,II,II/C90.md,Myélome multiple et tumeurs malignes à plasmocytes,4,true,true,true,3,pere_interdit,2324,1
C91,II,II/C91.md,Leucémie lymphoïde,9,true,true,true,3,pere_interdit,2882,1
C92,II,II/C92.md,Leucémie myéloïde,10,true,true,true,3,pere_interdit,3655,1
C93,II,II/C93.md,Leucémie monocytaire,5,true,true,true,3,pere_interdit,2227,1
C94,II,II/C94.md,Autres leucémies à cellules précisées,6,true,true,true,3,pere_interdit,2674,1
C95,II,II/C95.md,Leucémie à cellules non précisées,4,true,true,true,3,pere_interdit,2284,1
C96,II,II/C96.md,"Tumeurs malignes des tissus lymphoïde, hématopoïétique et apparentés, autres et non précisées",8,true,true,true,3,pere_interdit,3450,1
C97,II,II/C97.md,Tumeurs malignes de sièges multiples indépendants (primitifs),0,false,false,false,1,interdit_dp_dr,291,1
D00,II,II/D00.md,"Carcinome in situ de la cavité buccale, de l'œsophage et de l'estomac",3,true,true,true,3,pere_interdit,2174,1
D01,II,II/D01.md,"Carcinome in situ des organes digestifs, autres et non précisés",8,true,true,true,3,pere_interdit,2157,1
D02,II,II/D02.md,Carcinome in situ de l'oreille moyenne et de l'appareil respiratoire,5,true,true,true,3,pere_interdit,2015,1
D03,II,II/D03.md,Mélanome in situ,10,true,false,true,3,pere_interdit,1950,1
D04,II,II/D04.md,Carcinome in situ de la peau,10,true,true,true,3,pere_interdit,2390,1
D05,II,II/D05.md,Carcinome in situ du sein,4,true,true,true,3,pere_interdit,1271,1
D06,II,II/D06.md,Carcinome in situ du col de l'utérus,4,true,true,true,3,pere_interdit,1398,1
D07,II,II/D07.md,"Carcinome in situ d'organes génitaux, autres et non précisés",7,true,true,true,3,pere_interdit,2199,1
D09,II,II/D09.md,Carcinome in situ de sièges autres et non précisés,6,true,true,true,3,pere_interdit,1821,1
D10,II,II/D10.md,Tumeur bénigne de la bouche et du pharynx,9,true,true,true,3,pere_interdit,2363,1
D11,II,II/D11.md,Tumeur bénigne des glandes salivaires principales,3,true,true,true,3,pere_interdit,1529,1
D12,II,II/D12.md,"Tumeur bénigne du côlon, du rectum, de l'anus et du canal anal",10,true,true,true,3,pere_interdit,2421,1
D13,II,II/D13.md,Tumeurs bénignes de parties autres et mal définies de l'appareil digestif,9,true,true,true,3,pere_interdit,2116,1
D14,II,II/D14.md,Tumeur bénigne de l'oreille moyenne et de l'appareil respiratoire,5,true,true,true,3,pere_interdit,2068,1
D15,II,II/D15.md,"Tumeur bénigne des organes intrathoraciques, autres et non précisés",5,true,true,true,3,pere_interdit,1503,1
D16,II,II/D16.md,Tumeur bénigne des os et du cartilage articulaire,10,true,true,true,3,pere_interdit,2769,1
D17,II,II/D17.md,Tumeur lipomateuse bénigne,9,true,true,true,3,pere_interdit,2435,1
D18,II,II/D18.md,"Hémangiome et lymphangiome, tout siège",2,true,true,true,3,pere_interdit,2366,1
D19,II,II/D19.md,Tumeur bénigne du tissu mésothélial,4,true,false,true,3,pere_interdit,852,1
D20,II,II/D20.md,Tumeur bénigne des tissus mous du rétropéritoine et du péritoine,2,true,true,true,3,pere_interdit,835,1
D21,II,II/D21.md,Autres tumeurs bénignes du tissu conjonctif et des autres tissus mous,8,true,true,true,3,pere_interdit,4143,1
D22,II,II/D22.md,Nævus à mélanocytes,9,true,false,true,3,pere_interdit,2535,1
D23,II,II/D23.md,Autres tumeurs bénignes de la peau,9,true,true,true,3,pere_interdit,3094,1
D24,II,II/D24.md,Tumeur bénigne du sein,0,true,true,true,0,codable,1243,1
D25,II,II/D25.md,Léiomyome de l'utérus,4,true,false,true,3,pere_interdit,1063,1
D26,II,II/D26.md,Autres tumeurs bénignes de l'utérus,4,true,false,true,3,pere_interdit,782,1
D27,II,II/D27.md,Tumeur bénigne de l'ovaire,0,true,false,true,0,codable,1398,1
D28,II,II/D28.md,"Tumeur bénigne des organes génitaux de la femme, autres et non précisés",5,true,false,true,3,pere_interdit,1047,1
D29,II,II/D29.md,Tumeur bénigne des organes génitaux de l'homme,7,true,true,true,3,pere_interdit,1860,1
D30,II,II/D30.md,Tumeur bénigne des organes urinaires,7,true,true,true,3,pere_interdit,2069,1
D31,II,II/D31.md,Tumeur bénigne de l'œil et de ses annexes,8,true,true,true,3,pere_interdit,1958,1
D32,II,II/D32.md,Tumeur bénigne des méninges,3,true,false,true,3,pere_interdit,1319,1
D33,II,II/D33.md,Tumeur bénigne de l'encéphale et d'autres parties du système nerveux central,7,true,true,true,3,pere_interdit,2424,1
D34,II,II/D34.md,Tumeur bénigne de la thyroïde,0,true,false,true,0,codable,625,1
D35,II,II/D35.md,"Tumeur bénigne des glandes endocrines, autres et non précisées",10,true,true,true,3,pere_interdit,2792,1
D36,II,II/D36.md,Tumeur bénigne de sièges autres et non précisés,4,true,true,true,3,pere_interdit,1703,1
D37,II,II/D37.md,Tumeur de la cavité buccale et des organes digestifs à évolution imprévisible ou inconnue,9,true,true,true,3,pere_interdit,2786,1
D38,II,II/D38.md,Tumeur de l'oreille moyenne et des organes respiratoires et intrathoraciques à évolution imprévisible ou inconnue,7,true,true,true,3,pere_interdit,2492,1
D39,II,II/D39.md,Tumeur des organes génitaux de la femme à évolution imprévisible ou inconnue,5,true,true,true,3,pere_interdit,2163,1
D40,II,II/D40.md,Tumeur des organes génitaux de l'homme à évolution imprévisible ou inconnue,4,true,false,true,3,pere_interdit,1325,1
D41,II,II/D41.md,Tumeur des organes urinaires à évolution imprévisible ou inconnue,7,false,true,true,3,pere_interdit,1705,1
D42,II,II/D42.md,Tumeur des méninges à évolution imprévisible ou inconnue,3,false,false,true,3,pere_interdit,1117,1
D43,II,II/D43.md,Tumeur de l'encéphale et du système nerveux central à évolution imprévisible ou inconnue,7,true,true,true,3,pere_interdit,2575,1
D44,II,II/D44.md,Tumeur des glandes endocrines à évolution imprévisible ou inconnue,10,true,true,true,3,pere_interdit,2688,1
D45,II,II/D45.md,Polyglobulie essentielle,0,true,false,true,0,codable,1189,1
D46,II,II/D46.md,Syndromes myélodysplasiques,8,true,true,true,3,pere_interdit,2420,1
D47,II,II/D47.md,"Autres tumeurs des tissus lymphoïde, hématopoïétique et apparentés à évolution imprévisible ou inconnue",8,true,true,true,3,pere_interdit,3994,1
D48,II,II/D48.md,Tumeur de sièges autres et non précisés à évolution imprévisible ou inconnue,9,true,true,true,3,pere_interdit,4021,1
D50,III,III/D50.md,Anémie par carence en fer,4,true,true,true,3,pere_interdit,3182,1
D51,III,III/D51.md,Anémie par carence en vitamine B_12,6,true,true,true,3,pere_interdit,3369,1
D52,III,III/D52.md,Anémie par carence en acide folique,4,true,true,true,3,pere_interdit,2306,1
D53,III,III/D53.md,Autres anémies nutritionnelles,5,true,true,true,3,pere_interdit,3164,1
D55,III,III/D55.md,Anémie due à des anomalies enzymatiques,6,true,true,true,3,pere_interdit,2950,1
D56,III,III/D56.md,Thalassémie,7,true,true,true,3,pere_interdit,3247,1
D57,III,III/D57.md,Affections à hématies falciformes [drépanocytaires],5,true,true,true,3,pere_interdit,3888,1
D58,III,III/D58.md,Autres anémies hémolytiques héréditaires,5,true,true,true,3,pere_interdit,3635,1
D59,III,III/D59.md,Anémie hémolytique acquise,9,true,true,true,3,pere_interdit,4675,1
D60,III,III/D60.md,Aplasie médullaire acquise pure des globules rouges [érythroblastopénie],4,true,true,true,3,pere_interdit,1874,1
D61,III,III/D61.md,Autres aplasies médullaires,6,true,true,true,3,pere_interdit,3589,1
D62,III,III/D62.md,Anémie posthémorragique aigüe,0,false,true,true,0,codable,1603,1
D63,III,III/D63.md,Anémie au cours de maladies chroniques classées ailleurs,2,true,true,true,3,pere_interdit,1436,1
D64,III,III/D64.md,Autres anémies,7,true,true,true,3,pere_interdit,3788,1
D65,III,III/D65.md,Coagulation intravasculaire disséminée [syndrome de défibrination],0,true,true,true,0,codable,2798,1
D66,III,III/D66.md,Carence héréditaire en facteur VIII,0,true,true,true,0,codable,1754,1
D67,III,III/D67.md,Carence héréditaire en facteur IX,0,true,true,true,0,codable,1558,1
D68,III,III/D68.md,Autres anomalies de la coagulation,9,true,true,true,3,pere_interdit,6168,1
D69,III,III/D69.md,Purpura et autres affections hémorragiques,9,true,true,true,3,pere_interdit,5152,1
D70,III,III/D70.md,Agranulocytose,0,true,true,true,0,codable,2862,1
D71,III,III/D71.md,Anomalies fonctionnelles des granulocytes neutrophiles,0,true,true,true,0,codable,1676,1
D72,III,III/D72.md,Autres anomalies des leucocytes,4,true,true,true,3,pere_interdit,4393,1
D73,III,III/D73.md,Maladies de la rate,8,true,true,true,3,pere_interdit,3202,1
D74,III,III/D74.md,Méthémoglobinémie,3,true,true,true,3,pere_interdit,2184,1
D75,III,III/D75.md,Autres maladies du sang et des organes hématopoïétiques,4,true,true,true,3,pere_interdit,4181,1
D76,III,III/D76.md,Autres maladies précisées avec participation des tissus lymphoréticulaire et réticulohistiocytaire,3,true,true,true,3,pere_interdit,3528,1
D77,III,III/D77.md,Autres maladies du sang et des organes hématopoïétiques au cours de maladies classées ailleurs,0,true,true,false,0,codable,1278,1
D80,III,III/D80.md,Déficit immunitaire avec déficit prédominant de la production d'anticorps,10,true,true,true,3,pere_interdit,4654,1
D81,III,III/D81.md,Déficits immunitaires combinés,10,true,true,true,3,pere_interdit,3720,1
D82,III,III/D82.md,Déficit immunitaire associé à d'autres anomalies majeures,7,true,true,true,3,pere_interdit,3541,1
D83,III,III/D83.md,Déficit immunitaire commun variable,5,true,true,true,3,pere_interdit,2562,1
D84,III,III/D84.md,Autres déficits immunitaires,4,true,true,true,3,pere_interdit,3368,1
D86,III,III/D86.md,Sarcoïdose,6,true,true,true,3,pere_interdit,4462,1
D89,III,III/D89.md,"Autres anomalies du système immunitaire, non classées ailleurs",6,true,true,true,3,pere_interdit,4695,1
E00,IV,IV/E00.md,Syndrome d'insuffisance thyroïdienne congénitale,4,true,true,true,3,pere_interdit,2604,1
E01,IV,IV/E01.md,Affections thyroïdiennes et apparentées liées à une carence en iode,4,true,true,true,3,pere_interdit,1438,1
E02,IV,IV/E02.md,Hypothyroïdie par carence inapparente en iode,0,false,true,true,0,codable,734,1
E03,IV,IV/E03.md,Autres hypothyroïdies,8,true,true,true,3,pere_interdit,3504,1
E04,IV,IV/E04.md,Autres goitres non toxiques,5,true,true,true,3,pere_interdit,3079,1
E05,IV,IV/E05.md,Thyréotoxicose [hyperthyroïdie],8,true,true,true,3,pere_interdit,3270,1
E06,IV,IV/E06.md,Thyroïdite,7,true,true,true,3,pere_interdit,3670,1
E07,IV,IV/E07.md,Autres affections de la thyroïde,4,true,true,true,3,pere_interdit,2896,1
E10,IV,IV/E10.md,Diabète sucré de type 1,10,true,true,true,3,pere_interdit,5095,1
E11,IV,IV/E11.md,Diabète sucré de type 2,10,true,true,false,3,pere_interdit,2980,1
E12,IV,IV/E12.md,Diabète sucré de malnutrition,10,true,true,true,3,pere_interdit,3756,1
E13,IV,IV/E13.md,Autres diabètes sucrés précisés,10,true,true,true,3,pere_interdit,4717,1
E14,IV,IV/E14.md,"Diabète sucré, sans précision",10,true,true,true,3,pere_interdit,5223,1
E15,IV,IV/E15.md,Coma hypoglycémique non diabétique,0,true,true,true,0,codable,1285,1
E16,IV,IV/E16.md,Autres anomalies de la sécrétion pancréatique interne,7,true,true,true,3,pere_interdit,3917,1
E20,IV,IV/E20.md,Hypoparathyroïdie,4,true,true,true,3,pere_interdit,2061,1
E21,IV,IV/E21.md,Hyperparathyroïdie et autres maladies de la glande parathyroïde,6,true,true,true,3,pere_interdit,2782,1
E22,IV,IV/E22.md,Hypersécrétion de l'hypophyse,5,true,true,true,3,pere_interdit,3089,1
E23,IV,IV/E23.md,Hyposécrétion et autres anomalies de l'hypophyse,6,true,true,true,3,pere_interdit,4586,1
E24,IV,IV/E24.md,Syndrome de Cushing,7,true,true,true,3,pere_interdit,2580,1
E25,IV,IV/E25.md,Anomalies génitosurrénaliennes,3,true,true,true,3,pere_interdit,3642,1
E26,IV,IV/E26.md,Hyperaldostéronisme,4,true,true,true,3,pere_interdit,1684,1
E27,IV,IV/E27.md,Autres maladies de la glande surrénale,8,true,true,true,3,pere_interdit,4342,1
E28,IV,IV/E28.md,Dysfonction ovarienne,6,true,true,true,3,pere_interdit,2858,1
E29,IV,IV/E29.md,Dysfonction testiculaire,4,true,true,true,3,pere_interdit,2645,1
E30,IV,IV/E30.md,"Anomalies de la puberté, non classées ailleurs",4,true,true,true,3,pere_interdit,2158,1
E31,IV,IV/E31.md,Dysfonctionnement pluriglandulaire,4,true,true,true,3,pere_interdit,2165,1
E32,IV,IV/E32.md,Maladies du thymus,4,true,true,true,3,pere_interdit,1823,1
E34,IV,IV/E34.md,Autres troubles endocriniens,8,true,true,true,3,pere_interdit,4506,1
E35,IV,IV/E35.md,Anomalies endocriniennes au cours de maladies classées ailleurs,3,true,true,true,3,pere_interdit,1522,1
E40,IV,IV/E40.md,Kwashiorkor,0,true,true,true,0,codable,1110,1
E41,IV,IV/E41.md,Marasme nutritionnel,0,true,true,true,0,codable,1425,1
E42,IV,IV/E42.md,Kwashiorkor avec marasme,0,true,true,true,0,codable,1284,1
E43,IV,IV/E43.md,"Malnutrition protéinoénergétique grave, sans précision",0,true,true,true,0,codable,1569,1
E44,IV,IV/E44.md,Malnutrition protéinoénergétique légère ou modérée,2,false,true,true,3,pere_interdit,1300,1
E45,IV,IV/E45.md,Retard de développement après malnutrition protéinoénergétique,0,true,true,true,0,codable,1300,1
E46,IV,IV/E46.md,"Malnutrition protéinoénergétique, sans précision",0,true,true,true,0,codable,1883,1
E50,IV,IV/E50.md,Avitaminose A,10,true,true,true,3,pere_interdit,2006,1
E51,IV,IV/E51.md,Carence en thiamine,4,true,true,true,3,pere_interdit,2302,1
E52,IV,IV/E52.md,Carence en acide nicotinique [pellagre],0,true,true,true,0,codable,1532,1
E53,IV,IV/E53.md,Autres avitaminoses du groupe B,4,true,true,true,3,pere_interdit,3018,1
E54,IV,IV/E54.md,Carence en acide ascorbique,0,true,true,true,0,codable,1350,1
E55,IV,IV/E55.md,Carence en vitamine D,2,true,true,true,3,pere_interdit,1928,1
E56,IV,IV/E56.md,Autres avitaminoses,4,false,true,true,3,pere_interdit,2258,1
E58,IV,IV/E58.md,Carence alimentaire en calcium,0,false,true,true,0,codable,992,1
E59,IV,IV/E59.md,Carence alimentaire en sélénium,0,true,true,true,0,codable,1011,1
E60,IV,IV/E60.md,Carence alimentaire en zinc,0,false,true,true,0,codable,802,1
E61,IV,IV/E61.md,Carences en autres éléments nutritionnels,10,false,true,true,3,pere_interdit,2152,1
E63,IV,IV/E63.md,Autres carences nutritionnelles,4,true,true,true,3,pere_interdit,2447,1
E64,IV,IV/E64.md,Séquelles de malnutrition et autres carences nutritionnelles,6,false,true,true,3,pere_interdit,1595,1
E65,IV,IV/E65.md,Adiposité localisée,0,true,true,true,0,codable,915,1
E66,IV,IV/E66.md,Obésité et surpoids,5,true,true,false,3,pere_interdit,1275,1
E67,IV,IV/E67.md,Autres excès d'apport,5,false,true,true,3,pere_interdit,995,1
E68,IV,IV/E68.md,Séquelles d'excès d'apport,0,false,true,true,4,interdit_dp,692,1
E70,IV,IV/E70.md,Anomalies du métabolisme des acides aminés aromatiques,6,true,true,true,3,pere_interdit,3552,1
E71,IV,IV/E71.md,Anomalies du métabolisme des acides aminés à chaine ramifiée et du métabolisme des acides gras,4,true,true,true,3,pere_interdit,4278,1
E72,IV,IV/E72.md,Autres anomalies du métabolisme des acides aminés,8,true,true,true,3,pere_interdit,5558,1
E73,IV,IV/E73.md,Intolérance au lactose,4,false,true,true,3,pere_interdit,1328,1
E74,IV,IV/E74.md,Autres anomalies du métabolisme des hydrates de carbone,7,true,true,true,3,pere_interdit,5220,1
E75,IV,IV/E75.md,Anomalies du métabolisme des sphingolipides et autres anomalies du stockage des lipides,7,true,true,true,3,pere_interdit,4923,1
E76,IV,IV/E76.md,Anomalies du métabolisme des glucosaminoglycanes,6,true,true,true,3,pere_interdit,3837,1
E77,IV,IV/E77.md,Anomalies du métabolisme des glycoprotéines,4,true,true,true,3,pere_interdit,2925,1
E78,IV,IV/E78.md,Anomalies du métabolisme des lipoprotéines et autres lipidémies,9,true,true,true,3,pere_interdit,5905,1
E79,IV,IV/E79.md,Anomalies du métabolisme de la purine et de la pyrimidine,4,true,true,true,3,pere_interdit,2711,1
E80,IV,IV/E80.md,Anomalies du métabolisme de la porphyrine et de la bilirubine,8,true,true,true,3,pere_interdit,3743,1
E83,IV,IV/E83.md,Anomalies du métabolisme des minéraux,8,true,true,true,3,pere_interdit,4659,1
E84,IV,IV/E84.md,Fibrose kystique du pancréas,4,true,true,true,3,pere_interdit,2086,1
E85,IV,IV/E85.md,Amylose,7,true,true,true,3,pere_interdit,3746,1
E86,IV,IV/E86.md,Hypovolémie,0,true,true,true,0,codable,2326,1
E87,IV,IV/E87.md,Autres déséquilibres hydroélectrolytiques et acidobasiques,9,true,true,true,3,pere_interdit,3588,1
E88,IV,IV/E88.md,Autres anomalies métaboliques,6,true,true,true,3,pere_interdit,4388,1
E89,IV,IV/E89.md,"Anomalies endocriniennes et métaboliques après un acte à visée diagnostique et thérapeutique, non classées ailleurs",9,true,true,true,3,pere_interdit,4810,1
E90,IV,IV/E90.md,Anomalies nutritionnelles et métaboliques au cours de maladies classées ailleurs,0,false,true,false,0,codable,967,1
F00,V,V/F00.md,Démence de la maladie d'Alzheimer,4,true,true,false,3,pere_interdit,1869,1
F01,V,V/F01.md,Démence vasculaire,6,true,true,true,3,pere_interdit,1948,1
F02,V,V/F02.md,Démence au cours d'autres maladies classées ailleurs,6,true,true,true,3,pere_interdit,3365,1
F03,V,V/F03.md,"Démence, sans précision",0,true,true,true,0,codable,1840,1
F04,V,V/F04.md,"Syndrome amnésique organique, non induit par l'alcool et d'autres substances psychoactives",0,true,true,true,0,codable,1601,1
F05,V,V/F05.md,"Délirium, non induit par l'alcool et d'autres substances psychoactives",4,true,true,true,3,pere_interdit,2040,1
F06,V,V/F06.md,"Autres troubles mentaux dus à une lésion cérébrale et un dysfonctionnement cérébral, et à une affection somatique",10,true,true,true,3,pere_interdit,3455,1
F07,V,V/F07.md,"Troubles de la personnalité et du comportement dus à une affection, une lésion et un dysfonctionnement cérébraux",5,true,true,true,3,pere_interdit,3161,1
F09,V,V/F09.md,"Trouble mental organique ou symptomatique, sans précision",0,true,true,true,0,codable,939,1
F10,V,V/F10.md,Troubles mentaux et du comportement liés à l'utilisation d'alcool,10,true,true,true,3,pere_interdit,5861,1
F11,V,V/F11.md,Troubles mentaux et du comportement liés à l'utilisation d'opiacés,10,true,true,true,3,pere_interdit,4909,1
F12,V,V/F12.md,Troubles mentaux et du comportement liés à l'utilisation de dérivés du cannabis,10,true,true,true,3,pere_interdit,4774,1
F13,V,V/F13.md,Troubles mentaux et du comportement liés à l'utilisation de sédatifs ou d'hypnotiques,10,true,true,true,3,pere_interdit,4960,1
F14,V,V/F14.md,Troubles mentaux et du comportement liés à l'utilisation de cocaïne,10,true,true,true,3,pere_interdit,4275,1
F15,V,V/F15.md,"Troubles mentaux et du comportement liés à l'utilisation d'autres stimulants, y compris la caféine",10,true,true,true,3,pere_interdit,4613,1
F16,V,V/F16.md,Troubles mentaux et du comportement liés à l'utilisation d'hallucinogènes,10,true,true,true,3,pere_interdit,4270,1
F17,V,V/F17.md,Troubles mentaux et du comportement liés à l'utilisation de tabac,10,true,true,true,3,pere_interdit,4724,1
F18,V,V/F18.md,Troubles mentaux et du comportement liés à l'utilisation de solvants volatils,10,true,true,true,3,pere_interdit,4636,1
F19,V,V/F19.md,Troubles mentaux et du comportement liés à l'utilisation de drogues multiples et troubles liés à l'utilisation d'autres substances psychoactives,10,true,true,true,3,pere_interdit,5876,1
F20,V,V/F20.md,Schizophrénie,9,true,true,true,3,pere_interdit,4432,1
F21,V,V/F21.md,Trouble schizotypique,0,true,true,true,0,codable,1210,1
F22,V,V/F22.md,Troubles délirants persistants,3,true,true,true,3,pere_interdit,2452,1
F23,V,V/F23.md,Troubles psychotiques aigus et transitoires,6,true,true,true,3,pere_interdit,3969,1
F24,V,V/F24.md,Trouble délirant induit,0,true,true,true,0,codable,819,1
F25,V,V/F25.md,Troubles schizoaffectifs,5,true,true,true,3,pere_interdit,1970,1
F28,V,V/F28.md,Autres troubles psychotiques non organiques,0,true,true,true,0,codable,1494,1
F29,V,V/F29.md,"Psychose non organique, sans précision",0,true,true,true,0,codable,1473,1
F30,V,V/F30.md,Épisode maniaque,5,true,true,true,3,pere_interdit,1917,1
F31,V,V/F31.md,Trouble affectif bipolaire,10,true,true,true,3,pere_interdit,2856,1
F32,V,V/F32.md,Épisodes dépressifs,6,true,true,true,3,pere_interdit,3648,1
F33,V,V/F33.md,Trouble dépressif récurrent,7,true,true,true,3,pere_interdit,3993,1
F34,V,V/F34.md,Troubles de l'humeur [affectifs] persistants,4,true,true,true,3,pere_interdit,1881,1
F38,V,V/F38.md,Autres troubles de l'humeur [affectifs],3,true,true,true,3,pere_interdit,915,1
F39,V,V/F39.md,"Trouble de l'humeur [affectif], sans précision",0,true,true,true,0,codable,884,1
F40,V,V/F40.md,Troubles anxieux phobiques,5,true,true,true,3,pere_interdit,2182,1
F41,V,V/F41.md,Autres troubles anxieux,6,true,true,true,3,pere_interdit,2499,1
F42,V,V/F42.md,Trouble obsessionnel-compulsif,5,true,true,true,3,pere_interdit,2195,1
F43,V,V/F43.md,"Réaction à un facteur de stress sévère, et troubles de l'adaptation",5,true,true,true,3,pere_interdit,2771,1
F44,V,V/F44.md,Troubles dissociatifs [de conversion],10,true,true,true,3,pere_interdit,4122,1
F45,V,V/F45.md,Troubles somatoformes,7,true,true,true,3,pere_interdit,6207,1
F48,V,V/F48.md,Autres troubles névrotiques,4,true,true,true,3,pere_interdit,2546,1
F50,V,V/F50.md,Troubles de l'alimentation,8,true,true,true,3,pere_interdit,2793,1
F51,V,V/F51.md,Troubles du sommeil non organiques,8,true,true,true,3,pere_interdit,1963,1
F52,V,V/F52.md,"Dysfonctionnement sexuel, non dû à un trouble ou à une maladie organique",10,true,true,true,3,pere_interdit,2697,1
F53,V,V/F53.md,"Troubles mentaux et du comportement associés à la puerpéralité, non classés ailleurs",4,true,true,true,3,pere_interdit,1501,1
F54,V,V/F54.md,Facteurs psychologiques et comportementaux associés à des maladies ou des troubles classés ailleurs,0,true,true,false,0,codable,1609,1
F55,V,V/F55.md,Abus de substances n'entraînant pas de dépendance,0,true,true,true,0,codable,1738,1
F59,V,V/F59.md,Syndromes comportementaux non précisés associés à des perturbations physiologiques et à des facteurs physiques,0,true,true,false,0,codable,742,1
F60,V,V/F60.md,Troubles spécifiques de la personnalité,10,true,true,true,3,pere_interdit,4598,1
F61,V,V/F61.md,Troubles mixtes de la personnalité et autres troubles de la personnalité,0,true,true,true,0,codable,1094,1
F62,V,V/F62.md,Modification durable de la personnalité non attribuable à une lésion et une maladie cérébrales,4,true,true,true,3,pere_interdit,2348,1
F63,V,V/F63.md,Troubles des habitudes et des impulsions,6,true,true,true,3,pere_interdit,2550,1
F64,V,V/F64.md,Troubles de l'identité sexuelle,5,true,true,true,3,pere_interdit,1396,1
F65,V,V/F65.md,Troubles de la préférence sexuelle,9,true,true,true,3,pere_interdit,1995,1
F66,V,V/F66.md,Problèmes psychologiques et comportementaux associés au développement sexuel et à son orientation,5,true,true,true,3,pere_interdit,1111,1
F68,V,V/F68.md,Autres troubles de la personnalité et du comportement chez l'adulte,3,true,true,true,3,pere_interdit,2259,1
F69,V,V/F69.md,"Trouble de la personnalité et du comportement chez l'adulte, sans précision",0,true,true,true,0,codable,1206,1
F70,V,V/F70.md,Retard mental léger,4,true,true,true,3,pere_interdit,1496,1
F71,V,V/F71.md,Retard mental moyen,4,true,true,true,3,pere_interdit,1286,1
F72,V,V/F72.md,Retard mental grave,4,true,true,true,3,pere_interdit,1140,1
F73,V,V/F73.md,Retard mental profond,4,true,true,true,3,pere_interdit,1742,1
F78,V,V/F78.md,Autres formes de retard mental,4,true,true,false,3,pere_interdit,923,1
F79,V,V/F79.md,"Retard mental, sans précision",4,true,true,true,3,pere_interdit,1826,1
F80,V,V/F80.md,Troubles spécifiques du développement de la parole et du langage,6,true,true,true,3,pere_interdit,3131,1
F81,V,V/F81.md,Troubles spécifiques du développement des acquisitions scolaires,6,true,true,true,3,pere_interdit,2702,1
F82,V,V/F82.md,Trouble spécifique du développement moteur,0,true,true,true,0,codable,1085,1
F83,V,V/F83.md,Troubles spécifiques mixtes du développement,0,true,true,false,0,codable,540,1
F84,V,V/F84.md,Troubles envahissants du développement,8,true,true,true,3,pere_interdit,3063,1
F88,V,V/F88.md,Autres troubles du développement psychologique,0,true,true,true,0,codable,671,1
F89,V,V/F89.md,"Trouble du développement psychologique, sans précision",0,true,true,true,0,codable,681,1
F90,V,V/F90.md,Troubles hyperkinétiques,4,true,true,true,3,pere_interdit,1877,1
F91,V,V/F91.md,Troubles des conduites,6,true,true,true,3,pere_interdit,2453,1
F92,V,V/F92.md,Troubles mixtes des conduites et troubles émotionnels,3,true,true,false,3,pere_interdit,1235,1
F93,V,V/F93.md,Troubles émotionnels apparaissant spécifiquement dans l'enfance,6,true,true,true,3,pere_interdit,2051,1
F94,V,V/F94.md,Troubles du fonctionnement social apparaissant spécifiquement durant l'enfance et l'adolescence,5,true,true,true,3,pere_interdit,2066,1
F95,V,V/F95.md,Tics,5,true,true,true,3,pere_interdit,1150,1
F98,V,V/F98.md,Autres troubles du comportement et troubles émotionnels apparaissant habituellement durant l'enfance et l'adolescence,9,true,true,true,3,pere_interdit,4867,1
F99,V,V/F99.md,"Trouble mental, sans autre indication",0,true,true,true,1,interdit_dp_dr,1512,1
G00,VI,VI/G00.md,"Méningite bactérienne, non classée ailleurs",6,true,true,true,3,pere_interdit,3017,1
G01,VI,VI/G01.md,Méningite au cours d'affections bactériennes classées ailleurs,0,true,true,false,0,codable,2070,1
G02,VI,VI/G02.md,Méningite au cours d'autres maladies infectieuses et parasitaires classées ailleurs,3,true,true,false,3,pere_interdit,2833,1
G03,VI,VI/G03.md,Méningite due à des causes autres et non précisées,5,true,true,true,3,pere_interdit,2798,1
G04,VI,VI/G04.md,"Encéphalite, myélite et encéphalomyélite",5,true,true,true,3,pere_interdit,3691,1
G05,VI,VI/G05.md,"Encéphalite, myélite et encéphalomyélite au cours d'affections classées ailleurs",4,true,true,true,3,pere_interdit,4606,1
G06,VI,VI/G06.md,Abcès et granulome intracrâniens et intrarachidiens,3,true,true,true,3,pere_interdit,3327,1
G07,VI,VI/G07.md,Abcès et granulome intracrâniens et intrarachidiens au cours d'affections classées ailleurs,0,true,true,false,0,codable,1413,1
G08,VI,VI/G08.md,Phlébite et thrombophlébite intracrâniennes et intrarachidiennes,0,true,true,true,0,codable,3233,1
G09,VI,VI/G09.md,Séquelles d'affections inflammatoires du système nerveux central,0,false,true,true,4,interdit_dp,1941,1
G10,VI,VI/G10.md,Chorée de Huntington,0,false,true,true,0,codable,1239,1
G11,VI,VI/G11.md,Ataxie héréditaire,7,true,true,true,3,pere_interdit,4432,1
G12,VI,VI/G12.md,Amyotrophie spinale et syndromes apparentés,5,true,true,true,3,pere_interdit,3821,1
G13,VI,VI/G13.md,Affections dégénératives systémiques affectant principalement le système nerveux central au cours d'affections classées ailleurs,4,true,true,true,3,pere_interdit,1973,1
G14,VI,VI/G14.md,Syndrome postpoliomyélitique,0,true,true,true,0,codable,1157,1
G20,VI,VI/G20.md,Maladie de Parkinson,0,true,true,false,0,codable,1315,1
G21,VI,VI/G21.md,Syndrome parkinsonien secondaire,7,false,true,true,3,pere_interdit,1961,1
G22,VI,VI/G22.md,Syndrome parkinsonien au cours de maladies classées ailleurs,0,true,true,false,0,codable,1058,1
G23,VI,VI/G23.md,Autres maladies dégénératives des noyaux gris centraux,6,true,true,true,3,pere_interdit,3274,1
G24,VI,VI/G24.md,Dystonie,8,true,true,true,3,pere_interdit,2732,1
G25,VI,VI/G25.md,Autres syndromes extrapyramidaux et troubles de la motricité,9,true,true,true,3,pere_interdit,3558,1
G26,VI,VI/G26.md,Syndromes extrapyramidaux et troubles de la motricité au cours d'affections classées ailleurs,0,false,true,true,0,codable,1049,1
G30,VI,VI/G30.md,Maladie d'Alzheimer,4,true,true,true,3,pere_interdit,2426,1
G31,VI,VI/G31.md,"Autres affections dégénératives du système nerveux, non classées ailleurs",5,true,true,true,3,pere_interdit,3757,1
G32,VI,VI/G32.md,Autres affections dégénératives du système nerveux au cours d'affections classées ailleurs,2,true,true,true,3,pere_interdit,1581,1
G35,VI,VI/G35.md,Sclérose en plaques,0,true,true,true,0,codable,1859,1
G36,VI,VI/G36.md,Autres affections démyélinisantes aigües disséminées,4,true,true,true,3,pere_interdit,2350,1
G37,VI,VI/G37.md,Autres affections démyélinisantes du système nerveux central,8,true,true,true,3,pere_interdit,3311,1
G40,VI,VI/G40.md,Épilepsie,10,true,true,true,3,pere_interdit,6709,1
G41,VI,VI/G41.md,État de mal épileptique,5,true,true,true,3,pere_interdit,2198,1
G43,VI,VI/G43.md,Migraine,6,true,true,true,3,pere_interdit,2736,1
G44,VI,VI/G44.md,Autres syndromes d'algies céphaliques,6,true,true,true,3,pere_interdit,2466,1
G45,VI,VI/G45.md,Accidents ischémiques cérébraux transitoires et syndromes apparentés,7,true,true,true,3,pere_interdit,2688,1
G46,VI,VI/G46.md,Syndromes vasculaires cérébraux au cours de maladies cérébrovasculaires,9,true,true,false,3,pere_interdit,1752,1
G47,VI,VI/G47.md,Troubles du sommeil,7,true,true,true,3,pere_interdit,2920,1
G50,VI,VI/G50.md,Affections du nerf trijumeau,4,true,true,true,3,pere_interdit,2145,1
G51,VI,VI/G51.md,Affections du nerf facial,7,true,true,true,3,pere_interdit,3197,1
G52,VI,VI/G52.md,Affections des autres nerfs crâniens,7,true,true,true,3,pere_interdit,3292,1
G53,VI,VI/G53.md,Affections des nerfs crâniens au cours de maladies classées ailleurs,5,true,true,true,3,pere_interdit,2061,1
G54,VI,VI/G54.md,Affections des racines et des plexus nerveux,10,true,true,true,3,pere_interdit,4059,1
G55,VI,VI/G55.md,Compression des racines et des plexus nerveux au cours de maladies classées ailleurs,5,false,true,true,3,pere_interdit,1873,1
G56,VI,VI/G56.md,Mononévrite du membre supérieur,6,true,true,true,3,pere_interdit,2542,1
G57,VI,VI/G57.md,Mononévrite du membre inférieur,9,true,true,true,3,pere_interdit,3710,1
G58,VI,VI/G58.md,Autres mononévrites,4,false,true,true,3,pere_interdit,1959,1
G59,VI,VI/G59.md,Mononévrite au cours de maladies classées ailleurs,2,false,true,true,3,pere_interdit,1833,1
G60,VI,VI/G60.md,Neuropathie héréditaire et idiopathique,6,true,true,true,3,pere_interdit,4454,1
G61,VI,VI/G61.md,Polynévrites inflammatoires,4,true,true,true,3,pere_interdit,2646,1
G62,VI,VI/G62.md,Autres polynévrites,5,true,true,true,3,pere_interdit,2444,1
G63,VI,VI/G63.md,Polynévrite au cours de maladies classées ailleurs,8,true,true,true,3,pere_interdit,3207,1
G64,VI,VI/G64.md,Autres affections du système nerveux périphérique,0,true,true,true,0,codable,1287,1
G70,VI,VI/G70.md,Myasthénie et autres affections neuromusculaires,5,false,true,true,3,pere_interdit,2311,1
G71,VI,VI/G71.md,Affections musculaires primitives,6,true,true,true,3,pere_interdit,5568,1
G72,VI,VI/G72.md,Autres myopathies,7,true,true,true,3,pere_interdit,3022,1
G73,VI,VI/G73.md,Affections musculaires et neuromusculaires au cours de maladies classées ailleurs,8,true,true,true,3,pere_interdit,3139,1
G80,VI,VI/G80.md,Paralysie cérébrale,7,true,true,true,3,pere_interdit,3266,1
G81,VI,VI/G81.md,Hémiplégie,3,true,true,true,3,pere_interdit,2214,1
G82,VI,VI/G82.md,Paraplégie et tétraplégie,6,true,true,true,3,pere_interdit,2447,1
G83,VI,VI/G83.md,Autres syndromes paralytiques,9,true,true,true,3,pere_interdit,3623,1
G90,VI,VI/G90.md,Affections du système nerveux autonome,9,true,true,true,3,pere_interdit,3110,1
G91,VI,VI/G91.md,Hydrocéphalie,6,true,true,true,3,pere_interdit,2729,1
G92,VI,VI/G92.md,Encéphalopathie toxique,0,false,true,true,0,codable,1684,1
G93,VI,VI/G93.md,Autres affections du cerveau,10,true,true,true,3,pere_interdit,4211,1
G94,VI,VI/G94.md,Autres affections du cerveau au cours de maladies classées ailleurs,5,false,true,true,3,pere_interdit,1428,1
G95,VI,VI/G95.md,Autres affections de la moelle épinière,5,true,true,true,3,pere_interdit,4005,1
G96,VI,VI/G96.md,Autres affections du système nerveux central,4,true,true,true,3,pere_interdit,2369,1
G97,VI,VI/G97.md,"Affections du système nerveux après un acte à visée diagnostique et thérapeutique, non classées ailleurs",5,false,true,true,3,pere_interdit,1933,1
G98,VI,VI/G98.md,"Autres affections du système nerveux, non classées ailleurs",0,true,true,true,0,codable,1929,1
G99,VI,VI/G99.md,Autres affections du système nerveux au cours de maladies classées ailleurs,4,true,true,true,3,pere_interdit,2724,1
H00,VII,VII/H00.md,Orgelet et chalazion,2,true,true,true,3,pere_interdit,1500,1
H01,VII,VII/H01.md,Autres inflammations de la paupière,4,true,true,true,3,pere_interdit,2198,1
H02,VII,VII/H02.md,Autres affections des paupières,10,true,true,true,3,pere_interdit,3811,1
H03,VII,VII/H03.md,Affections de la paupière au cours de maladies classées ailleurs,3,true,true,true,3,pere_interdit,2620,1
H04,VII,VII/H04.md,Affections de l'appareil lacrymal,9,true,true,true,3,pere_interdit,4120,1
H05,VII,VII/H05.md,Affections de l'orbite,8,true,true,true,3,pere_interdit,3642,1
H06,VII,VII/H06.md,Affections de l'appareil lacrymal et de l'orbite au cours de maladies classées ailleurs,4,true,true,true,3,pere_interdit,1745,1
H10,VII,VII/H10.md,Conjonctivite,8,false,true,true,3,pere_interdit,2305,1
H11,VII,VII/H11.md,Autres affections de la conjonctive,7,true,true,true,3,pere_interdit,2971,1
H13,VII,VII/H13.md,Affections de la conjonctive au cours de maladies classées ailleurs,5,true,true,true,3,pere_interdit,2370,1
H15,VII,VII/H15.md,Affections de la sclérotique,4,true,true,true,3,pere_interdit,2016,1
H16,VII,VII/H16.md,Kératite,7,true,true,true,3,pere_interdit,3581,1
H17,VII,VII/H17.md,Cicatrices et opacités cornéennes,4,false,true,true,3,pere_interdit,1469,1
H18,VII,VII/H18.md,Autres affections de la cornée,10,true,true,true,3,pere_interdit,4449,1
H19,VII,VII/H19.md,Affections de la sclérotique et de la cornée au cours de maladies classées ailleurs,5,true,true,true,3,pere_interdit,3276,1
H20,VII,VII/H20.md,Iridocyclite,5,true,true,true,3,pere_interdit,2374,1
H21,VII,VII/H21.md,Autres affections de l'iris et du corps ciliaire,8,true,true,true,3,pere_interdit,4802,1
H22,VII,VII/H22.md,Affections de l'iris et du corps ciliaire au cours de maladies classées ailleurs,3,true,true,true,3,pere_interdit,2594,1
H25,VII,VII/H25.md,Cataracte sénile,5,true,true,true,3,pere_interdit,2389,1
H26,VII,VII/H26.md,Autres cataractes,7,true,true,true,3,pere_interdit,2878,1
H27,VII,VII/H27.md,Autres affections du cristallin,4,false,true,true,3,pere_interdit,1945,1
H28,VII,VII/H28.md,Cataracte et autres affections du cristallin au cours de maladies classées ailleurs,4,true,true,true,3,pere_interdit,1800,1
H30,VII,VII/H30.md,Choriorétinite,5,true,true,true,3,pere_interdit,2312,1
H31,VII,VII/H31.md,Autres affections de la choroïde,7,true,true,true,3,pere_interdit,3504,1
H32,VII,VII/H32.md,Affections choriorétiniennes au cours de maladies classées ailleurs,2,true,true,true,3,pere_interdit,1576,1
H33,VII,VII/H33.md,Décollement et déchirure de la rétine,6,true,true,true,3,pere_interdit,3552,1
H34,VII,VII/H34.md,Occlusions vasculaires rétiniennes,5,true,true,true,3,pere_interdit,3380,1
H35,VII,VII/H35.md,Autres affections rétiniennes,10,true,true,true,3,pere_interdit,6189,1
H36,VII,VII/H36.md,Affections rétiniennes au cours de maladies classées ailleurs,2,true,true,true,3,pere_interdit,2263,1
H40,VII,VII/H40.md,Glaucome,9,true,true,true,3,pere_interdit,3759,1
H42,VII,VII/H42.md,Glaucome au cours de maladies classées ailleurs,2,true,true,false,3,pere_interdit,1372,1
H43,VII,VII/H43.md,Affections du corps vitré,6,true,true,true,3,pere_interdit,2678,1
H44,VII,VII/H44.md,Affections du globe oculaire,10,true,true,true,3,pere_interdit,5217,1
H45,VII,VII/H45.md,Affections du corps vitré et du globe oculaire au cours de maladies classées ailleurs,3,true,true,false,3,pere_interdit,1524,1
H46,VII,VII/H46.md,Névrite optique,0,true,true,true,0,codable,1880,1
H47,VII,VII/H47.md,Autres affections du nerf [II] et des voies optiques,8,true,true,true,3,pere_interdit,2980,1
H48,VII,VII/H48.md,Affections du nerf [II] et des voies optiques au cours de maladies classées ailleurs,3,true,true,true,3,pere_interdit,1827,1
H49,VII,VII/H49.md,Strabisme paralytique,7,true,true,true,3,pere_interdit,2796,1
H50,VII,VII/H50.md,Autres strabismes,9,true,true,true,3,pere_interdit,3226,1
H51,VII,VII/H51.md,Autres anomalies des mouvements binoculaires,5,false,true,true,3,pere_interdit,2134,1
H52,VII,VII/H52.md,Vices de réfraction et troubles de l'accommodation,8,true,true,true,3,pere_interdit,2405,1
H53,VII,VII/H53.md,Troubles de la vision,9,true,true,true,3,pere_interdit,4219,1
H54,VII,VII/H54.md,Déficience visuelle incluant la cécité (binoculaire ou monoculaire),8,true,true,true,3,pere_interdit,3774,1
H55,VII,VII/H55.md,Nystagmus et autres anomalies des mouvements oculaires,0,true,true,true,0,codable,1412,1
H57,VII,VII/H57.md,Autres affections de l'œil et de ses annexes,4,false,true,true,3,pere_interdit,2324,1
H58,VII,VII/H58.md,Autres affections de l'œil et de ses annexes au cours de maladies classées ailleurs,3,true,true,false,3,pere_interdit,1844,1
H59,VII,VII/H59.md,"Affections de l'œil et de ses annexes après un acte à visée diagnostique et thérapeutique, non classées ailleurs",3,true,true,true,3,pere_interdit,2236,1
H60,VIII,VIII/H60.md,Otite externe,8,true,true,true,3,pere_interdit,3216,1
H61,VIII,VIII/H61.md,Autres affections de l'oreille externe,6,true,true,true,3,pere_interdit,2424,1
H62,VIII,VIII/H62.md,Affections de l'oreille externe au cours de maladies classées ailleurs,6,true,true,true,3,pere_interdit,2216,1
H65,VIII,VIII/H65.md,Otite moyenne non suppurée,6,true,true,false,3,pere_interdit,3266,1
H66,VIII,VIII/H66.md,Otite moyenne suppurée et sans précision,6,true,true,true,3,pere_interdit,2761,1
H67,VIII,VIII/H67.md,Otite moyenne au cours de maladies classées ailleurs,3,true,true,false,3,pere_interdit,1727,1
H68,VIII,VIII/H68.md,Salpingite et obstruction de la trompe d'Eustache,2,true,true,true,3,pere_interdit,1560,1
H69,VIII,VIII/H69.md,Autres affections de la trompe d'Eustache,3,false,true,true,3,pere_interdit,1213,1
H70,VIII,VIII/H70.md,Mastoïdite et affections apparentées,5,true,true,true,3,pere_interdit,2637,1
H71,VIII,VIII/H71.md,Cholestéatome de l'oreille moyenne,0,true,true,true,0,codable,1354,1
H72,VIII,VIII/H72.md,Perforation du tympan,5,true,true,true,3,pere_interdit,2043,1
H73,VIII,VIII/H73.md,Autres affections du tympan,4,true,true,true,3,pere_interdit,1664,1
H74,VIII,VIII/H74.md,Autres affections de l'oreille moyenne et de l'apophyse mastoïde,7,true,true,true,3,pere_interdit,1958,1
H75,VIII,VIII/H75.md,Autres affections de l'oreille moyenne et de l'apophyse mastoïde au cours de maladies classées ailleurs,2,true,true,false,3,pere_interdit,1366,1
H80,VIII,VIII/H80.md,Otosclérose,5,true,true,true,3,pere_interdit,1635,1
H81,VIII,VIII/H81.md,Atteintes des fonctions vestibulaires,7,true,true,true,3,pere_interdit,2903,1
H82,VIII,VIII/H82.md,Syndromes vertigineux au cours de maladies classées ailleurs,0,false,true,false,0,codable,933,1
H83,VIII,VIII/H83.md,Autres maladies de l'oreille interne,6,true,true,true,3,pere_interdit,2247,1
H90,VIII,VIII/H90.md,Surdité de transmission et neurosensorielle,9,true,true,true,3,pere_interdit,2611,1
H91,VIII,VIII/H91.md,Autres pertes de l'audition,6,true,true,true,3,pere_interdit,2707,1
H92,VIII,VIII/H92.md,Otalgie et écoulement par l'oreille,3,false,true,true,3,pere_interdit,1662,1
H93,VIII,VIII/H93.md,"Autres affections de l'oreille, non classées ailleurs",6,true,true,true,3,pere_interdit,2215,1
H94,VIII,VIII/H94.md,Autres affections de l'oreille au cours de maladies classées ailleurs,2,true,true,false,3,pere_interdit,1317,1
H95,VIII,VIII/H95.md,"Affections de l'oreille et de l'apophyse mastoïde après un acte à visée diagnostique et thérapeutique, non classées ailleurs",4,true,true,true,3,pere_interdit,1921,1
I00,IX,IX/I00.md,"Rhumatisme articulaire aigu, sans mention d'atteinte cardiaque",0,true,true,true,0,codable,1379,1
I01,IX,IX/I01.md,"Rhumatisme articulaire aigu, avec atteinte cardiaque",5,true,true,true,3,pere_interdit,3519,1
I02,IX,IX/I02.md,Chorée rhumatismale,2,true,true,true,3,pere_interdit,1939,1
I05,IX,IX/I05.md,Maladies rhumatismales de la valvule mitrale,5,true,true,true,3,pere_interdit,2960,1
I06,IX,IX/I06.md,Maladies rhumatismales de la valvule aortique,5,true,true,true,3,pere_interdit,2417,1
I07,IX,IX/I07.md,Maladies rhumatismales de la valvule tricuspide,5,true,true,true,3,pere_interdit,2635,1
I08,IX,IX/I08.md,Maladies de plusieurs valvules,6,true,true,true,3,pere_interdit,3176,1
I09,IX,IX/I09.md,Autres cardiopathies rhumatismales,5,true,true,true,3,pere_interdit,3120,1
I10,IX,IX/I10.md,Hypertension essentielle (primitive),0,true,true,true,0,codable,2544,1
I11,IX,IX/I11.md,Cardiopathie hypertensive,2,true,true,true,3,pere_interdit,2762,1
I12,IX,IX/I12.md,Néphropathie hypertensive,2,true,true,true,3,pere_interdit,3512,1
I13,IX,IX/I13.md,Cardionéphropathie hypertensive,4,true,true,true,3,pere_interdit,2795,1
I15,IX,IX/I15.md,Hypertension secondaire,5,false,true,true,3,pere_interdit,3452,1
I20,IX,IX/I20.md,Angine de poitrine,4,true,true,true,3,pere_interdit,3528,1
I21,IX,IX/I21.md,Infarctus aigu du myocarde,6,true,true,true,3,pere_interdit,3497,1
I22,IX,IX/I22.md,Infarctus du myocarde à répétition,4,true,true,false,3,pere_interdit,2170,1
I23,IX,IX/I23.md,Certaines complications récentes d'un infarctus aigu du myocarde,8,true,true,true,3,pere_interdit,3125,1
I24,IX,IX/I24.md,Autres cardiopathies ischémiques aigües,4,true,true,true,3,pere_interdit,3317,1
I25,IX,IX/I25.md,Cardiopathie ischémique chronique,9,true,true,true,3,pere_interdit,4446,1
I26,IX,IX/I26.md,Embolie pulmonaire,2,true,true,true,3,pere_interdit,2954,1
I27,IX,IX/I27.md,Autres affections cardiopulmonaires,5,true,true,true,3,pere_interdit,2802,1
I28,IX,IX/I28.md,Autres maladies des vaisseaux pulmonaires,4,true,true,true,3,pere_interdit,2593,1
I30,IX,IX/I30.md,Péricardite aigüe,4,true,true,true,3,pere_interdit,3181,1
I31,IX,IX/I31.md,Autres maladies du péricarde,6,true,true,true,3,pere_interdit,3576,1
I32,IX,IX/I32.md,Péricardite au cours de maladies classées ailleurs,3,true,true,true,3,pere_interdit,2069,1
I33,IX,IX/I33.md,Endocardite aigüe et subaigüe,2,true,true,true,3,pere_interdit,3781,1
I34,IX,IX/I34.md,Atteintes non rhumatismales de la valvule mitrale,5,true,true,true,3,pere_interdit,3534,1
I35,IX,IX/I35.md,Atteintes non rhumatismales de la valvule aortique,5,true,true,true,3,pere_interdit,3053,1
I36,IX,IX/I36.md,Atteintes non rhumatismales de la valvule tricuspide,5,true,true,true,3,pere_interdit,2435,1
I37,IX,IX/I37.md,Atteintes de la valvule pulmonaire,5,true,true,true,3,pere_interdit,2468,1
I38,IX,IX/I38.md,"Endocardite, valvule non précisée",0,true,true,true,0,codable,3179,1
I39,IX,IX/I39.md,Endocardite et atteintes valvulaires cardiaques au cours de maladies classées ailleurs,6,true,true,true,3,pere_interdit,2517,1
I40,IX,IX/I40.md,Myocardite aigüe,4,true,true,true,3,pere_interdit,2324,1
I41,IX,IX/I41.md,Myocardite au cours de maladies classées ailleurs,4,true,true,true,3,pere_interdit,2721,1
I42,IX,IX/I42.md,Myocardiopathie,10,true,true,true,3,pere_interdit,3883,1
I43,IX,IX/I43.md,Myocardiopathie au cours de maladies classées ailleurs,4,true,true,true,3,pere_interdit,2209,1
I44,IX,IX/I44.md,Bloc de branche gauche et auriculoventriculaire,8,true,true,true,3,pere_interdit,3158,1
I45,IX,IX/I45.md,Autres troubles de la conduction,9,true,true,true,3,pere_interdit,3910,1
I46,IX,IX/I46.md,Arrêt cardiaque,3,false,true,true,3,pere_interdit,2687,1
I47,IX,IX/I47.md,Tachycardie paroxystique,4,true,true,true,3,pere_interdit,3414,1
I48,IX,IX/I48.md,Fibrillation et flutter auriculaires,6,true,true,true,3,pere_interdit,2171,1
I49,IX,IX/I49.md,Autres arythmies cardiaques,8,true,true,true,3,pere_interdit,4309,1
I50,IX,IX/I50.md,Insuffisance cardiaque,3,true,true,true,3,pere_interdit,3491,1
I51,IX,IX/I51.md,Complications de cardiopathies et maladies cardiaques mal définies,10,true,true,true,3,pere_interdit,4375,1
I52,IX,IX/I52.md,Autres cardiopathies au cours de maladies classées ailleurs,3,true,true,false,3,pere_interdit,1818,1
I60,IX,IX/I60.md,Hémorragie sousarachnoïdienne,10,true,true,true,3,pere_interdit,4082,1
I61,IX,IX/I61.md,Hémorragie intracérébrale,9,true,true,true,3,pere_interdit,3597,1
I62,IX,IX/I62.md,Autres hémorragies intracrâniennes non traumatiques,3,true,true,true,3,pere_interdit,2840,1
I63,IX,IX/I63.md,Infarctus cérébral,9,true,true,true,3,pere_interdit,3365,1
I64,IX,IX/I64.md,"Accident vasculaire cérébral, non précisé comme étant hémorragique ou par infarctus",0,true,true,true,0,codable,1639,1
I65,IX,IX/I65.md,"Occlusion et sténose des artères précérébrales, n'entraînant pas un infarctus cérébral",6,true,true,true,3,pere_interdit,3962,1
I66,IX,IX/I66.md,"Occlusion et sténose des artères cérébrales, n'entraînant pas un infarctus cérébral",7,true,true,true,3,pere_interdit,4439,1
I67,IX,IX/I67.md,Autres maladies cérébrovasculaires,10,true,true,true,3,pere_interdit,4822,1
I68,IX,IX/I68.md,Troubles cérébrovasculaires au cours de maladies classées ailleurs,4,true,true,true,3,pere_interdit,2279,1
I69,IX,IX/I69.md,Séquelles de maladies cérébrovasculaires,6,true,true,true,3,pere_interdit,2762,1
I70,IX,IX/I70.md,Athérosclérose,5,true,true,true,3,pere_interdit,3419,1
I71,IX,IX/I71.md,Anévrisme aortique et dissection,9,true,true,true,3,pere_interdit,2996,1
I72,IX,IX/I72.md,Autres anévrismes et dissections,9,true,true,true,3,pere_interdit,3686,1
I73,IX,IX/I73.md,Autres maladies vasculaires périphériques,4,true,true,true,3,pere_interdit,4004,1
I74,IX,IX/I74.md,Embolie et thrombose artérielles,8,true,true,true,3,pere_interdit,4300,1
I77,IX,IX/I77.md,Autres atteintes des artères et artérioles,9,true,true,true,3,pere_interdit,4358,1
I78,IX,IX/I78.md,Maladies des capillaires,4,true,true,true,3,pere_interdit,3526,1
I79,IX,IX/I79.md,"Atteintes des artères, artérioles et capillaires au cours de maladies classées ailleurs",4,true,true,true,3,pere_interdit,2256,1
I80,IX,IX/I80.md,Phlébite et thrombophlébite,6,true,true,true,3,pere_interdit,4550,1
I81,IX,IX/I81.md,Thrombose de la veine porte,0,true,true,true,0,codable,2040,1
I82,IX,IX/I82.md,Autres embolies et thromboses veineuses,6,true,true,true,3,pere_interdit,3954,1
I83,IX,IX/I83.md,Varices des membres inférieurs,4,true,true,true,3,pere_interdit,3923,1
I85,IX,IX/I85.md,Varices œsophagiennes,2,true,true,true,3,pere_interdit,2234,1
I86,IX,IX/I86.md,Varices d'autres localisations,6,true,true,true,3,pere_interdit,2888,1
I87,IX,IX/I87.md,Autres atteintes veineuses,5,true,true,true,3,pere_interdit,2915,1
I88,IX,IX/I88.md,Lymphadénite non spécifique,4,true,true,true,3,pere_interdit,3092,1
I89,IX,IX/I89.md,Autres atteintes non infectieuses des vaisseaux et des ganglions lymphatiques,4,true,true,true,3,pere_interdit,4051,1
I95,IX,IX/I95.md,Hypotension,5,true,true,true,3,pere_interdit,2881,1
I97,IX,IX/I97.md,"Troubles de l'appareil circulatoire après un acte à visée diagnostique et thérapeutique, non classés ailleurs",5,true,true,true,3,pere_interdit,3492,1
I98,IX,IX/I98.md,Autres troubles de l'appareil circulatoire au cours de maladies classées ailleurs,5,true,true,true,3,pere_interdit,2664,1
I99,IX,IX/I99.md,Troubles autres et non précisés de l'appareil circulatoire,0,false,true,true,1,interdit_dp_dr,2018,1
J00,X,X/J00.md,Rhinopharyngite aigüe [rhume banal],0,true,true,true,0,codable,2415,1
J01,X,X/J01.md,Sinusite aigüe,7,true,true,true,3,pere_interdit,2571,1
J02,X,X/J02.md,Pharyngite aigüe,3,true,true,true,3,pere_interdit,3418,1
J03,X,X/J03.md,Amygdalite aigüe,3,true,true,true,3,pere_interdit,2387,1
J04,X,X/J04.md,Laryngite et trachéite aigües,3,true,true,true,3,pere_interdit,3157,1
J05,X,X/J05.md,Laryngite obstructive aigüe [croup] et épiglottite aigüe,2,true,true,true,3,pere_interdit,1531,1
J06,X,X/J06.md,"Infections aigües des voies respiratoires supérieures, à localisations multiples et non précisées",3,true,true,true,3,pere_interdit,3022,1
J09,X,X/J09.md,"Grippe, à virus grippal zoonotique ou pandémique identifié",0,false,true,true,0,codable,1515,1
J10,X,X/J10.md,"Grippe, à virus grippal saisonnier identifié",3,true,true,true,3,pere_interdit,2994,1
J11,X,X/J11.md,"Grippe, virus non identifié",3,true,true,true,3,pere_interdit,4072,1
J12,X,X/J12.md,"Pneumopathies virales, non classées ailleurs",6,true,true,true,3,pere_interdit,3374,1
J13,X,X/J13.md,Pneumonie due à Streptococcus pneumoniae,0,true,true,true,0,codable,2211,1
J14,X,X/J14.md,Pneumopathie due à Haemophilus influenzae,0,true,true,true,0,codable,1847,1
J15,X,X/J15.md,"Pneumopathies bactériennes, non classées ailleurs",10,true,true,true,3,pere_interdit,3374,1
J16,X,X/J16.md,"Pneumopathie due à d'autres microorganismes infectieux, non classée ailleurs",2,false,true,true,3,pere_interdit,2176,1
J17,X,X/J17.md,Pneumopathie au cours de maladies classées ailleurs,5,true,true,true,3,pere_interdit,3526,1
J18,X,X/J18.md,Pneumopathie à microorganisme non précisé,5,false,true,true,3,pere_interdit,3461,1
J20,X,X/J20.md,Bronchite aigüe,10,true,true,true,3,pere_interdit,3953,1
J21,X,X/J21.md,Bronchiolite aigüe,4,true,true,true,3,pere_interdit,2375,1
J22,X,X/J22.md,"Infection aigüe des voies respiratoires inférieures, sans précision",0,true,true,true,1,interdit_dp_dr,2275,1
J30,X,X/J30.md,Rhinite allergique et vasomotrice,5,true,true,true,3,pere_interdit,2055,1
J31,X,X/J31.md,"Rhinite, rhinopharyngite et pharyngite chroniques",3,true,true,true,3,pere_interdit,2421,1
J32,X,X/J32.md,Sinusite chronique,7,true,true,true,3,pere_interdit,3252,1
J33,X,X/J33.md,Polype nasal,4,true,true,true,3,pere_interdit,2373,1
J34,X,X/J34.md,Autres maladies du nez et des sinus du nez,5,true,true,true,3,pere_interdit,3064,1
J35,X,X/J35.md,Maladies chroniques des amygdales et des végétations adénoïdes,6,true,true,true,3,pere_interdit,2762,1
J36,X,X/J36.md,Angine phlegmoneuse,0,true,true,true,0,codable,1632,1
J37,X,X/J37.md,Laryngite et laryngotrachéite chroniques,2,true,true,true,3,pere_interdit,2064,1
J38,X,X/J38.md,"Maladies des cordes vocales et du larynx, non classées ailleurs",8,true,true,true,3,pere_interdit,4380,1
J39,X,X/J39.md,Autres maladies des voies respiratoires supérieures,6,true,true,true,3,pere_interdit,3768,1
J40,X,X/J40.md,"Bronchite, non précisée aigüe ou chronique",0,true,true,true,0,codable,2083,1
J41,X,X/J41.md,Bronchite chronique simple et mucopurulente,3,false,true,true,3,pere_interdit,2092,1
J42,X,X/J42.md,"Bronchite chronique, sans précision",0,true,true,true,0,codable,2503,1
J43,X,X/J43.md,Emphysème,5,true,true,true,3,pere_interdit,3667,1
J44,X,X/J44.md,Autres maladies pulmonaires obstructives chroniques,4,true,true,true,3,pere_interdit,4530,1
J45,X,X/J45.md,Asthme,4,true,true,true,3,pere_interdit,3618,1
J46,X,X/J46.md,État de mal asthmatique,0,true,true,true,0,codable,1845,1
J47,X,X/J47.md,Bronchectasie,0,true,true,true,0,codable,2001,1
J60,X,X/J60.md,Pneumoconiose des mineurs de charbon,0,true,true,true,0,codable,1862,1
J61,X,X/J61.md,Pneumoconiose due à l'amiante et à d'autres fibres minérales,0,true,true,true,0,codable,2028,1
J62,X,X/J62.md,Pneumoconiose due à la poussière de silice,2,true,true,true,3,pere_interdit,2278,1
J63,X,X/J63.md,Pneumoconiose due à d'autres poussières inorganiques,7,false,true,true,3,pere_interdit,2274,1
J64,X,X/J64.md,"Pneumoconiose, sans précision",0,false,true,true,0,codable,1263,1
J65,X,X/J65.md,Pneumoconiose associée à la tuberculose,0,true,true,true,0,codable,2029,1
J66,X,X/J66.md,Affections des voies aériennes dues à des poussières organiques précisées,4,true,true,true,3,pere_interdit,1673,1
J67,X,X/J67.md,Pneumopathie par hypersensibilité aux poussières organiques,10,true,true,true,3,pere_interdit,4910,1
J68,X,X/J68.md,"Affections respiratoires dues à l'inhalation d'agents chimiques, d'émanations, de fumées et de gaz",7,true,true,true,3,pere_interdit,3854,1
J69,X,X/J69.md,Pneumopathie due à des substances solides et liquides,3,true,true,true,3,pere_interdit,3093,1
J70,X,X/J70.md,Affections respiratoires dues à d'autres agents externes,7,true,true,true,3,pere_interdit,2650,1
J80,X,X/J80.md,Syndrome de détresse respiratoire aigüe,0,true,true,true,0,codable,1971,1
J81,X,X/J81.md,Œdème pulmonaire,0,true,true,true,0,codable,2113,1
J82,X,X/J82.md,"Éosinophilie pulmonaire, non classée ailleurs",0,true,true,true,0,codable,2276,1
J84,X,X/J84.md,Autres affections pulmonaires interstitielles,4,true,true,true,3,pere_interdit,3889,1
J85,X,X/J85.md,Abcès du poumon et du médiastin,4,true,true,true,3,pere_interdit,2233,1
J86,X,X/J86.md,Pyothorax,2,true,true,true,3,pere_interdit,2867,1
J90,X,X/J90.md,"Épanchement pleural, non classé ailleurs",0,true,true,true,0,codable,2039,1
J91,X,X/J91.md,Épanchement pleural au cours de maladies classées ailleurs,0,false,true,false,0,codable,914,1
J92,X,X/J92.md,Plaque pleurale,2,true,true,true,3,pere_interdit,2064,1
J93,X,X/J93.md,Pneumothorax,4,false,true,true,3,pere_interdit,2263,1
J94,X,X/J94.md,Autres affections pleurales,5,true,true,true,3,pere_interdit,2596,1
J95,X,X/J95.md,"Troubles respiratoires après un acte à visée diagnostique et thérapeutique, non classés ailleurs",8,true,true,true,3,pere_interdit,4244,1
J96,X,X/J96.md,"Insuffisance respiratoire, non classée ailleurs",3,false,true,true,3,pere_interdit,2764,1
J98,X,X/J98.md,Autres troubles respiratoires,10,true,true,true,3,pere_interdit,4943,1
J99,X,X/J99.md,Troubles respiratoires au cours de maladies classées ailleurs,3,true,true,true,3,pere_interdit,2564,1
K00,XI,XI/K00.md,Troubles de l'odontogénèse,10,true,true,true,3,pere_interdit,4986,1
K01,XI,XI/K01.md,Dents incluses et enclavées,2,true,true,true,3,pere_interdit,1523,1
K02,XI,XI/K02.md,Caries dentaires,8,true,true,true,3,pere_interdit,1728,1
K03,XI,XI/K03.md,Autres maladies des tissus dentaires durs,10,true,true,true,3,pere_interdit,4348,1
K04,XI,XI/K04.md,Maladies de la pulpe et des tissus périapicaux,10,true,true,true,3,pere_interdit,3800,1
K05,XI,XI/K05.md,Gingivite et maladies périodontales,7,true,true,true,3,pere_interdit,3159,1
K06,XI,XI/K06.md,Autres affections de la gencive et de la crête alvéolaire édentée,5,true,true,true,3,pere_interdit,3070,1
K07,XI,XI/K07.md,Anomalies dentofaciales [y compris les malocclusions],9,true,true,true,3,pere_interdit,6982,1
K08,XI,XI/K08.md,Autres affections des dents et du parodonte,6,true,true,true,3,pere_interdit,2940,1
K09,XI,XI/K09.md,"Kystes de la région buccale, non classés ailleurs",5,true,true,true,3,pere_interdit,3564,1
K10,XI,XI/K10.md,Autres maladies des mâchoires,6,true,true,true,3,pere_interdit,4315,1
K11,XI,XI/K11.md,Maladies des glandes salivaires,10,true,true,true,3,pere_interdit,4072,1
K12,XI,XI/K12.md,Stomatites et affections apparentées,4,true,true,true,3,pere_interdit,3780,1
K13,XI,XI/K13.md,Autres maladies des lèvres et de la muqueuse buccale,8,true,true,true,3,pere_interdit,4890,1
K14,XI,XI/K14.md,Maladies de la langue,9,true,true,true,3,pere_interdit,4348,1
K20,XI,XI/K20.md,Œsophagite,0,true,true,true,0,codable,2173,1
K21,XI,XI/K21.md,Reflux gastroœsophagien,2,true,true,true,3,pere_interdit,2041,1
K22,XI,XI/K22.md,Autres maladies de l'œsophage,10,true,true,true,3,pere_interdit,4774,1
K23,XI,XI/K23.md,Atteintes de l'œsophage au cours de maladies classées ailleurs,3,false,true,true,3,pere_interdit,1328,1
K25,XI,XI/K25.md,Ulcère de l'estomac,9,true,true,true,3,pere_interdit,2923,1
K26,XI,XI/K26.md,Ulcère du duodénum,9,true,true,true,3,pere_interdit,2837,1
K27,XI,XI/K27.md,"Ulcère digestif, de siège non précisé",9,true,true,true,3,pere_interdit,2958,1
K28,XI,XI/K28.md,Ulcère gastrojéjunal,9,true,true,true,3,pere_interdit,3350,1
K29,XI,XI/K29.md,Gastrite et duodénite,10,true,true,true,3,pere_interdit,3419,1
K30,XI,XI/K30.md,Dyspepsie fonctionnelle,0,true,true,true,0,codable,1375,1
K31,XI,XI/K31.md,Autres maladies de l'estomac et du duodénum,10,true,true,true,3,pere_interdit,4373,1
K35,XI,XI/K35.md,Appendicite aigüe,3,true,true,true,3,pere_interdit,2188,1
K36,XI,XI/K36.md,Autres formes d'appendicite,0,true,true,true,0,codable,1269,1
K37,XI,XI/K37.md,"Appendicite, sans précision",0,false,true,true,0,codable,1159,1
K38,XI,XI/K38.md,Autres maladies de l'appendice,6,true,true,true,3,pere_interdit,1922,1
K40,XI,XI/K40.md,Hernie inguinale,6,true,true,true,3,pere_interdit,3203,1
K41,XI,XI/K41.md,Hernie crurale,6,true,true,true,3,pere_interdit,2426,1
K42,XI,XI/K42.md,Hernie ombilicale,3,true,true,true,3,pere_interdit,2794,1
K43,XI,XI/K43.md,Autres hernies de la paroi abdominale antérieure,9,true,true,true,3,pere_interdit,4464,1
K44,XI,XI/K44.md,Hernie diaphragmatique,3,true,true,true,3,pere_interdit,3045,1
K45,XI,XI/K45.md,Autres hernies abdominales,3,true,true,true,3,pere_interdit,2839,1
K46,XI,XI/K46.md,Hernie abdominale non précisée,3,true,true,true,3,pere_interdit,3170,1
K50,XI,XI/K50.md,Maladie de Crohn [entérite régionale],4,true,true,true,3,pere_interdit,3295,1
K51,XI,XI/K51.md,Rectocolite hémorragique [colite ulcéreuse],7,true,true,true,3,pere_interdit,2642,1
K52,XI,XI/K52.md,Autres gastroentérites et colites non infectieuses,6,true,true,true,3,pere_interdit,4445,1
K55,XI,XI/K55.md,Troubles vasculaires de l'intestin,6,true,true,true,3,pere_interdit,4092,1
K56,XI,XI/K56.md,Iléus paralytique et occlusion intestinale sans hernie,8,true,true,true,3,pere_interdit,4164,1
K57,XI,XI/K57.md,Diverticulose de l'intestin,8,true,true,true,3,pere_interdit,3789,1
K58,XI,XI/K58.md,Syndrome de l'intestin irritable,4,true,true,false,3,pere_interdit,1377,1
K59,XI,XI/K59.md,Autres troubles fonctionnels de l'intestin,7,true,true,true,3,pere_interdit,3333,1
K60,XI,XI/K60.md,Fissure et fistule des régions anale et rectale,6,true,true,true,3,pere_interdit,2298,1
K61,XI,XI/K61.md,Abcès des régions anale et rectale,5,true,true,true,3,pere_interdit,2710,1
K62,XI,XI/K62.md,Autres maladies de l'anus et du rectum,10,true,true,true,3,pere_interdit,3690,1
K63,XI,XI/K63.md,Autres maladies de l'intestin,8,true,true,true,3,pere_interdit,3701,1
K64,XI,XI/K64.md,Hémorroïdes et thrombose veineuse périanale,8,true,true,true,3,pere_interdit,3033,1
K65,XI,XI/K65.md,Péritonite,3,true,true,true,3,pere_interdit,4681,1
K66,XI,XI/K66.md,Autres maladies du péritoine,5,true,true,true,3,pere_interdit,3118,1
K67,XI,XI/K67.md,Atteintes péritonéales au cours de maladies infectieuses classées ailleurs,5,false,true,false,3,pere_interdit,1176,1
K70,XI,XI/K70.md,Maladie alcoolique du foie,6,true,true,true,3,pere_interdit,2851,1
K71,XI,XI/K71.md,Maladie toxique du foie,10,true,true,true,3,pere_interdit,3941,1
K72,XI,XI/K72.md,"Insuffisance hépatique, non classée ailleurs",3,true,true,true,3,pere_interdit,2889,1
K73,XI,XI/K73.md,"Hépatite chronique, non classée ailleurs",5,true,true,true,3,pere_interdit,2384,1
K74,XI,XI/K74.md,Fibrose et cirrhose du foie,7,true,true,true,3,pere_interdit,3276,1
K75,XI,XI/K75.md,Autres maladies inflammatoires du foie,7,true,true,true,3,pere_interdit,3587,1
K76,XI,XI/K76.md,Autres maladies du foie,10,true,true,true,3,pere_interdit,4178,1
K77,XI,XI/K77.md,Atteintes hépatiques au cours de maladies classées ailleurs,2,true,true,true,3,pere_interdit,2260,1
K80,XI,XI/K80.md,Cholélithiase,7,true,true,true,3,pere_interdit,4458,1
K81,XI,XI/K81.md,Cholécystite,4,true,true,true,3,pere_interdit,2868,1
K82,XI,XI/K82.md,Autres maladies de la vésicule biliaire,7,true,true,true,3,pere_interdit,4517,1
K83,XI,XI/K83.md,Autres maladies des voies biliaires,8,true,true,true,3,pere_interdit,4343,1
K85,XI,XI/K85.md,Pancréatite aigüe,6,true,true,true,3,pere_interdit,2334,1
K86,XI,XI/K86.md,Autres maladies du pancréas,6,true,true,true,3,pere_interdit,3992,1
K87,XI,XI/K87.md,"Atteintes de la vésicule biliaire, des voies biliaires et du pancréas au cours de maladies classées ailleurs",2,true,true,false,3,pere_interdit,1404,1
K90,XI,XI/K90.md,Malabsorption intestinale,7,true,true,true,3,pere_interdit,3782,1
K91,XI,XI/K91.md,"Atteintes de l'appareil digestif après un acte à visée diagnostique et thérapeutique, non classées ailleurs",8,true,true,true,3,pere_interdit,4244,1
K92,XI,XI/K92.md,Autres maladies du système digestif,5,true,true,true,3,pere_interdit,2824,1
K93,XI,XI/K93.md,Atteintes d'autres organes de l'appareil digestif au cours de maladies classées ailleurs,3,false,true,false,3,pere_interdit,1292,1
L00,XII,XII/L00.md,Syndrome d'épidermolyse staphylococcique du nourrisson,0,true,true,true,0,codable,2746,1
L01,XII,XII/L01.md,Impétigo,2,true,true,true,3,pere_interdit,2783,1
L02,XII,XII/L02.md,"Abcès cutané, furoncle et anthrax",7,true,true,true,3,pere_interdit,4825,1
L03,XII,XII/L03.md,Phlegmon,6,true,true,true,3,pere_interdit,5183,1
L04,XII,XII/L04.md,Lymphadénite aigüe,6,true,true,true,3,pere_interdit,3642,1
L05,XII,XII/L05.md,Sinus pilonidal,2,true,true,true,3,pere_interdit,2425,1
L08,XII,XII/L08.md,Autres infections localisées de la peau et du tissu cellulaire souscutané,4,true,true,true,3,pere_interdit,4031,1
L10,XII,XII/L10.md,Pemphigus,8,true,true,true,3,pere_interdit,2650,1
L11,XII,XII/L11.md,Autres acantholyses,4,false,true,true,3,pere_interdit,1851,1
L12,XII,XII/L12.md,Pemphigoïde,6,true,true,true,3,pere_interdit,3136,1
L13,XII,XII/L13.md,Autres dermatoses bulleuses,4,true,true,true,3,pere_interdit,3032,1
L14,XII,XII/L14.md,Dermatoses bulleuses au cours de maladies classées ailleurs,0,false,true,false,0,codable,1236,1
L20,XII,XII/L20.md,Dermite atopique,3,true,true,true,3,pere_interdit,2550,1
L21,XII,XII/L21.md,Dermite séborrhéique,4,true,true,true,3,pere_interdit,2138,1
L22,XII,XII/L22.md,Dermite fessière du nourrisson,0,true,true,true,0,codable,1939,1
L23,XII,XII/L23.md,Dermite allergique de contact,10,true,true,true,3,pere_interdit,4218,1
L24,XII,XII/L24.md,Dermite irritante de contact,10,true,true,true,3,pere_interdit,4290,1
L25,XII,XII/L25.md,"Dermite de contact, sans précision",8,true,true,true,3,pere_interdit,3716,1
L26,XII,XII/L26.md,Dermite exfoliatrice,0,true,true,true,0,codable,1781,1
L27,XII,XII/L27.md,Dermite due à des substances prises par voie interne,5,false,true,true,3,pere_interdit,3664,1
L28,XII,XII/L28.md,Lichen simplex chronique et prurigo,3,true,true,true,3,pere_interdit,2811,1
L29,XII,XII/L29.md,Prurit,6,true,true,true,3,pere_interdit,2317,1
L30,XII,XII/L30.md,Autres dermites,8,true,true,true,3,pere_interdit,3851,1
L40,XII,XII/L40.md,Psoriasis,8,true,true,true,3,pere_interdit,3357,1
L41,XII,XII/L41.md,Parapsoriasis,7,true,true,true,3,pere_interdit,2188,1
L42,XII,XII/L42.md,Pityriasis rosé de Gibert,0,false,true,true,0,codable,1153,1
L43,XII,XII/L43.md,Lichen plan,6,true,true,true,3,pere_interdit,2020,1
L44,XII,XII/L44.md,Autres lésions papulosquameuses,7,true,true,true,3,pere_interdit,1836,1
L45,XII,XII/L45.md,Lésions papulosquameuses au cours de maladies classées ailleurs,0,false,true,false,0,codable,1021,1
L50,XII,XII/L50.md,Urticaire,9,true,true,true,3,pere_interdit,3070,1
L51,XII,XII/L51.md,Érythème polymorphe,5,true,true,true,3,pere_interdit,2173,1
L52,XII,XII/L52.md,Érythème noueux,0,false,true,true,0,codable,1259,1
L53,XII,XII/L53.md,Autres formes d'érythème,6,true,true,true,3,pere_interdit,3468,1
L54,XII,XII/L54.md,Érythèmes au cours de maladies classées ailleurs,2,false,true,false,3,pere_interdit,1292,1
L55,XII,XII/L55.md,Coup de soleil,5,false,true,true,3,pere_interdit,1427,1
L56,XII,XII/L56.md,Autres modifications aigües de la peau dues aux rayons ultraviolets,7,false,true,true,3,pere_interdit,2199,1
L57,XII,XII/L57.md,Modifications de la peau dues à une exposition chronique aux rayonnements non ionisants,8,true,true,true,3,pere_interdit,2780,1
L58,XII,XII/L58.md,Radiodermite,3,false,true,true,3,pere_interdit,1902,1
L59,XII,XII/L59.md,Autres affections de la peau et du tissu cellulaire souscutané liées à une irradiation,3,false,true,true,3,pere_interdit,2128,1
L60,XII,XII/L60.md,Maladies des ongles,8,false,true,true,3,pere_interdit,2642,1
L62,XII,XII/L62.md,Maladies des ongles au cours de maladies classées ailleurs,2,false,true,false,3,pere_interdit,1323,1
L63,XII,XII/L63.md,Pelade,5,true,true,true,3,pere_interdit,1757,1
L64,XII,XII/L64.md,Alopécie androgénique,3,true,true,true,3,pere_interdit,1456,1
L65,XII,XII/L65.md,Autres formes non cicatricielles de raréfaction du système pileux,5,true,true,true,3,pere_interdit,1858,1
L66,XII,XII/L66.md,Alopécie cicatricielle,7,true,true,true,3,pere_interdit,2100,1
L67,XII,XII/L67.md,Anomalies de la pigmentation et de la gaine capillaires,4,true,true,true,3,pere_interdit,2519,1
L68,XII,XII/L68.md,Hypertrichose,6,true,true,true,3,pere_interdit,1923,1
L70,XII,XII/L70.md,Acné,8,true,true,true,3,pere_interdit,2458,1
L71,XII,XII/L71.md,Acné rosacée,4,false,true,true,3,pere_interdit,1534,1
L72,XII,XII/L72.md,Kystes folliculaires de la peau et du tissu cellulaire souscutané,5,true,true,true,3,pere_interdit,2459,1
L73,XII,XII/L73.md,Autres affections folliculaires,5,true,true,true,3,pere_interdit,2131,1
L74,XII,XII/L74.md,Affections des glandes sudoripares exocrines,7,true,true,true,3,pere_interdit,2407,1
L75,XII,XII/L75.md,Affections des glandes sudoripares apocrines,5,true,true,true,3,pere_interdit,1959,1
L80,XII,XII/L80.md,Vitiligo,0,false,true,true,0,codable,1081,1
L81,XII,XII/L81.md,Autres anomalies de la pigmentation,10,true,true,true,3,pere_interdit,3439,1
L82,XII,XII/L82.md,Kératose séborrhéique,0,true,true,true,0,codable,1435,1
L83,XII,XII/L83.md,Acanthosis nigricans,0,true,true,true,0,codable,1422,1
L84,XII,XII/L84.md,Cors et callosités,0,true,true,true,0,codable,1306,1
L85,XII,XII/L85.md,Autres épaississements de l'épiderme,6,true,true,true,3,pere_interdit,2985,1
L86,XII,XII/L86.md,Kératodermie au cours de maladies classées ailleurs,0,true,true,true,0,codable,1408,1
L87,XII,XII/L87.md,Anomalies de l'élimination transépidermique,5,true,true,true,3,pere_interdit,1990,1
L88,XII,XII/L88.md,Pyodermite gangréneuse,0,true,true,true,0,codable,1910,1
L89,XII,XII/L89.md,Ulcère de décubitus et zone de pression,5,true,true,true,3,pere_interdit,3047,1
L90,XII,XII/L90.md,Affections atrophiques de la peau,9,true,true,true,3,pere_interdit,3852,1
L91,XII,XII/L91.md,Affections hypertrophiques de la peau,3,true,true,true,3,pere_interdit,1759,1
L92,XII,XII/L92.md,Lésions granulomateuses de la peau et du tissu cellulaire souscutané,6,true,true,true,3,pere_interdit,2575,1
L93,XII,XII/L93.md,Lupus érythémateux,3,true,true,true,3,pere_interdit,2404,1
L94,XII,XII/L94.md,Autres affections localisées du tissu conjonctif,9,true,true,true,3,pere_interdit,2782,1
L95,XII,XII/L95.md,"Vascularite [angéite] limitée à la peau, non classée ailleurs",4,true,true,true,3,pere_interdit,3052,1
L97,XII,XII/L97.md,"Ulcère du membre inférieur, non classé ailleurs",0,false,true,true,0,codable,2225,1
L98,XII,XII/L98.md,"Autres affections de la peau et du tissu cellulaire souscutané, non classées ailleurs",10,true,true,true,3,pere_interdit,4492,1
L99,XII,XII/L99.md,Autres affections de la peau et du tissu cellulaire souscutané au cours de maladies classées ailleurs,2,true,true,true,3,pere_interdit,1885,1
M00,XIII,XIII/M00.md,Arthrites à bactéries pyogènes,5,true,true,true,3,pere_interdit,3409,1
M01,XIII,XIII/M01.md,Arthrites infectieuses directes au cours de maladies infectieuses et parasitaires classées ailleurs,8,true,true,true,3,pere_interdit,4109,1
M02,XIII,XIII/M02.md,Arthropathies réactionnelles,6,false,true,true,3,pere_interdit,2189,1
M03,XIII,XIII/M03.md,Arthropathies postinfectieuses et réactionnelles au cours de maladies classées ailleurs,4,true,true,true,3,pere_interdit,3428,1
M05,XIII,XIII/M05.md,Polyarthrite rhumatoïde séropositive,6,true,true,true,3,pere_interdit,4134,1
M06,XIII,XIII/M06.md,Autres polyarthrites rhumatoïdes,7,false,true,true,3,pere_interdit,2757,1
M07,XIII,XIII/M07.md,Arthropathies psoriasiques et entéropathiques,7,false,true,true,3,pere_interdit,2102,1
M08,XIII,XIII/M08.md,Polyarthrites juvéniles,7,true,true,true,3,pere_interdit,3034,1
M09,XIII,XIII/M09.md,Polyarthrite juvénile au cours de maladies classées ailleurs,4,false,true,true,3,pere_interdit,1884,1
M10,XIII,XIII/M10.md,Goutte,6,true,true,true,3,pere_interdit,3575,1
M11,XIII,XIII/M11.md,Autres arthropathies dues à des microcristaux,5,true,true,true,3,pere_interdit,2909,1
M12,XIII,XIII/M12.md,Autres arthropathies spécifiques,7,true,true,true,3,pere_interdit,2496,1
M13,XIII,XIII/M13.md,Autres arthrites,4,true,true,true,3,pere_interdit,2652,1
M14,XIII,XIII/M14.md,Arthropathies au cours d'autres maladies classées ailleurs,8,true,true,true,3,pere_interdit,6593,1
M15,XIII,XIII/M15.md,Polyarthrose,7,true,true,true,3,pere_interdit,3728,1
M16,XIII,XIII/M16.md,Coxarthrose [arthrose de la hanche],9,true,true,true,3,pere_interdit,4216,1
M17,XIII,XIII/M17.md,Gonarthrose [arthrose du genou],7,true,true,true,3,pere_interdit,4882,1
M18,XIII,XIII/M18.md,Arthrose de la première articulation carpométacarpienne,7,true,true,true,3,pere_interdit,4047,1
M19,XIII,XIII/M19.md,Autres arthroses,5,true,true,true,3,pere_interdit,3841,1
M20,XIII,XIII/M20.md,Déformations des doigts et des orteils,7,true,true,true,3,pere_interdit,3371,1
M21,XIII,XIII/M21.md,Autres déformations des membres,10,false,true,true,3,pere_interdit,4180,1
M22,XIII,XIII/M22.md,Lésion de la rotule,7,true,true,true,3,pere_interdit,2675,1
M23,XIII,XIII/M23.md,Lésion interne du genou,9,true,true,true,3,pere_interdit,3744,1
M24,XIII,XIII/M24.md,Autres affections articulaires spécifiques,10,true,true,true,3,pere_interdit,6441,1
M25,XIII,XIII/M25.md,"Autres affections articulaires, non classées ailleurs",10,true,true,true,3,pere_interdit,4554,1
M30,XIII,XIII/M30.md,Périartérite noueuse et affections apparentées,5,true,true,true,3,pere_interdit,3539,1
M31,XIII,XIII/M31.md,Autres vasculopathies nécrosantes,9,true,true,true,3,pere_interdit,4525,1
M32,XIII,XIII/M32.md,Lupus érythémateux disséminé,4,true,true,true,3,pere_interdit,3848,1
M33,XIII,XIII/M33.md,Dermatopolymyosite,4,true,true,true,3,pere_interdit,2889,1
M34,XIII,XIII/M34.md,Sclérodermie systémique,5,true,true,true,3,pere_interdit,4228,1
M35,XIII,XIII/M35.md,Autres atteintes systémiques du tissu conjonctif,10,true,true,true,3,pere_interdit,5203,1
M36,XIII,XIII/M36.md,Atteintes systémiques du tissu conjonctif au cours de maladies classées ailleurs,6,true,true,true,3,pere_interdit,3635,1
M40,XIII,XIII/M40.md,Cyphose et lordose,6,true,true,true,3,pere_interdit,2562,1
M41,XIII,XIII/M41.md,Scoliose,8,true,true,true,3,pere_interdit,3661,1
M42,XIII,XIII/M42.md,Ostéochondrite vertébrale,3,true,true,true,3,pere_interdit,1928,1
M43,XIII,XIII/M43.md,Autres dorsopathies avec déformation,9,true,true,true,3,pere_interdit,5318,1
M45,XIII,XIII/M45.md,Spondylarthrite ankylosante,0,true,true,true,0,codable,2361,1
M46,XIII,XIII/M46.md,Autres spondylopathies inflammatoires,8,true,true,true,3,pere_interdit,3005,1
M47,XIII,XIII/M47.md,Spondylarthrose,5,true,true,true,3,pere_interdit,4377,1
M48,XIII,XIII/M48.md,Autres spondylopathies,8,true,true,true,3,pere_interdit,3846,1
M49,XIII,XIII/M49.md,Spondylopathies au cours de maladies classées ailleurs,7,true,true,true,3,pere_interdit,2582,1
M50,XIII,XIII/M50.md,Atteintes des disques cervicaux,6,true,true,true,3,pere_interdit,2378,1
M51,XIII,XIII/M51.md,Atteintes d'autres disques intervertébraux,7,true,true,true,3,pere_interdit,3466,1
M53,XIII,XIII/M53.md,"Autres dorsopathies, non classées ailleurs",6,true,true,true,3,pere_interdit,3482,1
M54,XIII,XIII/M54.md,Dorsalgies,9,true,true,true,3,pere_interdit,5082,1
M60,XIII,XIII/M60.md,Myosite,5,true,true,true,3,pere_interdit,3450,1
M61,XIII,XIII/M61.md,Calcification et ossification de muscles,7,true,true,true,3,pere_interdit,3087,1
M62,XIII,XIII/M62.md,Autres atteintes musculaires,9,true,true,true,3,pere_interdit,4999,1
M63,XIII,XIII/M63.md,Atteintes musculaires au cours de maladies classées ailleurs,5,true,true,true,3,pere_interdit,3889,1
M65,XIII,XIII/M65.md,Synovite et ténosynovite,7,true,true,true,3,pere_interdit,3699,1
M66,XIII,XIII/M66.md,Déchirure spontanée de la synoviale et du tendon,6,true,true,true,3,pere_interdit,3305,1
M67,XIII,XIII/M67.md,Autres atteintes de la synoviale et du tendon,7,true,true,true,3,pere_interdit,4452,1
M68,XIII,XIII/M68.md,Atteintes de la synoviale et du tendon au cours de maladies classées ailleurs,2,true,true,true,3,pere_interdit,2680,1
M70,XIII,XIII/M70.md,Affections des tissus mous par sollicitation excessive de l'articulation,10,true,true,true,3,pere_interdit,3124,1
M71,XIII,XIII/M71.md,Autres bursopathies,8,true,true,true,3,pere_interdit,3558,1
M72,XIII,XIII/M72.md,Affections fibroblastiques,7,true,true,true,3,pere_interdit,4004,1
M73,XIII,XIII/M73.md,Affections des tissus mous au cours de maladies classées ailleurs,3,false,true,true,3,pere_interdit,1470,1
M75,XIII,XIII/M75.md,Lésions de l'épaule,9,true,true,true,3,pere_interdit,4551,1
M76,XIII,XIII/M76.md,"Enthésopathies du membre inférieur, sauf le pied",10,true,true,true,3,pere_interdit,3961,1
M77,XIII,XIII/M77.md,Autres enthésopathies,8,true,true,true,3,pere_interdit,3933,1
M79,XIII,XIII/M79.md,"Autres affections des tissus mous, non classées ailleurs",10,true,true,true,3,pere_interdit,5072,1
M80,XIII,XIII/M80.md,Ostéoporose avec fracture pathologique,8,true,true,true,3,pere_interdit,4016,1
M81,XIII,XIII/M81.md,Ostéoporose sans fracture pathologique,9,true,true,true,3,pere_interdit,3711,1
M82,XIII,XIII/M82.md,Ostéoporose au cours de maladies classées ailleurs,3,false,true,true,3,pere_interdit,1708,1
M83,XIII,XIII/M83.md,Ostéomalacie de l'adulte,8,true,true,true,3,pere_interdit,3520,1
M84,XIII,XIII/M84.md,Anomalie de la continuité osseuse,7,true,true,true,3,pere_interdit,3431,1
M85,XIII,XIII/M85.md,Autres anomalies de la densité et de la structure osseuses,9,true,true,true,3,pere_interdit,4209,1
M86,XIII,XIII/M86.md,Ostéomyélite,9,true,true,true,3,pere_interdit,3946,1
M87,XIII,XIII/M87.md,Ostéonécrose,6,true,true,true,3,pere_interdit,3068,1
M88,XIII,XIII/M88.md,Maladie osseuse de Paget [ostéite déformante],3,false,true,true,3,pere_interdit,2021,1
M89,XIII,XIII/M89.md,Autres maladies osseuses,9,true,true,true,3,pere_interdit,4351,1
M90,XIII,XIII/M90.md,Ostéopathie au cours de maladies classées ailleurs,9,true,true,true,3,pere_interdit,3564,1
M91,XIII,XIII/M91.md,Ostéochondrite juvénile de la hanche et du bassin,6,true,true,true,3,pere_interdit,3600,1
M92,XIII,XIII/M92.md,Autres ostéochondrites juvéniles,10,true,true,true,3,pere_interdit,7060,1
M93,XIII,XIII/M93.md,Autres ostéochondropathies,5,true,true,true,3,pere_interdit,3937,1
M94,XIII,XIII/M94.md,Autres affections du cartilage,6,true,true,true,3,pere_interdit,2502,1
M95,XIII,XIII/M95.md,"Autres déformations du système ostéoarticulaire, des muscles et du tissu conjonctif",8,true,true,true,3,pere_interdit,4576,1
M96,XIII,XIII/M96.md,"Affections du système ostéoarticulaire et des muscles après un acte à visée diagnostique et thérapeutique, non classées ailleurs",9,true,true,true,3,pere_interdit,4308,1
M99,XIII,XIII/M99.md,"Lésions biomécaniques, non classées ailleurs",10,true,true,false,3,pere_interdit,2056,1
N00,XIV,XIV/N00.md,Syndrome néphritique aigu,10,true,true,true,3,pere_interdit,3412,1
N01,XIV,XIV/N01.md,Syndrome néphritique d'évolution rapide,10,true,true,true,3,pere_interdit,3783,1
N02,XIV,XIV/N02.md,Hématurie récidivante et persistante,10,true,true,true,3,pere_interdit,4133,1
N03,XIV,XIV/N03.md,Syndrome néphritique chronique,10,true,true,true,3,pere_interdit,4865,1
N04,XIV,XIV/N04.md,Syndrome néphrotique,10,true,true,true,3,pere_interdit,3733,1
N05,XIV,XIV/N05.md,"Syndrome néphritique, sans précision",10,true,true,true,3,pere_interdit,4594,1
N06,XIV,XIV/N06.md,Protéinurie isolée avec lésions morphologiques précisées,10,true,true,true,3,pere_interdit,3516,1
N07,XIV,XIV/N07.md,"Néphropathie héréditaire, non classée ailleurs",10,true,true,true,3,pere_interdit,3633,1
N08,XIV,XIV/N08.md,Glomérulopathies au cours de maladies classées ailleurs,7,true,true,true,3,pere_interdit,6183,1
N10,XIV,XIV/N10.md,Néphrite tubulo-interstitielle aigüe,0,true,true,true,0,codable,2223,1
N11,XIV,XIV/N11.md,Néphrite tubulo-interstitielle chronique,4,true,true,true,3,pere_interdit,4296,1
N12,XIV,XIV/N12.md,"Néphrite tubulo-interstitielle, non précisée comme aigüe ou chronique",0,true,true,true,0,codable,2141,1
N13,XIV,XIV/N13.md,Uropathie obstructive et par reflux,10,true,true,true,3,pere_interdit,4638,1
N14,XIV,XIV/N14.md,Atteintes tubulo-interstitielles et tubulaires dues à des médicaments et des métaux lourds,5,true,true,true,3,pere_interdit,2652,1
N15,XIV,XIV/N15.md,Autres maladies rénales tubulo-interstitielles,4,true,true,true,3,pere_interdit,2719,1
N16,XIV,XIV/N16.md,Maladies rénales tubulo-interstitielles au cours de maladies classées ailleurs,7,true,true,true,3,pere_interdit,4504,1
N17,XIV,XIV/N17.md,Insuffisance rénale aigüe,5,true,true,true,3,pere_interdit,3654,1
N18,XIV,XIV/N18.md,Maladie rénale chronique,6,true,true,true,3,pere_interdit,3880,1
N19,XIV,XIV/N19.md,"Défaillance rénale, sans précision",0,true,true,true,0,codable,2391,1
N20,XIV,XIV/N20.md,Calcul du rein et de l'uretère,4,true,true,true,3,pere_interdit,2711,1
N21,XIV,XIV/N21.md,Calcul des voies urinaires inférieures,4,true,true,true,3,pere_interdit,2023,1
N22,XIV,XIV/N22.md,Calcul des voies urinaires au cours de maladies classées ailleurs,2,false,true,true,3,pere_interdit,1267,1
N23,XIV,XIV/N23.md,"Colique néphrétique, sans précision",0,false,true,true,0,codable,1237,1
N25,XIV,XIV/N25.md,Affections dues à une tubulopathie,4,true,true,true,3,pere_interdit,3112,1
N26,XIV,XIV/N26.md,"Rein scléreux, sans précision",0,true,true,true,0,codable,1982,1
N27,XIV,XIV/N27.md,Petit rein de cause inconnue,3,false,true,true,3,pere_interdit,1375,1
N28,XIV,XIV/N28.md,"Autres affections du rein et de l'uretère, non classées ailleurs",4,true,true,true,3,pere_interdit,4777,1
N29,XIV,XIV/N29.md,Autres affections du rein et de l'uretère au cours de maladies classées ailleurs,3,true,true,true,3,pere_interdit,1992,1
N30,XIV,XIV/N30.md,Cystite,7,true,true,true,3,pere_interdit,3060,1
N31,XIV,XIV/N31.md,"Dysfonctionnement neuromusculaire de la vessie, non classé ailleurs",5,true,true,true,3,pere_interdit,3178,1
N32,XIV,XIV/N32.md,Autres affections de la vessie,7,true,true,true,3,pere_interdit,3776,1
N33,XIV,XIV/N33.md,Affections de la vessie au cours de maladies classées ailleurs,2,true,true,true,3,pere_interdit,1694,1
N34,XIV,XIV/N34.md,Urétrite et syndrome urétral,4,true,true,true,3,pere_interdit,2858,1
N35,XIV,XIV/N35.md,Rétrécissement urétral,4,true,true,true,3,pere_interdit,2553,1
N36,XIV,XIV/N36.md,Autres affections de l'urètre,6,true,true,true,3,pere_interdit,3336,1
N37,XIV,XIV/N37.md,Affections de l'urètre au cours de maladies classées ailleurs,2,true,true,true,3,pere_interdit,1599,1
N39,XIV,XIV/N39.md,Autres affections de l'appareil urinaire,7,true,true,true,3,pere_interdit,3791,1
N40,XIV,XIV/N40.md,Hyperplasie de la prostate,0,true,true,true,0,codable,2634,1
N41,XIV,XIV/N41.md,Affections inflammatoires de la prostate,6,true,true,true,3,pere_interdit,2398,1
N42,XIV,XIV/N42.md,Autres affections de la prostate,6,true,true,true,3,pere_interdit,2530,1
N43,XIV,XIV/N43.md,Hydrocèle et spermatocèle,5,true,true,true,3,pere_interdit,1524,1
N44,XIV,XIV/N44.md,Torsion du testicule,0,true,true,true,0,codable,1174,1
N45,XIV,XIV/N45.md,Orchite et épididymite,2,true,true,true,3,pere_interdit,2233,1
N46,XIV,XIV/N46.md,"Stérilité, chez l'homme",0,true,true,true,0,codable,1352,1
N47,XIV,XIV/N47.md,"Hypertrophie du prépuce, phimosis et paraphimosis",0,true,true,true,0,codable,1212,1
N48,XIV,XIV/N48.md,Autres affections de la verge,9,true,true,true,3,pere_interdit,4063,1
N49,XIV,XIV/N49.md,"Affections inflammatoires des organes génitaux de l'homme, non classées ailleurs",5,true,true,true,3,pere_interdit,3607,1
N50,XIV,XIV/N50.md,Autres affections des organes génitaux de l'homme,4,true,true,true,3,pere_interdit,4630,1
N51,XIV,XIV/N51.md,Affections des organes génitaux de l'homme au cours de maladies classées ailleurs,4,true,true,true,3,pere_interdit,2802,1
N60,XIV,XIV/N60.md,Dysplasies mammaires bénignes,7,true,true,true,3,pere_interdit,2459,1
N61,XIV,XIV/N61.md,Affections inflammatoires du sein,0,true,true,true,0,codable,2376,1
N62,XIV,XIV/N62.md,Hypertrophie mammaire,0,true,true,true,0,codable,1342,1
N63,XIV,XIV/N63.md,"Tuméfaction mammaire, sans précision",0,true,true,true,0,codable,1362,1
N64,XIV,XIV/N64.md,Autres affections du sein,8,true,true,true,3,pere_interdit,3152,1
N70,XIV,XIV/N70.md,Salpingite et ovarite,3,true,true,true,3,pere_interdit,2172,1
N71,XIV,XIV/N71.md,"Affections inflammatoires de l'utérus, à l'exclusion du col",3,true,true,true,3,pere_interdit,2455,1
N72,XIV,XIV/N72.md,Affections inflammatoires du col de l'utérus,0,true,true,true,0,codable,1790,1
N73,XIV,XIV/N73.md,Autres affections inflammatoires pelviennes de la femme,9,true,true,true,3,pere_interdit,3761,1
N74,XIV,XIV/N74.md,"Affections inflammatoires pelviennes de la femme, au cours de maladies classées ailleurs",6,true,true,true,3,pere_interdit,1843,1
N75,XIV,XIV/N75.md,Affection de la glande de Bartholin,4,true,true,true,3,pere_interdit,1551,1
N76,XIV,XIV/N76.md,Autres inflammations du vagin et de la vulve,8,true,true,true,3,pere_interdit,3102,1
N77,XIV,XIV/N77.md,Ulcération et inflammation vulvovaginales au cours de maladies classées ailleurs,3,true,true,true,3,pere_interdit,2643,1
N80,XIV,XIV/N80.md,Endométriose,9,true,true,true,3,pere_interdit,2228,1
N81,XIV,XIV/N81.md,Prolapsus génital,9,true,true,true,3,pere_interdit,3997,1
N82,XIV,XIV/N82.md,Fistules de l'appareil génital de la femme,8,true,true,true,3,pere_interdit,3159,1
N83,XIV,XIV/N83.md,"Affections non inflammatoires de l'ovaire, de la trompe de Fallope et du ligament large",10,true,true,true,3,pere_interdit,4033,1
N84,XIV,XIV/N84.md,Polype de l'appareil génital de la femme,6,true,true,true,3,pere_interdit,2148,1
N85,XIV,XIV/N85.md,"Autres affections non inflammatoires de l'utérus, sauf le col",10,true,true,true,3,pere_interdit,4400,1
N86,XIV,XIV/N86.md,Érosion et ectropion du col de l'utérus,0,true,true,true,0,codable,1332,1
N87,XIV,XIV/N87.md,Dysplasie du col de l'utérus,4,true,true,true,3,pere_interdit,1980,1
N88,XIV,XIV/N88.md,Autres affections non inflammatoires du col de l'utérus,7,true,true,true,3,pere_interdit,2743,1
N89,XIV,XIV/N89.md,Autres affections non inflammatoires du vagin,10,true,true,true,3,pere_interdit,3815,1
N90,XIV,XIV/N90.md,Autres affections non inflammatoires de la vulve et du périnée,10,true,true,true,3,pere_interdit,3857,1
N91,XIV,XIV/N91.md,"Aménorrhée, oligoménorrhée et hypoménorrhée",6,true,true,true,3,pere_interdit,1871,1
N92,XIV,XIV/N92.md,"Ménorragie, polyménorrhée et métrorragie",7,true,true,true,3,pere_interdit,3678,1
N93,XIV,XIV/N93.md,Autres saignements anormaux de l'utérus et du vagin,3,true,true,true,3,pere_interdit,2246,1
N94,XIV,XIV/N94.md,Douleurs et autres affections des organes génitaux de la femme et du cycle menstruel,9,false,true,true,3,pere_interdit,2862,1
N95,XIV,XIV/N95.md,Troubles de la ménopause et autres troubles de la périménopause,6,true,true,true,3,pere_interdit,2779,1
N96,XIV,XIV/N96.md,Avortements à répétition,0,true,true,true,0,codable,1365,1
N97,XIV,XIV/N97.md,Stérilité de la femme,7,true,true,true,3,pere_interdit,2506,1
N98,XIV,XIV/N98.md,Complications de la fécondation artificielle,6,true,true,true,3,pere_interdit,2250,1
N99,XIV,XIV/N99.md,"Affections de l'appareil génito-urinaire après un acte à visée diagnostique et thérapeutique, non classées ailleurs",8,true,true,true,3,pere_interdit,3473,1
O00,XV,XV/O00.md,Grossesse extra-utérine,5,true,true,true,3,pere_interdit,2761,1
O01,XV,XV/O01.md,Môle hydatiforme,3,true,true,true,3,pere_interdit,1666,1
O02,XV,XV/O02.md,Autres produits anormaux de la conception,4,true,true,true,3,pere_interdit,2372,1
O03,XV,XV/O03.md,Avortement spontané,10,true,true,true,3,pere_interdit,2701,1
O04,XV,XV/O04.md,Avortement médical,0,true,true,false,3,pere_interdit,1588,1
O05,XV,XV/O05.md,Autres formes d'avortement,10,true,true,false,3,pere_interdit,2334,1
O06,XV,XV/O06.md,"Avortement, sans précision",10,true,true,true,3,pere_interdit,2563,1
O07,XV,XV/O07.md,Échec d'une tentative d'avortement,10,true,true,false,3,pere_interdit,2637,1
O08,XV,XV/O08.md,"Complications consécutives à un avortement, une grossesse extra-utérine et molaire",10,true,true,true,3,pere_interdit,10897,1
O10,XV,XV/O10.md,"Hypertension préexistante compliquant la grossesse, l'accouchement et la puerpéralité",6,true,true,true,3,pere_interdit,3070,1
O11,XV,XV/O11.md,Prééclampsie surajoutée à une hypertension chronique,0,true,true,true,0,codable,1392,1
O12,XV,XV/O12.md,Œdème et protéinurie gestationnels [liés à la grossesse] sans hypertension,3,false,true,true,3,pere_interdit,1319,1
O13,XV,XV/O13.md,Hypertension gestationnelle [liée à la grossesse],0,true,true,true,0,codable,1439,1
O14,XV,XV/O14.md,Prééclampsie,4,true,true,true,3,pere_interdit,1785,1
O15,XV,XV/O15.md,Éclampsie,4,true,true,true,3,pere_interdit,1520,1
O16,XV,XV/O16.md,"Hypertension de la mère, sans précision",0,true,true,true,0,codable,1257,1
O20,XV,XV/O20.md,Hémorragie du début de la grossesse,3,true,true,true,3,pere_interdit,1864,1
O21,XV,XV/O21.md,Vomissements incoercibles au cours de la grossesse,5,true,true,true,3,pere_interdit,2846,1
O22,XV,XV/O22.md,Complications veineuses et hémorroïdes au cours de la grossesse,8,true,true,true,3,pere_interdit,3742,1
O23,XV,XV/O23.md,Infections de l'appareil génito-urinaire au cours de la grossesse,7,true,true,true,3,pere_interdit,3580,1
O24,XV,XV/O24.md,Diabète sucré au cours de la grossesse,6,true,true,true,3,pere_interdit,2205,1
O25,XV,XV/O25.md,Malnutrition au cours de la grossesse,0,true,true,false,0,codable,1337,1
O26,XV,XV/O26.md,Soins maternels pour d'autres affections liées principalement à la grossesse,10,true,true,true,3,pere_interdit,3729,1
O28,XV,XV/O28.md,Résultats anormaux constatés au cours de l'examen prénatal systématique de la mère,8,false,true,true,3,pere_interdit,3218,1
O29,XV,XV/O29.md,Complications d'une anesthésie au cours de la grossesse,9,true,true,true,3,pere_interdit,4134,1
O30,XV,XV/O30.md,Grossesse multiple,5,true,true,true,3,pere_interdit,1790,1
O31,XV,XV/O31.md,Complications spécifiques à une grossesse multiple,4,true,true,true,3,pere_interdit,1668,1
O32,XV,XV/O32.md,Soins maternels pour présentation anormale connue ou présumée du fœtus,9,true,true,true,3,pere_interdit,2313,1
O33,XV,XV/O33.md,Soins maternels pour disproportion fœtopelvienne connue ou présumée,10,true,true,true,3,pere_interdit,4080,1
O34,XV,XV/O34.md,Soins maternels pour anomalie connue ou présumée des organes pelviens,10,true,true,true,3,pere_interdit,5995,1
O35,XV,XV/O35.md,"Soins maternels pour anomalie et lésion fœtales, connues ou présumées",10,true,true,true,3,pere_interdit,4429,1
O36,XV,XV/O36.md,Soins maternels pour d'autres affections connues ou présumées du fœtus,10,true,true,true,3,pere_interdit,4155,1
O40,XV,XV/O40.md,Hydramnios,0,false,true,true,0,codable,1008,1
O41,XV,XV/O41.md,Autres anomalies du liquide amniotique et des membranes,4,true,true,true,3,pere_interdit,2255,1
O42,XV,XV/O42.md,Rupture prématurée des membranes,4,false,true,true,3,pere_interdit,1756,1
O43,XV,XV/O43.md,Anomalies du placenta,5,true,true,true,3,pere_interdit,3123,1
O44,XV,XV/O44.md,Placenta prævia,2,true,true,true,3,pere_interdit,1913,1
O45,XV,XV/O45.md,Décollement prématuré du placenta [hématome rétroplacentaire],3,true,true,true,3,pere_interdit,2425,1
O46,XV,XV/O46.md,"Hémorragie précédant l'accouchement, non classée ailleurs",3,true,true,true,3,pere_interdit,2886,1
O47,XV,XV/O47.md,Faux travail,3,false,true,true,3,pere_interdit,1280,1
O48,XV,XV/O48.md,Grossesse prolongée,0,true,true,true,0,codable,1304,1
O60,XV,XV/O60.md,Travail et accouchement prématurés [avant terme],4,true,true,true,3,pere_interdit,1758,1
O61,XV,XV/O61.md,Échec du déclenchement du travail,4,true,true,false,3,pere_interdit,1617,1
O62,XV,XV/O62.md,Anomalies de la contraction utérine et de la dilatation du col,7,true,true,true,3,pere_interdit,3170,1
O63,XV,XV/O63.md,Travail prolongé,4,true,true,true,3,pere_interdit,1271,1
O64,XV,XV/O64.md,Dystocie due à une position et une présentation anormales du fœtus,8,true,true,true,3,pere_interdit,2357,1
O65,XV,XV/O65.md,Dystocie due à une anomalie pelvienne de la mère,8,true,true,true,3,pere_interdit,1959,1
O66,XV,XV/O66.md,Autres dystocies,8,true,true,true,3,pere_interdit,2604,1
O67,XV,XV/O67.md,"Travail et accouchement compliqués d'une hémorragie, non classée ailleurs",3,true,true,true,3,pere_interdit,2724,1
O68,XV,XV/O68.md,Travail et accouchement compliqués d'une détresse fœtale,6,true,true,true,3,pere_interdit,2822,1
O69,XV,XV/O69.md,Travail et accouchement compliqués d'anomalies du cordon ombilical,8,true,true,true,3,pere_interdit,2657,1
O70,XV,XV/O70.md,Déchirure obstétricale du périnée,5,true,true,false,3,pere_interdit,4343,1
O71,XV,XV/O71.md,Autres traumatismes obstétricaux,10,true,true,true,3,pere_interdit,3164,1
O72,XV,XV/O72.md,Hémorragie du postpartum,4,true,true,true,3,pere_interdit,3504,1
O73,XV,XV/O73.md,"Rétention du placenta et des membranes, sans hémorragie",2,true,true,false,3,pere_interdit,1238,1
O74,XV,XV/O74.md,Complications de l'anesthésie au cours du travail et de l'accouchement,10,true,true,true,3,pere_interdit,3676,1
O75,XV,XV/O75.md,"Autres complications du travail et de l'accouchement, non classées ailleurs",10,true,true,true,3,pere_interdit,4520,1
O80,XV,XV/O80.md,Accouchement unique et spontané,4,true,true,true,3,pere_interdit,1590,1
O81,XV,XV/O81.md,Accouchement unique par forceps et ventouse,6,true,true,true,3,pere_interdit,1662,1
O82,XV,XV/O82.md,Accouchement unique par césarienne,5,true,true,true,3,pere_interdit,1387,1
O83,XV,XV/O83.md,Autres accouchements uniques avec assistance,7,true,true,true,3,pere_interdit,2054,1
O84,XV,XV/O84.md,Accouchements multiples,5,true,true,true,3,pere_interdit,1315,1
O85,XV,XV/O85.md,Sepsis puerpéral,0,true,true,true,0,codable,1640,1
O86,XV,XV/O86.md,Autres infections puerpérales,6,true,true,true,3,pere_interdit,2619,1
O87,XV,XV/O87.md,Complications veineuses et hémorroïdes au cours de la puerpéralité,6,true,true,true,3,pere_interdit,3206,1
O88,XV,XV/O88.md,Embolie obstétricale,5,true,true,true,3,pere_interdit,2566,1
O89,XV,XV/O89.md,Complications de l'anesthésie au cours de la puerpéralité,9,true,true,true,3,pere_interdit,3687,1
O90,XV,XV/O90.md,"Complications puerpérales, non classées ailleurs",8,true,true,true,3,pere_interdit,2567,1
O91,XV,XV/O91.md,Infections mammaires associées à l'accouchement,3,true,true,true,3,pere_interdit,2512,1
O92,XV,XV/O92.md,Autres mastopathies et anomalies de la lactation associées à l'accouchement,8,true,true,true,3,pere_interdit,2298,1
O94,XV,XV/O94.md,"Séquelles de complications de la grossesse, de l’accouchement et de la puerpéralité",0,false,true,false,4,interdit_dp,1026,1
O95,XV,XV/O95.md,Mort d'origine obstétricale de cause non précisée,0,true,true,true,0,codable,1553,1
O96,XV,XV/O96.md,"Mort d'origine obstétricale, survenant plus de 42 jours mais moins d'un an après l'accouchement",3,false,true,true,3,pere_interdit,2030,1
O97,XV,XV/O97.md,Mort de séquelles relevant d'une cause obstétricale,3,false,true,true,3,pere_interdit,2106,1
O98,XV,XV/O98.md,"Maladies infectieuses et parasitaires de la mère classées ailleurs mais compliquant la grossesse, l'accouchement et la puerpéralité",10,true,true,true,3,pere_interdit,4087,1
O99,XV,XV/O99.md,"Autres maladies de la mère classées ailleurs, mais compliquant la grossesse, l'accouchement et la puerpéralité",9,true,true,true,3,pere_interdit,5351,1
P00,XVI,XVI/P00.md,"Fœtus et nouveau-né affectés par des affections maternelles, éventuellement sans rapport avec la grossesse actuelle",10,true,true,true,3,pere_interdit,6445,1
P01,XVI,XVI/P01.md,Fœtus et nouveau-né affectés par les complications de la grossesse chez la mère,10,true,true,true,3,pere_interdit,3718,1
P02,XVI,XVI/P02.md,"Fœtus et nouveau-né affectés par des complications concernant le placenta, le cordon ombilical et les membranes",10,true,true,true,3,pere_interdit,4996,1
P03,XVI,XVI/P03.md,Fœtus et nouveau-né affectés par d'autres complications du travail et de l'accouchement,9,true,true,true,3,pere_interdit,4703,1
P04,XVI,XVI/P04.md,Fœtus et nouveau-né affectés par des effets nocifs transmis par voie transplacentaire ou par le lait maternel,9,true,true,true,3,pere_interdit,4009,1
P05,XVI,XVI/P05.md,Retard de croissance et malnutrition du fœtus,4,true,true,true,3,pere_interdit,2821,1
P07,XVI,XVI/P07.md,"Anomalies liées à une brièveté de la gestation et un poids insuffisant à la naissance, non classées ailleurs",4,true,true,true,3,pere_interdit,2751,1
P08,XVI,XVI/P08.md,Anomalies liées à une gestation prolongée et un poids élevé à la naissance,3,true,true,true,3,pere_interdit,2905,1
P10,XVI,XVI/P10.md,Déchirure et hémorragie intracrâniennes dues à un traumatisme obstétrical,7,true,true,true,3,pere_interdit,2364,1
P11,XVI,XVI/P11.md,Autres lésions du système nerveux central dues à un traumatisme obstétrical,7,true,true,true,3,pere_interdit,2094,1
P12,XVI,XVI/P12.md,Lésion du cuir chevelu due à un traumatisme obstétrical,7,true,true,true,3,pere_interdit,2180,1
P13,XVI,XVI/P13.md,Lésion du squelette due à un traumatisme obstétrical,7,true,true,false,3,pere_interdit,1589,1
P14,XVI,XVI/P14.md,Lésion du système nerveux périphérique due à un traumatisme obstétrical,6,true,true,true,3,pere_interdit,1711,1
P15,XVI,XVI/P15.md,Autres traumatismes obstétricaux,9,true,true,true,3,pere_interdit,2571,1
P20,XVI,XVI/P20.md,Hypoxie intra-utérine,3,true,true,true,3,pere_interdit,2928,1
P21,XVI,XVI/P21.md,Asphyxie obstétricale,3,true,true,true,3,pere_interdit,3205,1
P22,XVI,XVI/P22.md,Détresse respiratoire du nouveau-né,4,true,true,true,3,pere_interdit,2263,1
P23,XVI,XVI/P23.md,Pneumopathie congénitale,9,true,true,true,3,pere_interdit,2301,1
P24,XVI,XVI/P24.md,Syndromes d'inhalation du nouveau-né,6,true,true,true,3,pere_interdit,2085,1
P25,XVI,XVI/P25.md,Emphysème interstitiel et affections apparentées survenant pendant la période périnatale,5,true,true,true,3,pere_interdit,2265,1
P26,XVI,XVI/P26.md,Hémorragie pulmonaire survenant pendant la période périnatale,4,true,true,true,3,pere_interdit,1793,1
P27,XVI,XVI/P27.md,Maladies respiratoires chroniques survenant pendant la période périnatale,4,true,true,true,3,pere_interdit,1902,1
P28,XVI,XVI/P28.md,Autres affections respiratoires survenant pendant la période périnatale,8,true,true,true,3,pere_interdit,3752,1
P29,XVI,XVI/P29.md,Affections cardiovasculaires survenant pendant la période périnatale,7,true,true,true,3,pere_interdit,2586,1
P35,XVI,XVI/P35.md,Maladies virales congénitales,7,true,true,true,3,pere_interdit,3296,1
P36,XVI,XVI/P36.md,Infection bactérienne du nouveau-né,8,true,true,false,3,pere_interdit,2281,1
P37,XVI,XVI/P37.md,Autres maladies infectieuses et parasitaires congénitales,8,true,true,true,3,pere_interdit,3992,1
P38,XVI,XVI/P38.md,"Omphalite du nouveau-né, avec ou sans hémorragie modérée",0,true,true,true,0,codable,1864,1
P39,XVI,XVI/P39.md,Autres infections spécifiques de la période périnatale,7,true,true,true,3,pere_interdit,3797,1
P50,XVI,XVI/P50.md,Perte de sang fœtal,8,true,true,true,3,pere_interdit,2298,1
P51,XVI,XVI/P51.md,Hémorragie ombilicale du nouveau-né,3,true,true,true,3,pere_interdit,1727,1
P52,XVI,XVI/P52.md,Hémorragie intracrânienne non traumatique du fœtus et du nouveau-né,9,true,true,true,3,pere_interdit,3951,1
P53,XVI,XVI/P53.md,Maladie hémorragique du fœtus et du nouveau-né,0,true,true,true,0,codable,1460,1
P54,XVI,XVI/P54.md,Autres hémorragies du nouveau-né,9,true,true,true,3,pere_interdit,3590,1
P55,XVI,XVI/P55.md,Maladie hémolytique du fœtus et du nouveau-né,4,true,true,true,3,pere_interdit,2327,1
P56,XVI,XVI/P56.md,Anasarque fœtoplacentaire due à une maladie hémolytique,2,true,true,true,3,pere_interdit,1784,1
P57,XVI,XVI/P57.md,Ictère nucléaire,3,true,true,true,3,pere_interdit,1551,1
P58,XVI,XVI/P58.md,Ictère du nouveau-né dû à d'autres hémolyses excessives,8,true,true,false,3,pere_interdit,1935,1
P59,XVI,XVI/P59.md,Ictère du nouveau-né dû à des causes autres et sans précision,6,true,true,true,3,pere_interdit,2854,1
P60,XVI,XVI/P60.md,Coagulation intravasculaire disséminée chez le fœtus et le nouveau-né,0,true,true,true,0,codable,1909,1
P61,XVI,XVI/P61.md,Autres affections hématologiques de la période périnatale,9,true,true,true,3,pere_interdit,3345,1
P70,XVI,XVI/P70.md,Anomalies transitoires du métabolisme des glucides spécifiques du fœtus et du nouveau-né,7,true,true,true,3,pere_interdit,2680,1
P71,XVI,XVI/P71.md,Anomalies transitoires du métabolisme du calcium et du magnésium du nouveau-né,7,true,true,true,3,pere_interdit,2016,1
P72,XVI,XVI/P72.md,Autres anomalies endocriniennes transitoires du nouveau-né,5,true,true,true,3,pere_interdit,2310,1
P74,XVI,XVI/P74.md,Autres anomalies électrolytiques et métaboliques transitoires du nouveau-né,8,true,true,true,3,pere_interdit,2187,1
P75,XVI,XVI/P75.md,Iléus méconial dans la fibrose kystique du pancréas [mucoviscidose],0,true,true,false,0,codable,909,1
P76,XVI,XVI/P76.md,Autres occlusions intestinales du nouveau-né,5,true,true,true,3,pere_interdit,2095,1
P77,XVI,XVI/P77.md,Entérocolite nécrosante du fœtus et du nouveau-né,0,true,true,true,0,codable,1443,1
P78,XVI,XVI/P78.md,Autres affections périnatales de l'appareil digestif,6,true,true,true,3,pere_interdit,2699,1
P80,XVI,XVI/P80.md,Hypothermie du nouveau-né,3,true,true,true,3,pere_interdit,1789,1
P81,XVI,XVI/P81.md,Autres troubles de la régulation thermique du nouveau-né,3,true,true,true,3,pere_interdit,1471,1
P83,XVI,XVI/P83.md,Autres affections des téguments spécifiques du fœtus et du nouveau-né,9,true,true,true,3,pere_interdit,3875,1
P90,XVI,XVI/P90.md,Convulsions du nouveau-né,0,true,true,true,0,codable,1389,1
P91,XVI,XVI/P91.md,Autres affections cérébrales du nouveau-né,10,true,true,true,3,pere_interdit,2404,1
P92,XVI,XVI/P92.md,Problèmes alimentaires du nouveau-né,8,true,true,true,3,pere_interdit,1835,1
P93,XVI,XVI/P93.md,Réactions et intoxications médicamenteuses du fœtus et du nouveau-né,0,true,true,false,0,codable,1432,1
P94,XVI,XVI/P94.md,Anomalies du tonus musculaire du nouveau-né,5,true,true,true,3,pere_interdit,1909,1
P95,XVI,XVI/P95.md,Mort fœtale (de cause non précisée),0,true,true,false,3,pere_interdit,1026,1
P96,XVI,XVI/P96.md,Autres affections dont l'origine se situe dans la période périnatale,8,true,true,true,3,pere_interdit,3112,1
Q00,XVII,XVII/Q00.md,Anencéphalie et malformations similaires,3,true,true,true,3,pere_interdit,1070,1
Q01,XVII,XVII/Q01.md,Encéphalocèle,5,true,true,true,3,pere_interdit,1369,1
Q02,XVII,XVII/Q02.md,Microcéphalie,0,true,true,true,0,codable,1072,1
Q03,XVII,XVII/Q03.md,Hydrocéphalie congénitale,4,true,true,true,3,pere_interdit,2512,1
Q04,XVII,XVII/Q04.md,Autres malformations congénitales de l'encéphale,9,true,true,true,3,pere_interdit,3607,1
Q05,XVII,XVII/Q05.md,Spina bifida,10,true,true,true,3,pere_interdit,3117,1
Q06,XVII,XVII/Q06.md,Autres malformations congénitales de la moelle épinière,7,true,true,true,3,pere_interdit,2161,1
Q07,XVII,XVII/Q07.md,Autres malformations congénitales du système nerveux,3,true,true,true,3,pere_interdit,2536,1
Q10,XVII,XVII/Q10.md,"Malformations congénitales des paupières, de l'appareil lacrymal et de l'orbite",8,true,true,true,3,pere_interdit,2869,1
Q11,XVII,XVII/Q11.md,"Anophtalmie, microphtalmie et macrophtalmie",4,true,true,true,3,pere_interdit,1822,1
Q12,XVII,XVII/Q12.md,Malformations congénitales du cristallin,7,false,true,true,3,pere_interdit,1691,1
Q13,XVII,XVII/Q13.md,Malformations congénitales de la chambre antérieure de l'œil,8,true,true,true,3,pere_interdit,2673,1
Q14,XVII,XVII/Q14.md,Malformations congénitales de la chambre postérieure de l'œil,6,true,true,true,3,pere_interdit,2220,1
Q15,XVII,XVII/Q15.md,Autres malformations congénitales de l'œil,3,true,true,true,3,pere_interdit,2324,1
Q16,XVII,XVII/Q16.md,Malformations congénitales de l'oreille avec atteinte de l'audition,7,true,true,true,3,pere_interdit,2614,1
Q17,XVII,XVII/Q17.md,Autres malformations congénitales de l'oreille,8,true,true,true,3,pere_interdit,2408,1
Q18,XVII,XVII/Q18.md,Autres malformations congénitales de la face et du cou,10,true,true,true,3,pere_interdit,3813,1
Q20,XVII,XVII/Q20.md,Malformations congénitales des cavités et des orifices cardiaques,9,true,true,true,3,pere_interdit,3009,1
Q21,XVII,XVII/Q21.md,Malformations congénitales des cloisons cardiaques,7,true,true,true,3,pere_interdit,3564,1
Q22,XVII,XVII/Q22.md,Malformations congénitales de la valve pulmonaire et de la valvule tricuspide,9,true,true,true,3,pere_interdit,2090,1
Q23,XVII,XVII/Q23.md,Malformations congénitales des valvules aortique et mitrale,7,true,true,true,3,pere_interdit,2487,1
Q24,XVII,XVII/Q24.md,Autres malformations congénitales cardiaques,9,true,true,true,3,pere_interdit,3131,1
Q25,XVII,XVII/Q25.md,Malformations congénitales des gros vaisseaux,10,true,true,true,3,pere_interdit,3709,1
Q26,XVII,XVII/Q26.md,Malformations congénitales des grandes veines,9,true,true,true,3,pere_interdit,2801,1
Q27,XVII,XVII/Q27.md,Autres malformations congénitales de l'appareil circulatoire périphérique,7,true,true,true,3,pere_interdit,3659,1
Q28,XVII,XVII/Q28.md,Autres malformations congénitales de l'appareil circulatoire,6,true,true,true,3,pere_interdit,3261,1
Q30,XVII,XVII/Q30.md,Malformations congénitales du nez,6,true,true,true,3,pere_interdit,1925,1
Q31,XVII,XVII/Q31.md,Malformations congénitales du larynx,7,true,true,true,3,pere_interdit,3380,1
Q32,XVII,XVII/Q32.md,Malformations congénitales de la trachée et des bronches,5,true,true,true,3,pere_interdit,2660,1
Q33,XVII,XVII/Q33.md,Malformations congénitales du poumon,9,true,true,true,3,pere_interdit,2500,1
Q34,XVII,XVII/Q34.md,Autres malformations congénitales de l'appareil respiratoire,4,true,true,true,3,pere_interdit,1748,1
Q35,XVII,XVII/Q35.md,Fente palatine,5,true,true,true,3,pere_interdit,1261,1
Q36,XVII,XVII/Q36.md,Fente labiale,3,true,true,true,3,pere_interdit,1113,1
Q37,XVII,XVII/Q37.md,Fente labiopalatine,8,true,true,true,3,pere_interdit,1830,1
Q38,XVII,XVII/Q38.md,"Autres malformations congénitales de la langue, de la bouche et du pharynx",9,true,true,true,3,pere_interdit,4283,1
Q39,XVII,XVII/Q39.md,Malformations congénitales de l'œsophage,9,true,true,true,3,pere_interdit,2829,1
Q40,XVII,XVII/Q40.md,Autres malformations congénitales des voies digestives supérieures,6,true,true,true,3,pere_interdit,3119,1
Q41,XVII,XVII/Q41.md,"Absence, atrésie et sténose congénitales de l'intestin grêle",5,true,true,true,3,pere_interdit,2321,1
Q42,XVII,XVII/Q42.md,"Absence, atrésie et sténose congénitales du gros intestin",6,true,true,true,3,pere_interdit,2060,1
Q43,XVII,XVII/Q43.md,Autres malformations congénitales de l'intestin,10,true,true,true,3,pere_interdit,4073,1
Q44,XVII,XVII/Q44.md,"Malformations congénitales de la vésicule biliaire, des voies biliaires et du foie",8,true,true,true,3,pere_interdit,3408,1
Q45,XVII,XVII/Q45.md,Autres malformations congénitales de l'appareil digestif,6,true,true,true,3,pere_interdit,2849,1
Q50,XVII,XVII/Q50.md,"Malformations congénitales des ovaires, des trompes de Fallope et des ligaments larges",7,true,true,true,3,pere_interdit,2382,1
Q51,XVII,XVII/Q51.md,Malformations congénitales de l'utérus et du col de l'utérus,10,true,true,true,3,pere_interdit,1864,1
Q52,XVII,XVII/Q52.md,Autres malformations congénitales des organes génitaux de la femme,10,true,true,true,3,pere_interdit,2828,1
Q53,XVII,XVII/Q53.md,Cryptorchidie,4,true,true,true,3,pere_interdit,1187,1
Q54,XVII,XVII/Q54.md,Hypospadias,7,true,true,true,3,pere_interdit,1390,1
Q55,XVII,XVII/Q55.md,Autres malformations congénitales des organes génitaux de l'homme,9,true,true,true,3,pere_interdit,3734,1
Q56,XVII,XVII/Q56.md,Non-différenciation sexuelle et pseudohermaphrodisme,5,true,true,true,3,pere_interdit,1833,1
Q60,XVII,XVII/Q60.md,Agénésie rénale et autres défauts de développement rénal,7,true,true,true,3,pere_interdit,1776,1
Q61,XVII,XVII/Q61.md,Maladies kystiques du rein,8,true,true,true,3,pere_interdit,2921,1
Q62,XVII,XVII/Q62.md,Anomalies congénitales obstructives du bassinet et malformations congénitales de l'uretère,9,true,true,true,3,pere_interdit,3420,1
Q63,XVII,XVII/Q63.md,Autres malformations congénitales du rein,6,true,true,true,3,pere_interdit,2051,1
Q64,XVII,XVII/Q64.md,Autres malformations congénitales de l'appareil urinaire,10,true,true,true,3,pere_interdit,4035,1
Q65,XVII,XVII/Q65.md,Anomalies morphologiques congénitales de la hanche,9,true,true,true,3,pere_interdit,2589,1
Q66,XVII,XVII/Q66.md,Anomalies morphologiques congénitales du pied,10,true,true,true,3,pere_interdit,2101,1
Q67,XVII,XVII/Q67.md,"Anomalies morphologiques congénitales de la tête, de la face, du rachis et du thorax",9,true,true,true,3,pere_interdit,3048,1
Q68,XVII,XVII/Q68.md,Autres anomalies morphologiques congénitales ostéoarticulaires et des muscles,7,true,true,true,3,pere_interdit,2775,1
Q69,XVII,XVII/Q69.md,Polydactylie,4,true,true,true,3,pere_interdit,787,1
Q70,XVII,XVII/Q70.md,Syndactylie,6,true,true,true,3,pere_interdit,1114,1
Q71,XVII,XVII/Q71.md,Raccourcissement du membre supérieur,9,true,true,true,3,pere_interdit,2098,1
Q72,XVII,XVII/Q72.md,Raccourcissement du membre inférieur,10,true,true,true,3,pere_interdit,2001,1
Q73,XVII,XVII/Q73.md,Raccourcissement d'un membre non précisé,3,true,true,true,3,pere_interdit,1419,1
Q74,XVII,XVII/Q74.md,Autres malformations congénitales d'un (des) membre(s),6,true,true,true,3,pere_interdit,4095,1
Q75,XVII,XVII/Q75.md,Autres malformations congénitales des os du crâne et de la face,8,true,true,true,3,pere_interdit,3936,1
Q76,XVII,XVII/Q76.md,Malformations congénitales du rachis et du thorax osseux,10,true,true,true,3,pere_interdit,5466,1
Q77,XVII,XVII/Q77.md,Ostéo-chondro-dysplasie avec anomalies de la croissance des os longs et du rachis,10,true,true,true,3,pere_interdit,3305,1
Q78,XVII,XVII/Q78.md,Autres ostéo-chondro-dysplasies,9,true,true,true,3,pere_interdit,3344,1
Q79,XVII,XVII/Q79.md,"Malformations congénitales du système ostéoarticulaire et des muscles, non classées ailleurs",9,true,true,true,3,pere_interdit,3607,1
Q80,XVII,XVII/Q80.md,Ichtyose congénitale,7,true,true,true,3,pere_interdit,1998,1
Q81,XVII,XVII/Q81.md,Épidermolyse bulleuse,5,true,true,true,3,pere_interdit,1863,1
Q82,XVII,XVII/Q82.md,Autres malformations congénitales de la peau,8,true,true,true,3,pere_interdit,4088,1
Q83,XVII,XVII/Q83.md,Malformations congénitales du sein,6,true,true,true,3,pere_interdit,1351,1
Q84,XVII,XVII/Q84.md,Autres malformations congénitales de la peau et des phanères,9,true,true,true,3,pere_interdit,3255,1
Q85,XVII,XVII/Q85.md,"Phacomatoses, non classées ailleurs",4,true,true,true,3,pere_interdit,3311,1
Q86,XVII,XVII/Q86.md,"Syndromes congénitaux malformatifs dus à des causes exogènes connues, non classés ailleurs",4,true,true,true,3,pere_interdit,1272,1
Q87,XVII,XVII/Q87.md,Autres syndromes congénitaux malformatifs précisés atteignant plusieurs systèmes,7,true,true,true,3,pere_interdit,4979,1
Q89,XVII,XVII/Q89.md,"Autres malformations congénitales, non classées ailleurs",8,true,true,true,3,pere_interdit,3786,1
Q90,XVII,XVII/Q90.md,Syndrome de Down,4,true,true,true,3,pere_interdit,885,1
Q91,XVII,XVII/Q91.md,Syndrome d'Edwards et syndrome de Patau,8,false,true,true,3,pere_interdit,1255,1
Q92,XVII,XVII/Q92.md,"Autres trisomies et trisomies partielles des autosomes, non classées ailleurs",10,true,true,true,3,pere_interdit,2384,1
Q93,XVII,XVII/Q93.md,"Monosomies et délétions des autosomes, non classées ailleurs",10,true,true,true,3,pere_interdit,2169,1
Q95,XVII,XVII/Q95.md,"Réarrangements équilibrés et marqueurs structuraux, non classés ailleurs",8,true,true,true,3,pere_interdit,1422,1
Q96,XVII,XVII/Q96.md,Syndrome de Turner,7,false,true,true,3,pere_interdit,1417,1
Q97,XVII,XVII/Q97.md,"Autres anomalies des chromosomes sexuels, phénotype féminin, non classées ailleurs",6,false,true,true,3,pere_interdit,1450,1
Q98,XVII,XVII/Q98.md,"Autres anomalies des chromosomes sexuels, phénotype masculin, non classées ailleurs",10,false,true,true,3,pere_interdit,1479,1
Q99,XVII,XVII/Q99.md,"Autres anomalies des chromosomes, non classées ailleurs",5,true,true,true,3,pere_interdit,2092,1
R00,XVIII,XVIII/R00.md,Anomalies du rythme cardiaque,5,true,true,true,3,pere_interdit,2330,1
R01,XVIII,XVIII/R01.md,Souffles et autres bruits cardiaques,3,true,true,true,3,pere_interdit,1851,1
R02,XVIII,XVIII/R02.md,"Gangrène, non classée ailleurs",0,false,true,true,0,codable,1771,1
R03,XVIII,XVIII/R03.md,"Constatation d'une anomalie de la tension artérielle, sans diagnostic",2,false,true,true,3,pere_interdit,1481,1
R04,XVIII,XVIII/R04.md,Hémorragie des voies respiratoires,5,true,true,true,3,pere_interdit,2181,1
R05,XVIII,XVIII/R05.md,Toux,0,false,true,true,0,codable,931,1
R06,XVIII,XVIII/R06.md,Anomalies de la respiration,9,true,true,true,3,pere_interdit,3139,1
R07,XVIII,XVIII/R07.md,Douleur au niveau de la gorge et du thorax,5,true,true,true,3,pere_interdit,2218,1
R09,XVIII,XVIII/R09.md,Autres symptômes et signes relatifs aux appareils circulatoire et respiratoire,5,true,true,true,3,pere_interdit,3425,1
R10,XVIII,XVIII/R10.md,Douleur abdominale et pelvienne,5,true,true,true,3,pere_interdit,3068,1
R11,XVIII,XVIII/R11.md,Nausées et vomissements,0,false,true,true,0,codable,2220,1
R12,XVIII,XVIII/R12.md,Pyrosis,0,false,true,true,0,codable,1108,1
R13,XVIII,XVIII/R13.md,Dysphagie,0,true,true,true,0,codable,1829,1
R14,XVIII,XVIII/R14.md,Flatulence et troubles apparentés,0,true,true,true,0,codable,1809,1
R15,XVIII,XVIII/R15.md,Incontinence des matières fécales,0,true,true,true,0,codable,1442,1
R16,XVIII,XVIII/R16.md,"Hépatomégalie et splénomégalie, non classées ailleurs",3,true,true,true,3,pere_interdit,2184,1
R17,XVIII,XVIII/R17.md,"Hyperbilirubinémie, avec ou sans ictère, non classée ailleurs",2,true,true,false,3,pere_interdit,1481,1
R18,XVIII,XVIII/R18.md,Ascite,0,true,true,true,0,codable,1774,1
R19,XVIII,XVIII/R19.md,Autres symptômes et signes relatifs à l'appareil digestif et à l'abdomen,8,true,true,true,3,pere_interdit,3887,1
R20,XVIII,XVIII/R20.md,Troubles de la sensibilité cutanée,5,true,true,true,3,pere_interdit,2130,1
R21,XVIII,XVIII/R21.md,Rash et autres éruptions cutanées non spécifiques,0,false,true,true,0,codable,925,1
R22,XVIII,XVIII/R22.md,Autres tuméfactions et masses localisées de la peau et du tissu cellulaire souscutané,7,true,true,true,3,pere_interdit,2882,1
R23,XVIII,XVIII/R23.md,Autres modifications de la peau,6,true,true,true,3,pere_interdit,2775,1
R25,XVIII,XVIII/R25.md,Mouvements involontaires anormaux,5,true,true,true,3,pere_interdit,2228,1
R26,XVIII,XVIII/R26.md,Anomalies de la démarche et de la motilité,5,true,true,true,3,pere_interdit,2024,1
R27,XVIII,XVIII/R27.md,Autres troubles de la coordination,2,false,true,true,3,pere_interdit,1135,1
R29,XVIII,XVIII/R29.md,Autres symptômes et signes relatifs aux systèmes nerveux et ostéomusculaire,7,true,true,true,3,pere_interdit,2953,1
R30,XVIII,XVIII/R30.md,Douleur à la miction,3,true,true,true,3,pere_interdit,1110,1
R31,XVIII,XVIII/R31.md,"Hématurie, sans précision",0,false,true,true,0,codable,1244,1
R32,XVIII,XVIII/R32.md,"Incontinence urinaire, sans précision",0,true,true,true,0,codable,1284,1
R33,XVIII,XVIII/R33.md,Rétention d'urine,0,false,true,true,0,codable,1286,1
R34,XVIII,XVIII/R34.md,Anurie et oligurie,0,false,true,true,0,codable,1277,1
R35,XVIII,XVIII/R35.md,Polyurie,0,true,true,true,0,codable,1071,1
R36,XVIII,XVIII/R36.md,Écoulement urétral,0,true,true,true,0,codable,757,1
R39,XVIII,XVIII/R39.md,Autres symptômes et signes relatifs à l'appareil urinaire,4,true,true,true,3,pere_interdit,1887,1
R40,XVIII,XVIII/R40.md,"Somnolence, stupeur et coma",3,true,true,true,3,pere_interdit,1546,1
R41,XVIII,XVIII/R41.md,Autres symptômes et signes relatifs aux fonctions cognitives et à la conscience,5,true,true,true,3,pere_interdit,2556,1
R42,XVIII,XVIII/R42.md,Étourdissements et éblouissements,0,true,true,true,0,codable,1155,1
R43,XVIII,XVIII/R43.md,Troubles de l'odorat et du gout,4,true,true,true,3,pere_interdit,1163,1
R44,XVIII,XVIII/R44.md,Autres symptômes et signes relatifs aux sensations et aux perceptions générales,5,false,true,true,3,pere_interdit,2148,1
R45,XVIII,XVIII/R45.md,Symptômes et signes relatifs à l'humeur,9,true,true,true,3,pere_interdit,2199,1
R46,XVIII,XVIII/R46.md,Symptômes et signes relatifs à l'apparence et au comportement,9,true,true,true,3,pere_interdit,2697,1
R47,XVIII,XVIII/R47.md,"Troubles du langage, non classés ailleurs",3,true,true,true,3,pere_interdit,1695,1
R48,XVIII,XVIII/R48.md,"Dyslexie et autres troubles de la fonction symbolique, non classés ailleurs",4,true,true,true,3,pere_interdit,1804,1
R49,XVIII,XVIII/R49.md,Troubles de la voix,4,true,true,true,3,pere_interdit,1255,1
R50,XVIII,XVIII/R50.md,Fièvre d'origine autre et inconnue,3,true,true,true,3,pere_interdit,2097,1
R51,XVIII,XVIII/R51.md,Céphalée,0,true,true,true,0,codable,1333,1
R52,XVIII,XVIII/R52.md,"Douleur, non classée ailleurs",4,true,true,true,3,pere_interdit,2678,1
R53,XVIII,XVIII/R53.md,Malaise et fatigue,0,true,true,false,3,pere_interdit,1632,1
R54,XVIII,XVIII/R54.md,Sénilité,0,true,true,false,3,pere_interdit,782,1
R55,XVIII,XVIII/R55.md,Syncope et collapsus,0,true,true,true,0,codable,2086,1
R56,XVIII,XVIII/R56.md,"Convulsions, non classées ailleurs",2,true,true,true,3,pere_interdit,1809,1
R57,XVIII,XVIII/R57.md,"Choc, non classé ailleurs",5,true,true,true,3,pere_interdit,2949,1
R58,XVIII,XVIII/R58.md,"Hémorragie, non classée ailleurs",0,true,true,true,0,codable,885,1
R59,XVIII,XVIII/R59.md,Adénopathies,3,true,true,true,3,pere_interdit,2507,1
R60,XVIII,XVIII/R60.md,"Œdème, non classé ailleurs",3,true,true,true,3,pere_interdit,2409,1
R61,XVIII,XVIII/R61.md,Hyperhidrose,3,true,true,true,3,pere_interdit,1038,1
R62,XVIII,XVIII/R62.md,Retard du développement physiologique,3,true,true,true,3,pere_interdit,2128,1
R63,XVIII,XVIII/R63.md,Symptômes et signes relatifs à l'absorption d'aliments et de liquides,8,true,true,true,3,pere_interdit,3060,1
R64,XVIII,XVIII/R64.md,Cachexie,0,false,true,true,0,codable,1324,1
R65,XVIII,XVIII/R65.md,Syndrome de réponse inflammatoire systémique [SRIS],5,true,true,true,3,pere_interdit,1374,1
R68,XVIII,XVIII/R68.md,Autres symptômes et signes généraux,5,true,true,true,3,pere_interdit,2779,1
R69,XVIII,XVIII/R69.md,Causes inconnues et non précisées de morbidité,0,true,true,true,1,interdit_dp_dr,883,1
R70,XVIII,XVIII/R70.md,Accélération de la vitesse de sédimentation et anomalies de la viscosité plasmatique,2,false,true,true,3,pere_interdit,1880,1
R71,XVIII,XVIII/R71.md,Anomalies des globules rouges,0,true,true,true,0,codable,1647,1
R72,XVIII,XVIII/R72.md,"Anomalies des globules blancs, non classées ailleurs",0,true,true,true,0,codable,1309,1
R73,XVIII,XVIII/R73.md,Augmentation de la glycémie,2,true,true,true,3,pere_interdit,2476,1
R74,XVIII,XVIII/R74.md,Anomalies des taux d'enzymes sériques,3,true,true,true,3,pere_interdit,2463,1
R75,XVIII,XVIII/R75.md,Mise en évidence par des examens de laboratoire du virus de l'immunodéficience humaine [VIH],0,true,true,false,0,codable,1446,1
R76,XVIII,XVIII/R76.md,Autres anomalies de résultats immunologiques sériques,5,true,true,true,3,pere_interdit,3091,1
R77,XVIII,XVIII/R77.md,Autres anomalies des protéines plasmatiques,5,true,true,true,3,pere_interdit,2274,1
R78,XVIII,XVIII/R78.md,Présence de drogues et d'autres substances non trouvées normalement dans le sang,10,true,true,true,3,pere_interdit,2343,1
R79,XVIII,XVIII/R79.md,Autres résultats anormaux des examens chimiques du sang,3,true,true,true,3,pere_interdit,3366,1
R80,XVIII,XVIII/R80.md,Protéinurie isolée,0,true,true,true,0,codable,1573,1
R81,XVIII,XVIII/R81.md,Glycosurie,0,false,true,true,0,codable,1017,1
R82,XVIII,XVIII/R82.md,Autres résultats anormaux de l'examen des urines,10,true,true,true,3,pere_interdit,3003,1
R83,XVIII,XVIII/R83.md,Résultats anormaux de l'examen du liquide céphalorachidien,10,true,true,true,3,pere_interdit,2322,1
R84,XVIII,XVIII/R84.md,Résultats anormaux de prélèvements effectués sur l'appareil respiratoire et le thorax,10,true,true,true,3,pere_interdit,2799,1
R85,XVIII,XVIII/R85.md,Résultats anormaux de prélèvements effectués sur l'appareil digestif et la cavité abdominale,10,true,true,true,3,pere_interdit,3051,1
R86,XVIII,XVIII/R86.md,Résultats anormaux de prélèvements effectués sur les organes génitaux de l'homme,10,true,true,false,3,pere_interdit,2588,1
R87,XVIII,XVIII/R87.md,Résultats anormaux de prélèvements effectués sur les organes génitaux de la femme,10,true,true,false,3,pere_interdit,2682,1
R89,XVIII,XVIII/R89.md,"Résultats anormaux de prélèvements effectués sur d'autres organes, appareils et tissus",10,true,true,true,3,pere_interdit,2853,1
R90,XVIII,XVIII/R90.md,Résultats anormaux d'imagerie diagnostique du système nerveux central,2,true,true,true,3,pere_interdit,2790,1
R91,XVIII,XVIII/R91.md,Résultats anormaux d'imagerie diagnostique du poumon,0,true,true,true,0,codable,2662,1
R92,XVIII,XVIII/R92.md,Résultats anormaux d'imagerie diagnostique du sein,0,true,true,true,0,codable,1771,1
R93,XVIII,XVIII/R93.md,Résultats anormaux d'imagerie diagnostique d'autres parties du corps,9,true,true,true,3,pere_interdit,4904,1
R94,XVIII,XVIII/R94.md,Résultats anormaux d'explorations fonctionnelles,9,true,true,true,3,pere_interdit,5989,1
R95,XVIII,XVIII/R95.md,Syndrome de la mort subite du nourrisson,2,true,true,true,3,pere_interdit,1983,1
R96,XVIII,XVIII/R96.md,Autre mort subite de cause inconnue,2,true,true,true,3,pere_interdit,2255,1
R98,XVIII,XVIII/R98.md,Décès sans témoin,0,true,true,true,0,codable,1622,1
R99,XVIII,XVIII/R99.md,Autres causes de mortalité mal définies et non précisées,0,true,true,true,0,codable,960,1
S00,XIX,XIX/S00.md,Lésion traumatique superficielle de la tête,9,true,true,true,3,pere_interdit,3646,1
S01,XIX,XIX/S01.md,Plaie ouverte de la tête,9,true,true,true,3,pere_interdit,3411,1
S02,XIX,XIX/S02.md,Fracture du crâne et des os de la face,10,true,true,false,3,pere_interdit,2769,1
S03,XIX,XIX/S03.md,"Luxation, entorse et foulure d'articulations et de ligaments de la tête",6,true,true,true,3,pere_interdit,2786,1
S04,XIX,XIX/S04.md,Lésion traumatique des nerfs crâniens,10,true,true,true,3,pere_interdit,2968,1
S05,XIX,XIX/S05.md,Lésion traumatique de l'œil et de l'orbite,10,true,true,true,3,pere_interdit,4381,1
S06,XIX,XIX/S06.md,Lésion traumatique intracrânienne,10,true,true,true,3,pere_interdit,4084,1
S07,XIX,XIX/S07.md,Écrasement de la tête,4,true,true,false,3,pere_interdit,1864,1
S08,XIX,XIX/S08.md,Amputation traumatique d'une partie de la tête,4,true,true,false,3,pere_interdit,2000,1
S09,XIX,XIX/S09.md,"Lésions traumatiques de la tête, autres et sans précision",6,true,true,true,3,pere_interdit,2742,1
S10,XIX,XIX/S10.md,Lésion traumatique superficielle du cou,5,true,true,true,3,pere_interdit,2024,1
S11,XIX,XIX/S11.md,Plaie ouverte du cou,6,true,true,true,3,pere_interdit,2171,1
S12,XIX,XIX/S12.md,Fracture du cou,6,true,true,false,3,pere_interdit,2181,1
S13,XIX,XIX/S13.md,"Luxation, entorse et foulure des articulations et des ligaments au niveau du cou",7,true,true,true,3,pere_interdit,2907,1
S14,XIX,XIX/S14.md,Lésion traumatique des nerfs et de la moelle épinière au niveau du cou,7,true,true,false,3,pere_interdit,1842,1
S15,XIX,XIX/S15.md,Lésion traumatique des vaisseaux sanguins au niveau du cou,7,true,true,false,3,pere_interdit,1828,1
S16,XIX,XIX/S16.md,Lésion traumatique des muscles et des tendons au niveau du cou,0,true,true,false,0,codable,1280,1
S17,XIX,XIX/S17.md,Écrasement du cou,3,true,true,false,3,pere_interdit,1403,1
S18,XIX,XIX/S18.md,Amputation traumatique au niveau du cou,0,true,true,false,0,codable,1301,1
S19,XIX,XIX/S19.md,"Lésions traumatiques du cou, autres et sans précision",3,true,true,false,3,pere_interdit,1680,1
S20,XIX,XIX/S20.md,Lésion traumatique superficielle du thorax,7,true,true,true,3,pere_interdit,2065,1
S21,XIX,XIX/S21.md,Plaie ouverte du thorax,6,true,true,true,3,pere_interdit,2170,1
S22,XIX,XIX/S22.md,"Fracture de côte(s), du sternum et du rachis dorsal",8,true,true,false,3,pere_interdit,2231,1
S23,XIX,XIX/S23.md,"Luxation, entorse et foulure des articulations et des ligaments du thorax",6,true,true,true,3,pere_interdit,2284,1
S24,XIX,XIX/S24.md,Lésion traumatique des nerfs et de la moelle épinière au niveau du thorax,7,true,true,false,3,pere_interdit,2286,1
S25,XIX,XIX/S25.md,Lésion traumatique de vaisseaux sanguins du thorax,9,true,true,false,3,pere_interdit,2111,1
S26,XIX,XIX/S26.md,Lésion traumatique du cœur,3,true,true,true,3,pere_interdit,1924,1
S27,XIX,XIX/S27.md,"Lésions traumatiques d'organes intrathoraciques, autres et non précisés",10,true,true,true,3,pere_interdit,2863,1
S28,XIX,XIX/S28.md,Écrasement du thorax et amputation traumatique d'une partie du thorax,2,true,true,true,3,pere_interdit,1718,1
S29,XIX,XIX/S29.md,"Lésions traumatiques du thorax, autres et sans précision",4,true,true,false,3,pere_interdit,1913,1
S30,XIX,XIX/S30.md,"Lésion traumatique superficielle de l'abdomen, des lombes et du bassin",6,true,true,true,3,pere_interdit,2987,1
S31,XIX,XIX/S31.md,"Plaie ouverte de l'abdomen, des lombes et du bassin",8,true,true,true,3,pere_interdit,2731,1
S32,XIX,XIX/S32.md,Fracture du rachis lombaire et du bassin,8,true,true,false,3,pere_interdit,2251,1
S33,XIX,XIX/S33.md,"Luxation, entorse et foulure des articulations et des ligaments du rachis lombaire et du bassin",8,true,true,true,3,pere_interdit,2737,1
S34,XIX,XIX/S34.md,"Lésion traumatique des nerfs et de la moelle épinière lombaire au niveau de l'abdomen, des lombes et du bassin",8,true,true,false,3,pere_interdit,2299,1
S35,XIX,XIX/S35.md,"Lésion traumatique de vaisseaux sanguins au niveau de l'abdomen, des lombes et du bassin",9,true,true,false,3,pere_interdit,2807,1
S36,XIX,XIX/S36.md,Lésion traumatique d'organes intraabdominaux,10,true,true,true,3,pere_interdit,2196,1
S37,XIX,XIX/S37.md,Lésion traumatique des organes urinaires et pelviens,10,true,true,false,3,pere_interdit,2228,1
S38,XIX,XIX/S38.md,"Écrasement et amputation traumatique d'une partie de l'abdomen, des lombes et du bassin",4,true,true,true,3,pere_interdit,2072,1
S39,XIX,XIX/S39.md,"Lésions traumatiques de l'abdomen, des lombes et du bassin, autres et sans précision",5,true,true,false,3,pere_interdit,2194,1
S40,XIX,XIX/S40.md,Lésion traumatique superficielle de l'épaule et du bras,4,true,true,true,3,pere_interdit,1668,1
S41,XIX,XIX/S41.md,Plaie ouverte de l'épaule et du bras,4,true,true,true,3,pere_interdit,1632,1
S42,XIX,XIX/S42.md,Fracture de l'épaule et du bras,8,true,true,false,3,pere_interdit,2117,1
S43,XIX,XIX/S43.md,"Luxation, entorse et foulure des articulations et des ligaments de la ceinture scapulaire",8,true,true,true,3,pere_interdit,2959,1
S44,XIX,XIX/S44.md,Lésion traumatique de nerfs au niveau de l'épaule et du bras,9,true,true,false,3,pere_interdit,2109,1
S45,XIX,XIX/S45.md,Lésion des vaisseaux sanguins au niveau de l'épaule et du bras,7,true,true,false,3,pere_interdit,2031,1
S46,XIX,XIX/S46.md,Lésion traumatique de muscles et de tendons au niveau de l'épaule et du bras,7,true,true,false,3,pere_interdit,2097,1
S47,XIX,XIX/S47.md,Écrasement de l'épaule et du bras,0,true,true,false,3,pere_interdit,1256,1
S48,XIX,XIX/S48.md,Amputation traumatique de l'épaule et du bras,3,true,true,false,3,pere_interdit,1724,1
S49,XIX,XIX/S49.md,"Lésions traumatiques de l'épaule et du bras, autres et sans précision",3,true,true,false,3,pere_interdit,1655,1
S50,XIX,XIX/S50.md,Lésion traumatique superficielle de l'avant-bras,5,true,true,true,3,pere_interdit,1733,1
S51,XIX,XIX/S51.md,Plaie ouverte de l'avant-bras,4,false,true,true,3,pere_interdit,1575,1
S52,XIX,XIX/S52.md,Fracture de l'avant-bras,10,true,true,false,3,pere_interdit,2010,1
S53,XIX,XIX/S53.md,"Luxation, entorse et foulure des articulations et des ligaments du coude",5,true,true,true,3,pere_interdit,1827,1
S54,XIX,XIX/S54.md,Lésion traumatique de nerfs au niveau de l'avant-bras,7,true,true,false,3,pere_interdit,1900,1
S55,XIX,XIX/S55.md,Lésion traumatique de vaisseaux sanguins au niveau de l'avant-bras,6,false,true,false,3,pere_interdit,1844,1
S56,XIX,XIX/S56.md,Lésion traumatique de muscles et de tendons au niveau de l'avant-bras,8,false,true,false,3,pere_interdit,2022,1
S57,XIX,XIX/S57.md,Écrasement de l'avant-bras,3,false,true,false,3,pere_interdit,1322,1
S58,XIX,XIX/S58.md,Amputation traumatique de l'avant-bras,3,false,true,false,3,pere_interdit,1399,1
S59,XIX,XIX/S59.md,"Lésions traumatiques de l'avant-bras, autres et sans précision",3,true,true,false,3,pere_interdit,1725,1
S60,XIX,XIX/S60.md,Lésion traumatique superficielle du poignet et de la main,6,true,true,true,3,pere_interdit,1701,1
S61,XIX,XIX/S61.md,Plaie ouverte du poignet et de la main,5,true,true,true,3,pere_interdit,1792,1
S62,XIX,XIX/S62.md,Fracture au niveau du poignet et de la main,9,true,true,false,3,pere_interdit,1664,1
S63,XIX,XIX/S63.md,"Luxation, entorse et foulure d'articulations et de ligaments au niveau du poignet et de la main",8,true,true,true,3,pere_interdit,3519,1
S64,XIX,XIX/S64.md,Lésion traumatique de nerfs au niveau du poignet et de la main,8,false,true,false,3,pere_interdit,1586,1
S65,XIX,XIX/S65.md,Lésion traumatique de vaisseaux sanguins au niveau du poignet et de la main,9,false,true,false,3,pere_interdit,1696,1
S66,XIX,XIX/S66.md,Lésion traumatique de muscles et de tendons au niveau du poignet et de la main,10,false,true,false,3,pere_interdit,2090,1
S67,XIX,XIX/S67.md,Écrasement du poignet et de la main,2,false,true,false,3,pere_interdit,1084,1
S68,XIX,XIX/S68.md,Amputation traumatique du poignet et de la main,7,false,true,false,3,pere_interdit,1509,1
S69,XIX,XIX/S69.md,"Lésions traumatiques du poignet et de la main, autres et sans précision",3,true,true,false,3,pere_interdit,1450,1
S70,XIX,XIX/S70.md,Lésion traumatique superficielle de la hanche et de la cuisse,5,false,true,true,3,pere_interdit,1442,1
S71,XIX,XIX/S71.md,Plaie ouverte de la hanche et de la cuisse,4,false,true,true,3,pere_interdit,1402,1
S72,XIX,XIX/S72.md,Fracture du fémur,8,true,true,false,3,pere_interdit,1429,1
S73,XIX,XIX/S73.md,"Luxation, entorse et foulure de l'articulation et des ligaments de la hanche",2,false,true,true,3,pere_interdit,1392,1
S74,XIX,XIX/S74.md,Lésion traumatique de nerfs au niveau de la hanche et de la cuisse,6,false,true,false,3,pere_interdit,1514,1
S75,XIX,XIX/S75.md,Lésion traumatique de vaisseaux sanguins au niveau de la hanche et de la cuisse,6,false,true,false,3,pere_interdit,1729,1
S76,XIX,XIX/S76.md,Lésion traumatique de muscles et de tendons au niveau de la hanche et de la cuisse,6,true,true,false,3,pere_interdit,1583,1
S77,XIX,XIX/S77.md,Écrasement de la hanche et de la cuisse,3,false,true,false,3,pere_interdit,1080,1
S78,XIX,XIX/S78.md,Amputation traumatique de la hanche et de la cuisse,3,false,true,false,3,pere_interdit,1432,1
S79,XIX,XIX/S79.md,"Lésions traumatiques de la hanche et de la cuisse, autres et sans précision",3,true,true,false,3,pere_interdit,1474,1
S80,XIX,XIX/S80.md,Lésion traumatique superficielle de la jambe,5,true,true,true,3,pere_interdit,1760,1
S81,XIX,XIX/S81.md,Plaie ouverte de la jambe,4,true,true,true,3,pere_interdit,1718,1
S82,XIX,XIX/S82.md,"Fracture de la jambe, y compris la cheville",10,true,true,false,3,pere_interdit,2415,1
S83,XIX,XIX/S83.md,"Luxation, entorse et foulure des articulations et des ligaments du genou",8,true,true,true,3,pere_interdit,2892,1
S84,XIX,XIX/S84.md,Lésion traumatique des nerfs au niveau de la jambe,6,true,true,false,3,pere_interdit,1866,1
S85,XIX,XIX/S85.md,Lésion traumatique de vaisseaux sanguins au niveau de la jambe,9,true,true,false,3,pere_interdit,2137,1
S86,XIX,XIX/S86.md,Lésion traumatique de muscles et de tendons au niveau de la jambe,7,true,true,false,3,pere_interdit,2111,1
S87,XIX,XIX/S87.md,Écrasement de la jambe,2,true,true,false,3,pere_interdit,1337,1
S88,XIX,XIX/S88.md,Amputation traumatique de la jambe,3,true,true,false,3,pere_interdit,1637,1
S89,XIX,XIX/S89.md,"Lésions traumatiques de la jambe, autres et sans précision",3,true,true,false,3,pere_interdit,1835,1
S90,XIX,XIX/S90.md,Lésion traumatique superficielle de la cheville et du pied,7,true,true,true,3,pere_interdit,1747,1
S91,XIX,XIX/S91.md,Plaie ouverte de la cheville et du pied,5,true,true,true,3,pere_interdit,1710,1
S92,XIX,XIX/S92.md,"Fracture du pied, sauf la cheville",8,true,true,false,3,pere_interdit,1555,1
S93,XIX,XIX/S93.md,"Luxation, entorse et foulure des articulations et des ligaments au niveau de la cheville et du pied",7,true,true,true,3,pere_interdit,3247,1
S94,XIX,XIX/S94.md,Lésion traumatique des nerfs au niveau de la cheville et du pied,7,true,true,false,3,pere_interdit,1681,1
S95,XIX,XIX/S95.md,Lésion traumatique de vaisseaux sanguins au niveau de la cheville et du pied,6,false,true,false,3,pere_interdit,1757,1
S96,XIX,XIX/S96.md,Lésion traumatique de muscles et de tendons au niveau de la cheville et du pied,6,false,true,false,3,pere_interdit,1892,1
S97,XIX,XIX/S97.md,Écrasement de la cheville et du pied,3,true,true,false,3,pere_interdit,1224,1
S98,XIX,XIX/S98.md,Amputation traumatique de la cheville et du pied,5,true,true,false,3,pere_interdit,1430,1
S99,XIX,XIX/S99.md,"Lésions traumatiques de la cheville et du pied, autres et sans précision",3,true,true,false,3,pere_interdit,1506,1
T00,XIX,XIX/T00.md,Lésions traumatiques superficielles de plusieurs parties du corps,7,true,true,false,3,pere_interdit,3464,1
T01,XIX,XIX/T01.md,Plaies ouvertes de plusieurs parties du corps,7,true,true,true,3,pere_interdit,3302,1
T02,XIX,XIX/T02.md,Fractures de plusieurs parties du corps,10,true,true,false,3,pere_interdit,3398,1
T03,XIX,XIX/T03.md,"Luxations, entorses et foulures de plusieurs parties du corps",7,true,true,true,3,pere_interdit,3069,1
T04,XIX,XIX/T04.md,Écrasements de plusieurs parties du corps,8,true,true,false,3,pere_interdit,3159,1
T05,XIX,XIX/T05.md,Amputations traumatiques de plusieurs parties du corps,9,true,true,true,3,pere_interdit,2965,1
T06,XIX,XIX/T06.md,"Autres lésions traumatiques de plusieurs parties du corps, non classées ailleurs",7,true,true,false,3,pere_interdit,2412,1
T07,XIX,XIX/T07.md,"Lésions traumatiques multiples, sans précision",0,true,true,false,1,interdit_dp_dr,1461,1
T08,XIX,XIX/T08.md,"Fracture du rachis, niveau non précisé",0,false,false,false,3,pere_interdit,339,1
T09,XIX,XIX/T09.md,"Autres lésions traumatiques du rachis et du tronc, niveau non précisé",9,false,true,true,3,pere_interdit,2245,1
T10,XIX,XIX/T10.md,"Fracture du membre supérieur, niveau non précisé",0,false,false,false,3,pere_interdit,349,1
T11,XIX,XIX/T11.md,"Autres lésions traumatiques du membre supérieur, niveau non précisé",9,false,true,false,3,pere_interdit,2207,1
T12,XIX,XIX/T12.md,"Fracture d'un membre inférieur, niveau non précisé",0,false,false,false,3,pere_interdit,351,1
T13,XIX,XIX/T13.md,"Autres lésions traumatiques du membre inférieur, niveau non précisé",9,false,true,false,3,pere_interdit,2231,1
T14,XIX,XIX/T14.md,Lésions traumatiques d'une partie du corps non précisée,10,true,true,true,3,pere_interdit,6773,1
T15,XIX,XIX/T15.md,Corps étranger dans la partie externe de l'œil,4,true,true,true,3,pere_interdit,1989,1
T16,XIX,XIX/T16.md,Corps étranger dans l'oreille,0,true,true,false,0,codable,1079,1
T17,XIX,XIX/T17.md,Corps étranger dans les voies respiratoires,8,true,true,true,3,pere_interdit,2123,1
T18,XIX,XIX/T18.md,Corps étranger dans les voies digestives,8,true,true,true,3,pere_interdit,2252,1
T19,XIX,XIX/T19.md,Corps étranger dans les voies génito-urinaires,6,false,true,false,3,pere_interdit,1837,1
T20,XIX,XIX/T20.md,Brulure et corrosion de la tête et du cou,8,true,true,true,3,pere_interdit,3113,1
T21,XIX,XIX/T21.md,Brulure et corrosion du tronc,8,true,true,true,3,pere_interdit,3078,1
T22,XIX,XIX/T22.md,"Brulure et corrosion de l'épaule et du membre supérieur, sauf poignet et main",8,true,true,false,3,pere_interdit,3214,1
T23,XIX,XIX/T23.md,Brulure et corrosion du poignet et de la main,8,true,true,true,3,pere_interdit,2747,1
T24,XIX,XIX/T24.md,"Brulure et corrosion de la hanche et du membre inférieur, sauf cheville et pied",8,true,true,false,3,pere_interdit,3093,1
T25,XIX,XIX/T25.md,Brulure et corrosion de la cheville et du pied,8,true,true,true,3,pere_interdit,2692,1
T26,XIX,XIX/T26.md,Brulure et corrosion limitées à l'œil et ses annexes,10,true,true,true,3,pere_interdit,2488,1
T27,XIX,XIX/T27.md,Brulure et corrosion des voies respiratoires,8,true,true,true,3,pere_interdit,2391,1
T28,XIX,XIX/T28.md,Brulure et corrosion d'autres organes internes,10,true,true,true,3,pere_interdit,2597,1
T29,XIX,XIX/T29.md,Brulures et corrosions de parties multiples du corps,8,true,true,true,3,pere_interdit,2720,1
T30,XIX,XIX/T30.md,"Brulure et corrosion, partie du corps non précisée",8,true,true,true,3,pere_interdit,2788,1
T31,XIX,XIX/T31.md,Brulures classées selon l'étendue de la surface du corps atteinte,10,true,true,false,3,pere_interdit,2344,1
T32,XIX,XIX/T32.md,Corrosions classées selon l'étendue de la surface du corps atteinte,10,true,true,false,3,pere_interdit,2366,1
T33,XIX,XIX/T33.md,Gelure superficielle,10,true,true,false,3,pere_interdit,2032,1
T34,XIX,XIX/T34.md,Gelure avec nécrose des tissus,10,true,true,false,3,pere_interdit,2137,1
T35,XIX,XIX/T35.md,Gelure de parties multiples du corps et sans précision,8,true,true,true,3,pere_interdit,2036,1
T36,XIX,XIX/T36.md,Intoxication par antibiotiques systémiques,10,true,true,false,3,pere_interdit,2663,1
T37,XIX,XIX/T37.md,Intoxication par d'autres antiinfectieux et antiparasitaires systémiques,8,true,true,true,3,pere_interdit,2847,1
T38,XIX,XIX/T38.md,"Intoxication par hormones et leurs substituts synthétiques et antagonistes, non classés ailleurs",10,true,true,true,3,pere_interdit,3241,1
T39,XIX,XIX/T39.md,"Intoxication par analgésiques non opioïdes, antipyrétiques et antirhumatisants",7,true,true,false,3,pere_interdit,2244,1
T40,XIX,XIX/T40.md,Intoxication par narcotiques et psychodysleptiques [hallucinogènes],10,true,true,false,3,pere_interdit,2562,1
T41,XIX,XIX/T41.md,Intoxication par anesthésiques et gaz thérapeutiques,6,true,true,true,3,pere_interdit,2385,1
T42,XIX,XIX/T42.md,"Intoxication par anti-épileptiques, sédatifs, hypnotiques et anti-parkinsoniens",9,true,true,false,3,pere_interdit,2800,1
T43,XIX,XIX/T43.md,"Intoxication par médicaments psychotropes, non classés ailleurs",9,true,true,false,3,pere_interdit,2868,1
T44,XIX,XIX/T44.md,Intoxication par médicaments agissant essentiellement sur le système nerveux autonome,10,true,true,false,3,pere_interdit,3010,1
T45,XIX,XIX/T45.md,"Intoxication par substances essentiellement systémiques et hématologiques, non classées ailleurs",10,true,true,false,3,pere_interdit,3007,1
T46,XIX,XIX/T46.md,Intoxication par substances agissant essentiellement sur le système cardio-vasculaire,10,true,true,false,3,pere_interdit,2975,1
T47,XIX,XIX/T47.md,Intoxication par substances agissant essentiellement sur le tractus gastro-intestinal,10,true,true,false,3,pere_interdit,2442,1
T48,XIX,XIX/T48.md,Intoxication par substances agissant essentiellement sur les muscles lisses et striés et l'appareil respiratoire,8,true,true,false,3,pere_interdit,2603,1
T49,XIX,XIX/T49.md,"Intoxication par substances à usage topique agissant essentiellement sur la peau et les muqueuses et par médicaments à usage ophtalmologique, oto-rhino-laryngologique et dentaire",10,true,true,false,3,pere_interdit,2815,1
T50,XIX,XIX/T50.md,"Intoxication par diurétiques et médicaments et substances biologiques, autres et sans précision",10,true,true,true,3,pere_interdit,2996,1
T51,XIX,XIX/T51.md,Effet toxique de l'alcool,6,true,true,false,3,pere_interdit,1604,1
T52,XIX,XIX/T52.md,Effet toxique de solvants organiques,7,true,true,false,3,pere_interdit,1993,1
T53,XIX,XIX/T53.md,Effet toxique de dérivés halogénés d'hydrocarbures aliphatiques et aromatiques,9,true,true,false,3,pere_interdit,1724,1
T54,XIX,XIX/T54.md,Effet toxique de substances corrosives,5,true,true,false,3,pere_interdit,1511,1
T55,XIX,XIX/T55.md,Effet toxique de savons et détergents,0,false,true,false,0,codable,859,1
T56,XIX,XIX/T56.md,Effet toxique des métaux,10,true,true,true,3,pere_interdit,2510,1
T57,XIX,XIX/T57.md,Effet toxique d'autres substances non organiques,6,false,true,true,3,pere_interdit,1382,1
T58,XIX,XIX/T58.md,Effet toxique du monoxyde de carbone,0,true,true,true,0,codable,1035,1
T59,XIX,XIX/T59.md,"Effets toxiques d'autres émanations, gaz et fumées",10,true,true,true,3,pere_interdit,1744,1
T60,XIX,XIX/T60.md,Effet toxique de pesticides,7,true,true,false,3,pere_interdit,1478,1
T61,XIX,XIX/T61.md,Effet toxique de substances nocives absorbées par le biais de fruits de mer,5,true,true,true,3,pere_interdit,2224,1
T62,XIX,XIX/T62.md,Effet toxique d'autres substances nocives absorbées par le biais d'aliments,5,false,true,true,3,pere_interdit,2253,1
T63,XIX,XIX/T63.md,Effet toxique d'un contact avec un animal venimeux,9,true,true,true,3,pere_interdit,2146,1
T64,XIX,XIX/T64.md,Effet toxique de l'aflatoxine et d'autres mycotoxines contaminant des aliments,0,false,true,true,0,codable,974,1
T65,XIX,XIX/T65.md,Effet toxique de substances autres et non précisées,9,true,true,false,3,pere_interdit,1774,1
T66,XIX,XIX/T66.md,"Effets de rayonnements, sans précision",0,true,true,true,0,codable,1174,1
T67,XIX,XIX/T67.md,Effets de la chaleur et de la lumière,10,true,true,true,3,pere_interdit,2631,1
T68,XIX,XIX/T68.md,Hypothermie,0,true,true,false,3,pere_interdit,944,1
T69,XIX,XIX/T69.md,Autres effets d'une baisse de la température,4,true,true,true,3,pere_interdit,1241,1
T70,XIX,XIX/T70.md,Effets de la pression atmosphérique et de la pression de l'eau,7,true,true,true,3,pere_interdit,2992,1
T71,XIX,XIX/T71.md,Asphyxie,0,true,true,true,0,codable,1680,1
T73,XIX,XIX/T73.md,Effets d'autres privations,6,true,true,true,3,pere_interdit,1576,1
T74,XIX,XIX/T74.md,Syndromes dus à de mauvais traitements,6,true,true,true,3,pere_interdit,1745,1
T75,XIX,XIX/T75.md,Effets d'autres causes externes,6,true,true,true,3,pere_interdit,2561,1
T76,XIX,XIX/T76.md,Effets non précisés de causes externes,0,false,true,false,2,cause_externe,833,1
T78,XIX,XIX/T78.md,"Effets indésirables, non classés ailleurs",7,true,true,true,3,pere_interdit,3059,1
T79,XIX,XIX/T79.md,"Certaines complications précoces des traumatismes, non classées ailleurs",10,true,true,true,3,pere_interdit,4085,1
T80,XIX,XIX/T80.md,"Complications consécutives à une injection thérapeutique, une perfusion et une transfusion",9,true,true,true,3,pere_interdit,5526,1
T81,XIX,XIX/T81.md,"Complications d'actes à visée diagnostique et thérapeutique, non classées ailleurs",10,true,true,true,3,pere_interdit,10726,1
T82,XIX,XIX/T82.md,"Complications de prothèses, implants et greffes cardiaques et vasculaires",10,true,true,true,3,pere_interdit,6658,1
T83,XIX,XIX/T83.md,"Complications de prothèses, implants et greffes génito-urinaires",9,true,true,true,3,pere_interdit,4573,1
T84,XIX,XIX/T84.md,"Complications de prothèses, implants et greffes orthopédiques internes",10,true,true,true,3,pere_interdit,4063,1
T85,XIX,XIX/T85.md,"Complications d'autres prothèses, implants et greffes internes",10,true,true,true,3,pere_interdit,5816,1
T86,XIX,XIX/T86.md,Échec et rejet d'organes et de tissus greffés,7,true,true,true,3,pere_interdit,2615,1
T87,XIX,XIX/T87.md,Complications propres à une réimplantation et une amputation,7,true,true,true,3,pere_interdit,3274,1
T88,XIX,XIX/T88.md,"Autres complications de soins chirurgicaux et médicaux, non classées ailleurs",10,true,true,true,3,pere_interdit,6434,1
T90,XIX,XIX/T90.md,Séquelles de lésions traumatiques de la tête,8,true,true,false,3,pere_interdit,1788,1
T91,XIX,XIX/T91.md,Séquelles de lésions traumatiques du cou et du tronc,8,true,true,true,3,pere_interdit,2874,1
T92,XIX,XIX/T92.md,Séquelles de lésions traumatiques du membre supérieur,9,true,true,false,3,pere_interdit,2797,1
T93,XIX,XIX/T93.md,Séquelles de lésions traumatiques du membre inférieur,9,true,true,false,3,pere_interdit,2614,1
T94,XIX,XIX/T94.md,Séquelles de lésions traumatiques de parties du corps multiples et non précisées,2,true,true,true,3,pere_interdit,1314,1
T95,XIX,XIX/T95.md,"Séquelles de brulures, corrosions et gelures",7,true,true,true,3,pere_interdit,2365,1
T96,XIX,XIX/T96.md,Séquelles d'intoxications par médicaments et substances biologiques,0,true,true,false,4,interdit_dp,823,1
T97,XIX,XIX/T97.md,Séquelles d'effets toxiques de substances d'origine essentiellement non médicinale,0,true,true,false,4,interdit_dp,839,1
T98,XIX,XIX/T98.md,"Séquelles de causes externes, autres et sans précision",4,true,true,true,3,pere_interdit,1463,1
U04,XXII,XXII/U04.md,Syndrome respiratoire aigu sévère [SRAS],1,false,true,true,3,pere_interdit,497,1
U07,XXII,XXII/U07.md,Codes pour usage urgent,10,true,true,false,3,pere_interdit,1531,1
U08,XXII,XXII/U08.md,Antécédents personnels de COVID-19,1,false,false,false,3,pere_interdit,350,1
U09,XXII,XXII/U09.md,Affection post-COVID-19,1,false,false,false,3,pere_interdit,328,1
U10,XXII,XXII/U10.md,Syndrome inflammatoire multisystémique associé à la COVID-19,1,true,true,false,3,pere_interdit,895,1
U11,XXII,XXII/U11.md,Nécessité d’une vaccination contre la COVID-19,1,false,true,false,3,pere_interdit,466,1
U12,XXII,XXII/U12.md,Vaccins contre la COVID-19 ayant provoqué des effets indésirables au cours de leur usage thérapeutique,1,false,false,false,3,pere_interdit,486,1
U82,XXII,XXII/U82.md,Résistance aux antibiotiques bétalactamines [bétalactames],5,true,false,false,3,pere_interdit,770,1
U83,XXII,XXII/U83.md,Résistance aux autres antibiotiques,6,true,true,false,3,pere_interdit,1020,1
U84,XXII,XXII/U84.md,Résistance aux autres antimicrobiens,7,true,true,true,3,pere_interdit,1262,1
U85,XXII,XXII/U85.md,Résistance aux médicaments antinéoplasiques,0,true,false,false,1,interdit_dp_dr,385,1
U90,XXII,XXII/U90.md,Autres formes de pharmacorésistance,2,false,true,false,3,pere_interdit,642,1
V01,XX,XX/V01.md,Piéton blessé dans une collision avec un cycle,3,false,true,false,3,pere_interdit,1426,1
V02,XX,XX/V02.md,Piéton blessé dans une collision avec un véhicule à moteur à deux ou trois roues,3,false,true,false,3,pere_interdit,1562,1
V03,XX,XX/V03.md,Piéton blessé dans une collision avec une automobile ou une camionnette,3,false,true,false,3,pere_interdit,1526,1
V04,XX,XX/V04.md,Piéton blessé dans une collision avec un véhicule lourd ou un autobus,3,false,true,false,3,pere_interdit,1518,1
V05,XX,XX/V05.md,Piéton blessé dans une collision avec un train ou un véhicule ferroviaire,3,false,true,false,3,pere_interdit,1534,1
V06,XX,XX/V06.md,Piéton blessé dans une collision avec un autre véhicule sans moteur,3,true,true,false,3,pere_interdit,1653,1
V09,XX,XX/V09.md,"Piéton blessé dans des accidents de transport, autres et sans précision",5,true,true,false,3,pere_interdit,1768,1
V10,XX,XX/V10.md,Cycliste blessé dans une collision avec un piéton ou un animal,7,false,true,false,3,pere_interdit,2168,1
V11,XX,XX/V11.md,Cycliste blessé dans une collision avec un autre cycle,7,false,true,false,3,pere_interdit,1949,1
V12,XX,XX/V12.md,Cycliste blessé dans une collision avec un véhicule à moteur à deux ou trois roues,7,false,true,false,3,pere_interdit,2173,1
V13,XX,XX/V13.md,Cycliste blessé dans une collision avec une automobile ou une camionnette,7,false,true,false,3,pere_interdit,2101,1
V14,XX,XX/V14.md,Cycliste blessé dans une collision avec un vehicule lourd ou un autobus,7,false,true,false,3,pere_interdit,2085,1
V15,XX,XX/V15.md,Cycliste blessé dans une collision avec un train ou un véhicule ferroviaire,7,false,true,false,3,pere_interdit,2117,1
V16,XX,XX/V16.md,Cycliste blessé dans une collision avec un autre véhicule sans moteur,7,true,true,false,3,pere_interdit,2212,1
V17,XX,XX/V17.md,Cycliste blessé dans une collision avec un objet fixe ou stationnaire,7,false,true,false,3,pere_interdit,2069,1
V18,XX,XX/V18.md,"Cycliste blessé dans un accident de transport, sans collision",7,true,true,false,3,pere_interdit,2286,1
V19,XX,XX/V19.md,"Cycliste blessé dans des accidents de transport, autres et sans précision",9,true,true,false,3,pere_interdit,2690,1
V20,XX,XX/V20.md,Motocycliste blessé dans une collision avec un piéton ou un animal,7,true,true,false,3,pere_interdit,2443,1
V21,XX,XX/V21.md,Motocycliste blessé dans une collision avec un cycle,7,true,true,false,3,pere_interdit,2190,1
V22,XX,XX/V22.md,Motocycliste blessé dans une collision avec un véhicule à moteur à deux ou trois roues,7,true,true,false,3,pere_interdit,2462,1
V23,XX,XX/V23.md,Motocycliste blessé dans une collision avec une automobile ou une camionnette,7,true,true,false,3,pere_interdit,2390,1
V24,XX,XX/V24.md,Motocycliste blessé dans une collision avec un véhicule lourd ou un autobus,7,true,true,false,3,pere_interdit,2374,1
V25,XX,XX/V25.md,Motocycliste blessé dans une collision avec un train ou un véhicule ferroviaire,7,true,true,false,3,pere_interdit,2406,1
V26,XX,XX/V26.md,Motocycliste blessé dans une collision avec un autre véhicule sans moteur,7,true,true,false,3,pere_interdit,2478,1
V27,XX,XX/V27.md,Motocycliste blessé dans une collision avec un objet fixe ou stationnaire,7,true,true,false,3,pere_interdit,2358,1
V28,XX,XX/V28.md,"Motocycliste blessé dans un accident de transport, sans collision",7,true,true,false,3,pere_interdit,2548,1
V29,XX,XX/V29.md,"Motocycliste blessé dans des accidents de transport, autres et sans précision",9,true,true,false,3,pere_interdit,3043,1
V30,XX,XX/V30.md,"Occupant d'un véhicule à moteur à trois roues, blessé dans une collision avec un piéton ou un animal",9,true,true,false,3,pere_interdit,3157,1
V31,XX,XX/V31.md,Occupant d'un véhicule à moteur à trois roues blessé dans une collision avec un cycle,9,true,true,false,3,pere_interdit,2866,1
V32,XX,XX/V32.md,Occupant d'un véhicule à moteur à trois roues blessé dans une collision avec un véhicule à moteur à deux ou trois roues,9,true,true,false,3,pere_interdit,3206,1
V33,XX,XX/V33.md,Occupant d'un véhicule à moteur à trois roues blessé dans une collision avec une automobile ou une camionnette,9,true,true,false,3,pere_interdit,3116,1
V34,XX,XX/V34.md,Occupant d'un véhicule à moteur à trois roues blessé dans une collision avec un véhicule lourd ou un autobus,9,true,true,false,3,pere_interdit,3096,1
V35,XX,XX/V35.md,Occupant d'un véhicule à moteur à trois roues blessé dans une collision avec un train ou un véhicule ferroviaire,9,true,true,false,3,pere_interdit,3136,1
V36,XX,XX/V36.md,Occupant d'un véhicule à moteur à trois roues blessé dans une collision avec un autre véhicule sans moteur,9,true,true,false,3,pere_interdit,3196,1
V37,XX,XX/V37.md,Occupant d'un véhicule à moteur à trois roues blessé dans une collision avec un objet fixe ou stationnaire,9,true,true,false,3,pere_interdit,3076,1
V38,XX,XX/V38.md,"Occupant d'un véhicule à moteur à trois roues blessé dans un accident de transport, sans collision",9,true,true,false,3,pere_interdit,3229,1
V39,XX,XX/V39.md,"Occupant d'un véhicule à moteur à trois roues blessé dans des accidents de transport, autres et sans précision",9,true,true,false,3,pere_interdit,3429,1
V40,XX,XX/V40.md,Occupant d'une automobile blessé dans une collision avec un piéton ou un animal,9,true,true,false,3,pere_interdit,2774,1
V41,XX,XX/V41.md,Occupant d'une automobile blessé dans une collision avec un cycle,9,true,true,false,3,pere_interdit,2493,1
V42,XX,XX/V42.md,Occupant d'une automobile blessé dans une collision avec un véhicule à moteur à deux ou trois roues,9,true,true,false,3,pere_interdit,2833,1
V43,XX,XX/V43.md,Occupant d'une automobile blessé dans une collision avec une automobile ou une camionnette,9,true,true,false,3,pere_interdit,2743,1
V44,XX,XX/V44.md,Occupant d'une automobile blessé dans une collision avec un véhicule lourd ou un autobus,9,true,true,false,3,pere_interdit,2723,1
V45,XX,XX/V45.md,Occupant d'une automobile blessé dans une collision avec un train ou un véhicule ferroviaire,9,true,true,false,3,pere_interdit,2763,1
V46,XX,XX/V46.md,Occupant d'une automobile blessé dans une collision avec un autre véhicule sans moteur,9,true,true,false,3,pere_interdit,2823,1
V47,XX,XX/V47.md,Occupant d'une automobile blessé dans une collision avec un objet fixe ou stationnaire,9,true,true,false,3,pere_interdit,2703,1
V48,XX,XX/V48.md,"Occupant d'une automobile blessé dans un accident de transport, sans collision",9,true,true,false,3,pere_interdit,2744,1
V49,XX,XX/V49.md,"Occupant d'une automobile blessé dans des accidents de transport, autres et sans précision",9,true,true,false,3,pere_interdit,2934,1
V50,XX,XX/V50.md,Occupant d'une camionnette blessé dans une collision avec un piéton ou un animal,9,false,true,false,3,pere_interdit,2738,1
V51,XX,XX/V51.md,Occupant d'une camionnette blessé dans une collision avec un cycle,9,false,true,false,3,pere_interdit,2457,1
V52,XX,XX/V52.md,Occupant d'une camionnette blessé dans une collision avec un véhicule à moteur à deux ou trois roues,9,false,true,false,3,pere_interdit,2797,1
V53,XX,XX/V53.md,Occupant d'une camionnette blessé dans une collision avec une automobile ou une camionnette,9,false,true,false,3,pere_interdit,2707,1
V54,XX,XX/V54.md,Occupant d'une camionnette blessé dans une collision avec un véhicule lourd ou un autobus,9,false,true,false,3,pere_interdit,2687,1
V55,XX,XX/V55.md,Occupant d'une camionnette blessé dans une collision avec un train ou un véhicule ferroviaire,9,false,true,false,3,pere_interdit,2727,1
V56,XX,XX/V56.md,Occupant d'une camionnette blessé dans une collision avec un autre véhicule sans moteur,9,true,true,false,3,pere_interdit,2810,1
V57,XX,XX/V57.md,Occupant d'une camionnette blessé dans une collision avec un objet fixe ou stationnaire,9,false,true,false,3,pere_interdit,2667,1
V58,XX,XX/V58.md,"Occupant d'une camionnette blessé dans un accident de transport, sans collision",9,true,true,false,3,pere_interdit,2731,1
V59,XX,XX/V59.md,"Occupant d'une camionnette blessé dans des accidents de transport, autres et sans précision",9,true,true,false,3,pere_interdit,3002,1
V60,XX,XX/V60.md,Occupant d'un véhicule lourd blessé dans une collision avec un piéton ou un animal,9,false,true,false,3,pere_interdit,2739,1
V61,XX,XX/V61.md,Occupant d'un véhicule lourd blessé dans une collision avec un cycle,9,false,true,false,3,pere_interdit,2458,1
V62,XX,XX/V62.md,Occupant d'un véhicule lourd blessé dans une collision avec un véhicule à moteur à deux ou à trois roues,9,false,true,false,3,pere_interdit,2818,1
V63,XX,XX/V63.md,Occupant d'un véhicule lourd blessé dans une collision avec une automobile ou une camionnette,9,false,true,false,3,pere_interdit,2708,1
V64,XX,XX/V64.md,Occupant d'un véhicule lourd blessé dans une collision avec un véhicule lourd ou un autobus,9,false,true,false,3,pere_interdit,2688,1
V65,XX,XX/V65.md,Occupant d'un véhicule lourd blessé dans une collision avec un train ou un véhicule ferroviaire,9,false,true,false,3,pere_interdit,2728,1
V66,XX,XX/V66.md,Occupant d'un véhicule lourd blessé dans une collision avec un autre véhicule sans moteur,9,true,true,false,3,pere_interdit,2811,1
V67,XX,XX/V67.md,Occupant d'un véhicule lourd blessé dans une collision avec un objet fixe ou stationnaire,9,false,true,false,3,pere_interdit,2668,1
V68,XX,XX/V68.md,"Occupant d'un véhicule lourd blessé dans un accident de transport, sans collision",9,true,true,false,3,pere_interdit,2732,1
V69,XX,XX/V69.md,"Occupant d'un véhicule lourd blessé dans des accidents de transport, autres et sans précision",9,true,true,false,3,pere_interdit,3018,1
V70,XX,XX/V70.md,Occupant d'un autobus blessé dans une collision avec un piéton ou un animal,9,false,true,false,3,pere_interdit,2667,1
V71,XX,XX/V71.md,Occupant d'un autobus blessé dans une collision avec un cycle,9,false,true,false,3,pere_interdit,2386,1
V72,XX,XX/V72.md,Occupant d'un autobus blessé dans une collision avec un véhicule à moteur à deux ou trois roues,9,false,true,false,3,pere_interdit,2726,1
V73,XX,XX/V73.md,Occupant d'un autobus blessé dans une collision avec une automobile ou une camionnette,9,false,true,false,3,pere_interdit,2636,1
V74,XX,XX/V74.md,Occupant d'un autobus blessé dans une collision avec un véhicule lourd ou un autobus,9,false,true,false,3,pere_interdit,2616,1
V75,XX,XX/V75.md,Occupant d'un autobus blessé dans une collision avec un train ou un véhicule ferroviaire,9,false,true,false,3,pere_interdit,2656,1
V76,XX,XX/V76.md,Occupant d'un autobus blessé dans une collision avec un autre véhicule sans moteur,9,true,true,false,3,pere_interdit,2739,1
V77,XX,XX/V77.md,Occupant d'un autobus blessé dans une collision avec un objet fixe ou stationnaire,9,false,true,false,3,pere_interdit,2596,1
V78,XX,XX/V78.md,"Occupant d'un autobus blessé dans un accident de transport, sans collision",9,true,true,false,3,pere_interdit,2660,1
V79,XX,XX/V79.md,"Occupant d'un autobus blessé dans des accidents de transport, autres et sans précision",9,true,true,false,3,pere_interdit,2852,1
V80,XX,XX/V80.md,Personne montant un animal ou occupant un véhicule à traction animale blessée dans un accident de transport,10,true,true,false,3,pere_interdit,3198,1
V81,XX,XX/V81.md,Occupant d'un train ou d'un véhicule ferroviaire blessé dans un accident de transport,10,true,true,false,3,pere_interdit,2988,1
V82,XX,XX/V82.md,Occupant d'un tramway blessé dans un accident de transport,10,true,true,false,3,pere_interdit,2355,1
V83,XX,XX/V83.md,"Occupant d'un véhicule spécial utilisé essentiellement sur un site industriel, blessé dans un accident de transport",9,true,true,false,3,pere_interdit,2705,1
V84,XX,XX/V84.md,"Occupant d'un véhicule spécial utilisé essentiellement pour des travaux agricoles, blessé dans un accident de transport",9,true,true,false,3,pere_interdit,2749,1
V85,XX,XX/V85.md,Occupant d'un véhicule spécial de construction blessé dans un accident de transport,9,true,true,false,3,pere_interdit,2355,1
V86,XX,XX/V86.md,"Occupant d'un véhicule spécial tout-terrain ou autre véhicule à moteur essentiellement conçu pour être utilisé hors d'une route, blessé dans un accident de transport",9,true,true,false,3,pere_interdit,3338,1
V87,XX,XX/V87.md,"Accident de la circulation d'un type précisé, sans que soit connu le mode de transport de la victime",10,false,true,false,3,pere_interdit,2556,1
V88,XX,XX/V88.md,"Accident en dehors de la circulation d'un type précisé, sans que soit connu le mode de transport de la victime",10,false,true,false,3,pere_interdit,2636,1
V89,XX,XX/V89.md,"Accident avec un véhicule avec ou sans moteur, type de véhicule non précisé",5,true,true,false,3,pere_interdit,2012,1
V90,XX,XX/V90.md,Accident de bateau entraînant la noyade et la submersion,10,true,true,false,3,pere_interdit,3119,1
V91,XX,XX/V91.md,Accident de bateau provoquant d'autres lésions traumatiques,10,true,true,false,3,pere_interdit,3790,1
V92,XX,XX/V92.md,"Noyade et submersion durant un transport par eau, sans accident de bateau",10,true,true,false,3,pere_interdit,3631,1
V93,XX,XX/V93.md,"Accident à bord d'un bateau, sans accident du bateau, ne causant ni noyade ni submersion",10,true,true,false,3,pere_interdit,4496,1
V94,XX,XX/V94.md,"Accidents de transport par eau, autres et sans précision",10,true,true,false,3,pere_interdit,2713,1
V95,XX,XX/V95.md,Accident d'aéronef à moteur dans lequel un occupant est blessé,7,true,true,false,3,pere_interdit,2378,1
V96,XX,XX/V96.md,Accident d'aéronef sans moteur dans lequel un occupant est blessé,5,true,true,false,3,pere_interdit,2172,1
V97,XX,XX/V97.md,Autres accidents de transport aérien précisés,5,true,true,false,3,pere_interdit,2214,1
V98,XX,XX/V98.md,Autres accidents de transport précisés,0,true,true,false,2,cause_externe,2018,1
V99,XX,XX/V99.md,"Accident de transport, sans précision",0,false,true,false,2,cause_externe,1045,1
W00,XX,XX/W00.md,Chute de plain-pied due à la glace et la neige,0,false,true,false,3,pere_interdit,872,1
W01,XX,XX/W01.md,"Chute de plain-pied résultant de glissade, faux-pas et trébuchement",0,false,true,false,3,pere_interdit,843,1
W02,XX,XX/W02.md,"Chute impliquant des patins à glace, des skis, des patins à roulettes ou une planche à roulettes",0,false,true,false,3,pere_interdit,790,1
W03,XX,XX/W03.md,Autre chute de plain-pied due à une collision avec un tiers ou une poussée par un tiers,0,true,true,false,3,pere_interdit,1102,1
W04,XX,XX/W04.md,"Chute, en étant porté ou soutenu par des tiers",0,true,true,false,3,pere_interdit,835,1
W05,XX,XX/W05.md,Chute d'un fauteuil roulant,0,false,true,false,3,pere_interdit,721,1
W06,XX,XX/W06.md,Chute d'un lit,0,false,true,false,3,pere_interdit,708,1
W07,XX,XX/W07.md,Chute d'une chaise,0,false,true,false,3,pere_interdit,712,1
W08,XX,XX/W08.md,Chute d'un autre meuble,0,false,true,false,3,pere_interdit,717,1
W09,XX,XX/W09.md,Chute du haut d'agrès équipant un terrain de jeux,0,false,true,false,3,pere_interdit,831,1
W10,XX,XX/W10.md,Chute dans et d'un escalier et de marches,0,true,true,false,3,pere_interdit,1234,1
W11,XX,XX/W11.md,Chute sur ou d'une échelle,0,false,true,false,3,pere_interdit,720,1
W12,XX,XX/W12.md,Chute sur ou d'un échafaudage,0,false,true,false,3,pere_interdit,723,1
W13,XX,XX/W13.md,Chute du haut d'un bâtiment ou d'un autre ouvrage,0,true,true,false,3,pere_interdit,1617,1
W14,XX,XX/W14.md,Chute du haut d'un arbre,0,false,true,false,3,pere_interdit,718,1
W15,XX,XX/W15.md,Chute d'une falaise,0,false,true,false,3,pere_interdit,713,1
W16,XX,XX/W16.md,Plongée ou saut dans l'eau provoquant une lésion traumatique autre que noyade ou submersion,0,true,true,false,3,pere_interdit,1371,1
W17,XX,XX/W17.md,Autre chute d'un niveau à un autre,0,true,true,false,3,pere_interdit,1330,1
W18,XX,XX/W18.md,Autre chute de plain-pied,0,true,true,false,3,pere_interdit,989,1
W19,XX,XX/W19.md,"Chute, sans précision",0,true,true,false,3,pere_interdit,792,1
W20,XX,XX/W20.md,Heurt causé par le lancement ou la chute (d'un)(d') objet(s),0,true,true,false,3,pere_interdit,1260,1
W21,XX,XX/W21.md,Heurt contre ou par du matériel de sport,0,true,true,false,3,pere_interdit,752,1
W22,XX,XX/W22.md,Heurt contre ou par (un)(d')autre(s) objet(s),0,true,true,false,3,pere_interdit,640,1
W23,XX,XX/W23.md,"Compression, écrasement ou blocage dans des objets ou entre des objets",0,true,true,false,3,pere_interdit,2397,1
W24,XX,XX/W24.md,"Contact avec (un)(des) dispositif(s) de levage et de transmission, non classé(s) ailleurs",0,true,true,false,3,pere_interdit,917,1
W25,XX,XX/W25.md,Contact avec du verre tranchant,0,false,true,false,3,pere_interdit,741,1
W26,XX,XX/W26.md,Contact avec (un)(d')autre(s) objet(s) tranchant(s),3,true,true,false,3,pere_interdit,1097,1
W27,XX,XX/W27.md,Contact avec un outil à main non électrique,0,true,true,false,3,pere_interdit,1189,1
W28,XX,XX/W28.md,Contact avec tondeuse à gazon à moteur,0,false,true,false,3,pere_interdit,629,1
W29,XX,XX/W29.md,Contact avec d'autres outils manuels électriques et appareils électro-ménagers,0,true,true,false,3,pere_interdit,1344,1
W30,XX,XX/W30.md,Contact avec du matériel agricole,0,true,true,false,3,pere_interdit,1078,1
W31,XX,XX/W31.md,"Contact avec des appareils, autres et sans précision",0,true,true,false,3,pere_interdit,872,1
W32,XX,XX/W32.md,Décharge d'arme de poing,0,true,true,false,3,pere_interdit,781,1
W33,XX,XX/W33.md,"Décharge de fusil, de carabine et d'arme de plus grande taille",0,true,true,false,3,pere_interdit,809,1
W34,XX,XX/W34.md,"Décharge d'armes, autres et sans précision",0,true,true,false,3,pere_interdit,802,1
W35,XX,XX/W35.md,Explosion et éclatement d'une chaudière,0,false,true,false,3,pere_interdit,548,1
W36,XX,XX/W36.md,Explosion et éclatement d'une bouteille de gaz,0,true,true,false,3,pere_interdit,753,1
W37,XX,XX/W37.md,Explosion et éclatement de pneumatique ou de tuyau sous pression,0,false,true,false,3,pere_interdit,573,1
W38,XX,XX/W38.md,Explosion et éclatement d'autres appareils précisés sous pression,0,false,true,false,3,pere_interdit,574,1
W39,XX,XX/W39.md,Projections de feu d'artifice,0,false,true,false,3,pere_interdit,538,1
W40,XX,XX/W40.md,Explosion d'autres matériaux,0,true,true,false,3,pere_interdit,932,1
W41,XX,XX/W41.md,Exposition à un jet à haute pression,0,true,true,false,3,pere_interdit,684,1
W42,XX,XX/W42.md,Exposition au bruit,0,true,true,false,3,pere_interdit,669,1
W43,XX,XX/W43.md,Exposition aux vibrations,0,true,true,false,3,pere_interdit,597,1
W44,XX,XX/W44.md,Corps étranger pénétrant dans l'œil ou un orifice naturel,0,false,true,false,3,pere_interdit,727,1
W45,XX,XX/W45.md,Corps étranger ou objet pénétrant dans la peau,0,true,true,false,3,pere_interdit,1021,1
W46,XX,XX/W46.md,Contact avec aiguille à usage médical [aiguille hypodermique],0,false,true,false,3,pere_interdit,570,1
W49,XX,XX/W49.md,"Exposition à des forces mécaniques, autres et sans précision",0,true,true,false,3,pere_interdit,662,1
W50,XX,XX/W50.md,"Coup, torsion, morsure ou écorchure infligés par un tiers",0,false,true,false,3,pere_interdit,600,1
W51,XX,XX/W51.md,Collision entre deux personnes,0,false,true,false,3,pere_interdit,663,1
W52,XX,XX/W52.md,"Ecrasement, poussée ou piétinement par une foule humaine",0,false,true,false,3,pere_interdit,507,1
W53,XX,XX/W53.md,Morsure de rat,0,false,true,false,3,pere_interdit,465,1
W54,XX,XX/W54.md,Morsure ou coup donné par un chien,0,false,true,false,3,pere_interdit,485,1
W55,XX,XX/W55.md,Morsure ou coup donné par d'autres mammifères,0,false,true,false,3,pere_interdit,577,1
W56,XX,XX/W56.md,Contact avec un animal marin,0,true,true,false,3,pere_interdit,575,1
W57,XX,XX/W57.md,Morsure ou piqure non venimeuse d'insectes et autres arthropodes,0,false,true,false,3,pere_interdit,515,1
W58,XX,XX/W58.md,Morsure ou coup donné par un crocodile ou un alligator,0,false,true,false,3,pere_interdit,505,1
W59,XX,XX/W59.md,Morsure ou écrasement par d'autres reptiles,0,true,true,false,3,pere_interdit,621,1
W60,XX,XX/W60.md,Contact avec des épines de plantes et des feuilles acérées,0,false,true,false,3,pere_interdit,509,1
W64,XX,XX/W64.md,"Exposition à des forces animées, autres et sans précision",0,false,true,false,3,pere_interdit,508,1
W65,XX,XX/W65.md,Noyade et submersion dans une baignoire,0,false,true,false,3,pere_interdit,523,1
W66,XX,XX/W66.md,Noyade et submersion consécutives à une chute dans une baignoire,0,false,true,false,3,pere_interdit,548,1
W67,XX,XX/W67.md,Noyade et submersion dans une piscine,0,false,true,false,3,pere_interdit,521,1
W68,XX,XX/W68.md,Noyade et submersion consécutives à une chute dans une piscine,0,false,true,false,3,pere_interdit,546,1
W69,XX,XX/W69.md,Noyade et submersion dans des eaux naturelles,0,true,true,false,3,pere_interdit,828,1
W70,XX,XX/W70.md,Noyade et submersion consécutives à une chute dans des eaux naturelles,0,false,true,false,3,pere_interdit,554,1
W73,XX,XX/W73.md,Autres formes de noyade et submersion précisées,0,true,true,false,3,pere_interdit,742,1
W74,XX,XX/W74.md,"Noyade et submersion, sans précision",0,true,true,false,3,pere_interdit,655,1
W75,XX,XX/W75.md,Suffocation et strangulation accidentelles dans un lit,0,true,false,false,3,pere_interdit,693,1
W76,XX,XX/W76.md,Autre pendaison et strangulation accidentelles,0,false,false,false,3,pere_interdit,361,1
W77,XX,XX/W77.md,"Danger pour la respiration dû à un affaissement du sol, une coulée de terre et d'autres substances",0,true,true,false,3,pere_interdit,656,1
W78,XX,XX/W78.md,Inhalation du contenu de l'estomac,0,true,true,false,3,pere_interdit,1740,1
W79,XX,XX/W79.md,Inhalation et ingestion d'aliments provoquant une obstruction des voies respiratoires,0,true,true,false,3,pere_interdit,1968,1
W80,XX,XX/W80.md,Inhalation et ingestion d'autres objets provoquant une obstruction des voies respiratoires,0,true,true,false,3,pere_interdit,2190,1
W81,XX,XX/W81.md,Confinement ou emprisonnement dans un environnement pauvre en oxygène,0,true,true,false,3,pere_interdit,820,1
W83,XX,XX/W83.md,Autres dangers pour la respiration,0,true,false,false,3,pere_interdit,444,1
W84,XX,XX/W84.md,"Danger pour la respiration, sans précision",0,true,false,false,3,pere_interdit,509,1
W85,XX,XX/W85.md,Exposition aux lignes électriques,0,false,true,false,3,pere_interdit,854,1
W86,XX,XX/W86.md,Exposition à d'autres formes précisées de courant électrique,0,false,true,false,3,pere_interdit,881,1
W87,XX,XX/W87.md,"Exposition au courant électrique, sans précision",0,true,true,false,3,pere_interdit,1156,1
W88,XX,XX/W88.md,Exposition aux rayonnements ionisants,0,true,true,false,3,pere_interdit,989,1
W89,XX,XX/W89.md,Exposition à une source lumineuse artificielle visible et aux ultraviolets,0,true,true,false,3,pere_interdit,981,1
W90,XX,XX/W90.md,Exposition à d'autres rayonnements non ionisants,0,true,true,false,3,pere_interdit,1083,1
W91,XX,XX/W91.md,"Exposition aux rayonnements, sans précision",0,false,true,false,3,pere_interdit,864,1
W92,XX,XX/W92.md,Exposition à une chaleur artificielle excessive,0,false,true,false,3,pere_interdit,868,1
W93,XX,XX/W93.md,Exposition à un froid artificiel excessif,0,true,true,false,3,pere_interdit,1325,1
W94,XX,XX/W94.md,Exposition à une dépression et une hyperpression et à des changements de pression barométriques,0,true,true,false,3,pere_interdit,2167,1
W99,XX,XX/W99.md,"Exposition à des facteurs propres à un environnement artificiel, autres et sans précision",0,false,true,false,3,pere_interdit,910,1
X00,XX,XX/X00.md,"Exposition à un feu non maitrisé, dans un bâtiment ou un ouvrage",0,true,true,false,3,pere_interdit,1490,1
X01,XX,XX/X01.md,"Exposition à un feu non maitrisé, hors d'un bâtiment ou d'un ouvrage",0,true,true,false,3,pere_interdit,718,1
X02,XX,XX/X02.md,"Exposition à un feu maitrisé, dans un bâtiment ou un ouvrage",0,true,true,false,3,pere_interdit,780,1
X03,XX,XX/X03.md,"Exposition à un feu maitrisé, hors d'un bâtiment ou d'un ouvrage",0,true,true,false,3,pere_interdit,708,1
X04,XX,XX/X04.md,Exposition à l'inflammation d'une substance très inflammable,0,true,true,false,3,pere_interdit,842,1
X05,XX,XX/X05.md,Exposition à l'inflammation ou la fonte de vêtements de nuit,0,true,true,false,3,pere_interdit,661,1
X06,XX,XX/X06.md,Exposition à l'inflammation ou la fonte d'autres vêtements et parures,0,true,true,false,3,pere_interdit,882,1
X08,XX,XX/X08.md,"Exposition à d'autres fumées, feux et flammes précisés",0,true,true,false,3,pere_interdit,655,1
X09,XX,XX/X09.md,"Exposition à la fumée, au feu et aux flammes, sans précision",0,true,true,false,3,pere_interdit,791,1
X10,XX,XX/X10.md,"Contact avec des boissons, aliments, graisses comestibles et huiles de cuisson brulants",0,false,true,false,3,pere_interdit,591,1
X11,XX,XX/X11.md,Contact avec de l'eau bouillante provenant d'un robinet,0,true,true,false,3,pere_interdit,959,1
X12,XX,XX/X12.md,Contact avec d'autres liquides brulants,0,true,true,false,3,pere_interdit,702,1
X13,XX,XX/X13.md,Contact avec de la vapeur d'eau et des vapeurs brulantes,0,false,true,false,3,pere_interdit,560,1
X14,XX,XX/X14.md,Contact avec de l'air et des gaz brulants,0,true,true,false,3,pere_interdit,635,1
X15,XX,XX/X15.md,Contact avec des appareils ménagers brulants,0,true,true,false,3,pere_interdit,933,1
X16,XX,XX/X16.md,"Contact avec des appareils de chauffage, radiateurs et tuyaux brulants",0,false,true,false,3,pere_interdit,574,1
X17,XX,XX/X17.md,"Contact avec des moteurs, des machines et des outils brulants",0,false,true,false,3,pere_interdit,705,1
X18,XX,XX/X18.md,Contact avec d'autres métaux chauffés,0,true,true,false,3,pere_interdit,611,1
X19,XX,XX/X19.md,"Contact avec des sources de chaleur et des substances brulantes, autres et sans précision",0,false,true,false,3,pere_interdit,741,1
X20,XX,XX/X20.md,Contact avec des serpents et des lézards venimeux,0,true,true,false,3,pere_interdit,1354,1
X21,XX,XX/X21.md,Contact avec des araignées venimeuses,0,true,true,false,3,pere_interdit,1040,1
X22,XX,XX/X22.md,Contact avec des scorpions,0,true,true,false,3,pere_interdit,937,1
X23,XX,XX/X23.md,"Contact avec des frelons, guêpes et abeilles",0,true,true,false,3,pere_interdit,1015,1
X24,XX,XX/X24.md,Contact avec des centipodes et myriapodes venimeux (tropicaux),0,true,true,false,3,pere_interdit,973,1
X25,XX,XX/X25.md,Contact avec d'autres arthropodes venimeux,0,true,true,false,3,pere_interdit,1033,1
X26,XX,XX/X26.md,Contact avec des animaux venimeux marins et des plantes vénéneuses marines,0,true,true,false,3,pere_interdit,1284,1
X27,XX,XX/X27.md,Contact avec d'autres animaux venimeux précisés,0,true,true,false,3,pere_interdit,958,1
X28,XX,XX/X28.md,Contact avec d'autres plantes vénéneuses précisées,0,true,true,false,3,pere_interdit,1225,1
X29,XX,XX/X29.md,"Contact avec un animal venimeux ou une plante vénéneuse, sans précision",0,true,true,false,3,pere_interdit,1120,1
X30,XX,XX/X30.md,Exposition à une chaleur naturelle excessive,0,true,true,false,3,pere_interdit,654,1
X31,XX,XX/X31.md,Exposition à un froid naturel excessif,0,true,true,false,3,pere_interdit,899,1
X32,XX,XX/X32.md,Exposition à la lumière solaire,0,false,false,false,3,pere_interdit,339,1
X33,XX,XX/X33.md,Victime de la foudre,0,false,true,false,3,pere_interdit,527,1
X34,XX,XX/X34.md,Victime d'un tremblement de terre,4,true,false,false,3,pere_interdit,773,1
X35,XX,XX/X35.md,Victime d'éruption volcanique,0,false,false,false,3,pere_interdit,337,1
X36,XX,XX/X36.md,"Victime d'avalanche, glissement de terrain et autres mouvements telluriques",0,true,true,false,3,pere_interdit,710,1
X37,XX,XX/X37.md,Victime de tempête cataclysmique,0,true,true,false,3,pere_interdit,1016,1
X38,XX,XX/X38.md,Victime d'inondation,0,true,true,false,3,pere_interdit,1004,1
X39,XX,XX/X39.md,"Exposition à des forces de la nature, autres et sans précision",0,true,true,false,3,pere_interdit,628,1
X40,XX,XX/X40.md,"Intoxication accidentelle par des analgésiques, antipyrétiques et antirhumatismaux, non opiacés et exposition à ces produits",0,true,true,false,3,pere_interdit,1978,1
X41,XX,XX/X41.md,"Intoxication accidentelle par des antiépileptiques, sédatifs, hypnotiques, antiparkinsoniens et psychotropes et exposition à ces produits, non classés ailleurs",0,true,true,false,3,pere_interdit,2181,1
X42,XX,XX/X42.md,"Intoxication accidentelle par des narcotiques et psychodysleptiques [hallucinogènes] et exposition à ces produits, non classés ailleurs",0,true,true,false,3,pere_interdit,2019,1
X43,XX,XX/X43.md,Intoxication accidentelle par d'autres substances pharmacologiques agissant sur le système nerveux autonome et exposition à ces substances,0,true,true,false,3,pere_interdit,2163,1
X44,XX,XX/X44.md,"Intoxication accidentelle par des médicaments et substances biologiques et exposition à ces produits, autres et sans précision",0,true,true,false,3,pere_interdit,2814,1
X45,XX,XX/X45.md,Intoxication accidentelle par l'alcool et exposition à l'alcool,0,true,true,false,3,pere_interdit,2071,1
X46,XX,XX/X46.md,Intoxication accidentelle par des solvants organiques et des hydrocarbures halogénés et leurs émanations et exposition à ces produits,0,true,true,false,3,pere_interdit,1985,1
X47,XX,XX/X47.md,Intoxication accidentelle par le monoxyde de carbone et d'autres gaz et émanations et exposition à ces produits,7,true,true,false,3,pere_interdit,4009,1
X48,XX,XX/X48.md,Intoxication accidentelle par des pesticides et exposition à ces produits,0,true,true,false,3,pere_interdit,2001,1
X49,XX,XX/X49.md,"Intoxication accidentelle par des produits chimiques et substances nocives et exposition à ces produits, autres et sans précision",0,true,true,false,3,pere_interdit,2377,1
X50,XX,XX/X50.md,Surmenage et mouvements épuisants ou répétés,0,true,true,false,3,pere_interdit,720,1
X51,XX,XX/X51.md,Voyage et mouvement,0,false,true,false,3,pere_interdit,463,1
X52,XX,XX/X52.md,Séjour prolongé en apesanteur,0,true,true,false,2,cause_externe,576,1
X53,XX,XX/X53.md,Privation d'aliments,0,true,true,false,3,pere_interdit,959,1
X54,XX,XX/X54.md,Privation d'eau,0,true,true,false,3,pere_interdit,889,1
X57,XX,XX/X57.md,"Privation, sans précision",0,true,true,false,3,pere_interdit,533,1
X58,XX,XX/X58.md,Exposition à d'autres facteurs précisés,0,false,false,false,3,pere_interdit,377,1
X59,XX,XX/X59.md,"Exposition à des facteurs, sans précision",2,true,false,false,3,pere_interdit,736,1
X60,XX,XX/X60.md,"Auto-intoxication par des analgésiques, antipyrétiques et antirhumatismaux non opiacés et exposition à ces produits",0,true,false,false,3,pere_interdit,859,1
X61,XX,XX/X61.md,"Auto-intoxication par des antiépileptiques, sédatifs, hypnotiques, antiparkinsoniens et psychotropes et exposition à ces produits, non classés ailleurs",0,true,false,false,3,pere_interdit,1063,1
X62,XX,XX/X62.md,"Auto-intoxication par des narcotiques et psychodysleptiques [hallucinogènes] et exposition à ces produits, non classés ailleurs",0,true,false,false,3,pere_interdit,901,1
X63,XX,XX/X63.md,Auto-intoxication par d'autres substances pharmacologiques agissant sur le système nerveux autonome et exposition à ces produits,0,true,false,false,3,pere_interdit,1043,1
X64,XX,XX/X64.md,"Auto-intoxication par des médicaments et substances biologiques et exposition à ces produits, autres et sans précision",0,true,false,false,3,pere_interdit,1759,1
X65,XX,XX/X65.md,Auto-intoxication par l'alcool et exposition à l'alcool,0,true,false,false,3,pere_interdit,953,1
X66,XX,XX/X66.md,Auto-intoxication par des solvants organiques et des hydrocarbures halogénés et leurs émanations et exposition à ces produits,0,true,false,false,3,pere_interdit,867,1
X67,XX,XX/X67.md,Auto-intoxication par le monoxyde de carbone et d'autres gaz et émanations et exposition à ces produits,7,true,true,false,3,pere_interdit,2743,1
X68,XX,XX/X68.md,Auto-intoxication par des pesticides et exposition à ces produits,0,true,true,false,3,pere_interdit,904,1
X69,XX,XX/X69.md,"Auto-intoxication par des produits chimiques et substances nocives et exposition à ces produits, autres et sans précision",0,true,false,false,3,pere_interdit,1134,1
X70,XX,XX/X70.md,"Lésion auto-infligée par pendaison, strangulation et suffocation",0,true,false,false,3,pere_interdit,520,1
X71,XX,XX/X71.md,Lésion auto-infligée par noyade et submersion,0,true,false,false,3,pere_interdit,501,1
X72,XX,XX/X72.md,Lésion auto-infligée par décharge d'une arme de poing,0,true,false,false,3,pere_interdit,509,1
X73,XX,XX/X73.md,"Lésion auto-infligée par décharge de fusil, de carabine et d'arme de plus grande taille",0,true,false,false,3,pere_interdit,543,1
X74,XX,XX/X74.md,"Lésion auto-infligée par décharge d'armes à feu, autres et sans précision",0,true,false,false,3,pere_interdit,529,1
X75,XX,XX/X75.md,Lésion auto-infligée par utilisation de matériel explosif,0,true,false,false,3,pere_interdit,513,1
X76,XX,XX/X76.md,"Lésion auto-infligée par exposition à la fumée, au feu et aux flammes",0,true,false,false,3,pere_interdit,525,1
X77,XX,XX/X77.md,"Lésion auto-infligée par exposition à la vapeur d'eau, à des gaz et objets brulants",0,true,false,false,3,pere_interdit,539,1
X78,XX,XX/X78.md,Lésion auto-infligée par utilisation d'objet tranchant,0,true,false,false,3,pere_interdit,510,1
X79,XX,XX/X79.md,Lésion auto-infligée par utilisation d'objet contondant,0,true,false,false,3,pere_interdit,511,1
X80,XX,XX/X80.md,Lésion auto-infligée par saut dans le vide,0,true,false,false,3,pere_interdit,573,1
X81,XX,XX/X81.md,Lésion auto-infligée en sautant ou en se couchant devant un objet en mouvement,0,true,false,false,3,pere_interdit,534,1
X82,XX,XX/X82.md,Lésion auto-infligée par collision d'un véhicule à moteur,0,true,true,false,3,pere_interdit,855,1
X83,XX,XX/X83.md,Lésion auto-infligée par d'autres moyens précisés,0,true,false,false,3,pere_interdit,824,1
X84,XX,XX/X84.md,Lésion auto-infligée par un moyen non précisé,0,true,false,false,3,pere_interdit,501,1
X85,XX,XX/X85.md,Agression par médicaments et substances biologiques,0,true,true,false,3,pere_interdit,1028,1
X86,XX,XX/X86.md,Agression par une substance corrosive,0,true,true,false,3,pere_interdit,771,1
X87,XX,XX/X87.md,Agression par des pesticides,0,true,true,false,3,pere_interdit,828,1
X88,XX,XX/X88.md,Agression par le monoxyde de carbone et d'autres gaz et émanations,7,true,true,false,3,pere_interdit,2508,1
X89,XX,XX/X89.md,Agression par d'autres produits chimiques et nocifs précisés,0,true,true,false,3,pere_interdit,780,1
X90,XX,XX/X90.md,"Agression par un produit chimique ou nocif, sans précision",0,true,true,false,3,pere_interdit,793,1
X91,XX,XX/X91.md,"Agression par pendaison, strangulation et suffocation",0,true,true,false,3,pere_interdit,725,1
X92,XX,XX/X92.md,Agression par noyade et submersion,0,true,true,false,3,pere_interdit,706,1
X93,XX,XX/X93.md,Agression par arme de poing,0,true,true,false,3,pere_interdit,699,1
X94,XX,XX/X94.md,"Agression par fusil, carabine et arme de plus grande taille",0,true,true,false,3,pere_interdit,731,1
X95,XX,XX/X95.md,"Agression par des armes à feu, autres et sans précision",0,true,true,false,3,pere_interdit,727,1
X96,XX,XX/X96.md,Agression par matériel explosif,0,true,true,false,3,pere_interdit,775,1
X97,XX,XX/X97.md,"Agression par la fumée, le feu et les flammes",0,true,true,false,3,pere_interdit,881,1
X98,XX,XX/X98.md,"Agression par la vapeur d'eau, des gaz et objets brulants",0,true,true,false,3,pere_interdit,729,1
X99,XX,XX/X99.md,Agression par objet tranchant,0,true,true,false,3,pere_interdit,752,1
Y00,XX,XX/Y00.md,Agression par objet contondant,0,true,true,false,3,pere_interdit,702,1
Y01,XX,XX/Y01.md,Agression par précipitation dans le vide,0,true,true,false,3,pere_interdit,712,1
Y02,XX,XX/Y02.md,Agression en poussant ou plaçant la victime devant un objet en mouvement,0,true,true,false,3,pere_interdit,744,1
Y03,XX,XX/Y03.md,Agression en provoquant une collision de véhicule à moteur,0,true,true,false,3,pere_interdit,817,1
Y04,XX,XX/Y04.md,Agression par la force physique,0,true,true,false,3,pere_interdit,1024,1
Y05,XX,XX/Y05.md,Agression sexuelle par la force physique,0,true,true,false,3,pere_interdit,846,1
Y06,XX,XX/Y06.md,Délaissement et abandon,5,true,true,false,3,pere_interdit,1040,1
Y07,XX,XX/Y07.md,Autres mauvais traitements,6,true,true,false,3,pere_interdit,1565,1
Y08,XX,XX/Y08.md,Agression par d'autres moyens précisés,0,true,true,false,3,pere_interdit,710,1
Y09,XX,XX/Y09.md,Agression par un moyen non précisé,0,true,true,false,3,pere_interdit,973,1
Y10,XX,XX/Y10.md,"Intoxication par des analgésiques, antipyrétiques et antirhumatismaux non opiacés et exposition à ces produits, intention non déterminée",0,true,false,false,3,pere_interdit,667,1
Y11,XX,XX/Y11.md,"Intoxication par des antiépileptiques, sédatifs, hypnotiques, antiparkinsoniens et psychotropes et exposition à ces produits, non classés ailleurs, intention non déterminée",0,true,false,false,3,pere_interdit,871,1
Y12,XX,XX/Y12.md,"Intoxication par des narcotiques et psychodysleptiques [hallucinogènes] et exposition à ces produits, non classés ailleurs, intention non déterminée",0,true,false,false,3,pere_interdit,709,1
Y13,XX,XX/Y13.md,"Intoxication par d'autres substances pharmacologiques agissant sur le système nerveux autonome et exposition à ces produits, intention non déterminée",0,true,false,false,3,pere_interdit,851,1
Y14,XX,XX/Y14.md,"Intoxication par des médicaments et substances biologiques, autres et sans précision et exposition à ces produits, intention non déterminée",0,true,false,false,3,pere_interdit,1513,1
Y15,XX,XX/Y15.md,"Intoxication par l'alcool et exposition à l'alcool, intention non déterminée",0,true,false,false,3,pere_interdit,761,1
Y16,XX,XX/Y16.md,"Intoxication par des solvants organiques et des hydrocarbures halogénés et leurs émanations et exposition à ces produits, intention non déterminée",0,true,false,false,3,pere_interdit,675,1
Y17,XX,XX/Y17.md,"Intoxication par le monoxyde de carbone et d'autres gaz et émanations et exposition à ces produits, intention non déterminée",7,true,true,false,3,pere_interdit,2642,1
Y18,XX,XX/Y18.md,"Intoxication par des pesticides et exposition à ces produits, intention non déterminée",0,true,true,false,3,pere_interdit,712,1
Y19,XX,XX/Y19.md,"Intoxication par des produits chimiques et substances nocives et exposition à ces produits, autres et sans précision, intention non déterminée",0,true,false,false,3,pere_interdit,925,1
Y20,XX,XX/Y20.md,"Pendaison, strangulation et suffocation, intention non déterminée",0,false,false,false,3,pere_interdit,285,1
Y21,XX,XX/Y21.md,"Noyade et submersion, intention non déterminée",0,false,false,false,3,pere_interdit,266,1
Y22,XX,XX/Y22.md,"Décharge d'une arme de poing, intention non déterminée",0,false,false,false,3,pere_interdit,274,1
Y23,XX,XX/Y23.md,"Décharge de fusil, de carabine et d'arme de plus grande taille, intention non déterminée",0,false,false,false,3,pere_interdit,308,1
Y24,XX,XX/Y24.md,"Décharge d'armes à feu, autres et sans précision, intention non déterminée",0,false,false,false,3,pere_interdit,294,1
Y25,XX,XX/Y25.md,"Contact avec matériel explosif, intention non déterminée",0,false,false,false,3,pere_interdit,276,1
Y26,XX,XX/Y26.md,"Exposition à la fumée, au feu et aux flammes, intention non déterminée",0,false,false,false,3,pere_interdit,290,1
Y27,XX,XX/Y27.md,"Contact avec de la vapeur d'eau, des gaz et objets brulants, intention non déterminée",0,false,false,false,3,pere_interdit,305,1
Y28,XX,XX/Y28.md,"Contact avec objet tranchant, intention non déterminée",0,false,false,false,3,pere_interdit,274,1
Y29,XX,XX/Y29.md,"Contact avec objet contondant, intention non déterminée",0,false,false,false,3,pere_interdit,275,1
Y30,XX,XX/Y30.md,"Chute, saut ou précipitation dans le vide, intention non déterminée",0,true,false,false,3,pere_interdit,410,1
Y31,XX,XX/Y31.md,"Lésion traumatique par un objet en mouvement (la victime étant tombée ou couchée devant l'objet ou entrée en collision avec celui-ci), intention non déterminée",0,false,false,false,3,pere_interdit,379,1
Y32,XX,XX/Y32.md,"Collision de véhicule à moteur, intention non déterminée",0,false,false,false,3,pere_interdit,276,1
Y33,XX,XX/Y33.md,"Autres événements précisés, intention non déterminée",0,false,false,false,3,pere_interdit,272,1
Y34,XX,XX/Y34.md,"Evénement sans précision, intention non déterminée",0,false,false,false,3,pere_interdit,270,1
Y35,XX,XX/Y35.md,Intervention de la force publique,8,true,false,false,3,pere_interdit,3980,1
Y36,XX,XX/Y36.md,Faits de guerre,10,true,false,false,3,pere_interdit,5742,1
Y40,XX,XX/Y40.md,Effets indésirables des antibiotiques systémiques,10,true,true,false,3,pere_interdit,2936,1
Y41,XX,XX/Y41.md,Effets indésirables des autres anti-infectieux et antiparasitaires systémiques,8,true,true,false,3,pere_interdit,2954,1
Y42,XX,XX/Y42.md,"Effets indésirables des hormones et leurs substituts synthétiques et antagonistes, non classés ailleurs",10,true,true,false,3,pere_interdit,3577,1
Y43,XX,XX/Y43.md,Effets indésirables des substances d'action pharmacologique essentiellement systémique,9,true,true,false,3,pere_interdit,3073,1
Y44,XX,XX/Y44.md,Effets indésirables des substances agissant essentiellement sur les constituants du sang,9,true,true,false,3,pere_interdit,2978,1
Y45,XX,XX/Y45.md,"Effets indésirables des médicaments analgésiques, antipyrétiques et anti-inflammatoires",8,true,true,false,3,pere_interdit,2741,1
Y46,XX,XX/Y46.md,Effets indésirables des anti-épileptiques et  antiparkinsoniens,9,true,true,false,3,pere_interdit,2826,1
Y47,XX,XX/Y47.md,"Effets indésirables des sédatifs, hypnotiques et tranquillisants",8,true,true,false,3,pere_interdit,2688,1
Y48,XX,XX/Y48.md,Effets indésirables des anesthésiques et gaz thérapeutiques,6,true,true,false,3,pere_interdit,2304,1
Y49,XX,XX/Y49.md,"Effets indésirables des médicaments psychotropes, non classés ailleurs",10,true,true,false,3,pere_interdit,3301,1
Y50,XX,XX/Y50.md,"Effets indésirables des stimulants du système nerveux central, non classés ailleurs",5,true,true,false,3,pere_interdit,2384,1
Y51,XX,XX/Y51.md,Effets indésirables des médicaments agissant essentiellement sur le système nerveux autonome,10,true,true,false,3,pere_interdit,3430,1
Y52,XX,XX/Y52.md,Effets indésirables des substances agissant essentiellement sur le système cardio-vasculaire,10,true,true,false,3,pere_interdit,3445,1
Y53,XX,XX/Y53.md,Effets indésirables des substances agissant essentiellement sur le tractus gastro-intestinal,10,true,true,false,3,pere_interdit,2979,1
Y54,XX,XX/Y54.md,"Effets indésirables des médicaments agissant essentiellement sur le métabolisme de l'eau, des sels minéraux et de l'acide urique",10,true,true,false,3,pere_interdit,3121,1
Y55,XX,XX/Y55.md,Effets indésirables des substances agissant essentiellement sur les muscles lisses et striés et l'appareil respiratoire,8,true,true,false,3,pere_interdit,3069,1
Y56,XX,XX/Y56.md,"Effets indésirables des substances à usage topique agissant essentiellement sur la peau et les muqueuses, médicaments à usage ophtalmologique, oto-rhino-laryngologique et dentaire",10,true,true,false,3,pere_interdit,3225,1
Y57,XX,XX/Y57.md,"Effets indésirables des substances médicamenteuses, autres et sans précision",10,true,true,false,3,pere_interdit,2874,1
Y58,XX,XX/Y58.md,Effets indésirables des vaccins bactériens,9,true,true,false,3,pere_interdit,2283,1
Y59,XX,XX/Y59.md,"Effets indésirables des vaccins et substances biologiques, autres et sans précision",6,true,true,false,3,pere_interdit,2095,1
Y60,XX,XX/Y60.md,"Coupure, piqure, perforation ou hémorragie accidentelles au cours d'actes médicaux et chirurgicaux",10,true,true,false,3,pere_interdit,3075,1
Y61,XX,XX/Y61.md,Corps étranger accidentellement laissé dans l'organisme au cours d'actes médicaux et chirurgicaux,10,true,true,false,3,pere_interdit,3082,1
Y62,XX,XX/Y62.md,Asepsie insuffisante au cours d'actes médicaux et chirurgicaux,9,true,true,false,3,pere_interdit,2605,1
Y63,XX,XX/Y63.md,Erreur de dosage au cours d'actes médicaux et chirurgicaux,9,true,true,false,3,pere_interdit,2873,1
Y64,XX,XX/Y64.md,Substances médicales ou biologiques contaminées,4,true,true,false,3,pere_interdit,2455,1
Y65,XX,XX/Y65.md,Autres accidents et complications au cours d'actes médicaux et chirurgicaux,7,true,true,false,3,pere_interdit,2459,1
Y66,XX,XX/Y66.md,Non-administration de soins médicaux et chirurgicaux,0,true,true,false,2,cause_externe,1962,1
Y69,XX,XX/Y69.md,"Accident et complication au cours d'un acte médical et chirurgical, sans précision",0,true,true,false,2,cause_externe,1911,1
Y70,XX,XX/Y70.md,"Appareils d'anesthésiologie, associés à des accidents",5,true,true,false,3,pere_interdit,2642,1
Y71,XX,XX/Y71.md,"Appareils cardiovasculaires, associés à des accidents",5,true,true,false,3,pere_interdit,2642,1
Y72,XX,XX/Y72.md,"Appareils oto-rhino-laryngologiques, associés à des accidents",5,true,true,false,3,pere_interdit,2690,1
Y73,XX,XX/Y73.md,"Appareils utilisés en gastroentérologie et en urologie, associés à des accidents",5,true,true,false,3,pere_interdit,2804,1
Y74,XX,XX/Y74.md,"Appareillage hospitalier et d'usage personnel, associé à des accidents",5,true,true,false,3,pere_interdit,2744,1
Y75,XX,XX/Y75.md,"Appareils utilisés en neurologie, associés à des accidents",5,true,true,false,3,pere_interdit,2672,1
Y76,XX,XX/Y76.md,"Appareils utilisés en obstétrique et en gynécologie, associés à des accidents",5,true,true,false,3,pere_interdit,2786,1
Y77,XX,XX/Y77.md,"Appareils utilisés en ophtalmologie, associés à des accidents",5,true,true,false,3,pere_interdit,2690,1
Y78,XX,XX/Y78.md,"Appareils utilisés en radiologie, associés à des accidents",5,true,true,false,3,pere_interdit,2672,1
Y79,XX,XX/Y79.md,"Appareils orthopédiques, associés à des accidents",5,true,true,false,3,pere_interdit,2618,1
Y80,XX,XX/Y80.md,"Appareils de médecine physique, associés à des accidents",5,true,true,false,3,pere_interdit,2660,1
Y81,XX,XX/Y81.md,"Appareils utilisés en chirurgie générale et esthétique, associés à des accidents",5,true,true,false,3,pere_interdit,2804,1
Y82,XX,XX/Y82.md,"Appareils associés à des accidents, autres et sans précision",5,true,true,false,3,pere_interdit,2684,1
Y83,XX,XX/Y83.md,"Opération et autre acte chirurgical à l'origine de réactions anormales du patient ou de complications ultérieures, sans mention d'accident au cours de l'intervention",9,true,true,false,3,pere_interdit,2616,1
Y84,XX,XX/Y84.md,"Autres actes médicaux à l'origine de réactions anormales du patient ou de complications ultérieures, sans mention d'accident au cours de l'intervention",10,true,true,false,3,pere_interdit,2423,1
Y85,XX,XX/Y85.md,Séquelles d'un accident de transport,2,false,false,false,3,pere_interdit,417,1
Y86,XX,XX/Y86.md,Séquelles d'autres accidents,0,false,false,false,2,cause_externe,257,1
Y87,XX,XX/Y87.md,"Séquelles d'une lésion auto-infligée, d'une agression ou d'un événement, d'intention non déterminée",3,false,false,false,3,pere_interdit,499,1
Y88,XX,XX/Y88.md,Actes médicaux et chirurgicaux considérés comme cause externe de séquelles,4,false,false,false,3,pere_interdit,888,1
Y89,XX,XX/Y89.md,Séquelles d'autres causes externes,3,false,false,false,3,pere_interdit,440,1
Y90,XX,XX/Y90.md,Preuves du rôle de l'alcool confirmé par le taux d'alcoolémie,10,false,false,false,3,pere_interdit,888,1
Y91,XX,XX/Y91.md,Preuves du rôle de l'alcool confirmé par le degré d'intoxication,5,true,true,false,3,pere_interdit,1514,1
Y95,XX,XX/Y95.md,Facteurs nosocomiaux,0,false,false,false,2,cause_externe,288,1
Y96,XX,XX/Y96.md,Facteurs liés aux conditions de travail,0,false,false,false,2,cause_externe,307,1
Y97,XX,XX/Y97.md,Facteurs liés à la pollution de l'environnement,0,false,false,false,2,cause_externe,315,1
Y98,XX,XX/Y98.md,Facteurs liés au mode de vie,0,false,false,false,2,cause_externe,296,1
Z00,XXI,XXI/Z00.md,Examen général et investigations de sujets ne se plaignant de rien ou pour lesquels aucun diagnostic n'est rapporté,8,true,true,true,3,pere_interdit,1961,1
Z01,XXI,XXI/Z01.md,Autres examens spéciaux et investigations de sujets ne se plaignant de rien ou pour lesquels aucun diagnostic n'est rapporté,10,true,true,true,3,pere_interdit,2501,1
Z02,XXI,XXI/Z02.md,Examen médical et prise de contact à des fins administratives,10,true,true,true,3,pere_interdit,2712,1
Z03,XXI,XXI/Z03.md,"Mise en observation et examen médical pour suspicion de maladies, non confirmées",9,true,true,true,3,pere_interdit,2974,1
Z04,XXI,XXI/Z04.md,Examen et mise en observation pour d'autres raisons,9,true,true,true,3,pere_interdit,1987,1
Z08,XXI,XXI/Z08.md,Examen de contrôle après traitement d'une tumeur maligne,6,true,true,false,3,pere_interdit,1385,1
Z09,XXI,XXI/Z09.md,Examen de contrôle après traitement d'affections autres que les tumeurs malignes,8,true,true,false,3,pere_interdit,1854,1
Z10,XXI,XXI/Z10.md,Examen général de routine d'une souspopulation définie,5,true,true,false,3,pere_interdit,1316,1
Z11,XXI,XXI/Z11.md,Examen spécial de dépistage de maladies infectieuses et parasitaires,9,true,true,true,3,pere_interdit,1694,1
Z12,XXI,XXI/Z12.md,Examen spécial de dépistage des tumeurs,9,false,true,true,3,pere_interdit,1375,1
Z13,XXI,XXI/Z13.md,Examen spécial de dépistage d'autres maladies et états pathologiques,10,true,true,false,3,pere_interdit,1803,1
Z20,XXI,XXI/Z20.md,Sujets en contact avec et exposés à des maladies transmissibles,10,false,true,false,3,pere_interdit,1295,1
Z21,XXI,XXI/Z21.md,Infection asymptomatique par le virus de l'immunodéficience humaine [VIH],0,true,true,true,0,codable,923,1
Z22,XXI,XXI/Z22.md,Sujet porteur de germes responsables d'une maladie infectieuse,9,true,true,false,3,pere_interdit,1679,1
Z23,XXI,XXI/Z23.md,Nécessité d'une vaccination contre une seule maladie bactérienne,9,false,true,false,3,pere_interdit,1104,1
Z24,XXI,XXI/Z24.md,Nécessité d'une vaccination contre certaines maladies virales uniques,7,false,true,false,3,pere_interdit,973,1
Z25,XXI,XXI/Z25.md,Nécessité d'une vaccination contre d'autres maladies virales uniques,3,false,true,false,3,pere_interdit,722,1
Z26,XXI,XXI/Z26.md,Nécessité d'une vaccination contre d'autres maladies infectieuses uniques,3,true,true,true,3,pere_interdit,1042,1
Z27,XXI,XXI/Z27.md,Nécessité d'une vaccination associée contre plusieurs maladies infectieuses,7,false,true,true,3,pere_interdit,1319,1
Z28,XXI,XXI/Z28.md,Vaccination non faite,5,false,false,true,3,pere_interdit,800,1
Z29,XXI,XXI/Z29.md,Nécessité d'autres mesures prophylactiques,5,true,true,true,3,pere_interdit,1416,1
Z30,XXI,XXI/Z30.md,Prise en charge d'une contraception,8,true,false,true,3,pere_interdit,2364,1
Z31,XXI,XXI/Z31.md,Mesures procréatives,9,true,true,true,3,pere_interdit,1850,1
Z32,XXI,XXI/Z32.md,Examen et test de grossesse,2,false,false,true,3,pere_interdit,566,1
Z33,XXI,XXI/Z33.md,Grossesse constatée fortuitement,0,true,false,false,0,codable,390,1
Z34,XXI,XXI/Z34.md,Surveillance d'une grossesse normale,3,false,false,true,3,pere_interdit,603,1
Z35,XXI,XXI/Z35.md,Surveillance d'une grossesse à haut risque,10,true,true,true,3,pere_interdit,2102,1
Z36,XXI,XXI/Z36.md,Dépistage prénatal,8,true,true,true,3,pere_interdit,1503,1
Z37,XXI,XXI/Z37.md,Résultat de l'accouchement,9,true,false,false,3,pere_interdit,946,1
Z38,XXI,XXI/Z38.md,"Enfants nés vivants, selon le lieu de naissance",9,true,false,false,3,pere_interdit,907,1
Z39,XXI,XXI/Z39.md,Soins et examens du postpartum,3,true,true,true,3,pere_interdit,1159,1
Z40,XXI,XXI/Z40.md,Opération prophylactique,3,true,true,false,3,pere_interdit,810,1
Z41,XXI,XXI/Z41.md,Thérapie sans raison médicale,6,true,true,true,3,pere_interdit,1235,1
Z42,XXI,XXI/Z42.md,Soins de contrôle comprenant une opération plastique,7,true,true,false,3,pere_interdit,1891,1
Z43,XXI,XXI/Z43.md,Surveillance de stomies,10,true,true,true,3,pere_interdit,2439,1
Z44,XXI,XXI/Z44.md,Mise en place et ajustement d'appareils de prothèse externe,6,false,true,true,3,pere_interdit,1533,1
Z45,XXI,XXI/Z45.md,Ajustement et entretien d'une prothèse interne,6,true,true,true,3,pere_interdit,2381,1
Z46,XXI,XXI/Z46.md,Mise en place et ajustement d'autres appareils,10,true,true,true,3,pere_interdit,2925,1
Z47,XXI,XXI/Z47.md,Autres soins de contrôle orthopédiques,3,true,true,true,3,pere_interdit,1925,1
Z48,XXI,XXI/Z48.md,Autres soins de contrôle chirurgicaux,3,true,true,true,3,pere_interdit,1604,1
Z49,XXI,XXI/Z49.md,Surveillance d'une dialyse,3,true,true,true,3,pere_interdit,1308,1
Z50,XXI,XXI/Z50.md,Soins impliquant une rééducation,10,true,true,true,3,pere_interdit,2178,1
Z51,XXI,XXI/Z51.md,Autres soins médicaux,9,true,true,true,3,pere_interdit,1722,1
Z52,XXI,XXI/Z52.md,Donneurs d'organes et de tissus,10,true,true,true,3,pere_interdit,1404,1
Z53,XXI,XXI/Z53.md,"Sujets ayant recours aux services de santé pour des actes médicaux spécifiques, non effectués",5,false,true,true,3,pere_interdit,1333,1
Z54,XXI,XXI/Z54.md,Convalescence,8,true,true,true,3,pere_interdit,1332,1
Z55,XXI,XXI/Z55.md,Difficultés liées à l'éducation et l'alphabétisation,7,true,true,true,3,pere_interdit,1265,1
Z56,XXI,XXI/Z56.md,Difficultés liées à l'emploi et au chômage,8,true,true,true,3,pere_interdit,1226,1
Z57,XXI,XXI/Z57.md,Exposition professionnelle à des facteurs de risque,10,true,false,false,3,pere_interdit,1133,1
Z58,XXI,XXI/Z58.md,Difficultés liées à l'environnement physique,10,true,true,true,3,pere_interdit,1511,1
Z59,XXI,XXI/Z59.md,Difficultés liées au logement et aux conditions économiques,10,true,true,true,3,pere_interdit,2275,1
Z60,XXI,XXI/Z60.md,Difficultés liées à l'environnement social,8,true,true,true,3,pere_interdit,1995,1
Z61,XXI,XXI/Z61.md,Difficultés liées à une enfance malheureuse,10,false,true,false,3,pere_interdit,1364,1
Z62,XXI,XXI/Z62.md,Autres difficultés liées à l'éducation,9,true,true,true,3,pere_interdit,1246,1
Z63,XXI,XXI/Z63.md,"Autres difficultés liées à l'entourage immédiat, y compris la situation familiale",10,true,true,true,3,pere_interdit,2726,1
Z64,XXI,XXI/Z64.md,Difficultés liées à certaines situations psychosociales,5,true,true,true,3,pere_interdit,1494,1
Z65,XXI,XXI/Z65.md,Difficultés liées à d'autres situations psychosociales,8,true,true,true,3,pere_interdit,2012,1
Z70,XXI,XXI/Z70.md,"Conseils relatifs aux attitudes, comportement et orientation en matière de sexualité",6,true,true,true,3,pere_interdit,2129,1
Z71,XXI,XXI/Z71.md,"Sujets en contact avec les services de santé pour d'autres conseils et avis médicaux, non classés ailleurs",10,true,true,true,3,pere_interdit,2954,1
Z72,XXI,XXI/Z72.md,Difficultés liées au mode de vie,9,true,true,true,3,pere_interdit,2024,1
Z73,XXI,XXI/Z73.md,Difficultés liées à l'orientation de son mode de vie,9,true,true,true,3,pere_interdit,1609,1
Z74,XXI,XXI/Z74.md,Difficultés liées à une dépendance envers la personne qui donne les soins,6,true,true,true,3,pere_interdit,1428,1
Z75,XXI,XXI/Z75.md,Difficultés liées aux installations médicales et autres soins de santé,8,false,true,true,3,pere_interdit,1277,1
Z76,XXI,XXI/Z76.md,Sujet ayant recours aux services de santé dans d'autres circonstances,8,true,true,true,3,pere_interdit,2853,1
Z80,XXI,XXI/Z80.md,Antécédents familiaux de tumeur maligne,10,true,true,false,3,pere_interdit,2881,1
Z81,XXI,XXI/Z81.md,Antécédents familiaux de troubles mentaux et du comportement,6,true,true,false,3,pere_interdit,1531,1
Z82,XXI,XXI/Z82.md,Antécédents familiaux de certaines incapacités et maladies chroniques conduisant à l'invalidité,9,true,true,false,3,pere_interdit,2175,1
Z83,XXI,XXI/Z83.md,Antécédents familiaux d'autres maladies spécifiques,8,true,true,false,3,pere_interdit,2839,1
Z84,XXI,XXI/Z84.md,Antécédents familiaux d'autres affections,5,true,true,true,3,pere_interdit,1691,1
Z85,XXI,XXI/Z85.md,Antécédents personnels de tumeur maligne,10,true,true,false,3,pere_interdit,3273,1
Z86,XXI,XXI/Z86.md,Antécédents personnels de certaines autres maladies,8,true,true,false,3,pere_interdit,3144,1
Z87,XXI,XXI/Z87.md,Antécédents personnels d'autres maladies,9,true,true,false,3,pere_interdit,3040,1
Z88,XXI,XXI/Z88.md,Antécédents personnels d'allergie à des médicaments et des substances biologiques,10,false,true,false,3,pere_interdit,1539,1
Z89,XXI,XXI/Z89.md,Absence acquise d'un membre,10,true,true,true,3,pere_interdit,2345,1
Z90,XXI,XXI/Z90.md,"Absence acquise d'organes, non classée ailleurs",9,true,true,true,3,pere_interdit,2466,1
Z91,XXI,XXI/Z91.md,"Antécédents personnels de facteurs de risque, non classés ailleurs",9,true,true,false,3,pere_interdit,2278,1
Z92,XXI,XXI/Z92.md,Antécédents personnels de traitement médical,9,true,true,true,3,pere_interdit,2101,1
Z93,XXI,XXI/Z93.md,Stomies,9,true,true,true,3,pere_interdit,1690,1
Z94,XXI,XXI/Z94.md,Greffe d'organe et de tissu,10,true,true,true,3,pere_interdit,2347,1
Z95,XXI,XXI/Z95.md,Présence d'implants et de greffes cardiaques et vasculaires,8,true,true,true,3,pere_interdit,2461,1
Z96,XXI,XXI/Z96.md,Présence d'autres implants fonctionnels,10,true,true,true,3,pere_interdit,2620,1
Z97,XXI,XXI/Z97.md,Présence d'autres appareils,7,false,true,true,3,pere_interdit,1935,1
Z98,XXI,XXI/Z98.md,Autres états postchirurgicaux,4,true,true,true,3,pere_interdit,1584,1
Z99,XXI,XXI/Z99.md,"Dépendance envers des machines et appareils auxiliaires, non classée ailleurs",7,true,true,true,3,pere_interdit,2315,1
