dagger_code,dagger_label,asterisk_code,asterisk_label,combination_labels,levels_present,redundancy_level,rationale,curated_by,curated_date,_orphan
(A00-B99),certaines maladies infectieuses et parasitaires,G53.1,paralysie de plusieurs nerfs crâniens au cours de maladies infectieuses et parasitaires classées ailleurs,paralysie de plusieurs nerfs crâniens au cours de maladies infectieuses et parasitaires classées ailleurs,G,independent,,RF,21/05/2026,false
(A00-B99),certaines maladies infectieuses et parasitaires,G94.0,hydrocéphalie au cours de maladies infectieuses et parasitaires classées ailleurs,hydrocéphalie au cours de maladies infectieuses et parasitaires classées ailleurs,G,independent,,RF,21/05/2026,false
(B15-B19),hépatite virale,M03.2,autres arthropathies post-infectieuses au cours de maladies classées ailleurs,arthropathie post-infectieuse au cours de hépatite virale,H,independent,,RF,21/05/2026,false
(B35-B49),mycoses,M01.6,arthrite au cours de mycoses,arthrite au cours de mycoses,G,independent,,RF,21/05/2026,false
(B35-B49),mycoses,M63.2,myosite au cours d'autres maladies infectieuses classées ailleurs,myosite au cours de mycoses,H,independent,,RF,21/05/2026,false
(C00-C75),tumeurs malignes,G13.0,neuromyopathie et neuropathie paranéoplasiques,neuromyopathie carcinomateuse,H,independent,,RF,21/05/2026,false
(C00-D48),tumeurs,D63.0,anémie au cours de maladies tumorales,anémie au cours de maladies tumorales,G,independent,,RF,21/05/2026,false
(C00-D48),tumeurs,G13.0,neuromyopathie et neuropathie paranéoplasiques,neuropathie sensitive paranéoplasique [Denny-Brown],H,independent,,RF,21/05/2026,false
(C00-D48),tumeurs,G13.1,autres affections dégénératives systémiques affectant principalement le système nerveux central au cours de maladies tumorales,encéphalopathie limbique paranéoplasique,H,independent,,RF,21/05/2026,false
(C00-D48),tumeurs,G53.3,paralysie de plusieurs nerfs crâniens au cours de maladies tumorales,paralysie de plusieurs nerfs crâniens au cours de maladies tumorales,G,independent,,RF,21/05/2026,false
(C00-D48),tumeurs,G55.0,compression des racines et des plexus nerveux au cours de maladies tumorales,compression des racines et des plexus nerveux au cours de maladies tumorales,G,independent,,RF,21/05/2026,false
(C00-D48),tumeurs,G63.1,polynévrite au cours de maladies tumorales,polynévrite au cours de maladies tumorales,G,independent,,RF,21/05/2026,false
(C00-D48),tumeurs,G73.2,autres syndromes myasthéniques au cours de maladies tumorales,autres syndromes myasthéniques au cours de maladies tumorales,G,independent,,RF,21/05/2026,false
(C00-D48),tumeurs,G94.1,hydrocéphalie au cours de maladies tumorales,hydrocéphalie au cours de maladies tumorales,G,independent,,RF,21/05/2026,false
(C00-D48),tumeurs,G99.2,myélopathies au cours de maladies classées ailleurs,myélopathie au cours de maladies tumorales,H,independent,,RF,21/05/2026,false
(C00-D48),tumeurs,M36.0,dermato(poly)myosite au cours de maladies tumorales,dermato(poly)myosite au cours de maladies tumorales,G,independent,,RF,21/05/2026,false
(C00-D48),tumeurs,M36.1,arthropathie au cours de maladies tumorales classées ailleurs,arthropathie au cours de maladies tumorales classées ailleurs,G,independent,,RF,21/05/2026,false
(C00-D48),tumeurs,M90.6,ostéite déformante au cours de maladies tumorales,ostéite déformante au cours de maladies tumorales,G,independent,,RF,21/05/2026,false
(C00-D48),tumeurs,M90.7,fracture osseuse au cours de maladies tumorales,fracture osseuse au cours de maladies tumorales,G,independent,,RF,21/05/2026,false
(D50-D53),anémies nutritionnelles,M36.3,arthropathie au cours d'autres maladies du sang classées ailleurs,arthropathie au cours d'autres maladies du sang classées ailleurs,G,independent,,RF,21/05/2026,false
(D50-D53),anémies nutritionnelles,M90.4,ostéonécrose due à une hémoglobinopathie,ostéonécrose due à une hémoglobinopathie,G,independent,,RF,21/05/2026,false
(D55-D59),anémies hémolytiques,M36.3,arthropathie au cours d'autres maladies du sang classées ailleurs,arthropathie au cours d'autres maladies du sang classées ailleurs,G,independent,,RF,21/05/2026,false
(D55-D59),anémies hémolytiques,M90.4,ostéonécrose due à une hémoglobinopathie,ostéonécrose due à une hémoglobinopathie,G,independent,,RF,21/05/2026,false
(D60-D64),aplasies médullaires et autres anémies,M36.3,arthropathie au cours d'autres maladies du sang classées ailleurs,arthropathie au cours d'autres maladies du sang classées ailleurs,G,independent,,RF,21/05/2026,false
(D60-D64),aplasies médullaires et autres anémies,M90.4,ostéonécrose due à une hémoglobinopathie,ostéonécrose due à une hémoglobinopathie,G,independent,,RF,21/05/2026,false
(D65-D69),"anomalies de la coagulation, purpura et autres affections hémorragiques",M36.3,arthropathie au cours d'autres maladies du sang classées ailleurs,arthropathie au cours d'autres maladies du sang classées ailleurs,G,independent,,RF,21/05/2026,false
(E00-E07),affections de la glande thyroïde,G63.3,polynévrite au cours d'autres maladies endocriniennes et métaboliques,polynévrite au cours d'autres maladies endocriniennes et métaboliques,G,independent,,RF,21/05/2026,false
(E00-E07),affections de la glande thyroïde,M82.1,ostéoporose au cours de maladies endocriniennes,ostéoporose au cours de maladies endocriniennes,G,independent,,RF,21/05/2026,false
(E10-E14),diabète sucré,M82.1,ostéoporose au cours de maladies endocriniennes,ostéoporose au cours de maladies endocriniennes,G,independent,,RF,21/05/2026,false
(E15-E16),autres anomalies de la régulation du glucose et de la sécrétion pancréatique interne,G63.3,polynévrite au cours d'autres maladies endocriniennes et métaboliques,polynévrite au cours d'autres maladies endocriniennes et métaboliques,G,independent,,RF,21/05/2026,false
(E15-E16),autres anomalies de la régulation du glucose et de la sécrétion pancréatique interne,M82.1,ostéoporose au cours de maladies endocriniennes,ostéoporose au cours de maladies endocriniennes,G,independent,,RF,21/05/2026,false
(E40-E46),malnutrition,G63.4,polynévrite par carence nutritionnelle,polynévrite par carence nutritionnelle,G,independent,,RF,21/05/2026,false
(E40-E46),malnutrition,H28.1,"cataracte au cours d'autres maladies endocriniennes, nutritionnelles et métaboliques",cataracte au cours de malnutrition-déshydratation,H,independent,,RF,21/05/2026,false
(E50-E64),autres carences nutritionnelles,G63.4,polynévrite par carence nutritionnelle,polynévrite par carence nutritionnelle,G,independent,,RF,21/05/2026,false
(M00-M25),arthropathies,G63.6,polynévrite au cours d'autres affections ostéo-articulaires et des muscles,polynévrite au cours d'autres affections ostéo-articulaires et des muscles,G,independent,,RF,21/05/2026,false
(M40-M54),dorsopathies,G63.6,polynévrite au cours d'autres affections ostéo-articulaires et des muscles,polynévrite au cours d'autres affections ostéo-articulaires et des muscles,G,independent,,RF,21/05/2026,false
(M60-M79),affections des tissus mous,G63.6,polynévrite au cours d'autres affections ostéo-articulaires et des muscles,polynévrite au cours d'autres affections ostéo-articulaires et des muscles,G,independent,,RF,21/05/2026,false
(M80-M94),ostéopathies et chondropathies,G63.6,polynévrite au cours d'autres affections ostéo-articulaires et des muscles,polynévrite au cours d'autres affections ostéo-articulaires et des muscles,G,independent,,RF,21/05/2026,false
(T36-T50),intoxications par des médicaments et des substances biologiques,F02.8,démence au cours d'autres maladies classées ailleurs,démence au cours de intoxications,H,independent,,RF,21/05/2026,false
(T51-T65),effets toxiques de substances d'origine essentiellement non médicinale,F02.8,démence au cours d'autres maladies classées ailleurs,démence au cours de intoxications,H,independent,,RF,21/05/2026,false
A01,fièvres typhoïde et paratyphoïde,M01.3,arthrite au cours d'autres maladies bactériennes classées ailleurs,arthrite (au cours de) fièvre typhoïde ou paratyphoïde,H,independent,,RF,21/05/2026,false
A01,fièvres typhoïde et paratyphoïde,M49.2,spondylite entérobactérienne,spondylite entérobactérienne,G,independent,,RF,21/05/2026,false
A01.0,fièvre typhoïde,G01,méningite au cours d'affections bactériennes classées ailleurs,méningite (au cours de) fièvre typhoïde,H,independent,,RF,21/05/2026,false
A01.0,fièvre typhoïde,I39,endocardite et atteintes valvulaires cardiaques au cours de maladies classées ailleurs,atteinte de l'endocarde (à) (au cours de) typhoïdique,H,independent,,RF,21/05/2026,false
A01.0,fièvre typhoïde,J17.0,pneumopathie au cours de maladies bactériennes classées ailleurs,pneumopathie (au cours de) (due à) fièvre typhoïde,H,independent,,RF,21/05/2026,false
A02,autres salmonelloses,M49.2,spondylite entérobactérienne,spondylite entérobactérienne,G,independent,,RF,21/05/2026,false
A02.2,infection localisée à Salmonella,G01,méningite au cours d'affections bactériennes classées ailleurs,méningite à Salmonella | méningite (au cours de) infection à Salmonella,"H, U",independent,,RF,21/05/2026,false
A02.2,infection localisée à Salmonella,J17.0,pneumopathie au cours de maladies bactériennes classées ailleurs,pneumopathie à Salmonella | pneumopathie (au cours de) (due à) salmonellose,"H, U",independent,,RF,21/05/2026,false
A02.2,infection localisée à Salmonella,M01.3,arthrite au cours d'autres maladies bactériennes classées ailleurs,arthrite à Salmonella | arthrite (au cours de) infection localisée à Salmonella,"H, U",independent,,RF,21/05/2026,false
A02.2,infection localisée à Salmonella,M90.2,ostéopathie au cours d'autres maladies infectieuses classées ailleurs,ostéomyélite à Salmonella | ostéomyélite due à Salmonella,"H, U",independent,,RF,21/05/2026,false
A02.2,infection localisée à Salmonella,N16.0,maladie rénale tubulo-interstitielle au cours de maladies infectieuses et parasitaires classées ailleurs,maladie rénale tubulo-interstitielle à Salmonella | maladie rénale tubulo-interstitielle au cours de salmonellose,"H, U",independent,,RF,21/05/2026,false
A03,shigellose,M49.2,spondylite entérobactérienne,spondylite entérobactérienne,G,independent,,RF,21/05/2026,false
A04,autres infections intestinales bactériennes,M49.2,spondylite entérobactérienne,spondylite entérobactérienne,G,independent,,RF,21/05/2026,false
A04.6,entérite à Yersinia enterocolitica,M03.2,autres arthropathies post-infectieuses au cours de maladies classées ailleurs,arthropathie post-infectieuse au cours de entérite due à Yersinia enterocolitica,H,independent,,RF,21/05/2026,false
A06.5,abcès amibien du poumon,J99.8,troubles respiratoires au cours d'autres maladies classées ailleurs,abcès amibien du poumon | troubles respiratoires au cours de abcès amibien du poumon,"H, T",independent,,RF,21/05/2026,false
A06.6,abcès amibien du cerveau,G07,abcès et granulome intracrâniens et intrarachidiens au cours d'affections classées ailleurs,abcès amibien du cerveau | abcès du cerveau amibien,"H, T",independent,,RF,21/05/2026,false
A06.8,autres localisations d'une infection amibienne,N51.2,balanite au cours de maladies classées ailleurs,balanite amibienne | balanite (à) amibienne,"H, U",independent,,RF,21/05/2026,false
A17.0,méningite tuberculeuse,G01,méningite au cours d'affections bactériennes classées ailleurs,méningite tuberculeuse | méningite (au cours de) tuberculeuse,"H, T",subordinate,,RF,21/05/2026,false
A17.1,tuberculome méningé,G07,abcès et granulome intracrâniens et intrarachidiens au cours d'affections classées ailleurs,tuberculome méningé,"H, T",subordinate,,RF,21/05/2026,false
A17.8,autres formes de tuberculose du système nerveux,G05.0,"encéphalite, myélite et encéphalomyélite au cours d'infections bactériennes classées ailleurs","méningo-encéphalite tuberculeuse | myélite tuberculeuse | encéphalite, myélite ou encéphalomyélite tuberculeuse","H, U",subordinate,,RF,21/05/2026,false
A17.8,autres formes de tuberculose du système nerveux,G07,abcès et granulome intracrâniens et intrarachidiens au cours d'affections classées ailleurs,abcès tuberculeux du cerveau | tuberculome de moelle épinière | tuberculome de cerveau | tuberculose de moelle épinière | tuberculose de cerveau | abcès du cerveau tuberculeux | tuberculome cérébral,"H, U",subordinate,,RF,21/05/2026,false
A17.8,autres formes de tuberculose du système nerveux,G63.0,polynévrite au cours de maladies infectieuses et parasitaires classées ailleurs,polynévrite tuberculeuse | polynévrite (au cours de) tuberculeuse,"H, U",subordinate,,RF,21/05/2026,false
A17.9,"tuberculose du système nerveux, sans précision",G99.8,autres affections précisées du système nerveux au cours de maladies classées ailleurs,"tuberculose du système nerveux, sans précision",T,independent,,RF,21/05/2026,false
A18.0,tuberculose des os et des articulations,H75.0,mastoïdite au cours de maladies infectieuses et parasitaires classées ailleurs,mastoïdite tuberculeuse | tuberculose mastoïdienne,"H, U",subordinate,,RF,21/05/2026,false
A18.0,tuberculose des os et des articulations,M01.1,arthrite tuberculeuse,arthrite tuberculeuse | tuberculose de genou [tumeur blanche du genou] | tuberculose de hanche,"G, U",subordinate,,RF,21/05/2026,false
A18.0,tuberculose des os et des articulations,M49.0,tuberculose vertébrale,tuberculose vertébrale | tuberculose de colonne vertébrale [mal de Pott],"G, U",subordinate,,RF,21/05/2026,false
A18.0,tuberculose des os et des articulations,M68.0,synovite et ténosynovite au cours de maladies bactériennes classées ailleurs,synovite tuberculeuse | ténosynovite tuberculeuse | synovite ou ténosynovite tuberculeuse,"H, U",subordinate,,RF,21/05/2026,false
A18.0,tuberculose des os et des articulations,M90.0,tuberculose osseuse,tuberculose osseuse | ostéite tuberculeuse | ostéomyélite tuberculeuse | ostéonécrose tuberculeuse,"G, U",subordinate,,RF,21/05/2026,false
A18.1,tuberculose de l'appareil génito-urinaire,N29.1,autres affections du rein et de l'uretère au cours de maladies infectieuses et parasitaires classées ailleurs,tuberculose (de) uretère | tuberculose (de) rénale | affections du rein et de l'uretère au cours de tuberculose,"H, U",subordinate,,RF,21/05/2026,false
A18.1,tuberculose de l'appareil génito-urinaire,N33.0,cystite tuberculeuse,cystite tuberculeuse | tuberculose (de) vessie,"G, U",subordinate,,RF,21/05/2026,false
A18.1,tuberculose de l'appareil génito-urinaire,N51,affections des organes génitaux de l'homme au cours de maladies classées ailleurs,tuberculose (de) organes génitaux de l'homme,U,subordinate,,RF,21/05/2026,false
A18.1,tuberculose de l'appareil génito-urinaire,N51.0,affections de la prostate au cours de maladies classées ailleurs,prostatite (à) tuberculeuse,H,subordinate,,RF,21/05/2026,false
A18.1,tuberculose de l'appareil génito-urinaire,N51.1,affections du testicule et de l'épididyme au cours de maladies classées ailleurs,tuberculose de épididyme | tuberculose de testicule,H,subordinate,,RF,21/05/2026,false
A18.1,tuberculose de l'appareil génito-urinaire,N51.8,autres affections des organes génitaux de l'homme au cours de maladies classées ailleurs,tuberculose des vésicules séminales,H,subordinate,,RF,21/05/2026,false
A18.1,tuberculose de l'appareil génito-urinaire,N74.0,tuberculose du col de l'utérus,tuberculose du col de l'utérus | tuberculose (de) col de l'utérus,"G, U",subordinate,,RF,21/05/2026,false
A18.1,tuberculose de l'appareil génito-urinaire,N74.1,affection inflammatoire pelvienne tuberculeuse de la femme,affection inflammatoire pelvienne tuberculeuse de la femme | affection inflammatoire tuberculeuse des organes pelviens de la femme,"G, U",independent,,RF,21/05/2026,false
A18.1,tuberculose de l'appareil génito-urinaire,N77.0,ulcération de la vulve au cours de maladies infectieuses et parasitaires classées ailleurs,ulcération de la vulve au cours de tuberculose,H,subordinate,,RF,21/05/2026,false
A18.3,"tuberculose de l'intestin, du péritoine et des ganglions mésentériques",K67.3,péritonite tuberculeuse,péritonite tuberculeuse,"G, U",subordinate,,RF,21/05/2026,false
A18.3,"tuberculose de l'intestin, du péritoine et des ganglions mésentériques",K93.0,"atteintes tuberculeuses de l'intestin, du péritoine et des ganglions mésentériques","atteintes tuberculeuses de l'intestin, du péritoine et des ganglions mésentériques | tuberculose (de) anus et rectum | entérite tuberculeuse | tuberculose (de) intestin (côlon) (grêle)","G, U",subordinate,,RF,21/05/2026,false
A18.4,tuberculose de la peau et du tissu cellulaire sous-cutané,H03.1,atteinte de la paupière au cours d'autres maladies infectieuses classées ailleurs,lupus vulgaire (de) paupière | atteinte de la paupière au cours de tuberculose,"H, U",subordinate,,RF,21/05/2026,false
A18.5,tuberculose de l'oeil,H19.0,sclérite et épisclérite au cours de maladies classées ailleurs,épisclérite tuberculeuse,"H, U",subordinate,,RF,21/05/2026,false
A18.5,tuberculose de l'oeil,H19.2,kératite et kératoconjonctivite au cours d'autres maladies infectieuses et parasitaires classées ailleurs,kératoconjonctivite (interstitielle) (phlycténulaire) tuberculeuse | kératite interstitielle tuberculeuse | kératite et kératoconjonctivite (insterstitielles) au cours de (dues à) tuberculose,"H, U",subordinate,,RF,21/05/2026,false
A18.5,tuberculose de l'oeil,H22.0,iridocyclite au cours de maladies infectieuses et parasitaires classées ailleurs,iridocyclite tuberculeuse | iridocyclite au cours de tuberculose,"H, U",subordinate,,RF,21/05/2026,false
A18.5,tuberculose de l'oeil,H32.0,affections choriorétiniennes au cours de maladies infectieuses et parasitaires classées ailleurs,choriorétinite tuberculeuse | choriorétinite (à) tuberculeuse,"H, U",subordinate,,RF,21/05/2026,false
A18.6,tuberculose de l'oreille,H67.0,otite moyenne au cours de maladies bactériennes classées ailleurs,otite moyenne tuberculeuse | otite moyenne au cours de tuberculose,"H, U",subordinate,,RF,21/05/2026,false
A18.7,tuberculose des surrénales,E35.1,anomalies de la glande surrénale au cours de maladies classées ailleurs,tuberculose des surrénales | maladie d'Addison tuberculeuse,"H, T",subordinate,,RF,21/05/2026,false
A18.8,tuberculose d'autres organes précisés,E35.0,anomalies de la glande thyroïde au cours de maladies classées ailleurs,tuberculose de thyroïde | tuberculose de la thyroïde,"H, U",subordinate,,RF,21/05/2026,false
A18.8,tuberculose d'autres organes précisés,I32.0,péricardite au cours de maladies bactériennes classées ailleurs,tuberculose de péricarde | péricardite tuberculeuse,"H, U",subordinate,,RF,21/05/2026,false
A18.8,tuberculose d'autres organes précisés,I39,endocardite et atteintes valvulaires cardiaques au cours de maladies classées ailleurs,atteinte de l'endocarde (à) (au cours de) tuberculeuse,H,subordinate,,RF,21/05/2026,false
A18.8,tuberculose d'autres organes précisés,I39.8,"endocardite, valvule non précisée, au cours de maladies classées ailleurs",tuberculose de endocarde,U,subordinate,,RF,21/05/2026,false
A18.8,tuberculose d'autres organes précisés,I41.0,myocardite au cours de maladies bactériennes classées ailleurs,tuberculose de myocarde | myocardite tuberculeuse,"H, U",subordinate,,RF,21/05/2026,false
A18.8,tuberculose d'autres organes précisés,I68.1,artérite cérébrale au cours de maladies infectieuses et parasitaires,artérite cérébrale tuberculeuse | artérite cérébrale au cours de tuberculose,"H, U",subordinate,,RF,21/05/2026,false
A18.8,tuberculose d'autres organes précisés,K23.0,oesophagite tuberculeuse,oesophagite tuberculeuse | tuberculose de oesophage,"G, U",subordinate,,RF,21/05/2026,false
A21.2,tularémie pulmonaire,J17.0,pneumopathie au cours de maladies bactériennes classées ailleurs,pneumopathie (au cours de) (due à) tularémie,H,subordinate,,RF,21/05/2026,false
A22.1,charbon pulmonaire,J17.0,pneumopathie au cours de maladies bactériennes classées ailleurs,pneumopathie (au cours de) (due à) charbon,H,subordinate,,RF,21/05/2026,false
A22.8,autres formes de charbon,G01,méningite au cours d'affections bactériennes classées ailleurs,méningite charbonneuse | méningite (au cours de) charbonneuse,"H, U",subordinate,,RF,21/05/2026,false
A23,brucellose,M49.1,spondylite au cours de brucellose,spondylite au cours de brucellose,G,subordinate,,RF,21/05/2026,false
A23,brucellose,N16.0,maladie rénale tubulo-interstitielle au cours de maladies infectieuses et parasitaires classées ailleurs,maladie rénale tubulo-interstitielle au cours de brucellose,H,subordinate,,RF,21/05/2026,false
A27,leptospirose,G01,méningite au cours d'affections bactériennes classées ailleurs,méningite (au cours de) leptospirose,H,subordinate,,RF,21/05/2026,false
A30,lèpre [maladie de Hansen],G63.0,polynévrite au cours de maladies infectieuses et parasitaires classées ailleurs,polynévrite (au cours de) lèpre,H,subordinate,,RF,21/05/2026,false
A30,lèpre [maladie de Hansen],H03.1,atteinte de la paupière au cours d'autres maladies infectieuses classées ailleurs,atteinte de la paupière au cours de lèpre,H,subordinate,,RF,21/05/2026,false
A30,lèpre [maladie de Hansen],M01.3,arthrite au cours d'autres maladies bactériennes classées ailleurs,arthrite (au cours de) lèpre [maladie de Hansen],H,subordinate,,RF,21/05/2026,false
A30,lèpre [maladie de Hansen],M63.0,myosite au cours de maladies bactériennes classées ailleurs,myosite au cours de lèpre [maladie de Hansen],H,subordinate,,RF,21/05/2026,false
A32.1,méningite et méningo-encéphalite listériennes,G01,méningite au cours d'affections bactériennes classées ailleurs,méningite listérienne | méningite (au cours de) listérienne,"H, U",subordinate,,RF,21/05/2026,false
A32.1,méningite et méningo-encéphalite listériennes,G05.0,"encéphalite, myélite et encéphalomyélite au cours d'infections bactériennes classées ailleurs","méningo-encéphalite listérienne | encéphalite, myélite ou encéphalomyélite listérienne","H, U",subordinate,,RF,21/05/2026,false
A32.8,autres formes de listériose,I39.8,"endocardite, valvule non précisée, au cours de maladies classées ailleurs",endocardite listérienne,U,subordinate,,RF,21/05/2026,false
A32.8,autres formes de listériose,I68.1,artérite cérébrale au cours de maladies infectieuses et parasitaires,artérite cérébrale listérienne | artérite cérébrale au cours de listériose,"H, U",subordinate,,RF,21/05/2026,false
A36.8,autres formes de diphtérie,G63.0,polynévrite au cours de maladies infectieuses et parasitaires classées ailleurs,polynévrite diphtérique | polynévrite (au cours de) diphtérie,"H, U",subordinate,,RF,21/05/2026,false
A36.8,autres formes de diphtérie,H13.1,conjonctivite au cours de maladies infectieuses et parasitaires classées ailleurs,conjonctivite diphtérique | conjonctivite (à) (de) diphtérique,"H, U",subordinate,,RF,21/05/2026,false
A36.8,autres formes de diphtérie,I41.0,myocardite au cours de maladies bactériennes classées ailleurs,myocardite diphtérique,"H, U",subordinate,,RF,21/05/2026,false
A36.8,autres formes de diphtérie,I43.0,myocardiopathie au cours de maladies infectieuses et parasitaires classées ailleurs,myocardiopathie diphtérique,H,subordinate,,RF,21/05/2026,false
A36.8,autres formes de diphtérie,N16.0,maladie rénale tubulo-interstitielle au cours de maladies infectieuses et parasitaires classées ailleurs,maladie rénale tubulo-interstitielle au cours de diphtérie,H,subordinate,,RF,21/05/2026,false
A37,coqueluche,J17.0,pneumopathie au cours de maladies bactériennes classées ailleurs,pneumopathie (au cours de) (due à) coqueluche,H,subordinate,,RF,21/05/2026,false
A38,scarlatine,H67.0,otite moyenne au cours de maladies bactériennes classées ailleurs,otite moyenne au cours de scarlatine,H,subordinate,,RF,21/05/2026,false
A39.0,méningite à méningocoques,G01,méningite au cours d'affections bactériennes classées ailleurs,méningite à méningocoques | méningite (au cours de) méningococcique,"H, T",subordinate,,RF,21/05/2026,false
A39.1,syndrome de Waterhouse-Friderichsen,E35.1,anomalies de la glande surrénale au cours de maladies classées ailleurs,syndrome de Waterhouse-Friderichsen | syndrome de Waterhouse-Friderichsen (méningococcique),"H, T",subordinate,,RF,21/05/2026,false
A39.5,cardite à méningocoques,I32.0,péricardite au cours de maladies bactériennes classées ailleurs,péricardite méningococcique,"H, U",subordinate,,RF,21/05/2026,false
A39.5,cardite à méningocoques,I39,endocardite et atteintes valvulaires cardiaques au cours de maladies classées ailleurs,atteinte de l'endocarde (à) (au cours de) méningococcique,H,subordinate,,RF,21/05/2026,false
A39.5,cardite à méningocoques,I39.8,"endocardite, valvule non précisée, au cours de maladies classées ailleurs",endocardite méningococcique,U,subordinate,,RF,21/05/2026,false
A39.5,cardite à méningocoques,I41.0,myocardite au cours de maladies bactériennes classées ailleurs,myocardite méningococcique,"H, U",subordinate,,RF,21/05/2026,false
A39.5,cardite à méningocoques,I52.0,autres cardiopathies au cours de maladies bactériennes classées ailleurs,cardite méningococcique SAI | cardite à méningocoques NCA,"H, U",subordinate,,RF,21/05/2026,false
A39.8,autres infections à méningocoques,G05.0,"encéphalite, myélite et encéphalomyélite au cours d'infections bactériennes classées ailleurs","encéphalite méningococcique | encéphalite, myélite ou encéphalomyélite méningococcique","H, U",subordinate,,RF,21/05/2026,false
A39.8,autres infections à méningocoques,H13.1,conjonctivite au cours de maladies infectieuses et parasitaires classées ailleurs,conjonctivite méningococcique | conjonctivite (à) (de) méningococcique,"H, U",subordinate,,RF,21/05/2026,false
A39.8,autres infections à méningocoques,H48.1,névrite rétrobulbaire au cours de maladies classées ailleurs,névrite rétrobulbaire méningococcique | névrite rétrobulbaire au cours de infection à méningocoques,"H, U",subordinate,,RF,21/05/2026,false
A39.8,autres infections à méningocoques,M01.0,arthrite méningococcique,arthrite méningococcique,"G, U",subordinate,,RF,21/05/2026,false
A39.8,autres infections à méningocoques,M03.0,arthrite post-méningococcique,arthrite post-méningococcique,"G, U",subordinate,,RF,21/05/2026,false
A40,septicémie à streptocoques,N08.0,glomérulopathie au cours de maladies infectieuses et parasitaires classées ailleurs,glomérulopathie au cours de septicémie,H,independent,,RF,21/05/2026,false
A40,septicémie à streptocoques,N16.0,maladie rénale tubulo-interstitielle au cours de maladies infectieuses et parasitaires classées ailleurs,maladie rénale tubulo-interstitielle au cours de septicémie,H,independent,,RF,21/05/2026,false
A41,autres septicémies,N08.0,glomérulopathie au cours de maladies infectieuses et parasitaires classées ailleurs,glomérulopathie au cours de septicémie,H,independent,,RF,21/05/2026,false
A41,autres septicémies,N16.0,maladie rénale tubulo-interstitielle au cours de maladies infectieuses et parasitaires classées ailleurs,maladie rénale tubulo-interstitielle au cours de septicémie,H,independent,,RF,21/05/2026,false
A42.0,actinomycose pulmonaire,J17.0,pneumopathie au cours de maladies bactériennes classées ailleurs,pneumopathie (au cours de) (due à) actinomycose,H,independent,,RF,21/05/2026,false
A43.0,nocardiose pulmonaire,J17.0,pneumopathie au cours de maladies bactériennes classées ailleurs,pneumopathie (au cours de) (due à) nocardiose,H,independent,,RF,21/05/2026,false
A46,érysipèle,H62.0,otite externe au cours de maladies bactériennes classées ailleurs,otite externe au cours d'érysipèle,H,independent,,RF,21/05/2026,false
A50.0,"syphilis congénitale précoce, symptomatique",H58.8,autres affections précisées de l'oeil et de ses annexes au cours de maladies classées ailleurs,oculopathie syphilitique NCA congénitale précoce,H,independent,,RF,21/05/2026,false
A50.3,oculopathie syphilitique congénitale tardive,H19.2,kératite et kératoconjonctivite au cours d'autres maladies infectieuses et parasitaires classées ailleurs,kératite interstitielle syphilitique congénitale tardive | kératite et kératoconjonctivite (insterstitielles) au cours de (dues à) syphilis,"H, U",subordinate,,RF,21/05/2026,false
A50.3,oculopathie syphilitique congénitale tardive,H58.8,autres affections précisées de l'oeil et de ses annexes au cours de maladies classées ailleurs,oculopathie syphilitique congénitale tardive NCA | oculopathie syphilitique NCA congénitale tardive,"H, U",independent,,RF,21/05/2026,false
A50.4,syphilis congénitale nerveuse tardive [neuro-syphilis juvénile],G01,méningite au cours d'affections bactériennes classées ailleurs,méningite syphilitique congénitale tardive | méningite (au cours de) syphilitique congénitale,"H, U",independent,,RF,21/05/2026,false
A50.4,syphilis congénitale nerveuse tardive [neuro-syphilis juvénile],G05.0,"encéphalite, myélite et encéphalomyélite au cours d'infections bactériennes classées ailleurs","encéphalite syphilitique congénitale tardive | encéphalite, myélite ou encéphalomyélite syphilitique congénitale","H, U",independent,,RF,21/05/2026,false
A50.4,syphilis congénitale nerveuse tardive [neuro-syphilis juvénile],G63.0,polynévrite au cours de maladies infectieuses et parasitaires classées ailleurs,"polynévrite syphilitique congénitale tardive | polynévrite (au cours de) syphilis, tardive congénitale","H, U",independent,,RF,21/05/2026,false
A50.5,"autres formes tardives de syphilis congénitale, symptomatique",I98.0,syphilis cardio-vasculaire,syphilis cardio-vasculaire congénitale tardive,"H, U",independent,,RF,21/05/2026,false
A50.5,"autres formes tardives de syphilis congénitale, symptomatique",M03.1,arthropathie syphilitique post-infectieuse,maladie de Clutton | arthropathie syphilitique congénitale tardive,"H, U",independent,,RF,21/05/2026,false
A50.5,"autres formes tardives de syphilis congénitale, symptomatique",M90.2,ostéopathie au cours d'autres maladies infectieuses classées ailleurs,ostéochondropathie syphilitique congénitale tardive | ostéopathie ou ostéochondropathie syphilitique,"H, U",independent,,RF,21/05/2026,false
A51.3,syphilis secondaire de la peau et des muqueuses,L99.8,autres affections précisées de la peau et du tissu cellulaire sous-cutané au cours de maladies classées ailleurs,alopécie syphilitique | leucodermie syphilitique,"H, U",independent,,RF,21/05/2026,false
A51.4,autres formes de syphilis secondaire,G01,méningite au cours d'affections bactériennes classées ailleurs,méningite syphilitique secondaire | méningite (au cours de) syphilitique secondaire,"H, U",independent,,RF,21/05/2026,false
A51.4,autres formes de syphilis secondaire,H22.0,iridocyclite au cours de maladies infectieuses et parasitaires classées ailleurs,iridocyclite syphilitique secondaire | iridocyclite au cours de syphilis (secondaire),"H, U",independent,,RF,21/05/2026,false
A51.4,autres formes de syphilis secondaire,H58.8,autres affections précisées de l'oeil et de ses annexes au cours de maladies classées ailleurs,oculopathie NCA syphilitique secondaire | oculopathie syphilitique NCA précoce (secondaire),"H, U",independent,,RF,21/05/2026,false
A51.4,autres formes de syphilis secondaire,M63.0,myosite au cours de maladies bactériennes classées ailleurs,myosite syphilitique secondaire | myosite au cours de syphilis,"H, U",independent,,RF,21/05/2026,false
A51.4,autres formes de syphilis secondaire,M90.1,périostite au cours d'autres maladies infectieuses classées ailleurs,périostite syphilitique secondaire,"H, U",independent,,RF,21/05/2026,false
A51.4,autres formes de syphilis secondaire,N74.2,affection inflammatoire pelvienne syphilitique de la femme,affection inflammatoire pelvienne syphilitique de la femme | affection inflammatoire des organes pelviens de la femme syphilitique secondaire,"G, U",independent,,RF,21/05/2026,false
A52.0,syphilis cardio-vasculaire,I32.0,péricardite au cours de maladies bactériennes classées ailleurs,péricardite syphilitique,"H, U",independent,,RF,21/05/2026,false
A52.0,syphilis cardio-vasculaire,I39,endocardite et atteintes valvulaires cardiaques au cours de maladies classées ailleurs,atteinte de l'endocarde (à) (au cours de) syphilitique,H,subordinate,,RF,21/05/2026,false
A52.0,syphilis cardio-vasculaire,I39.1,atteintes de la valvule aortique au cours de maladies classées ailleurs,insuffisance aortique syphilitique,U,subordinate,,RF,21/05/2026,false
A52.0,syphilis cardio-vasculaire,I39.3,atteintes de la valvule pulmonaire au cours de maladies classées ailleurs,insuffisance pulmonaire syphilitique,U,subordinate,,RF,21/05/2026,false
A52.0,syphilis cardio-vasculaire,I39.8,"endocardite, valvule non précisée, au cours de maladies classées ailleurs",endocardite SAI syphilitique,U,subordinate,,RF,21/05/2026,false
A52.0,syphilis cardio-vasculaire,I41.0,myocardite au cours de maladies bactériennes classées ailleurs,myocardite syphilitique,"H, U",subordinate,,RF,21/05/2026,false
A52.0,syphilis cardio-vasculaire,I68.1,artérite cérébrale au cours de maladies infectieuses et parasitaires,artérite cérébrale syphilitique | artérite cérébrale au cours de syphilis,"H, U",subordinate,,RF,21/05/2026,false
A52.0,syphilis cardio-vasculaire,I79.0,anévrisme de l'aorte au cours de maladies classées ailleurs,anévrisme syphilitique de l'aorte,"H, U",subordinate,,RF,21/05/2026,false
A52.0,syphilis cardio-vasculaire,I79.1,aortite au cours de maladies classées ailleurs,aortite syphilitique,"H, U",subordinate,,RF,21/05/2026,false
A52.0,syphilis cardio-vasculaire,I98.0,syphilis cardio-vasculaire,syphilis cardio-vasculaire SAI,"H, U",subordinate,,RF,21/05/2026,false
A52.1,syphilis nerveuse symptomatique,F02.8,démence au cours d'autres maladies classées ailleurs,démence au cours de neurosyphilis,H,subordinate,,RF,21/05/2026,false
A52.1,syphilis nerveuse symptomatique,G01,méningite au cours d'affections bactériennes classées ailleurs,méningite syphilitique tardive | méningite (au cours de) neurosyphilis,"H, U",subordinate,,RF,21/05/2026,false
A52.1,syphilis nerveuse symptomatique,G05.0,"encéphalite, myélite et encéphalomyélite au cours d'infections bactériennes classées ailleurs","encéphalite syphilitique tardive | encéphalite, myélite ou encéphalomyélite syphilitique tardive","H, U",subordinate,,RF,21/05/2026,false
A52.1,syphilis nerveuse symptomatique,G22,syndrome parkinsonien au cours de maladies classées ailleurs,parkinsonisme syphilitique,"H, U",subordinate,,RF,21/05/2026,false
A52.1,syphilis nerveuse symptomatique,G63.0,polynévrite au cours de maladies infectieuses et parasitaires classées ailleurs,"polynévrite syphilitique tardive | polynévrite (au cours de) syphilis, tardive","H, U",subordinate,,RF,21/05/2026,false
A52.1,syphilis nerveuse symptomatique,H48.0,atrophie optique au cours de maladies classées ailleurs,atrophie optique syphilitique tardive | atrophie optique au cours de syphilis tardive,"H, U",subordinate,,RF,21/05/2026,false
A52.1,syphilis nerveuse symptomatique,H48.1,névrite rétrobulbaire au cours de maladies classées ailleurs,névrite rétrobulbaire syphilitique tardive | névrite rétrobulbaire au cours de syphilis tardive,"H, U",subordinate,,RF,21/05/2026,false
A52.1,syphilis nerveuse symptomatique,H58.0,anomalies fonctionnelles de la pupille au cours de maladies classées ailleurs,signe d'Argyll Robertson (syphilitique),H,subordinate,,RF,21/05/2026,false
A52.1,syphilis nerveuse symptomatique,H94.0,névrite acoustique au cours de maladies infectieuses et parasitaires classées ailleurs,névrite acoustique syphilitique tardive | névrite acoustique au cours de la syphilis,"H, U",subordinate,,RF,21/05/2026,false
A52.1,syphilis nerveuse symptomatique,M14.6,arthropathie neuropathique,arthropathie de Charcot | arthropathie de Charcot ou tabétique,"H, U",subordinate,,RF,21/05/2026,false
A52.1,syphilis nerveuse symptomatique,M49.4,spondylopathie neurologique,spondylopathie neurologique au cours de tabès,H,subordinate,,RF,21/05/2026,false
A52.7,autres formes tardives de syphilis symptomatique,H19.0,sclérite et épisclérite au cours de maladies classées ailleurs,épisclérite syphilitique tardive | épisclérite syphilitique,"H, U",subordinate,,RF,21/05/2026,false
A52.7,autres formes tardives de syphilis symptomatique,H32.0,affections choriorétiniennes au cours de maladies infectieuses et parasitaires classées ailleurs,choriorétinite syphilitique tardive | choriorétinite (à) syphilitique tardive,"H, U",subordinate,,RF,21/05/2026,false
A52.7,autres formes tardives de syphilis symptomatique,H58.8,autres affections précisées de l'oeil et de ses annexes au cours de maladies classées ailleurs,oculopathie NCA syphilitique tardive | oculopathie syphilitique NCA tardive,"H, U",subordinate,,RF,21/05/2026,false
A52.7,autres formes tardives de syphilis symptomatique,J99.8,troubles respiratoires au cours d'autres maladies classées ailleurs,syphilis [stade non précisé] pulmonaire | troubles respiratoires au cours de syphilis,"H, U",subordinate,,RF,21/05/2026,false
A52.7,autres formes tardives de syphilis symptomatique,K67.2,péritonite syphilitique,péritonite syphilitique | péritonite syphilitique tardive,"G, U",subordinate,,RF,21/05/2026,false
A52.7,autres formes tardives de syphilis symptomatique,K77.0,atteintes hépatiques au cours de maladies infectieuses et parasitaires classées ailleurs,syphilis [stade non précisé] hépatique | syphilis hépatique,"H, U",subordinate,,RF,21/05/2026,false
A52.7,autres formes tardives de syphilis symptomatique,L99.8,autres affections précisées de la peau et du tissu cellulaire sous-cutané au cours de maladies classées ailleurs,leucodermie syphilitique tardive | leucodermie syphilitique,"H, U",subordinate,,RF,21/05/2026,false
A52.7,autres formes tardives de syphilis symptomatique,M63.0,myosite au cours de maladies bactériennes classées ailleurs,syphilis [stade non précisé] musculaire | myosite au cours de syphilis,"H, U",subordinate,,RF,21/05/2026,false
A52.7,autres formes tardives de syphilis symptomatique,M68.0,synovite et ténosynovite au cours de maladies bactériennes classées ailleurs,synovite syphilitique [stade non précisé] | synovite ou ténosynovite syphilitique,"H, U",subordinate,,RF,21/05/2026,false
A52.7,autres formes tardives de syphilis symptomatique,M73.1,bursite syphilitique,bursite syphilitique | bursite syphilitique tardive,"G, U",subordinate,,RF,21/05/2026,false
A52.7,autres formes tardives de syphilis symptomatique,M90.2,ostéopathie au cours d'autres maladies infectieuses classées ailleurs,syphilis [stade non précisé] osseuse | ostéopathie ou ostéochondropathie syphilitique,"H, U",subordinate,,RF,21/05/2026,false
A52.7,autres formes tardives de syphilis symptomatique,N08.0,glomérulopathie au cours de maladies infectieuses et parasitaires classées ailleurs,glomérulite syphilitique | glomérulopathie au cours de syphilis,"H, U",subordinate,,RF,21/05/2026,false
A52.7,autres formes tardives de syphilis symptomatique,N29.0,syphilis tardive du rein,syphilis tardive du rein,G,subordinate,,RF,21/05/2026,false
A52.7,autres formes tardives de syphilis symptomatique,N74.2,affection inflammatoire pelvienne syphilitique de la femme,affection inflammatoire pelvienne syphilitique de la femme | affection inflammatoire des organes pelviens de la femme syphilitique tardive,"G, U",subordinate,,RF,21/05/2026,false
A54.2,pelvipéritonite gonococcique et autres infections génito-urinaires gonococciques,N51.0,affections de la prostate au cours de maladies classées ailleurs,prostatite gonococcique | prostatite (à) gonococcique,"H, U",subordinate,,RF,21/05/2026,false
A54.2,pelvipéritonite gonococcique et autres infections génito-urinaires gonococciques,N51.1,affections du testicule et de l'épididyme au cours de maladies classées ailleurs,épididymite gonococcique | orchite gonococcique,"H, U",subordinate,,RF,21/05/2026,false
A54.2,pelvipéritonite gonococcique et autres infections génito-urinaires gonococciques,N74.3,affection inflammatoire pelvienne gonococcique de la femme,affection inflammatoire pelvienne gonococcique de la femme | affection inflammatoire des organes pelviens de la femme gonococcique,"G, U",subordinate,,RF,21/05/2026,false
A54.3,infection gonococcique de l'oeil,H13.1,conjonctivite au cours de maladies infectieuses et parasitaires classées ailleurs,conjonctivite gonococcique | conjonctivite (à) (de) gonococcique,"H, U",subordinate,,RF,21/05/2026,false
A54.3,infection gonococcique de l'oeil,H22.0,iridocyclite au cours de maladies infectieuses et parasitaires classées ailleurs,iridocyclite gonococcique | iridocyclite au cours de infection gonococcique,"H, U",subordinate,,RF,21/05/2026,false
A54.4,infection gonococcique du système ostéo-articulaire et des muscles,M01.3,arthrite au cours d'autres maladies bactériennes classées ailleurs,arthrite gonococcique | arthrite (au cours de) gonococcique,"H, U",subordinate,,RF,21/05/2026,false
A54.4,infection gonococcique du système ostéo-articulaire et des muscles,M68.0,synovite et ténosynovite au cours de maladies bactériennes classées ailleurs,synovite gonococcique | ténosynovite gonococcique | synovite ou ténosynovite gonococcique,"H, U",subordinate,,RF,21/05/2026,false
A54.4,infection gonococcique du système ostéo-articulaire et des muscles,M73.0,bursite gonococcique,bursite gonococcique,"G, U",subordinate,,RF,21/05/2026,false
A54.4,infection gonococcique du système ostéo-articulaire et des muscles,M90.2,ostéopathie au cours d'autres maladies infectieuses classées ailleurs,ostéomyélite gonococcique | ostéomyélite due à gonocoques,"H, U",subordinate,,RF,21/05/2026,false
A54.8,autres infections gonococciques,G01,méningite au cours d'affections bactériennes classées ailleurs,méningite gonococcique(s) | méningite (au cours de) gonococcique,"H, U",subordinate,,RF,21/05/2026,false
A54.8,autres infections gonococciques,G07,abcès et granulome intracrâniens et intrarachidiens au cours d'affections classées ailleurs,abcès du cerveau gonococcique(s) | abcès du cerveau gonococcique,"H, U",subordinate,,RF,21/05/2026,false
A54.8,autres infections gonococciques,I32.0,péricardite au cours de maladies bactériennes classées ailleurs,péricardite gonococcique(s) | péricardite gonococcique,"H, U",subordinate,,RF,21/05/2026,false
A54.8,autres infections gonococciques,I39,endocardite et atteintes valvulaires cardiaques au cours de maladies classées ailleurs,atteinte de l'endocarde (à) (au cours de) gonococcique,H,subordinate,,RF,21/05/2026,false
A54.8,autres infections gonococciques,I39.8,"endocardite, valvule non précisée, au cours de maladies classées ailleurs",endocardite gonococcique(s),U,subordinate,,RF,21/05/2026,false
A54.8,autres infections gonococciques,I41.0,myocardite au cours de maladies bactériennes classées ailleurs,myocardite gonococcique(s) | myocardite gonococcique,"H, U",subordinate,,RF,21/05/2026,false
A54.8,autres infections gonococciques,J17.0,pneumopathie au cours de maladies bactériennes classées ailleurs,pneumopathie gonococcique(s) | pneumopathie (au cours de) (due à) gonorrhée,"H, U",subordinate,,RF,21/05/2026,false
A54.8,autres infections gonococciques,K67.1,péritonite gonococcique,péritonite gonococcique | péritonite gonococcique(s),"G, U",subordinate,,RF,21/05/2026,false
A56.1,"infection à Chlamydia, pelvi-péritonéale et des autres organes génito-urinaires",N51.1,affections du testicule et de l'épididyme au cours de maladies classées ailleurs,épididymite à Chlamydia | orchite à Chlamydia,"H, U",subordinate,,RF,21/05/2026,false
A56.1,"infection à Chlamydia, pelvi-péritonéale et des autres organes génito-urinaires",N74.4,"affection inflammatoire pelvienne à Chlamydia, de la femme","affection inflammatoire pelvienne à Chlamydia, de la femme | affection inflammatoire des organes pelviens de la femme à Chlamydia","G, U",subordinate,,RF,21/05/2026,false
A59.0,trichomonase uro-génitale,N51.0,affections de la prostate au cours de maladies classées ailleurs,prostatite à Trichomonas (vaginalis) | prostatite (à) Trichomonas,"H, U",subordinate,,RF,21/05/2026,false
A60.0,infection des organes génitaux et de l'appareil génito-urinaire par le virus de l'herpès,N51,affections des organes génitaux de l'homme au cours de maladies classées ailleurs,infection des organes génitaux par le virus de l'herpès homme,U,subordinate,,RF,21/05/2026,false
A60.0,infection des organes génitaux et de l'appareil génito-urinaire par le virus de l'herpès,N51.8,autres affections des organes génitaux de l'homme au cours de maladies classées ailleurs,infection de l'appareil génital de l'homme par le virus de l'herpès [herpes simplex],H,subordinate,,RF,21/05/2026,false
A60.0,infection des organes génitaux et de l'appareil génito-urinaire par le virus de l'herpès,N77.0,ulcération de la vulve au cours de maladies infectieuses et parasitaires classées ailleurs,infection des organes génitaux par le virus de l'herpès femme | ulcération de la vulve au cours de infection due au virus de l'herpès [herpes simplex],"H, U",subordinate,,RF,21/05/2026,false
A60.0,infection des organes génitaux et de l'appareil génito-urinaire par le virus de l'herpès,N77.1,"vaginite, vulvite et vulvo-vaginite au cours de maladies infectieuses et parasitaires classées ailleurs","infection des organes génitaux par le virus de l'herpès femme | vaginite, vulvite et vulvo-vaginite au cours de infection due au virus de l'herpès [herpes simplex]","H, U",subordinate,,RF,21/05/2026,false
A66,pian,H03.1,atteinte de la paupière au cours d'autres maladies infectieuses classées ailleurs,atteinte de la paupière au cours de pian,H,independent,,RF,21/05/2026,false
A67.2,lésions tardives de la pinta,I98.1,troubles cardio-vasculaires au cours d'autres maladies infectieuses et parasitaires classées ailleurs,lésions cardio-vasculaires de la pinta [caraté] | lésions de la pinta [caraté] avec atteinte cardio-vasculaire,"H, U",independent,,RF,21/05/2026,false
A69.2,maladie de Lyme,G01,méningite au cours d'affections bactériennes classées ailleurs,méningite (au cours de) maladie de Lyme,H,independent,,RF,21/05/2026,false
A69.2,maladie de Lyme,G63.0,polynévrite au cours de maladies infectieuses et parasitaires classées ailleurs,polynévrite (au cours de) maladie de Lyme,H,independent,,RF,21/05/2026,false
A69.2,maladie de Lyme,M01.2,arthrite au cours de la maladie de Lyme,arthrite au cours de la maladie de Lyme,G,independent,,RF,21/05/2026,false
A69.8,autres infections à spirochètes précisées,J17.8,pneumopathie au cours d'autres maladies classées ailleurs,pneumopathie au cours de infection à spirochètes NCA,H,independent,,RF,21/05/2026,false
A70,infection à Chlamydia psittaci,J17.8,pneumopathie au cours d'autres maladies classées ailleurs,pneumopathie au cours de ornithose,H,independent,,RF,21/05/2026,false
A74.0,conjonctivite à Chlamydia,H13.1,conjonctivite au cours de maladies infectieuses et parasitaires classées ailleurs,conjonctivite à Chlamydia | conjonctivite (à) (de) Chlamydia,"H, T",independent,,RF,21/05/2026,false
A74.8,autres infections à Chlamydia précisées,K67.0,péritonite à Chlamydia,péritonite à Chlamydia,"G, U",independent,,RF,21/05/2026,false
A78,fièvre Q,J17.8,pneumopathie au cours d'autres maladies classées ailleurs,pneumopathie au cours de fièvre Q,H,independent,,RF,21/05/2026,false
A81.0,maladie de Creutzfeldt-Jakob,F02.1,démence de la maladie de Creutzfeldt-Jakob,démence de la maladie de Creutzfeldt-Jakob,G,independent,,RF,21/05/2026,false
A85.0,encéphalite à entérovirus,G05.1,"encéphalite, myélite et encéphalomyélite au cours d'infections virales classées ailleurs","encéphalite à entérovirus | encéphalite, myélite ou encéphalomyélite (au cours de) (consécutive à) (due à) entérovirus","H, T",subordinate,,RF,21/05/2026,false
A85.1,encéphalite à adénovirus,G05.1,"encéphalite, myélite et encéphalomyélite au cours d'infections virales classées ailleurs","encéphalite à adénovirus | encéphalite, myélite ou encéphalomyélite (au cours de) (consécutive à) (due à) adénovirus","H, T",subordinate,,RF,21/05/2026,false
A87.0,méningite à entérovirus,G02.0,méningite au cours d'infections virales classées ailleurs,méningite à entérovirus | méningite (au cours de) (consécutive à) (due à) entérovirus,"H, T",subordinate,,RF,21/05/2026,false
A87.1,méningite à adénovirus,G02.0,méningite au cours d'infections virales classées ailleurs,méningite à adénovirus | méningite (au cours de) (consécutive à) (due à) adénovirus,"H, T",subordinate,,RF,21/05/2026,false
A92.1,fièvre due au virus Onyong-nyong,M01.5,arthrite au cours d'autres maladies virales classées ailleurs,arthrite au cours de fièvre de Onyong-nyong,H,independent,,RF,21/05/2026,false
B00.1,dermite vésiculaire due au virus de l'herpès,H62.1,otite externe au cours de maladies virales classées ailleurs,otite externe au cours de infection due au virus de l'herpès [herpes simplex],H,independent,,RF,21/05/2026,false
B00.3,méningite due au virus de l'herpès,G02.0,méningite au cours d'infections virales classées ailleurs,méningite due au virus de l'herpès | méningite (au cours de) (consécutive à) (due à) virus (de) herpès [herpes simplex],"H, T",subordinate,,RF,21/05/2026,false
B00.4,encéphalite due au virus de l'herpès,G05.1,"encéphalite, myélite et encéphalomyélite au cours d'infections virales classées ailleurs","encéphalite due au virus de l'herpès | encéphalite, myélite ou encéphalomyélite (au cours de) (consécutive à) (due à) virus de herpès [herpes simplex]","H, T",subordinate,,RF,21/05/2026,false
B00.5,affections oculaires dues au virus de l'herpès,H03.1,atteinte de la paupière au cours d'autres maladies infectieuses classées ailleurs,dermite de la paupière due au virus de l'herpès | atteinte de la paupière au cours de infection due au virus de l'herpès [herpes simplex],"H, U",subordinate,,RF,21/05/2026,false
B00.5,affections oculaires dues au virus de l'herpès,H13.1,conjonctivite au cours de maladies infectieuses et parasitaires classées ailleurs,conjonctivite due au virus de l'herpès | conjonctivite (à) (de) virale herpétique [herpes simplex],"H, U",subordinate,,RF,21/05/2026,false
B00.5,affections oculaires dues au virus de l'herpès,H19.1,kératite et kératoconjonctivite dues au virus de l'herpès,kératite et kératoconjonctivite dues au virus de l'herpès | kératite due au virus de l'herpès | kératoconjonctivite due au virus de l'herpès,"G, U",subordinate,,RF,21/05/2026,false
B00.5,affections oculaires dues au virus de l'herpès,H22.0,iridocyclite au cours de maladies infectieuses et parasitaires classées ailleurs,uvéite due au virus de l'herpès | iridocyclite due au virus de l'herpès | iritis due au virus de l'herpès | iridocyclite au cours de infection herpétique [herpes simplex],"H, U",subordinate,,RF,21/05/2026,false
B00.8,autres formes d'infection due au virus de l'herpès,K77.0,atteintes hépatiques au cours de maladies infectieuses et parasitaires classées ailleurs,hépatite herpétique | hépatite (à) herpétique [herpes simplex],"H, U",subordinate,,RF,21/05/2026,false
B01.0,méningite varicelleuse,G02.0,méningite au cours d'infections virales classées ailleurs,méningite varicelleuse | méningite (au cours de) (consécutive à) (due à) varicelle,"H, T",subordinate,,RF,21/05/2026,false
B01.1,encéphalite varicelleuse,G05.1,"encéphalite, myélite et encéphalomyélite au cours d'infections virales classées ailleurs","encéphalite varicelleuse | encéphalite, myélite ou encéphalomyélite (au cours de) (consécutive à) (due à) varicelle","H, T",subordinate,,RF,21/05/2026,false
B01.2,pneumopathie varicelleuse,J17.1,pneumopathie au cours de maladies virales classées ailleurs,pneumopathie varicelleuse | pneumopathie au cours de varicelle,"H, T",subordinate,,RF,21/05/2026,false
B02.0,encéphalite zostérienne,G05.1,"encéphalite, myélite et encéphalomyélite au cours d'infections virales classées ailleurs","encéphalite zostérienne | encéphalite, myélite ou encéphalomyélite (au cours de) (consécutive à) (due à) zona","H, T",subordinate,,RF,21/05/2026,false
B02.1,méningite zostérienne,G02.0,méningite au cours d'infections virales classées ailleurs,méningite zostérienne | méningite (au cours de) (consécutive à) (due à) zona,"H, T",subordinate,,RF,21/05/2026,false
B02.2,zona accompagné d'autres manifestations neurologiques,G53.0,névralgie post-zostérienne,névralgie post-zostérienne | atteinte post-herpétique du ganglion géniculé | névralgie trigéminée post-herpétique,"G, U",independent,,RF,21/05/2026,false
B02.2,zona accompagné d'autres manifestations neurologiques,G63.0,polynévrite au cours de maladies infectieuses et parasitaires classées ailleurs,polynévrite post-zostérienne | polynévrite (au cours de) post-herpétique,"H, U",independent,,RF,21/05/2026,false
B02.3,zona ophtalmique,H03.1,atteinte de la paupière au cours d'autres maladies infectieuses classées ailleurs,blépharite zostérienne | atteinte de la paupière au cours de zona,"H, U",independent,,RF,21/05/2026,false
B02.3,zona ophtalmique,H13.1,conjonctivite au cours de maladies infectieuses et parasitaires classées ailleurs,conjonctivite zostérienne | conjonctivite (à) (de) zostérienne,"H, U",independent,,RF,21/05/2026,false
B02.3,zona ophtalmique,H19.0,sclérite et épisclérite au cours de maladies classées ailleurs,sclérite zostérienne,"H, U",independent,,RF,21/05/2026,false
B02.3,zona ophtalmique,H19.2,kératite et kératoconjonctivite au cours d'autres maladies infectieuses et parasitaires classées ailleurs,kératite zostérienne | kératoconjonctivite zostérienne | kératite et kératoconjonctivite (insterstitielles) au cours de (dues à) zona,"H, U",independent,,RF,21/05/2026,false
B02.3,zona ophtalmique,H22.0,iridocyclite au cours de maladies infectieuses et parasitaires classées ailleurs,iridocyclite zostérienne | iritis zostérienne | iridocyclite au cours de infection zostérienne,"H, U",independent,,RF,21/05/2026,false
B02.8,zona avec autres complications,H62.1,otite externe au cours de maladies virales classées ailleurs,otite externe au cours de zona,H,independent,,RF,21/05/2026,false
B05.0,rougeole compliquée d'une encéphalite,G05.1,"encéphalite, myélite et encéphalomyélite au cours d'infections virales classées ailleurs","rougeole compliquée d'une encéphalite | encéphalite, myélite ou encéphalomyélite (au cours de) (consécutive à) (due à) rougeole","H, T",subordinate,,RF,21/05/2026,false
B05.1,rougeole compliquée d'une méningite,G02.0,méningite au cours d'infections virales classées ailleurs,rougeole compliquée d'une méningite | méningite (au cours de) (consécutive à) (due à) rougeole,"H, T",subordinate,,RF,21/05/2026,false
B05.2,rougeole compliquée d'une pneumopathie,J17.1,pneumopathie au cours de maladies virales classées ailleurs,rougeole compliquée d'une pneumopathie | pneumopathie au cours de rougeole,"H, T",subordinate,,RF,21/05/2026,false
B05.3,rougeole compliquée d'une otite moyenne,H67.1,otite moyenne au cours de maladies virales classées ailleurs,rougeole compliquée d'une otite moyenne | otite moyenne au cours de rougeole,"H, T",subordinate,,RF,21/05/2026,false
B05.8,rougeole avec autres complications,H19.2,kératite et kératoconjonctivite au cours d'autres maladies infectieuses et parasitaires classées ailleurs,rougeole compliquée de kératite et de kératoconjonctivite | kératite et kératoconjonctivite (insterstitielles) au cours de (dues à) rougeole,"H, U",independent,,RF,21/05/2026,false
B06.0,rubéole avec complications neurologiques,G02.0,méningite au cours d'infections virales classées ailleurs,méningite rubéoleuse | méningite (au cours de) (consécutive à) (due à) rubéole,"H, U",subordinate,,RF,21/05/2026,false
B06.0,rubéole avec complications neurologiques,G05.1,"encéphalite, myélite et encéphalomyélite au cours d'infections virales classées ailleurs","encéphalite rubéoleuse | méningo-encéphalite rubéoleuse | encéphalite, myélite ou encéphalomyélite (au cours de) (consécutive à) (due à) rubéole","H, U",subordinate,,RF,21/05/2026,false
B06.8,rubéole avec autres complications,J17.1,pneumopathie au cours de maladies virales classées ailleurs,pneumopathie rubéoleuse | pneumopathie au cours de rubéole,"H, U",independent,,RF,21/05/2026,false
B06.8,rubéole avec autres complications,M01.4,arthrite au cours de la rubéole,arthrite au cours de la rubéole | arthrite rubéoleuse,"G, U",independent,,RF,21/05/2026,false
B08.1,molluscum contagiosum,H03.1,atteinte de la paupière au cours d'autres maladies infectieuses classées ailleurs,atteinte de la paupière au cours de molluscum contagiosum,H,independent,,RF,21/05/2026,false
B22.0,maladie par VIH à l'origine d'une encéphalopathie,F02.4,démence de la maladie due au virus de l'immunodéficience humaine [VIH],démence de la maladie due au virus de l'immunodéficience humaine [VIH],G,independent,,RF,21/05/2026,false
B25.0,pneumopathie à cytomégalovirus,J17.1,pneumopathie au cours de maladies virales classées ailleurs,pneumopathie à cytomégalovirus | pneumopathie au cours de maladie à cytomégalovirus,"H, T",subordinate,,RF,21/05/2026,false
B25.1,hépatite à cytomégalovirus,K77.0,atteintes hépatiques au cours de maladies infectieuses et parasitaires classées ailleurs,hépatite à cytomégalovirus,"H, T",subordinate,,RF,21/05/2026,false
B25.2,pancréatite à cytomégalovirus,K87.1,atteinte du pancréas au cours de maladies classées ailleurs,pancréatite à cytomégalovirus,"H, T",subordinate,,RF,21/05/2026,false
B25.8,autres maladies à cytomégalovirus,G05.1,"encéphalite, myélite et encéphalomyélite au cours d'infections virales classées ailleurs","encéphalite, myélite ou encéphalomyélite (au cours de) (consécutive à) (due à) cytomégalovirus",H,independent,,RF,21/05/2026,false
B26.0,orchite ourlienne,N51.1,affections du testicule et de l'épididyme au cours de maladies classées ailleurs,orchite ourlienne,"H, T",subordinate,,RF,21/05/2026,false
B26.1,méningite ourlienne,G02.0,méningite au cours d'infections virales classées ailleurs,méningite ourlienne | méningite (au cours de) (consécutive à) (due à) virus (de) ourlien,"H, T",subordinate,,RF,21/05/2026,false
B26.2,encéphalite ourlienne,G05.1,"encéphalite, myélite et encéphalomyélite au cours d'infections virales classées ailleurs","encéphalite ourlienne | encéphalite, myélite ou encéphalomyélite (au cours de) (consécutive à) (due à) virus de ourlien","H, T",subordinate,,RF,21/05/2026,false
B26.3,pancréatite ourlienne,K87.1,atteinte du pancréas au cours de maladies classées ailleurs,pancréatite ourlienne | pancréatite (à) ourlienne,"H, T",subordinate,,RF,21/05/2026,false
B26.8,oreillons avec autres complications,G63.0,polynévrite au cours de maladies infectieuses et parasitaires classées ailleurs,polynévrite ourlienne | polynévrite (au cours de) oreillons,"H, U",subordinate,,RF,21/05/2026,false
B26.8,oreillons avec autres complications,I41.1,myocardite au cours de maladies virales classées ailleurs,myocardite ourlienne,"H, U",independent,,RF,21/05/2026,false
B26.8,oreillons avec autres complications,M01.5,arthrite au cours d'autres maladies virales classées ailleurs,arthrite ourlienne | arthrite au cours de oreillons,"H, U",independent,,RF,21/05/2026,false
B26.8,oreillons avec autres complications,N08.0,glomérulopathie au cours de maladies infectieuses et parasitaires classées ailleurs,néphrite ourlienne | glomérulopathie au cours de oreillons,"H, U",independent,,RF,21/05/2026,false
B27,mononucléose infectieuse,G02.0,méningite au cours d'infections virales classées ailleurs,méningite (au cours de) (consécutive à) (due à) mononucléose infectieuse,H,independent,,RF,21/05/2026,false
B27,mononucléose infectieuse,G63.0,polynévrite au cours de maladies infectieuses et parasitaires classées ailleurs,polynévrite (au cours de) mononucléose infectieuse,H,independent,,RF,21/05/2026,false
B30.0,kératoconjonctivite due à un adénovirus,H19.2,kératite et kératoconjonctivite au cours d'autres maladies infectieuses et parasitaires classées ailleurs,kératoconjonctivite due à un adénovirus | kératoconjonctivite épidémique,"H, T",subordinate,,RF,21/05/2026,false
B30.1,conjonctivite due à un adénovirus,H13.1,conjonctivite au cours de maladies infectieuses et parasitaires classées ailleurs,conjonctivite due à un adénovirus | conjonctivite (à) (de) folliculaire (aiguë) à adénovirus,"H, T",subordinate,,RF,21/05/2026,false
B30.3,conjonctivite hémorragique aiguë épidémique (entérovirale),H13.1,conjonctivite au cours de maladies infectieuses et parasitaires classées ailleurs,conjonctivite hémorragique aiguë épidémique (entérovirale) | conjonctivite (à) (de) hémorragique (aiguë) (épidémique),"H, T",independent,,RF,21/05/2026,false
B30.8,autres conjonctivites virales,H13.1,conjonctivite au cours de maladies infectieuses et parasitaires classées ailleurs,autres conjonctivites virales | conjonctivite (à) (de) Newcastle,"H, T",independent,,RF,21/05/2026,false
B36.9,"mycose superficielle, sans précision",H62.2,otite externe au cours de mycoses,otomycose SAI,H,independent,,RF,21/05/2026,false
B37.1,candidose pulmonaire,J17.2,pneumopathie au cours de mycoses,pneumopathie au cours de candidose,H,subordinate,,RF,21/05/2026,false
B37.2,candidose de la peau et des ongles,H62.2,otite externe au cours de mycoses,otite externe au cours de candidose,H,independent,,RF,21/05/2026,false
B37.3,candidose de la vulve et du vagin,N77.1,"vaginite, vulvite et vulvo-vaginite au cours de maladies infectieuses et parasitaires classées ailleurs","candidose de la vulve et du vagin | vaginite, vulvite et vulvo-vaginite au cours de candidose","H, T",independent,,RF,21/05/2026,false
B37.4,candidose d'autres localisations uro-génitales,N37.0,urétrite au cours de maladies classées ailleurs,urétrite à Candida,"H, U",independent,,RF,21/05/2026,false
B37.4,candidose d'autres localisations uro-génitales,N51.2,balanite au cours de maladies classées ailleurs,balanite à Candida,"H, U",independent,,RF,21/05/2026,false
B37.5,méningite à Candida,G02.1,méningite au cours de mycoses classées ailleurs,méningite à Candida,"H, T",independent,,RF,21/05/2026,false
B37.6,endocardite à Candida,I39,endocardite et atteintes valvulaires cardiaques au cours de maladies classées ailleurs,atteinte de l'endocarde (à) (au cours de) Candida,H,subordinate,,RF,21/05/2026,false
B37.6,endocardite à Candida,I39.8,"endocardite, valvule non précisée, au cours de maladies classées ailleurs",endocardite à Candida,T,subordinate,,RF,21/05/2026,false
B38.0,coccidioïdomycose pulmonaire aiguë,J17.2,pneumopathie au cours de mycoses,pneumopathie au cours de coccidioïdomycose,H,independent,,RF,21/05/2026,false
B38.1,coccidioïdomycose pulmonaire chronique,J17.2,pneumopathie au cours de mycoses,pneumopathie au cours de coccidioïdomycose,H,independent,,RF,21/05/2026,false
B38.2,"coccidioïdomycose pulmonaire, sans précision",J17.2,pneumopathie au cours de mycoses,pneumopathie au cours de coccidioïdomycose,H,independent,,RF,21/05/2026,false
B38.4,méningite à coccidioïdomycose,G02.1,méningite au cours de mycoses classées ailleurs,méningite à coccidioïdomycose,"H, T",subordinate,,RF,21/05/2026,false
B39,histoplasmose,J17.2,pneumopathie au cours de mycoses,pneumopathie au cours de histoplasmose,H,independent,,RF,21/05/2026,false
B42.0,sporotrichose pulmonaire,J99.8,troubles respiratoires au cours d'autres maladies classées ailleurs,sporotrichose pulmonaire | troubles respiratoires au cours de sporotrichose,"H, T",independent,,RF,21/05/2026,false
B44.0,aspergillose pulmonaire invasive,J17.2,pneumopathie au cours de mycoses,pneumopathie au cours de aspergillose,H,independent,,RF,21/05/2026,false
B44.1,autres aspergilloses pulmonaires,J17.2,pneumopathie au cours de mycoses,pneumopathie au cours de aspergillose,H,independent,,RF,21/05/2026,false
B44.8,autres formes d'aspergillose,H62.2,otite externe au cours de mycoses,otite externe au cours de aspergillose,H,independent,,RF,21/05/2026,false
B45.1,cryptococcose cérébrale,G02.1,méningite au cours de mycoses classées ailleurs,méningite à cryptocoques,"H, U",independent,,RF,21/05/2026,false
B52.0,"paludisme à Plasmodium malariae, avec atteinte rénale",N08.0,glomérulopathie au cours de maladies infectieuses et parasitaires classées ailleurs,glomérulopathie au cours de paludisme à Plasmodium malariae,H,independent,,RF,21/05/2026,false
B55,leishmaniose,H03.0,infection parasitaire de la paupière au cours de maladies classées ailleurs,infection parasitaire de la paupière au cours de leishmaniose,H,independent,,RF,21/05/2026,false
B56,trypanosomiase africaine,F02.8,démence au cours d'autres maladies classées ailleurs,démence au cours de trypanosomiase,H,independent,,RF,21/05/2026,false
B56,trypanosomiase africaine,G02.8,méningite au cours d'autres maladies infectieuses et parasitaires précisées classées ailleurs,méningite due à trypanosomiase africaine,H,independent,,RF,21/05/2026,false
B56,trypanosomiase africaine,G05.2,"encéphalite, myélite et encéphalomyélite au cours d'autres maladies infectieuses et parasitaires classées ailleurs","encéphalite, myélite ou encéphalomyélite au cours de trypanosomiase africaine",H,independent,,RF,21/05/2026,false
B57,maladie de Chagas,F02.8,démence au cours d'autres maladies classées ailleurs,démence au cours de trypanosomiase,H,independent,,RF,21/05/2026,false
B57.0,"forme aiguë de la maladie de Chagas, avec atteinte cardiaque",I41.2,myocardite au cours d'autres maladies infectieuses et parasitaires classées ailleurs,"forme aiguë de la maladie de Chagas, avec atteinte cardiaque | forme aiguë de la maladie de Chagas avec myocardite | myocardite au cours de maladie de Chagas (chronique) aiguë","H, T, U",independent,,RF,21/05/2026,false
B57.0,"forme aiguë de la maladie de Chagas, avec atteinte cardiaque",I98.1,troubles cardio-vasculaires au cours d'autres maladies infectieuses et parasitaires classées ailleurs,"forme aiguë de la maladie de Chagas, avec atteinte cardiaque | forme aiguë de la maladie de Chagas avec atteinte cardio-vasculaire NCA","T, U",independent,,RF,21/05/2026,false
B57.2,maladie de Chagas (chronique) avec atteinte cardiaque,I41.2,myocardite au cours d'autres maladies infectieuses et parasitaires classées ailleurs,maladie de Chagas (chronique) avec atteinte cardiaque | maladie de Chagas (chronique) (avec) myocardite | myocardite au cours de maladie de Chagas (chronique),"H, T, U",independent,,RF,21/05/2026,false
B57.2,maladie de Chagas (chronique) avec atteinte cardiaque,I98.1,troubles cardio-vasculaires au cours d'autres maladies infectieuses et parasitaires classées ailleurs,maladie de Chagas (chronique) avec atteinte cardiaque | maladie de Chagas (chronique) (avec) atteinte cardio-vasculaire | maladie de Chagas avec atteinte cardio-vasculaire NCA,"H, T, U",independent,,RF,21/05/2026,false
B57.3,maladie de Chagas (chronique) avec atteinte de l'appareil digestif,K23.1,méga-oesophage au cours de la maladie de Chagas,méga-oesophage au cours de la maladie de Chagas,G,independent,,RF,21/05/2026,false
B57.3,maladie de Chagas (chronique) avec atteinte de l'appareil digestif,K93.1,mégacôlon au cours de la maladie de Chagas,mégacôlon au cours de la maladie de Chagas,G,independent,,RF,21/05/2026,false
B57.4,maladie de Chagas (chronique) avec atteinte du système nerveux,G02.8,méningite au cours d'autres maladies infectieuses et parasitaires précisées classées ailleurs,méningite due à maladie de Chagas (chronique),H,independent,,RF,21/05/2026,false
B57.4,maladie de Chagas (chronique) avec atteinte du système nerveux,G05.2,"encéphalite, myélite et encéphalomyélite au cours d'autres maladies infectieuses et parasitaires classées ailleurs","encéphalite, myélite ou encéphalomyélite au cours de maladie de Chagas (chronique)",H,independent,,RF,21/05/2026,false
B58.0,oculopathie à Toxoplasma,H32.0,affections choriorétiniennes au cours de maladies infectieuses et parasitaires classées ailleurs,choriorétinite à Toxoplasma,"H, U",independent,,RF,21/05/2026,false
B58.1,hépatite à Toxoplasma,K77.0,atteintes hépatiques au cours de maladies infectieuses et parasitaires classées ailleurs,hépatite à Toxoplasma | hépatite (à) toxoplasme,"H, T",independent,,RF,21/05/2026,false
B58.2,méningo-encéphalite à Toxoplasma,G05.2,"encéphalite, myélite et encéphalomyélite au cours d'autres maladies infectieuses et parasitaires classées ailleurs","méningo-encéphalite à Toxoplasma | encéphalite, myélite ou encéphalomyélite au cours de toxoplasmose","H, T",independent,,RF,21/05/2026,false
B58.3,toxoplasmose pulmonaire,J17.3,pneumopathie au cours de maladies parasitaires,toxoplasmose pulmonaire | pneumopathie au cours de toxoplasmose,"H, T",subordinate,,RF,21/05/2026,false
B58.8,toxoplasmose avec atteinte d'autres organes,I41.2,myocardite au cours d'autres maladies infectieuses et parasitaires classées ailleurs,myocardite à Toxoplasma | myocardite au cours de toxoplasmose,"H, U",independent,,RF,21/05/2026,false
B58.8,toxoplasmose avec atteinte d'autres organes,M63.1,myosite au cours d'infections parasitaires et à protozoaires classées ailleurs,myosite à Toxoplasma | myosite au cours de toxoplasmose,"H, U",independent,,RF,21/05/2026,false
B58.8,toxoplasmose avec atteinte d'autres organes,N16.0,maladie rénale tubulo-interstitielle au cours de maladies infectieuses et parasitaires classées ailleurs,maladie rénale tubulo-interstitielle au cours de toxoplasmose,H,independent,,RF,21/05/2026,false
B60.1,acanthamoebiose,H13.1,conjonctivite au cours de maladies infectieuses et parasitaires classées ailleurs,conjonctivite due à Acanthamoeba | conjonctivite (à) (de) Acanthamoeba,"H, U",independent,,RF,21/05/2026,false
B60.1,acanthamoebiose,H19.2,kératite et kératoconjonctivite au cours d'autres maladies infectieuses et parasitaires classées ailleurs,kératoconjonctivite due à Acanthamoeba | kératite et kératoconjonctivite (insterstitielles) au cours de (dues à) Acanthamoeba,"H, U",independent,,RF,21/05/2026,false
B60.2,naegleriase,G05.2,"encéphalite, myélite et encéphalomyélite au cours d'autres maladies infectieuses et parasitaires classées ailleurs","méningo-encéphalite amibienne primitive | encéphalite, myélite ou encéphalomyélite au cours de naegleriase","H, U",independent,,RF,21/05/2026,false
B65,schistosomiase [bilharziose],D77,autres maladies du sang et des organes hématopoïétiques au cours de maladies classées ailleurs,fibrose splénique due à la schistosomiase [bilharziose],H,independent,,RF,21/05/2026,false
B65,schistosomiase [bilharziose],G07,abcès et granulome intracrâniens et intrarachidiens au cours d'affections classées ailleurs,granulome schistosomien du cerveau,H,independent,,RF,21/05/2026,false
B65,schistosomiase [bilharziose],I52.1,autres cardiopathies au cours d'autres maladies infectieuses et parasitaires classées ailleurs,affection cardiopulmonaire au cours de schistosomiase,H,independent,,RF,21/05/2026,false
B65,schistosomiase [bilharziose],I98.2,varices oesophagiennes au cours de maladies classées ailleurs,varices oesophagiennes au cours de schistosomiase,H,independent,,RF,21/05/2026,false
B65,schistosomiase [bilharziose],J17.3,pneumopathie au cours de maladies parasitaires,pneumopathie au cours de schistosomiase,H,independent,,RF,21/05/2026,false
B65,schistosomiase [bilharziose],K77.0,atteintes hépatiques au cours de maladies infectieuses et parasitaires classées ailleurs,schistosomiase hépato-splénique | hypertension portale au cours de schistosomiase,H,independent,,RF,21/05/2026,false
B65,schistosomiase [bilharziose],M63.1,myosite au cours d'infections parasitaires et à protozoaires classées ailleurs,myosite au cours de schistosomiase [bilharziose],H,independent,,RF,21/05/2026,false
B65,schistosomiase [bilharziose],N08.0,glomérulopathie au cours de maladies infectieuses et parasitaires classées ailleurs,glomérulopathie au cours de schistosomiase [bilharziose],H,independent,,RF,21/05/2026,false
B65,schistosomiase [bilharziose],N22.0,calcul urinaire au cours de schistosomiase [bilharziose],calcul urinaire au cours de schistosomiase [bilharziose],G,independent,,RF,21/05/2026,false
B65,schistosomiase [bilharziose],N29.1,autres affections du rein et de l'uretère au cours de maladies infectieuses et parasitaires classées ailleurs,affections du rein et de l'uretère au cours de schistosomiase [bilharziose],H,independent,,RF,21/05/2026,false
B65,schistosomiase [bilharziose],N33.8,affections de la vessie au cours d'autres maladies classées ailleurs,affections de la vessie au cours de schistosomiase [bilharziose],H,independent,,RF,21/05/2026,false
B67,échinococcose,H06.1,infection parasitaire de l'orbite au cours de maladies classées ailleurs,infection de l'orbite due à Echinococcus,H,independent,,RF,21/05/2026,false
B67.2,infection osseuse à Echinococcus granulosus,M90.2,ostéopathie au cours d'autres maladies infectieuses classées ailleurs,ostéomyélite due à échinocoques,H,independent,,RF,21/05/2026,false
B69.1,cysticercose de l'oeil,H45.1,endophtalmie au cours de maladies classées ailleurs,endophtalmie au cours de cysticercose,H,independent,,RF,21/05/2026,false
B69.8,"cysticercose, autres localisations",M63.1,myosite au cours d'infections parasitaires et à protozoaires classées ailleurs,myosite au cours de cysticercose,H,independent,,RF,21/05/2026,false
B73,onchocercose,H03.0,infection parasitaire de la paupière au cours de maladies classées ailleurs,infection parasitaire de la paupière au cours de onchocercose,H,independent,,RF,21/05/2026,false
B73,onchocercose,H42.8,glaucome au cours d'autres maladies classées ailleurs,glaucome au cours d'onchocercose,H,independent,,RF,21/05/2026,false
B73,onchocercose,H45.1,endophtalmie au cours de maladies classées ailleurs,endophtalmie au cours de onchocercose,H,independent,,RF,21/05/2026,false
B74,filariose,H13.0,parasitose filarienne de la conjonctive,parasitose filarienne de la conjonctive,G,independent,,RF,21/05/2026,false
B74,filariose,N51.8,autres affections des organes génitaux de l'homme au cours de maladies classées ailleurs,chylocèle filarienne de la tunique vaginale du testicule,H,independent,,RF,21/05/2026,false
B74.3,loase,H03.0,infection parasitaire de la paupière au cours de maladies classées ailleurs,infection parasitaire de la paupière au cours de loase,H,independent,,RF,21/05/2026,false
B75,trichinose,M63.1,myosite au cours d'infections parasitaires et à protozoaires classées ailleurs,myosite au cours de trichinose,H,independent,,RF,21/05/2026,false
B77.8,ascaridiase avec autres complications,J17.3,pneumopathie au cours de maladies parasitaires,pneumopathie au cours de ascaridiase,H,independent,,RF,21/05/2026,false
B78,anguillulose [strongyloïdose],N08.0,glomérulopathie au cours de maladies infectieuses et parasitaires classées ailleurs,glomérulopathie au cours de anguillulose [strongyloïdose],H,independent,,RF,21/05/2026,false
B80,oxyurose,N77.1,"vaginite, vulvite et vulvo-vaginite au cours de maladies infectieuses et parasitaires classées ailleurs","vaginite, vulvite et vulvo-vaginite au cours de oxyurose",H,independent,,RF,21/05/2026,false
B83.0,larva migrans viscérale,H45.1,endophtalmie au cours de maladies classées ailleurs,endophtalmie au cours de toxocarose,H,independent,,RF,21/05/2026,false
B83.2,angiostrongyloïdose à Parastrongylus cantonensis,G05.2,"encéphalite, myélite et encéphalomyélite au cours d'autres maladies infectieuses et parasitaires classées ailleurs",méningo-encéphalite à éosinophiles,"H, U",independent,,RF,21/05/2026,false
B85.3,phtiriase,H03.0,infection parasitaire de la paupière au cours de maladies classées ailleurs,infection parasitaire de la paupière au cours de phtiriase,H,independent,,RF,21/05/2026,false
B87.2,myiase oculaire,H06.1,infection parasitaire de l'orbite au cours de maladies classées ailleurs,myiase de l'orbite,H,independent,,RF,21/05/2026,false
B88.0,autres acariases,H03.0,infection parasitaire de la paupière au cours de maladies classées ailleurs,dermite de la paupière due à Demodex,H,independent,,RF,21/05/2026,false
C40,tumeur maligne des os et du cartilage articulaire des membres,M90.6,ostéite déformante au cours de maladies tumorales,ostéite déformante au cours de tumeurs osseuses malignes,H,independent,,RF,21/05/2026,false
C41,"tumeur maligne des os et du cartilage articulaire, de sièges autres et non précisés",M90.6,ostéite déformante au cours de maladies tumorales,ostéite déformante au cours de tumeurs osseuses malignes,H,independent,,RF,21/05/2026,false
C79.5,tumeur maligne secondaire des os et de la moelle osseuse,M49.5,tassement vertébral au cours de maladies classées ailleurs,fracture métastatique d'une vertèbre,H,independent,,RF,21/05/2026,false
C80,tumeur maligne de siège non précisé,G73.1,syndrome de Lambert-Eaton,syndrome de Lambert-Eaton,G,independent,,RF,21/05/2026,false
C81,maladie de Hodgkin,N16.1,maladie rénale tubulo-interstitielle au cours de maladies tumorales,maladie rénale tubulo-interstitielle au cours de lymphome,H,independent,,RF,21/05/2026,false
C82,lymphome folliculaire [nodulaire] non hodgkinien,N16.1,maladie rénale tubulo-interstitielle au cours de maladies tumorales,maladie rénale tubulo-interstitielle au cours de lymphome,H,independent,,RF,21/05/2026,false
C83,lymphome diffus non hodgkinien,N16.1,maladie rénale tubulo-interstitielle au cours de maladies tumorales,maladie rénale tubulo-interstitielle au cours de lymphome,H,independent,,RF,21/05/2026,false
C84,lymphomes périphériques et cutanés à cellules T,N16.1,maladie rénale tubulo-interstitielle au cours de maladies tumorales,maladie rénale tubulo-interstitielle au cours de lymphome,H,independent,,RF,21/05/2026,false
C85,"lymphome non hodgkinien, de types autres et non précisés",N16.1,maladie rénale tubulo-interstitielle au cours de maladies tumorales,maladie rénale tubulo-interstitielle au cours de lymphome,H,independent,,RF,21/05/2026,false
C88.0,macroglobulinémie de Waldenström,N08.1,glomérulopathie au cours de maladies tumorales,glomérulopathie au cours de macroglobulinémie de Waldenström,H,independent,,RF,21/05/2026,false
C90.0,myélome multiple,M36.1,arthropathie au cours de maladies tumorales classées ailleurs,arthropathie au cours de myélome multiple,H,independent,,RF,21/05/2026,false
C90.0,myélome multiple,M82.0,ostéoporose au cours de myélomatose multiple,ostéoporose au cours de myélomatose multiple,G,independent,,RF,21/05/2026,false
C90.0,myélome multiple,N08.1,glomérulopathie au cours de maladies tumorales,glomérulopathie au cours de myélome multiple,H,independent,,RF,21/05/2026,false
C90.0,myélome multiple,N16.1,maladie rénale tubulo-interstitielle au cours de maladies tumorales,maladie rénale tubulo-interstitielle au cours de myélome multiple,H,independent,,RF,21/05/2026,false
C91,leucémie lymphoïde,M36.1,arthropathie au cours de maladies tumorales classées ailleurs,arthropathie au cours de leucémie,H,independent,,RF,21/05/2026,false
C91,leucémie lymphoïde,N16.1,maladie rénale tubulo-interstitielle au cours de maladies tumorales,maladie rénale tubulo-interstitielle au cours de leucémie,H,independent,,RF,21/05/2026,false
C92,leucémie myéloïde,M36.1,arthropathie au cours de maladies tumorales classées ailleurs,arthropathie au cours de leucémie,H,independent,,RF,21/05/2026,false
C92,leucémie myéloïde,N16.1,maladie rénale tubulo-interstitielle au cours de maladies tumorales,maladie rénale tubulo-interstitielle au cours de leucémie,H,independent,,RF,21/05/2026,false
C93,leucémie monocytaire,M36.1,arthropathie au cours de maladies tumorales classées ailleurs,arthropathie au cours de leucémie,H,independent,,RF,21/05/2026,false
C93,leucémie monocytaire,N16.1,maladie rénale tubulo-interstitielle au cours de maladies tumorales,maladie rénale tubulo-interstitielle au cours de leucémie,H,independent,,RF,21/05/2026,false
C94,autres leucémies à cellules précisées,M36.1,arthropathie au cours de maladies tumorales classées ailleurs,arthropathie au cours de leucémie,H,independent,,RF,21/05/2026,false
C94,autres leucémies à cellules précisées,N16.1,maladie rénale tubulo-interstitielle au cours de maladies tumorales,maladie rénale tubulo-interstitielle au cours de leucémie,H,independent,,RF,21/05/2026,false
C95,leucémie à cellules non précisées,M36.1,arthropathie au cours de maladies tumorales classées ailleurs,arthropathie au cours de leucémie,H,independent,,RF,21/05/2026,false
C95,leucémie à cellules non précisées,N16.1,maladie rénale tubulo-interstitielle au cours de maladies tumorales,maladie rénale tubulo-interstitielle au cours de leucémie,H,independent,,RF,21/05/2026,false
C96,"tumeurs malignes des tissus lymphoïde, hématopoïétique et apparentés, autres et non précisées",N16.1,maladie rénale tubulo-interstitielle au cours de maladies tumorales,maladie rénale tubulo-interstitielle au cours de lymphome,H,independent,,RF,21/05/2026,false
C96.1,histiocytose maligne,M36.1,arthropathie au cours de maladies tumorales classées ailleurs,arthropathie au cours de histiocytose maligne,H,independent,,RF,21/05/2026,false
D57,affections à hématies falciformes [drépanocytaires],H36.8,autres affections rétiniennes au cours de maladies classées ailleurs,rétinopathie proliférante au cours de l'anémie à hématies falciformes,H,independent,,RF,21/05/2026,false
D57,affections à hématies falciformes [drépanocytaires],M14.0,arthropathie goutteuse due à un déficit enzymatique et autres troubles héréditaires,arthropathie goutteuse au cours de drépanocytose,H,independent,,RF,21/05/2026,false
D57,affections à hématies falciformes [drépanocytaires],N08.2,glomérulopathie au cours de maladies du sang et des anomalies du système immunitaire,glomérulopathie au cours de maladie à hématies falciformes [drépanocytaires],H,independent,,RF,21/05/2026,false
D59.3,syndrome hémolytique urémique,N08.2,glomérulopathie au cours de maladies du sang et des anomalies du système immunitaire,glomérulopathie au cours de syndrome hémolytique urémique,H,independent,,RF,21/05/2026,false
D65,coagulation intravasculaire disséminée [syndrome de défibrination],N08.2,glomérulopathie au cours de maladies du sang et des anomalies du système immunitaire,glomérulopathie au cours de coagulation intravasculaire disséminée [syndrome de défibrination],H,independent,,RF,21/05/2026,false
D66,carence héréditaire en facteur VIII,M36.2,arthropathie hémophilique,arthropathie hémophilique,G,independent,,RF,21/05/2026,false
D67,carence héréditaire en facteur IX,M36.2,arthropathie hémophilique,arthropathie hémophilique,G,independent,,RF,21/05/2026,false
D68,autres anomalies de la coagulation,M36.2,arthropathie hémophilique,arthropathie hémophilique,G,independent,,RF,21/05/2026,false
D69.0,purpura allergique,M36.4,arthropathie au cours de réactions d'hypersensibilité classées ailleurs,arthropathie au cours du purpura de Schönlein-Henoch,H,independent,,RF,21/05/2026,false
D69.0,purpura allergique,N08.2,glomérulopathie au cours de maladies du sang et des anomalies du système immunitaire,glomérulopathie au cours de purpura rhumatoïde [syndrome de Schönlein-Henoch],H,independent,,RF,21/05/2026,false
D70,agranulocytose,M36.3,arthropathie au cours d'autres maladies du sang classées ailleurs,arthropathie au cours d'autres maladies du sang classées ailleurs,G,independent,,RF,21/05/2026,false
D71,anomalies fonctionnelles des granulocytes neutrophiles,M36.3,arthropathie au cours d'autres maladies du sang classées ailleurs,arthropathie au cours d'autres maladies du sang classées ailleurs,G,independent,,RF,21/05/2026,false
D72,autres anomalies des leucocytes,M36.3,arthropathie au cours d'autres maladies du sang classées ailleurs,arthropathie au cours d'autres maladies du sang classées ailleurs,G,independent,,RF,21/05/2026,false
D73,maladies de la rate,M36.3,arthropathie au cours d'autres maladies du sang classées ailleurs,arthropathie au cours d'autres maladies du sang classées ailleurs,G,independent,,RF,21/05/2026,false
D74,méthémoglobinémie,M36.3,arthropathie au cours d'autres maladies du sang classées ailleurs,arthropathie au cours d'autres maladies du sang classées ailleurs,G,independent,,RF,21/05/2026,false
D75,autres maladies du sang et des organes hématopoïétiques,M36.3,arthropathie au cours d'autres maladies du sang classées ailleurs,arthropathie au cours d'autres maladies du sang classées ailleurs,G,independent,,RF,21/05/2026,false
D76,certaines maladies du tissu lymphoréticulaire et du système réticulo-histiocytaire,M36.3,arthropathie au cours d'autres maladies du sang classées ailleurs,arthropathie au cours d'autres maladies du sang classées ailleurs,G,independent,,RF,21/05/2026,false
D80,déficit immunitaire avec déficit prédominant de la production d'anticorps,M36.8,atteintes systémiques du tissu conjonctif au cours d'autres maladies classées ailleurs,atteintes systémiques du tissu conjonctif au cours de hypogammaglobulinémie,H,independent,,RF,21/05/2026,false
D86,sarcoïdose,N16.2,maladie rénale tubulo-interstitielle au cours de maladies du sang et des troubles du système immunitaire,maladie rénale tubulo-interstitielle au cours de sarcoïdose,H,independent,,RF,21/05/2026,false
D86.8,sarcoïdose de localisations autres et associées,G53.2,paralysie de plusieurs nerfs crâniens au cours de sarcoïdose,paralysie de plusieurs nerfs crâniens au cours de sarcoïdose | paralysie multiple des nerfs crâniens de la sarcoïdose,"G, U",independent,,RF,21/05/2026,false
D86.8,sarcoïdose de localisations autres et associées,H22.1,iridocyclite au cours d'autres maladies classées ailleurs,iridocyclite de la sarcoïdose | iridocyclite au cours de sarcoïdose,"H, U",independent,,RF,21/05/2026,false
D86.8,sarcoïdose de localisations autres et associées,I41.8,myocardite au cours d'autres maladies classées ailleurs,myocardite de la sarcoïdose | myocardite (au cours de) sarcoïdose,"H, U",independent,,RF,21/05/2026,false
D86.8,sarcoïdose de localisations autres et associées,K77.8,atteintes hépatiques au cours d'autres maladies classées ailleurs,granulomes hépatiques au cours de sarcoïdose,H,independent,,RF,21/05/2026,false
D86.8,sarcoïdose de localisations autres et associées,M14.8,arthropathie au cours d'autres maladies précisées classées ailleurs,arthropathie de la sarcoïdose | arthropathie au cours de sarcoïdose,"H, U",independent,,RF,21/05/2026,false
D86.8,sarcoïdose de localisations autres et associées,M63.3,myosite au cours de sarcoïdose,myosite au cours de sarcoïdose | myosite de la sarcoïdose,"G, U",independent,,RF,21/05/2026,false
D89.1,cryoglobulinémie,J99.8,troubles respiratoires au cours d'autres maladies classées ailleurs,troubles respiratoires au cours de cryoglobulinémie,H,independent,,RF,21/05/2026,false
D89.1,cryoglobulinémie,N08.2,glomérulopathie au cours de maladies du sang et des anomalies du système immunitaire,glomérulopathie au cours de cryoglobulinémie,H,independent,,RF,21/05/2026,false
D89.1,cryoglobulinémie,N16.2,maladie rénale tubulo-interstitielle au cours de maladies du sang et des troubles du système immunitaire,maladie rénale tubulo-interstitielle au cours de cryoglobulinémie mixte,H,independent,,RF,21/05/2026,false
E00,syndrome d'insuffisance thyroïdienne congénitale,M14.5,"arthropathie au cours d'autres maladies endocriniennes, nutritionnelles et métaboliques",arthropathie au cours de hypothyroïdie,H,independent,,RF,21/05/2026,false
E00.1,syndrome d'insuffisance thyroïdienne congénitale de type myxoedémateux,G13.2,affections dégénératives systémiques affectant principalement le système nerveux central au cours d'un myxoedème,affections dégénératives systémiques affectant principalement le système nerveux central au cours d'un myxoedème,G,independent,,RF,21/05/2026,false
E01,affections thyroïdiennes et apparentées liées à une carence en iode,F02.8,démence au cours d'autres maladies classées ailleurs,démence au cours de hypothyroïdie acquise,H,independent,,RF,21/05/2026,false
E01,affections thyroïdiennes et apparentées liées à une carence en iode,M14.5,"arthropathie au cours d'autres maladies endocriniennes, nutritionnelles et métaboliques",arthropathie au cours de hypothyroïdie,H,independent,,RF,21/05/2026,false
E02,hypothyroïdie par carence inapparente en iode,M14.5,"arthropathie au cours d'autres maladies endocriniennes, nutritionnelles et métaboliques",arthropathie au cours de hypothyroïdie,H,independent,,RF,21/05/2026,false
E03,autres hypothyroïdies,F02.8,démence au cours d'autres maladies classées ailleurs,démence au cours de hypothyroïdie acquise,H,independent,,RF,21/05/2026,false
E03,autres hypothyroïdies,G13.2,affections dégénératives systémiques affectant principalement le système nerveux central au cours d'un myxoedème,affections dégénératives systémiques affectant principalement le système nerveux central au cours d'un myxoedème,G,independent,,RF,21/05/2026,false
E03,autres hypothyroïdies,M14.5,"arthropathie au cours d'autres maladies endocriniennes, nutritionnelles et métaboliques",arthropathie au cours de hypothyroïdie,H,independent,,RF,21/05/2026,false
E05,thyréotoxicose [hyperthyroïdie],G73.0,syndrome myasthénique au cours de maladies endocriniennes,syndrome myasthénique au cours de thyréotoxicose [hyperthyroïdie],H,independent,,RF,21/05/2026,false
E05,thyréotoxicose [hyperthyroïdie],G73.5,myopathie au cours de maladies endocriniennes,myopathie thyréotoxique,H,independent,,RF,21/05/2026,false
E05,thyréotoxicose [hyperthyroïdie],H06.2,exophtalmie thyréotoxique,exophtalmie thyréotoxique,G,independent,,RF,21/05/2026,false
E05,thyréotoxicose [hyperthyroïdie],M14.5,"arthropathie au cours d'autres maladies endocriniennes, nutritionnelles et métaboliques",arthropathie au cours de thyréotoxicose [hyperthyroïdie],H,independent,,RF,21/05/2026,false
E05.9,"thyréotoxicose, sans précision",I43.8,myocardiopathie au cours d'autres maladies classées ailleurs,cardiopathie thyréotoxique,"H, U",independent,,RF,21/05/2026,false
E10.2,diabète sucré insulino-dépendant | avec complications rénales,N08.3,glomérulopathie au cours du diabète sucré,glomérulopathie au cours du diabète sucré | glomérulonéphrite intracapillaire | néphropathie diabétique | syndrome de Kimmelstiel-Wilson,"G, U",independent,,RF,21/05/2026,false
E10.3,diabète sucré insulino-dépendant | avec complications oculaires,H28.0,cataracte diabétique,cataracte diabétique,"G, U",independent,,RF,21/05/2026,false
E10.3,diabète sucré insulino-dépendant | avec complications oculaires,H36.0,rétinopathie diabétique,rétinopathie diabétique,"G, U",independent,,RF,21/05/2026,false
E10.4,diabète sucré insulino-dépendant | avec complications neurologiques,G59.0,mononévrite diabétique,mononévrite diabétique,"G, U",independent,,RF,21/05/2026,false
E10.4,diabète sucré insulino-dépendant | avec complications neurologiques,G63.2,polynévrite diabétique,polynévrite diabétique,"G, U",independent,,RF,21/05/2026,false
E10.4,diabète sucré insulino-dépendant | avec complications neurologiques,G73.0,syndrome myasthénique au cours de maladies endocriniennes,amyotrophie diabétique | syndrome myasthénique au cours de amyotrophie diabétique,"H, U",independent,,RF,21/05/2026,false
E10.4,diabète sucré insulino-dépendant | avec complications neurologiques,G99.0,neuropathie du système nerveux autonome au cours de maladies endocriniennes et métaboliques,neuropathie végétative diabétique | polynévrite système nerveux autonome diabétique,"H, U",independent,,RF,21/05/2026,false
E10.5,diabète sucré insulino-dépendant | avec complications vasculaires périphériques,I79.2,angiopathie périphérique au cours de maladies classées ailleurs,angiopathie périphérique diabétique,"H, U",independent,,RF,21/05/2026,false
E10.6,diabète sucré insulino-dépendant | avec autres complications précisées,M14.2,arthropathie diabétique,arthropathie diabétique,"G, U",independent,,RF,21/05/2026,false
E10.6,diabète sucré insulino-dépendant | avec autres complications précisées,M14.6,arthropathie neuropathique,arthropathie diabétique nerveuse | arthropathie neuropathique diabétique,"H, U",independent,,RF,21/05/2026,false
E11.2,diabète sucré non insulino-dépendant | avec complications rénales,N08.3,glomérulopathie au cours du diabète sucré,glomérulopathie au cours du diabète sucré | glomérulonéphrite intracapillaire | néphropathie diabétique | syndrome de Kimmelstiel-Wilson,"G, U",independent,,RF,21/05/2026,false
E11.3,diabète sucré non insulino-dépendant | avec complications oculaires,H28.0,cataracte diabétique,cataracte diabétique,"G, U",independent,,RF,21/05/2026,false
E11.3,diabète sucré non insulino-dépendant | avec complications oculaires,H36.0,rétinopathie diabétique,rétinopathie diabétique,"G, U",independent,,RF,21/05/2026,false
E11.4,diabète sucré non insulino-dépendant | avec complications neurologiques,G59.0,mononévrite diabétique,mononévrite diabétique,"G, U",independent,,RF,21/05/2026,false
E11.4,diabète sucré non insulino-dépendant | avec complications neurologiques,G63.2,polynévrite diabétique,polynévrite diabétique,"G, U",independent,,RF,21/05/2026,false
E11.4,diabète sucré non insulino-dépendant | avec complications neurologiques,G73.0,syndrome myasthénique au cours de maladies endocriniennes,amyotrophie diabétique | syndrome myasthénique au cours de amyotrophie diabétique,"H, U",independent,,RF,21/05/2026,false
E11.4,diabète sucré non insulino-dépendant | avec complications neurologiques,G99.0,neuropathie du système nerveux autonome au cours de maladies endocriniennes et métaboliques,neuropathie végétative diabétique | polynévrite système nerveux autonome diabétique,"H, U",independent,,RF,21/05/2026,false
E11.5,diabète sucré non insulino-dépendant | avec complications vasculaires périphériques,I79.2,angiopathie périphérique au cours de maladies classées ailleurs,angiopathie périphérique diabétique,"H, U",independent,,RF,21/05/2026,false
E11.6,diabète sucré non insulino-dépendant | avec autres complications précisées,M14.2,arthropathie diabétique,arthropathie diabétique,"G, U",independent,,RF,21/05/2026,false
E11.6,diabète sucré non insulino-dépendant | avec autres complications précisées,M14.6,arthropathie neuropathique,arthropathie diabétique nerveuse | arthropathie neuropathique diabétique,"H, U",independent,,RF,21/05/2026,false
E12.2,diabète sucré de malnutrition | avec complications rénales,N08.3,glomérulopathie au cours du diabète sucré,glomérulopathie au cours du diabète sucré | néphropathie diabétique | glomérulonéphrite intracapillaire,"G, U",independent,,RF,21/05/2026,false
E12.3,diabète sucré de malnutrition | avec complications oculaires,H28.0,cataracte diabétique,cataracte diabétique,"G, U",independent,,RF,21/05/2026,false
E12.3,diabète sucré de malnutrition | avec complications oculaires,H36.0,rétinopathie diabétique,rétinopathie diabétique,"G, U",independent,,RF,21/05/2026,false
E12.4,diabète sucré de malnutrition | avec complications neurologiques,G59.0,mononévrite diabétique,mononévrite diabétique,"G, U",independent,,RF,21/05/2026,false
E12.4,diabète sucré de malnutrition | avec complications neurologiques,G63.2,polynévrite diabétique,polynévrite diabétique,"G, U",independent,,RF,21/05/2026,false
E12.4,diabète sucré de malnutrition | avec complications neurologiques,G73.0,syndrome myasthénique au cours de maladies endocriniennes,amyotrophie diabétique | syndrome myasthénique au cours de amyotrophie diabétique,"H, U",independent,,RF,21/05/2026,false
E12.4,diabète sucré de malnutrition | avec complications neurologiques,G99.0,neuropathie du système nerveux autonome au cours de maladies endocriniennes et métaboliques,polynévrite système nerveux autonome diabétique | neuropathie végétative diabétique,"H, U",independent,,RF,21/05/2026,false
E12.5,diabète sucré de malnutrition | avec complications vasculaires périphériques,I79.2,angiopathie périphérique au cours de maladies classées ailleurs,angiopathie périphérique diabétique,"H, U",independent,,RF,21/05/2026,false
E12.6,diabète sucré de malnutrition | avec autres complications précisées,M14.2,arthropathie diabétique,arthropathie diabétique,"G, U",independent,,RF,21/05/2026,false
E12.6,diabète sucré de malnutrition | avec autres complications précisées,M14.6,arthropathie neuropathique,arthropathie diabétique nerveuse | arthropathie neuropathique diabétique,"H, U",independent,,RF,21/05/2026,false
E13.2,autres diabètes sucrés précisés | avec complications rénales,N08.3,glomérulopathie au cours du diabète sucré,glomérulopathie au cours du diabète sucré | néphropathie diabétique | syndrome de Kimmelstiel-Wilson | glomérulonéphrite intracapillaire,"G, U",independent,,RF,21/05/2026,false
E13.3,autres diabètes sucrés précisés | avec complications oculaires,H28.0,cataracte diabétique,cataracte diabétique,"G, U",independent,,RF,21/05/2026,false
E13.3,autres diabètes sucrés précisés | avec complications oculaires,H36.0,rétinopathie diabétique,rétinopathie diabétique,"G, U",independent,,RF,21/05/2026,false
E13.4,autres diabètes sucrés précisés | avec complications neurologiques,G59.0,mononévrite diabétique,mononévrite diabétique,"G, U",independent,,RF,21/05/2026,false
E13.4,autres diabètes sucrés précisés | avec complications neurologiques,G63.2,polynévrite diabétique,polynévrite diabétique,"G, U",independent,,RF,21/05/2026,false
E13.4,autres diabètes sucrés précisés | avec complications neurologiques,G73.0,syndrome myasthénique au cours de maladies endocriniennes,amyotrophie diabétique | syndrome myasthénique au cours de amyotrophie diabétique,"H, U",independent,,RF,21/05/2026,false
E13.4,autres diabètes sucrés précisés | avec complications neurologiques,G99.0,neuropathie du système nerveux autonome au cours de maladies endocriniennes et métaboliques,polynévrite système nerveux autonome diabétique | neuropathie végétative diabétique,"H, U",independent,,RF,21/05/2026,false
E13.5,autres diabètes sucrés précisés | avec complications vasculaires périphériques,I79.2,angiopathie périphérique au cours de maladies classées ailleurs,angiopathie périphérique diabétique,"H, U",independent,,RF,21/05/2026,false
E13.6,autres diabètes sucrés précisés | avec autres complications précisées,M14.2,arthropathie diabétique,arthropathie diabétique,"G, U",independent,,RF,21/05/2026,false
E13.6,autres diabètes sucrés précisés | avec autres complications précisées,M14.6,arthropathie neuropathique,arthropathie diabétique nerveuse | arthropathie neuropathique diabétique,"H, U",independent,,RF,21/05/2026,false
E14.2,"diabète sucré, sans précision | avec complications rénales",N08.3,glomérulopathie au cours du diabète sucré,glomérulopathie au cours du diabète sucré | glomérulonéphrite intracapillaire | néphropathie diabétique | syndrome de Kimmelstiel-Wilson,"G, U",independent,,RF,21/05/2026,false
E14.3,"diabète sucré, sans précision | avec complications oculaires",H28.0,cataracte diabétique,cataracte diabétique,"G, U",independent,,RF,21/05/2026,false
E14.3,"diabète sucré, sans précision | avec complications oculaires",H36.0,rétinopathie diabétique,rétinopathie diabétique,"G, U",independent,,RF,21/05/2026,false
E14.4,"diabète sucré, sans précision | avec complications neurologiques",G59.0,mononévrite diabétique,mononévrite diabétique,"G, U",independent,,RF,21/05/2026,false
E14.4,"diabète sucré, sans précision | avec complications neurologiques",G63.2,polynévrite diabétique,polynévrite diabétique,"G, U",independent,,RF,21/05/2026,false
E14.4,"diabète sucré, sans précision | avec complications neurologiques",G73.0,syndrome myasthénique au cours de maladies endocriniennes,amyotrophie diabétique | syndrome myasthénique au cours de amyotrophie diabétique,"H, U",independent,,RF,21/05/2026,false
E14.4,"diabète sucré, sans précision | avec complications neurologiques",G99.0,neuropathie du système nerveux autonome au cours de maladies endocriniennes et métaboliques,neuropathie végétative diabétique | polynévrite système nerveux autonome diabétique,"H, U",independent,,RF,21/05/2026,false
E14.5,"diabète sucré, sans précision | avec complications vasculaires périphériques",I79.2,angiopathie périphérique au cours de maladies classées ailleurs,angiopathie périphérique diabétique,"H, U",independent,,RF,21/05/2026,false
E14.6,"diabète sucré, sans précision | avec autres complications précisées",M14.2,arthropathie diabétique,arthropathie diabétique,"G, U",independent,,RF,21/05/2026,false
E14.6,"diabète sucré, sans précision | avec autres complications précisées",M14.6,arthropathie neuropathique,arthropathie diabétique nerveuse | arthropathie neuropathique diabétique,"H, U",independent,,RF,21/05/2026,false
E20,hypoparathyroïdie,G63.3,polynévrite au cours d'autres maladies endocriniennes et métaboliques,polynévrite au cours d'autres maladies endocriniennes et métaboliques,G,independent,,RF,21/05/2026,false
E20,hypoparathyroïdie,G73.5,myopathie au cours de maladies endocriniennes,myopathie au cours de hypoparathyroïdie,H,independent,,RF,21/05/2026,false
E20,hypoparathyroïdie,H28.1,"cataracte au cours d'autres maladies endocriniennes, nutritionnelles et métaboliques",cataracte au cours de hypoparathyroïdie,H,independent,,RF,21/05/2026,false
E20,hypoparathyroïdie,M82.1,ostéoporose au cours de maladies endocriniennes,ostéoporose au cours de maladies endocriniennes,G,independent,,RF,21/05/2026,false
E21,hyperparathyroïdie et autres maladies de la glande parathyroïde,G63.3,polynévrite au cours d'autres maladies endocriniennes et métaboliques,polynévrite au cours d'autres maladies endocriniennes et métaboliques,G,independent,,RF,21/05/2026,false
E21,hyperparathyroïdie et autres maladies de la glande parathyroïde,M14.1,arthropathie à microcristaux au cours d'autres troubles métaboliques classés ailleurs,arthropathie à microcristaux au cours d'hyperparathyroïdie,H,independent,,RF,21/05/2026,false
E21,hyperparathyroïdie et autres maladies de la glande parathyroïde,M82.1,ostéoporose au cours de maladies endocriniennes,ostéoporose au cours de maladies endocriniennes,G,independent,,RF,21/05/2026,false
E21.0,hyperparathyroïdie primaire,G73.5,myopathie au cours de maladies endocriniennes,myopathie au cours de hyperparathyroïdie,H,independent,,RF,21/05/2026,false
E21.1,"hyperparathyroïdie secondaire, non classée ailleurs",G73.5,myopathie au cours de maladies endocriniennes,myopathie au cours de hyperparathyroïdie,H,independent,,RF,21/05/2026,false
E21.2,autres hyperparathyroïdies,G73.5,myopathie au cours de maladies endocriniennes,myopathie au cours de hyperparathyroïdie,H,independent,,RF,21/05/2026,false
E21.3,"hyperparathyroïdie, sans précision",G73.5,myopathie au cours de maladies endocriniennes,myopathie au cours de hyperparathyroïdie,H,independent,,RF,21/05/2026,false
E22,hypersécrétion de l'hypophyse,G63.3,polynévrite au cours d'autres maladies endocriniennes et métaboliques,polynévrite au cours d'autres maladies endocriniennes et métaboliques,G,independent,,RF,21/05/2026,false
E22,hypersécrétion de l'hypophyse,M82.1,ostéoporose au cours de maladies endocriniennes,ostéoporose au cours de maladies endocriniennes,G,independent,,RF,21/05/2026,false
E22.0,acromégalie et gigantisme,M14.5,"arthropathie au cours d'autres maladies endocriniennes, nutritionnelles et métaboliques",arthropathie associée à l'acromégalie | arthropathie au cours de acromégalie et gigantisme,"H, U",independent,,RF,21/05/2026,false
E23,hyposécrétion et autres anomalies de l'hypophyse,G63.3,polynévrite au cours d'autres maladies endocriniennes et métaboliques,polynévrite au cours d'autres maladies endocriniennes et métaboliques,G,independent,,RF,21/05/2026,false
E23,hyposécrétion et autres anomalies de l'hypophyse,M82.1,ostéoporose au cours de maladies endocriniennes,ostéoporose au cours de maladies endocriniennes,G,independent,,RF,21/05/2026,false
E24,syndrome de Cushing,G63.3,polynévrite au cours d'autres maladies endocriniennes et métaboliques,polynévrite au cours d'autres maladies endocriniennes et métaboliques,G,independent,,RF,21/05/2026,false
E24,syndrome de Cushing,M82.1,ostéoporose au cours de maladies endocriniennes,ostéoporose au cours de maladies endocriniennes,G,independent,,RF,21/05/2026,false
E25,anomalies génito-surrénaliennes,G63.3,polynévrite au cours d'autres maladies endocriniennes et métaboliques,polynévrite au cours d'autres maladies endocriniennes et métaboliques,G,independent,,RF,21/05/2026,false
E25,anomalies génito-surrénaliennes,M82.1,ostéoporose au cours de maladies endocriniennes,ostéoporose au cours de maladies endocriniennes,G,independent,,RF,21/05/2026,false
E26,hyperaldostéronisme,G63.3,polynévrite au cours d'autres maladies endocriniennes et métaboliques,polynévrite au cours d'autres maladies endocriniennes et métaboliques,G,independent,,RF,21/05/2026,false
E26,hyperaldostéronisme,M82.1,ostéoporose au cours de maladies endocriniennes,ostéoporose au cours de maladies endocriniennes,G,independent,,RF,21/05/2026,false
E27,autres maladies de la glande surrénale,G63.3,polynévrite au cours d'autres maladies endocriniennes et métaboliques,polynévrite au cours d'autres maladies endocriniennes et métaboliques,G,independent,,RF,21/05/2026,false
E27,autres maladies de la glande surrénale,M82.1,ostéoporose au cours de maladies endocriniennes,ostéoporose au cours de maladies endocriniennes,G,independent,,RF,21/05/2026,false
E28,dysfonction ovarienne,G63.3,polynévrite au cours d'autres maladies endocriniennes et métaboliques,polynévrite au cours d'autres maladies endocriniennes et métaboliques,G,independent,,RF,21/05/2026,false
E28,dysfonction ovarienne,M82.1,ostéoporose au cours de maladies endocriniennes,ostéoporose au cours de maladies endocriniennes,G,independent,,RF,21/05/2026,false
E29,dysfonction testiculaire,G63.3,polynévrite au cours d'autres maladies endocriniennes et métaboliques,polynévrite au cours d'autres maladies endocriniennes et métaboliques,G,independent,,RF,21/05/2026,false
E29,dysfonction testiculaire,M82.1,ostéoporose au cours de maladies endocriniennes,ostéoporose au cours de maladies endocriniennes,G,independent,,RF,21/05/2026,false
E30,"anomalies de la puberté, non classées ailleurs",G63.3,polynévrite au cours d'autres maladies endocriniennes et métaboliques,polynévrite au cours d'autres maladies endocriniennes et métaboliques,G,independent,,RF,21/05/2026,false
E30,"anomalies de la puberté, non classées ailleurs",M82.1,ostéoporose au cours de maladies endocriniennes,ostéoporose au cours de maladies endocriniennes,G,independent,,RF,21/05/2026,false
E31,dysfonctionnement pluriglandulaire,G63.3,polynévrite au cours d'autres maladies endocriniennes et métaboliques,polynévrite au cours d'autres maladies endocriniennes et métaboliques,G,independent,,RF,21/05/2026,false
E31,dysfonctionnement pluriglandulaire,M82.1,ostéoporose au cours de maladies endocriniennes,ostéoporose au cours de maladies endocriniennes,G,independent,,RF,21/05/2026,false
E32,maladies du thymus,G63.3,polynévrite au cours d'autres maladies endocriniennes et métaboliques,polynévrite au cours d'autres maladies endocriniennes et métaboliques,G,independent,,RF,21/05/2026,false
E32,maladies du thymus,M82.1,ostéoporose au cours de maladies endocriniennes,ostéoporose au cours de maladies endocriniennes,G,independent,,RF,21/05/2026,false
E34,autres troubles endocriniens,G63.3,polynévrite au cours d'autres maladies endocriniennes et métaboliques,polynévrite au cours d'autres maladies endocriniennes et métaboliques,G,independent,,RF,21/05/2026,false
E34,autres troubles endocriniens,M82.1,ostéoporose au cours de maladies endocriniennes,ostéoporose au cours de maladies endocriniennes,G,independent,,RF,21/05/2026,false
E50.8,autres manifestations de l'avitaminose A,L86,kératodermie au cours de maladies classées ailleurs,kératose folliculaire due à l'avitaminose A | xérodermie due à l'avitaminose A,"H, U",independent,,RF,21/05/2026,false
E51.1,béribéri,I98.8,autres troubles précisés de l'appareil circulatoire au cours de maladies classées ailleurs,béribéri humide,U,independent,,RF,21/05/2026,false
E52,carence en acide nicotinique [pellagre],F02.8,démence au cours d'autres maladies classées ailleurs,démence au cours de carence en acide nicotinique [pellagre],H,independent,,RF,21/05/2026,false
E53.8,autres avitaminoses précisées du groupe B,F02.8,démence au cours d'autres maladies classées ailleurs,démence au cours de carence en vitamine B12,H,independent,,RF,21/05/2026,false
E53.8,autres avitaminoses précisées du groupe B,G32.0,dégénérescence combinée subaiguë de la moelle épinière au cours de maladies classées ailleurs,dégénérescence combinée subaiguë de la moelle épinière au cours de carence en vitamine B12,H,independent,,RF,21/05/2026,false
E63.9,"carence nutritionnelle, sans précision",I43.2,myocardiopathie au cours de maladies nutritionnelles,myocardiopathie nutritionnelle SAI | myocardiopathie nutritionnelle,"H, U",independent,,RF,21/05/2026,false
E70,anomalies du métabolisme des acides aminés aromatiques,G63.3,polynévrite au cours d'autres maladies endocriniennes et métaboliques,polynévrite au cours d'autres maladies endocriniennes et métaboliques,G,independent,,RF,21/05/2026,false
E70.2,anomalies du métabolisme de la tyrosine,M36.8,atteintes systémiques du tissu conjonctif au cours d'autres maladies classées ailleurs,atteintes systémiques du tissu conjonctif au cours de ochronose,H,independent,,RF,21/05/2026,false
E71,anomalies du métabolisme des acides aminés à chaîne ramifiée et du métabolisme des acides gras,G63.3,polynévrite au cours d'autres maladies endocriniennes et métaboliques,polynévrite au cours d'autres maladies endocriniennes et métaboliques,G,independent,,RF,21/05/2026,false
E72,autres anomalies du métabolisme des acides aminés,G63.3,polynévrite au cours d'autres maladies endocriniennes et métaboliques,polynévrite au cours d'autres maladies endocriniennes et métaboliques,G,independent,,RF,21/05/2026,false
E72.0,anomalies du transport des acides aminés,H42.0,"glaucome au cours de maladies endocriniennes, nutritionnelles et métaboliques",glaucome au cours de syndrome de Lowe,H,independent,,RF,21/05/2026,false
E72.0,anomalies du transport des acides aminés,N16.3,maladie rénale tubulo-interstitielle au cours de maladies métaboliques,maladie rénale tubulo-interstitielle au cours de cystinose,H,independent,,RF,21/05/2026,false
E73,intolérance au lactose,G63.3,polynévrite au cours d'autres maladies endocriniennes et métaboliques,polynévrite au cours d'autres maladies endocriniennes et métaboliques,G,independent,,RF,21/05/2026,false
E74,autres anomalies du métabolisme des hydrates de carbone,G63.3,polynévrite au cours d'autres maladies endocriniennes et métaboliques,polynévrite au cours d'autres maladies endocriniennes et métaboliques,G,independent,,RF,21/05/2026,false
E74.0,thésaurismose glycogénique,G73.6,myopathie au cours de maladies métaboliques,myopathie au cours d'anomalies de stockage (du) (des) glycogène,H,independent,,RF,21/05/2026,false
E74.0,thésaurismose glycogénique,N16.3,maladie rénale tubulo-interstitielle au cours de maladies métaboliques,maladie rénale tubulo-interstitielle au cours de glycogénose,H,independent,,RF,21/05/2026,false
E75,anomalies du métabolisme des sphingolipides et autres anomalies du stockage des lipides,F02.8,démence au cours d'autres maladies classées ailleurs,démence au cours de lipidose cérébrale,H,independent,,RF,21/05/2026,false
E75,anomalies du métabolisme des sphingolipides et autres anomalies du stockage des lipides,G63.3,polynévrite au cours d'autres maladies endocriniennes et métaboliques,polynévrite au cours d'autres maladies endocriniennes et métaboliques,G,independent,,RF,21/05/2026,false
E75,anomalies du métabolisme des sphingolipides et autres anomalies du stockage des lipides,G73.6,myopathie au cours de maladies métaboliques,myopathie au cours d'anomalies de stockage (du) (des) lipides,H,independent,,RF,21/05/2026,false
E75,anomalies du métabolisme des sphingolipides et autres anomalies du stockage des lipides,H36.8,autres affections rétiniennes au cours de maladies classées ailleurs,dystrophie rétinienne au cours des anomalies du stockage des lipides,H,independent,,RF,21/05/2026,false
E75.2,autres sphingolipidoses,N08.4,"glomérulopathie au cours de maladies endocriniennes, nutritionnelles et métaboliques",glomérulopathie au cours de maladie de Fabry(-Anderson),H,independent,,RF,21/05/2026,false
E76,anomalies du métabolisme des glucosaminoglycanes,G63.3,polynévrite au cours d'autres maladies endocriniennes et métaboliques,polynévrite au cours d'autres maladies endocriniennes et métaboliques,G,independent,,RF,21/05/2026,false
E77,anomalies du métabolisme des glycoprotéines,G63.3,polynévrite au cours d'autres maladies endocriniennes et métaboliques,polynévrite au cours d'autres maladies endocriniennes et métaboliques,G,independent,,RF,21/05/2026,false
E78,anomalies du métabolisme des lipoprotéines et autres lipidémies,G63.3,polynévrite au cours d'autres maladies endocriniennes et métaboliques,polynévrite au cours d'autres maladies endocriniennes et métaboliques,G,independent,,RF,21/05/2026,false
E78.6,déficit en lipoprotéines,N08.4,"glomérulopathie au cours de maladies endocriniennes, nutritionnelles et métaboliques",glomérulopathie au cours de déficit en lécithine-cholestérol-acyltransférase,H,independent,,RF,21/05/2026,false
E78.8,autres anomalies du métabolisme des lipoprotéines,M14.3,dermato-arthrite lipoïde,dermato-arthrite lipoïde,G,independent,,RF,21/05/2026,false
E79,anomalies du métabolisme de la purine et de la pyrimidine,G63.3,polynévrite au cours d'autres maladies endocriniennes et métaboliques,polynévrite au cours d'autres maladies endocriniennes et métaboliques,G,independent,,RF,21/05/2026,false
E79.1,syndrome de Lesch-Nyhan,M14.0,arthropathie goutteuse due à un déficit enzymatique et autres troubles héréditaires,arthropathie goutteuse au cours de syndrome de Lesch-Nyhan,H,independent,,RF,21/05/2026,false
E80,anomalies du métabolisme de la porphyrine et de la bilirubine,G63.3,polynévrite au cours d'autres maladies endocriniennes et métaboliques,polynévrite au cours d'autres maladies endocriniennes et métaboliques,G,independent,,RF,21/05/2026,false
E83,anomalies du métabolisme des minéraux,G63.3,polynévrite au cours d'autres maladies endocriniennes et métaboliques,polynévrite au cours d'autres maladies endocriniennes et métaboliques,G,independent,,RF,21/05/2026,false
E83.0,anomalies du métabolisme du cuivre,F02.8,démence au cours d'autres maladies classées ailleurs,démence au cours de dégénérescence hépatolenticulaire,H,independent,,RF,21/05/2026,false
E83.0,anomalies du métabolisme du cuivre,N16.3,maladie rénale tubulo-interstitielle au cours de maladies métaboliques,maladie rénale tubulo-interstitielle au cours de maladie de Wilson,H,independent,,RF,21/05/2026,false
E83.1,anomalies du métabolisme du fer,M14.5,"arthropathie au cours d'autres maladies endocriniennes, nutritionnelles et métaboliques",arthropathie au cours de hémochromatose,H,independent,,RF,21/05/2026,false
E83.5,anomalies du métabolisme du calcium,F02.8,démence au cours d'autres maladies classées ailleurs,démence au cours de hypercalcémie,H,independent,,RF,21/05/2026,false
E84,fibrose kystique,G63.3,polynévrite au cours d'autres maladies endocriniennes et métaboliques,polynévrite au cours d'autres maladies endocriniennes et métaboliques,G,independent,,RF,21/05/2026,false
E84.1,fibrose kystique avec manifestations intestinales,P75,iléus méconial,iléus méconial,"G, U",independent,,RF,21/05/2026,false
E85,amylose,G63.3,polynévrite au cours d'autres maladies endocriniennes et métaboliques,polynévrite au cours d'autres maladies endocriniennes et métaboliques,G,independent,,RF,21/05/2026,false
E85,amylose,G99.0,neuropathie du système nerveux autonome au cours de maladies endocriniennes et métaboliques,neuropathie végétative amyloïde,H,independent,,RF,21/05/2026,false
E85,amylose,H42.0,"glaucome au cours de maladies endocriniennes, nutritionnelles et métaboliques",glaucome au cours de amylose,H,independent,,RF,21/05/2026,false
E85,amylose,I43.1,myocardiopathie au cours de maladies métaboliques,amylose cardiaque,H,independent,,RF,21/05/2026,false
E85,amylose,I68.0,angiopathie amyloïde cérébrale,angiopathie amyloïde cérébrale,G,independent,,RF,21/05/2026,false
E85,amylose,L99.0,amylose cutanée,amylose cutanée,G,independent,,RF,21/05/2026,false
E85,amylose,M14.4,arthropathie au cours d'amylose,arthropathie au cours d'amylose,G,independent,,RF,21/05/2026,false
E85,amylose,N08.4,"glomérulopathie au cours de maladies endocriniennes, nutritionnelles et métaboliques",glomérulopathie au cours de amylose,H,independent,,RF,21/05/2026,false
E86,hypovolémie,G63.3,polynévrite au cours d'autres maladies endocriniennes et métaboliques,polynévrite au cours d'autres maladies endocriniennes et métaboliques,G,independent,,RF,21/05/2026,false
E87,autres déséquilibres hydro-électrolytiques et acido-basiques,G63.3,polynévrite au cours d'autres maladies endocriniennes et métaboliques,polynévrite au cours d'autres maladies endocriniennes et métaboliques,G,independent,,RF,21/05/2026,false
E88,autres anomalies métaboliques,G63.3,polynévrite au cours d'autres maladies endocriniennes et métaboliques,polynévrite au cours d'autres maladies endocriniennes et métaboliques,G,independent,,RF,21/05/2026,false
E89,"anomalies endocriniennes et métaboliques après un acte à visée diagnostique et thérapeutique, non classées ailleurs",G63.3,polynévrite au cours d'autres maladies endocriniennes et métaboliques,polynévrite au cours d'autres maladies endocriniennes et métaboliques,G,independent,,RF,21/05/2026,false
G10,chorée de Huntington,F02.2,démence de la maladie de Huntington,démence de la maladie de Huntington,G,independent,,RF,21/05/2026,false
G20,maladie de Parkinson,F02.3,démence de la maladie de Parkinson,démence de la maladie de Parkinson,G,independent,,RF,21/05/2026,false
G30,maladie d'Alzheimer,F00,démence de la maladie d'Alzheimer,démence de la maladie d'Alzheimer,G,independent,,RF,21/05/2026,false
G30.0,maladie d'Alzheimer à début précoce,F00.0,"démence de la maladie d'Alzheimer, à début précoce","démence de la maladie d'Alzheimer, à début précoce",G,independent,,RF,21/05/2026,false
G30.1,maladie d'Alzheimer à début tardif,F00.1,"démence de la maladie d'Alzheimer, à début tardif","démence de la maladie d'Alzheimer, à début tardif",G,independent,,RF,21/05/2026,false
G30.8,autres formes de la maladie d'Alzheimer,F00.2,"démence de la maladie d'Alzheimer, forme atypique ou mixte","démence de la maladie d'Alzheimer, forme atypique ou mixte",G,independent,,RF,21/05/2026,false
G30.9,"maladie d'Alzheimer, sans précision",F00.9,"démence de la maladie d'Alzheimer, sans précision","démence de la maladie d'Alzheimer, sans précision",G,independent,,RF,21/05/2026,false
G31.0,atrophie cérébrale circonscrite,F02.0,démence de la maladie de Pick,démence de la maladie de Pick,G,independent,,RF,21/05/2026,false
G35,sclérose en plaques,F02.8,démence au cours d'autres maladies classées ailleurs,démence au cours de sclérose en plaques,H,independent,,RF,21/05/2026,false
G35,sclérose en plaques,H48.1,névrite rétrobulbaire au cours de maladies classées ailleurs,névrite rétrobulbaire au cours de sclérose en plaques,H,independent,,RF,21/05/2026,false
G40,épilepsie,F02.8,démence au cours d'autres maladies classées ailleurs,démence au cours de épilepsie,H,independent,,RF,21/05/2026,false
G71.1,affections myotoniques,H28.2,cataracte au cours d'autres maladies classées ailleurs,cataracte myotonique,H,independent,,RF,21/05/2026,false
G93.4,"encéphalopathie, sans précision",F02.8,démence au cours d'autres maladies classées ailleurs,,H,independent,,RF,21/05/2026,false
G95.0,syringomyélie et syringobulbie,M49.4,spondylopathie neurologique,spondylopathie neurologique au cours de syringomyélie et syringobulbie,H,independent,,RF,21/05/2026,false
I00,"rhumatisme articulaire aigu, sans mention d'atteinte cardiaque",J17.8,pneumopathie au cours d'autres maladies classées ailleurs,pneumopathie au cours de rhumatisme articulaire aigu,H,independent,,RF,21/05/2026,false
I00,"rhumatisme articulaire aigu, sans mention d'atteinte cardiaque",L54.0,érythème marginé discoïde de Besnier au cours d'un rhumatisme articulaire aigu,érythème marginé discoïde de Besnier au cours d'un rhumatisme articulaire aigu,G,independent,,RF,21/05/2026,false
I33.0,endocardite infectieuse aiguë et subaiguë,M03.6,arthropathie réactionnelle au cours d'autres maladies classées ailleurs,arthropathie au cours d'endocardite infectieuse,H,independent,,RF,21/05/2026,false
I33.0,endocardite infectieuse aiguë et subaiguë,N08.8,glomérulopathie au cours d'autres maladies classées ailleurs,glomérulopathie au cours d'endocardite bactérienne subaiguë,H,independent,,RF,21/05/2026,false
I60,hémorragie sous-arachnoïdienne,G46,syndromes vasculaires cérébraux au cours de maladies cérébrovasculaires,syndromes vasculaires cérébraux au cours de maladies cérébrovasculaires,G,independent,,RF,21/05/2026,false
I60,hémorragie sous-arachnoïdienne,G46.3,syndromes vasculaires du tronc cérébral,syndromes vasculaires du tronc cérébral,G,independent,,RF,21/05/2026,false
I60,hémorragie sous-arachnoïdienne,G46.4,syndrome cérébelleux vasculaire,syndrome cérébelleux vasculaire,G,independent,,RF,21/05/2026,false
I60,hémorragie sous-arachnoïdienne,G46.5,syndrome lacunaire moteur pur,syndrome lacunaire moteur pur,G,independent,,RF,21/05/2026,false
I60,hémorragie sous-arachnoïdienne,G46.6,syndrome lacunaire sensitif pur,syndrome lacunaire sensitif pur,G,independent,,RF,21/05/2026,false
I60,hémorragie sous-arachnoïdienne,G46.7,autres syndromes lacunaires,autres syndromes lacunaires,G,independent,,RF,21/05/2026,false
I60,hémorragie sous-arachnoïdienne,G46.8,autres syndromes vasculaires cérébraux au cours de maladies cérébrovasculaires,autres syndromes vasculaires cérébraux au cours de maladies cérébrovasculaires,G,independent,,RF,21/05/2026,false
I61,hémorragie intracérébrale,G46,syndromes vasculaires cérébraux au cours de maladies cérébrovasculaires,syndromes vasculaires cérébraux au cours de maladies cérébrovasculaires,G,independent,,RF,21/05/2026,false
I61,hémorragie intracérébrale,G46.3,syndromes vasculaires du tronc cérébral,syndromes vasculaires du tronc cérébral,G,independent,,RF,21/05/2026,false
I61,hémorragie intracérébrale,G46.4,syndrome cérébelleux vasculaire,syndrome cérébelleux vasculaire,G,independent,,RF,21/05/2026,false
I61,hémorragie intracérébrale,G46.5,syndrome lacunaire moteur pur,syndrome lacunaire moteur pur,G,independent,,RF,21/05/2026,false
I61,hémorragie intracérébrale,G46.6,syndrome lacunaire sensitif pur,syndrome lacunaire sensitif pur,G,independent,,RF,21/05/2026,false
I61,hémorragie intracérébrale,G46.7,autres syndromes lacunaires,autres syndromes lacunaires,G,independent,,RF,21/05/2026,false
I61,hémorragie intracérébrale,G46.8,autres syndromes vasculaires cérébraux au cours de maladies cérébrovasculaires,autres syndromes vasculaires cérébraux au cours de maladies cérébrovasculaires,G,independent,,RF,21/05/2026,false
I62,autres hémorragies intracrâniennes non traumatiques,G46,syndromes vasculaires cérébraux au cours de maladies cérébrovasculaires,syndromes vasculaires cérébraux au cours de maladies cérébrovasculaires,G,independent,,RF,21/05/2026,false
I62,autres hémorragies intracrâniennes non traumatiques,G46.3,syndromes vasculaires du tronc cérébral,syndromes vasculaires du tronc cérébral,G,independent,,RF,21/05/2026,false
I62,autres hémorragies intracrâniennes non traumatiques,G46.4,syndrome cérébelleux vasculaire,syndrome cérébelleux vasculaire,G,independent,,RF,21/05/2026,false
I62,autres hémorragies intracrâniennes non traumatiques,G46.5,syndrome lacunaire moteur pur,syndrome lacunaire moteur pur,G,independent,,RF,21/05/2026,false
I62,autres hémorragies intracrâniennes non traumatiques,G46.6,syndrome lacunaire sensitif pur,syndrome lacunaire sensitif pur,G,independent,,RF,21/05/2026,false
I62,autres hémorragies intracrâniennes non traumatiques,G46.7,autres syndromes lacunaires,autres syndromes lacunaires,G,independent,,RF,21/05/2026,false
I62,autres hémorragies intracrâniennes non traumatiques,G46.8,autres syndromes vasculaires cérébraux au cours de maladies cérébrovasculaires,autres syndromes vasculaires cérébraux au cours de maladies cérébrovasculaires,G,independent,,RF,21/05/2026,false
I63,infarctus cérébral,G46,syndromes vasculaires cérébraux au cours de maladies cérébrovasculaires,syndromes vasculaires cérébraux au cours de maladies cérébrovasculaires,G,independent,,RF,21/05/2026,false
I63,infarctus cérébral,G46.3,syndromes vasculaires du tronc cérébral,syndromes vasculaires du tronc cérébral,G,independent,,RF,21/05/2026,false
I63,infarctus cérébral,G46.4,syndrome cérébelleux vasculaire,syndrome cérébelleux vasculaire,G,independent,,RF,21/05/2026,false
I63,infarctus cérébral,G46.5,syndrome lacunaire moteur pur,syndrome lacunaire moteur pur,G,independent,,RF,21/05/2026,false
I63,infarctus cérébral,G46.6,syndrome lacunaire sensitif pur,syndrome lacunaire sensitif pur,G,independent,,RF,21/05/2026,false
I63,infarctus cérébral,G46.7,autres syndromes lacunaires,autres syndromes lacunaires,G,independent,,RF,21/05/2026,false
I63,infarctus cérébral,G46.8,autres syndromes vasculaires cérébraux au cours de maladies cérébrovasculaires,autres syndromes vasculaires cérébraux au cours de maladies cérébrovasculaires,G,independent,,RF,21/05/2026,false
I64,"accident vasculaire cérébral, non précisé comme étant hémorragique ou par infarctus",G46,syndromes vasculaires cérébraux au cours de maladies cérébrovasculaires,syndromes vasculaires cérébraux au cours de maladies cérébrovasculaires,G,independent,,RF,21/05/2026,false
I64,"accident vasculaire cérébral, non précisé comme étant hémorragique ou par infarctus",G46.3,syndromes vasculaires du tronc cérébral,syndromes vasculaires du tronc cérébral,G,independent,,RF,21/05/2026,false
I64,"accident vasculaire cérébral, non précisé comme étant hémorragique ou par infarctus",G46.4,syndrome cérébelleux vasculaire,syndrome cérébelleux vasculaire,G,independent,,RF,21/05/2026,false
I64,"accident vasculaire cérébral, non précisé comme étant hémorragique ou par infarctus",G46.5,syndrome lacunaire moteur pur,syndrome lacunaire moteur pur,G,independent,,RF,21/05/2026,false
I64,"accident vasculaire cérébral, non précisé comme étant hémorragique ou par infarctus",G46.6,syndrome lacunaire sensitif pur,syndrome lacunaire sensitif pur,G,independent,,RF,21/05/2026,false
I64,"accident vasculaire cérébral, non précisé comme étant hémorragique ou par infarctus",G46.7,autres syndromes lacunaires,autres syndromes lacunaires,G,independent,,RF,21/05/2026,false
I64,"accident vasculaire cérébral, non précisé comme étant hémorragique ou par infarctus",G46.8,autres syndromes vasculaires cérébraux au cours de maladies cérébrovasculaires,autres syndromes vasculaires cérébraux au cours de maladies cérébrovasculaires,G,independent,,RF,21/05/2026,false
I65,"occlusion et sténose des artères précérébrales, n'entraînant pas un infarctus cérébral",G46,syndromes vasculaires cérébraux au cours de maladies cérébrovasculaires,syndromes vasculaires cérébraux au cours de maladies cérébrovasculaires,G,independent,,RF,21/05/2026,false
I65,"occlusion et sténose des artères précérébrales, n'entraînant pas un infarctus cérébral",G46.3,syndromes vasculaires du tronc cérébral,syndromes vasculaires du tronc cérébral,G,independent,,RF,21/05/2026,false
I65,"occlusion et sténose des artères précérébrales, n'entraînant pas un infarctus cérébral",G46.4,syndrome cérébelleux vasculaire,syndrome cérébelleux vasculaire,G,independent,,RF,21/05/2026,false
I65,"occlusion et sténose des artères précérébrales, n'entraînant pas un infarctus cérébral",G46.5,syndrome lacunaire moteur pur,syndrome lacunaire moteur pur,G,independent,,RF,21/05/2026,false
I65,"occlusion et sténose des artères précérébrales, n'entraînant pas un infarctus cérébral",G46.6,syndrome lacunaire sensitif pur,syndrome lacunaire sensitif pur,G,independent,,RF,21/05/2026,false
I65,"occlusion et sténose des artères précérébrales, n'entraînant pas un infarctus cérébral",G46.7,autres syndromes lacunaires,autres syndromes lacunaires,G,independent,,RF,21/05/2026,false
I65,"occlusion et sténose des artères précérébrales, n'entraînant pas un infarctus cérébral",G46.8,autres syndromes vasculaires cérébraux au cours de maladies cérébrovasculaires,autres syndromes vasculaires cérébraux au cours de maladies cérébrovasculaires,G,independent,,RF,21/05/2026,false
I66,"occlusion et sténose des artères cérébrales, n'entraînant pas un infarctus cérébral",G46,syndromes vasculaires cérébraux au cours de maladies cérébrovasculaires,syndromes vasculaires cérébraux au cours de maladies cérébrovasculaires,G,independent,,RF,21/05/2026,false
I66,"occlusion et sténose des artères cérébrales, n'entraînant pas un infarctus cérébral",G46.3,syndromes vasculaires du tronc cérébral,syndromes vasculaires du tronc cérébral,G,independent,,RF,21/05/2026,false
I66,"occlusion et sténose des artères cérébrales, n'entraînant pas un infarctus cérébral",G46.4,syndrome cérébelleux vasculaire,syndrome cérébelleux vasculaire,G,independent,,RF,21/05/2026,false
I66,"occlusion et sténose des artères cérébrales, n'entraînant pas un infarctus cérébral",G46.5,syndrome lacunaire moteur pur,syndrome lacunaire moteur pur,G,independent,,RF,21/05/2026,false
I66,"occlusion et sténose des artères cérébrales, n'entraînant pas un infarctus cérébral",G46.6,syndrome lacunaire sensitif pur,syndrome lacunaire sensitif pur,G,independent,,RF,21/05/2026,false
I66,"occlusion et sténose des artères cérébrales, n'entraînant pas un infarctus cérébral",G46.7,autres syndromes lacunaires,autres syndromes lacunaires,G,independent,,RF,21/05/2026,false
I66,"occlusion et sténose des artères cérébrales, n'entraînant pas un infarctus cérébral",G46.8,autres syndromes vasculaires cérébraux au cours de maladies cérébrovasculaires,autres syndromes vasculaires cérébraux au cours de maladies cérébrovasculaires,G,independent,,RF,21/05/2026,false
I66.0,occlusion et sténose de l'artère cérébrale moyenne,G46.0,syndrome de l'artère cérébrale moyenne,syndrome de l'artère cérébrale moyenne,G,independent,,RF,21/05/2026,false
I66.1,occlusion et sténose de l'artère cérébrale antérieure,G46.1,syndrome de l'artère cérébrale antérieure,syndrome de l'artère cérébrale antérieure,G,independent,,RF,21/05/2026,false
I66.2,occlusion et sténose de l'artère cérébrale postérieure,G46.2,syndrome de l'artère cérébrale postérieure,syndrome de l'artère cérébrale postérieure,G,independent,,RF,21/05/2026,false
I67,autres maladies cérébrovasculaires,G46,syndromes vasculaires cérébraux au cours de maladies cérébrovasculaires,syndromes vasculaires cérébraux au cours de maladies cérébrovasculaires,G,independent,,RF,21/05/2026,false
I67,autres maladies cérébrovasculaires,G46.3,syndromes vasculaires du tronc cérébral,syndromes vasculaires du tronc cérébral,G,independent,,RF,21/05/2026,false
I67,autres maladies cérébrovasculaires,G46.4,syndrome cérébelleux vasculaire,syndrome cérébelleux vasculaire,G,independent,,RF,21/05/2026,false
I67,autres maladies cérébrovasculaires,G46.5,syndrome lacunaire moteur pur,syndrome lacunaire moteur pur,G,independent,,RF,21/05/2026,false
I67,autres maladies cérébrovasculaires,G46.6,syndrome lacunaire sensitif pur,syndrome lacunaire sensitif pur,G,independent,,RF,21/05/2026,false
I67,autres maladies cérébrovasculaires,G46.7,autres syndromes lacunaires,autres syndromes lacunaires,G,independent,,RF,21/05/2026,false
I67,autres maladies cérébrovasculaires,G46.8,autres syndromes vasculaires cérébraux au cours de maladies cérébrovasculaires,autres syndromes vasculaires cérébraux au cours de maladies cérébrovasculaires,G,independent,,RF,21/05/2026,false
I70.8,athérosclérose d'autres artères,H36.8,autres affections rétiniennes au cours de maladies classées ailleurs,rétinopathie athéroscléreuse,H,independent,,RF,21/05/2026,false
J09,"grippe, à virus aviaire identifié",G05.1,"encéphalite, myélite et encéphalomyélite au cours d'infections virales classées ailleurs","encéphalite, myélite ou encéphalomyélite (au cours de) (consécutive à) (due à) grippe",H,independent,,RF,21/05/2026,false
J09,"grippe, à virus aviaire identifié",H67.1,otite moyenne au cours de maladies virales classées ailleurs,otite moyenne au cours de grippe,H,independent,,RF,21/05/2026,false
J09,"grippe, à virus aviaire identifié",I41.1,myocardite au cours de maladies virales classées ailleurs,myocardite grippale (aiguë) grippe aviaire virus identifié,H,independent,,RF,21/05/2026,false
J10,"grippe, à autre virus grippal identifié",H67.1,otite moyenne au cours de maladies virales classées ailleurs,otite moyenne au cours de grippe,H,independent,,RF,21/05/2026,false
J10.8,"grippe avec d'autres manifestations, autre virus grippal identifié",G05.1,"encéphalite, myélite et encéphalomyélite au cours d'infections virales classées ailleurs","encéphalite, myélite ou encéphalomyélite (au cours de) (consécutive à) (due à) grippe",H,independent,,RF,21/05/2026,false
J10.8,"grippe avec d'autres manifestations, autre virus grippal identifié",I41.1,myocardite au cours de maladies virales classées ailleurs,myocardite grippale (aiguë) autre virus identifié,H,independent,,RF,21/05/2026,false
J11,"grippe, virus non identifié",H67.1,otite moyenne au cours de maladies virales classées ailleurs,otite moyenne au cours de grippe,H,independent,,RF,21/05/2026,false
J11.8,"grippe avec d'autres manifestations, virus non identifié",G05.1,"encéphalite, myélite et encéphalomyélite au cours d'infections virales classées ailleurs","encéphalite, myélite ou encéphalomyélite (au cours de) (consécutive à) (due à) grippe",H,independent,,RF,21/05/2026,false
J11.8,"grippe avec d'autres manifestations, virus non identifié",I41.1,myocardite au cours de maladies virales classées ailleurs,myocardite grippale (aiguë) virus non identifié,H,independent,,RF,21/05/2026,false
J63.2,bérylliose,K77.8,atteintes hépatiques au cours d'autres maladies classées ailleurs,granulomes hépatiques au cours de bérylliose,H,independent,,RF,21/05/2026,false
K50,maladie de Crohn [entérite régionale],M07.4,arthropathie au cours de la maladie de Crohn [entérite régionale],arthropathie au cours de la maladie de Crohn [entérite régionale],G,independent,,RF,21/05/2026,false
K50,maladie de Crohn [entérite régionale],M09.1,polyarthrite juvénile au cours de la maladie de Crohn [entérite régionale],polyarthrite juvénile au cours de la maladie de Crohn [entérite régionale],G,independent,,RF,21/05/2026,false
K51,recto-colite hémorragique [colite ulcéreuse],M07.5,arthropathie au cours de colite ulcéreuse,arthropathie au cours de colite ulcéreuse,G,independent,,RF,21/05/2026,false
K51,recto-colite hémorragique [colite ulcéreuse],M09.2,polyarthrite juvénile au cours de colite ulcéreuse,polyarthrite juvénile au cours de colite ulcéreuse,G,independent,,RF,21/05/2026,false
K70,maladie alcoolique du foie,I98.2,varices oesophagiennes au cours de maladies classées ailleurs,varices oesophagiennes au cours de maladies du foie,H,independent,,RF,21/05/2026,false
K71,maladie toxique du foie,I98.2,varices oesophagiennes au cours de maladies classées ailleurs,varices oesophagiennes au cours de maladies du foie,H,independent,,RF,21/05/2026,false
K74,fibrose et cirrhose du foie,I98.2,varices oesophagiennes au cours de maladies classées ailleurs,varices oesophagiennes au cours de maladies du foie,H,independent,,RF,21/05/2026,false
K90.8,autres malabsorptions intestinales,M14.8,arthropathie au cours d'autres maladies précisées classées ailleurs,maladie de Whipple | arthropathie au cours de maladie de Whipple,"H, U",independent,,RF,21/05/2026,false
L01,impétigo,H62.4,otite externe au cours d'autres maladies classées ailleurs,otite externe au cours d'impétigo,H,independent,,RF,21/05/2026,false
L01.0,impétigo [tout micro-organisme] [toute localisation],H03.8,atteinte de la paupière au cours d'autres maladies classées ailleurs,atteinte de la paupière au cours d'impétigo,H,independent,,RF,21/05/2026,false
L12,pemphigoïde,H13.3,pemphigoïde oculaire,pemphigoïde oculaire,G,independent,,RF,21/05/2026,false
L40.5,psoriasis arthropathique,M07.0,arthropathie psoriasique distale interphalangienne,arthropathie psoriasique distale interphalangienne | psoriasis arthropathique,"G, T",independent,,RF,21/05/2026,false
L40.5,psoriasis arthropathique,M07.1,arthrite mutilante,arthrite mutilante | psoriasis arthropathique,"G, T",independent,,RF,21/05/2026,false
L40.5,psoriasis arthropathique,M07.2,spondylite psoriasique,spondylite psoriasique | psoriasis arthropathique,"G, T",independent,,RF,21/05/2026,false
L40.5,psoriasis arthropathique,M07.3,autres arthropathies psoriasiques,autres arthropathies psoriasiques | psoriasis arthropathique,"G, T",independent,,RF,21/05/2026,false
L40.5,psoriasis arthropathique,M09.0,polyarthrite juvénile au cours de psoriasis,polyarthrite juvénile au cours de psoriasis | psoriasis arthropathique,"G, T",independent,,RF,21/05/2026,false
L51,érythème polymorphe,M14.8,arthropathie au cours d'autres maladies précisées classées ailleurs,arthropathie au cours de érythème polymorphe,H,independent,,RF,21/05/2026,false
L52,érythème noueux,M14.8,arthropathie au cours d'autres maladies précisées classées ailleurs,arthropathie au cours de érythème noueux,H,independent,,RF,21/05/2026,false
M05,polyarthrite rhumatoïde séropositive,G73.7,myopathie au cours d'autres maladies classées ailleurs,myopathie au cours de polyarthrite rhumatoïde,H,independent,,RF,21/05/2026,false
M05.1,maladie pulmonaire rhumatoïde,J99.0,maladie pulmonaire rhumatoïde,maladie pulmonaire rhumatoïde,"G, T",independent,,RF,21/05/2026,false
M05.3,polyarthrite rhumatoïde avec atteinte d'autres organes et appareils,G63.6,polynévrite au cours d'autres affections ostéo-articulaires et des muscles,polynévrite rhumatoïde,U,independent,,RF,21/05/2026,false
M05.3,polyarthrite rhumatoïde avec atteinte d'autres organes et appareils,G73.7,myopathie au cours d'autres maladies classées ailleurs,myopathie rhumatoïde,U,independent,,RF,21/05/2026,false
M05.3,polyarthrite rhumatoïde avec atteinte d'autres organes et appareils,I32.8,péricardite au cours d'autres maladies classées ailleurs,péricardite (au cours de) rhumatoïde | péricardite rhumatoïde,"H, U",independent,,RF,21/05/2026,false
M05.3,polyarthrite rhumatoïde avec atteinte d'autres organes et appareils,I39,endocardite et atteintes valvulaires cardiaques au cours de maladies classées ailleurs,endocardite rhumatoïde | atteinte de l'endocarde (à) (au cours de) arthrite rhumatoïde,"H, U",independent,,RF,21/05/2026,false
M05.3,polyarthrite rhumatoïde avec atteinte d'autres organes et appareils,I41.8,myocardite au cours d'autres maladies classées ailleurs,myocardite (au cours de) rhumatoïde | myocardite rhumatoïde,"H, U",independent,,RF,21/05/2026,false
M05.3,polyarthrite rhumatoïde avec atteinte d'autres organes et appareils,I52.8,autres cardiopathies au cours d'autres maladies classées ailleurs,cardite rhumatoïde,"H, U",independent,,RF,21/05/2026,false
M06,autres polyarthrites rhumatoïdes,G73.7,myopathie au cours d'autres maladies classées ailleurs,myopathie au cours de polyarthrite rhumatoïde,H,independent,,RF,21/05/2026,false
M10.0,goutte idiopathique,I43.8,myocardiopathie au cours d'autres maladies classées ailleurs,tophus goutteux du coeur,"H, U",independent,,RF,21/05/2026,false
M30,périartérite noueuse et affections apparentées,G63.5,polynévrite au cours d'affections disséminées du tissu conjonctif,polynévrite au cours d'affections disséminées du tissu conjonctif,G,independent,,RF,21/05/2026,false
M30.0,périartérite noueuse,F02.8,démence au cours d'autres maladies classées ailleurs,démence au cours de périartérite noueuse,H,independent,,RF,21/05/2026,false
M30.0,périartérite noueuse,N08.5,glomérulopathie au cours d'affections disséminées du tissu conjonctif,glomérulopathie au cours de périartérite noueuse,H,independent,,RF,21/05/2026,false
M31,autres vasculopathies nécrosantes,G63.5,polynévrite au cours d'affections disséminées du tissu conjonctif,polynévrite au cours d'affections disséminées du tissu conjonctif,G,independent,,RF,21/05/2026,false
M31.0,angéite d'hypersensibilité,N08.5,glomérulopathie au cours d'affections disséminées du tissu conjonctif,glomérulopathie au cours de syndrome de Goodpasture,H,independent,,RF,21/05/2026,false
M31.1,microangiopathie thrombotique,N08.5,glomérulopathie au cours d'affections disséminées du tissu conjonctif,glomérulopathie au cours de purpura thrombocytopénique thrombotique,H,independent,,RF,21/05/2026,false
M31.3,granulomatose de Wegener,J99.1,troubles respiratoires au cours d'autres affections disséminées du tissu conjonctif,troubles respiratoires au cours de granulomatose de Wegener,H,independent,,RF,21/05/2026,false
M31.3,granulomatose de Wegener,N08.5,glomérulopathie au cours d'affections disséminées du tissu conjonctif,glomérulopathie au cours de granulomatose de Wegener,H,independent,,RF,21/05/2026,false
M32,lupus érythémateux disséminé,F02.8,démence au cours d'autres maladies classées ailleurs,démence au cours de lupus érythémateux disséminé,H,independent,,RF,21/05/2026,false
M32,lupus érythémateux disséminé,G63.5,polynévrite au cours d'affections disséminées du tissu conjonctif,polynévrite au cours d'affections disséminées du tissu conjonctif,G,independent,,RF,21/05/2026,false
M32.1,lupus érythémateux disséminé avec atteinte d'organes et d'appareils,G05.8,"encéphalite, myélite et encéphalomyélite au cours d'autres affections classées ailleurs",encéphalite au cours d'un lupus érythémateux disséminé,H,independent,,RF,21/05/2026,false
M32.1,lupus érythémateux disséminé avec atteinte d'organes et d'appareils,G73.7,myopathie au cours d'autres maladies classées ailleurs,myopathie au cours de lupus érythémateux disséminé,H,independent,,RF,21/05/2026,false
M32.1,lupus érythémateux disséminé avec atteinte d'organes et d'appareils,I32.8,péricardite au cours d'autres maladies classées ailleurs,péricardite (au cours de) lupus érythémateux disséminé | péricardite lupique,"H, U",independent,,RF,21/05/2026,false
M32.1,lupus érythémateux disséminé avec atteinte d'organes et d'appareils,I39,endocardite et atteintes valvulaires cardiaques au cours de maladies classées ailleurs,maladie de Libman-Sacks | atteinte de l'endocarde (à) (au cours de) maladie de Libman-Sacks,"H, U",independent,,RF,21/05/2026,false
M32.1,lupus érythémateux disséminé avec atteinte d'organes et d'appareils,I68.2,artérite cérébrale au cours d'autres maladies classées ailleurs,artérite cérébrale au cours d'un lupus érythémateux disséminé,H,independent,,RF,21/05/2026,false
M32.1,lupus érythémateux disséminé avec atteinte d'organes et d'appareils,J99.1,troubles respiratoires au cours d'autres affections disséminées du tissu conjonctif,troubles respiratoires au cours de lupus érythémateux disséminé | lupus érythémateux disséminé avec atteinte des poumons,"H, U",independent,,RF,21/05/2026,false
M32.1,lupus érythémateux disséminé avec atteinte d'organes et d'appareils,N08.5,glomérulopathie au cours d'affections disséminées du tissu conjonctif,lupus érythémateux disséminé avec atteinte des reins | glomérulopathie au cours de lupus érythémateux disséminé,"H, U",independent,,RF,21/05/2026,false
M32.1,lupus érythémateux disséminé avec atteinte d'organes et d'appareils,N16.4,maladie rénale tubulo-interstitielle au cours d'affections disséminées du tissu conjonctif,lupus érythémateux disséminé avec atteinte des reins | maladie rénale tubulo-interstitielle au cours de lupus érythémateux disséminé,"H, U",independent,,RF,21/05/2026,false
M33,dermatopolymyosite,G63.5,polynévrite au cours d'affections disséminées du tissu conjonctif,polynévrite au cours d'affections disséminées du tissu conjonctif,G,independent,,RF,21/05/2026,false
M33.0,dermatomyosite juvénile,J99.1,troubles respiratoires au cours d'autres affections disséminées du tissu conjonctif,troubles respiratoires au cours de dermatomyosite,H,independent,,RF,21/05/2026,false
M33.1,autres dermatomyosites,J99.1,troubles respiratoires au cours d'autres affections disséminées du tissu conjonctif,troubles respiratoires au cours de dermatomyosite,H,independent,,RF,21/05/2026,false
M33.2,polymyosite,J99.1,troubles respiratoires au cours d'autres affections disséminées du tissu conjonctif,troubles respiratoires au cours de polymyosite,H,independent,,RF,21/05/2026,false
M34,sclérose systémique,G63.5,polynévrite au cours d'affections disséminées du tissu conjonctif,polynévrite au cours d'affections disséminées du tissu conjonctif,G,independent,,RF,21/05/2026,false
M34.8,autres formes de sclérose systémique,G73.7,myopathie au cours d'autres maladies classées ailleurs,myopathie au cours de sclérodermie | sclérose systémique avec myopathie,"H, U",independent,,RF,21/05/2026,false
M34.8,autres formes de sclérose systémique,J99.1,troubles respiratoires au cours d'autres affections disséminées du tissu conjonctif,troubles respiratoires au cours de sclérodermie | sclérose systémique avec atteinte pulmonaire,"H, U",independent,,RF,21/05/2026,false
M35,autres atteintes systémiques du tissu conjonctif,G63.5,polynévrite au cours d'affections disséminées du tissu conjonctif,polynévrite au cours d'affections disséminées du tissu conjonctif,G,independent,,RF,21/05/2026,false
M35.0,syndrome de Gougerot-Sjögren,G73.7,myopathie au cours d'autres maladies classées ailleurs,myopathie au cours de syndrome de Gougerot-Sjögren | syndrome de Gougerot-Sjögren avec myopathie,"H, U",independent,,RF,21/05/2026,false
M35.0,syndrome de Gougerot-Sjögren,H19.3,kératite et kératoconjonctivite au cours d'autres maladies classées ailleurs,kératoconjonctivite sèche | syndrome de Gougerot-Sjögren avec kératoconjonctivite,"H, U",independent,,RF,21/05/2026,false
M35.0,syndrome de Gougerot-Sjögren,J99.1,troubles respiratoires au cours d'autres affections disséminées du tissu conjonctif,troubles respiratoires au cours de syndrome de Gougerot-Sjögren | syndrome de Gougerot-Sjögren avec atteinte pulmonaire,"H, U",independent,,RF,21/05/2026,false
M35.0,syndrome de Gougerot-Sjögren,N16.4,maladie rénale tubulo-interstitielle au cours d'affections disséminées du tissu conjonctif,syndrome de Gougerot-Sjögren avec maladie rénale tubulo-interstitielle | maladie rénale tubulo-interstitielle au cours de syndrome de Gougerot-Sjögren,"H, U",independent,,RF,21/05/2026,false
M35.2,syndrome de Behçet,N77.8,ulcération et inflammation vulvo-vaginales au cours d'autres maladies classées ailleurs,ulcération de la vulve au cours de la maladie de Behçet,H,independent,,RF,21/05/2026,false
M45,spondylarthrite ankylosante,G55.3,compression des racines et des plexus nerveux au cours d'autres dorsopathies,compression des racines et des plexus nerveux au cours d'autres dorsopathies,G,independent,,RF,21/05/2026,false
M45,spondylarthrite ankylosante,H22.1,iridocyclite au cours d'autres maladies classées ailleurs,iridocyclite au cours de spondylarthrite ankylosante,H,independent,,RF,21/05/2026,false
M45,spondylarthrite ankylosante,J99.8,troubles respiratoires au cours d'autres maladies classées ailleurs,troubles respiratoires au cours de spondylarthrite ankylosante,H,independent,,RF,21/05/2026,false
M46,autres spondylopathies inflammatoires,G55.3,compression des racines et des plexus nerveux au cours d'autres dorsopathies,compression des racines et des plexus nerveux au cours d'autres dorsopathies,G,independent,,RF,21/05/2026,false
M47,spondylarthrose,G55.2,compression des racines et des plexus nerveux au cours de spondylarthroses,compression des racines et des plexus nerveux au cours de spondylarthroses,G,independent,,RF,21/05/2026,false
M47,spondylarthrose,G99.2,myélopathies au cours de maladies classées ailleurs,myélopathie au cours de spondylarthrose,H,independent,,RF,21/05/2026,false
M47.0,syndromes de compression des artères vertébrale et spinale antérieure,G99.2,myélopathies au cours de maladies classées ailleurs,syndromes de compression des artères vertébrale et spinale antérieure,"H, T",independent,,RF,21/05/2026,false
M47.1,autres spondylarthroses avec myélopathie,G99.2,myélopathies au cours de maladies classées ailleurs,compression de la moelle épinière due à une spondylarthrose,U,independent,,RF,21/05/2026,false
M48,autres spondylopathies,G55.3,compression des racines et des plexus nerveux au cours d'autres dorsopathies,compression des racines et des plexus nerveux au cours d'autres dorsopathies,G,independent,,RF,21/05/2026,false
M50,atteintes des disques cervicaux,G55.1,compression des racines et des plexus nerveux au cours d'atteintes des disques intervertébraux,compression des racines et des plexus nerveux au cours d'atteintes des disques intervertébraux,G,independent,,RF,21/05/2026,false
M50.0,atteinte d'un disque cervical avec myélopathie,G99.2,myélopathies au cours de maladies classées ailleurs,atteinte d'un disque cervical avec myélopathie | myélopathie au cours d'atteinte des disques intervertébraux,"H, T",independent,,RF,21/05/2026,false
M51,atteintes d'autres disques intervertébraux,G55.1,compression des racines et des plexus nerveux au cours d'atteintes des disques intervertébraux,compression des racines et des plexus nerveux au cours d'atteintes des disques intervertébraux,G,independent,,RF,21/05/2026,false
M51.0,atteintes d'un disque lombaire et d'autres disques intervertébraux avec myélopathie,G99.2,myélopathies au cours de maladies classées ailleurs,atteintes d'un disque lombaire et d'autres disques intervertébraux avec myélopathie | myélopathie au cours d'atteinte des disques intervertébraux,"H, T",independent,,RF,21/05/2026,false
M53,"autres dorsopathies, non classées ailleurs",G55.3,compression des racines et des plexus nerveux au cours d'autres dorsopathies,compression des racines et des plexus nerveux au cours d'autres dorsopathies,G,independent,,RF,21/05/2026,false
M54,dorsalgies,G55.3,compression des racines et des plexus nerveux au cours d'autres dorsopathies,compression des racines et des plexus nerveux au cours d'autres dorsopathies,G,independent,,RF,21/05/2026,false
M89.4,autres ostéoarthropathies hypertrophiantes,L62.0,pachydermopériostose avec ongle hippocratique,pachydermopériostose avec ongle hippocratique,G,independent,,RF,21/05/2026,false
M95,"autres déformations du système ostéo-articulaire, des muscles et du tissu conjonctif",G63.6,polynévrite au cours d'autres affections ostéo-articulaires et des muscles,polynévrite au cours d'autres affections ostéo-articulaires et des muscles,G,independent,,RF,21/05/2026,false
M96,"affections du système ostéo-articulaire et des muscles après un acte à visée diagnostique et thérapeutique, non classées ailleurs",G63.6,polynévrite au cours d'autres affections ostéo-articulaires et des muscles,polynévrite au cours d'autres affections ostéo-articulaires et des muscles,G,independent,,RF,21/05/2026,false
N18.8,autres insuffisances rénales chroniques,G63.8,polynévrite au cours d'autres maladies classées ailleurs,neuropathie urémique,"H, U",independent,,RF,21/05/2026,false
N18.8,autres insuffisances rénales chroniques,I32.8,péricardite au cours d'autres maladies classées ailleurs,péricardite (au cours de) urémique | péricardite urémique,"H, U",independent,,RF,21/05/2026,false
N25.0,ostéodystrophie rénale,M90.8,ostéopathie au cours d'autres maladies classées ailleurs,ostéopathie au cours d'ostéodystrophie rénale,H,independent,,RF,21/05/2026,false
Q90,syndrome de Down,H19.8,autres affections de la sclérotique et de la cornée au cours de maladies classées ailleurs,Kératocône au cours du syndrome de Down,H,independent,,RF,21/05/2026,false
T70.3,maladie des caissons [maladie de la décompression],M90.3,ostéonécrose de la maladie des caissons,ostéonécrose de la maladie des caissons,G,independent,,RF,21/05/2026,false
T86,échec et rejet d'organes et de tissus greffés,N16.5,maladie rénale tubulo-interstitielle au cours d'un rejet de greffe,maladie rénale tubulo-interstitielle au cours d'un rejet de greffe,G,independent,,RF,21/05/2026,false
T90,séquelles de lésions traumatiques de la tête,F02.8,démence au cours d'autres maladies classées ailleurs,,H,independent,,RF,21/05/2026,false
